Park,Date,Year,Month,Z_Score,Is_Anomaly,Actual,Predicted
Acadia NP,2016-05-01,2016,May,0.20947329245417787,False,217147.0,168396.8458974827
Acadia NP,2016-06-01,2016,June,1.191615848565504,False,445410.0,168088.45906284917
Acadia NP,2016-07-01,2016,July,2.2733215065643577,False,696854.0,167790.02019062266
Acadia NP,2016-08-01,2016,August,2.442615725892788,False,735945.0,167481.63335598912
Acadia NP,2016-09-01,2016,September,1.7327608354034119,False,570434.0,167173.24652135558
Acadia NP,2016-10-01,2016,October,1.0550596801540106,False,412416.0,166874.80764913
Acadia NP,2016-11-01,2016,November,-0.4792923737998975,False,55022.0,166566.42081449647
Acadia NP,2016-12-01,2016,December,-0.6537994507732571,False,14111.0,166267.98194226995
Acadia NP,2017-01-01,2017,January,-0.6464200551325453,False,15520.0,165959.5951076364
Acadia NP,2017-02-01,2017,February,-0.6501566737394885,False,14342.0,165651.20827300288
Acadia NP,2017-03-01,2017,March,-0.6206262194213455,False,20936.0,165372.66532559227
Acadia NP,2017-04-01,2017,April,-0.342878888530949,False,85267.0,165064.27849095874
Acadia NP,2017-05-01,2017,May,0.2501303456455151,False,222978.0,164765.83961873222
Acadia NP,2017-06-01,2017,June,1.3394799197232066,False,476191.0,164457.45278409868
Acadia NP,2017-07-01,2017,July,2.4894801005099283,False,743529.0,164159.0139118731
Acadia NP,2017-08-01,2017,August,2.5720462055845266,False,762436.0,163850.62707723957
Acadia NP,2017-09-01,2017,September,1.8555870190384647,False,595388.0,163542.24024260603
Acadia NP,2017-10-01,2017,October,1.479629576401093,False,507594.0,163243.80137037951
Acadia NP,2017-11-01,2017,November,-0.4723528945557373,False,53006.0,162935.41453574598
Acadia NP,2017-12-01,2017,December,-0.6469072371482444,False,12084.0,162636.9756635204
Acadia NP,2018-01-01,2018,January,-0.6460547938238016,False,11974.0,162328.58882888686
Acadia NP,2018-02-01,2018,February,-0.6439003975356791,False,12167.0,162020.20199425332
Acadia NP,2018-03-01,2018,March,-0.5929070552519251,False,23756.0,161741.65904684272
Acadia NP,2018-04-01,2018,April,-0.38059682562845354,False,72858.0,161433.27221220918
Acadia NP,2018-05-01,2018,May,0.37776043493533334,False,249050.0,161134.83333998267
Acadia NP,2018-06-01,2018,June,1.4537896981634963,False,499163.0,160826.44650534913
Acadia NP,2018-07-01,2018,July,2.5722680078559796,False,759165.0,160528.00763312355
Acadia NP,2018-08-01,2018,August,2.6082001343338255,False,767219.0,160219.62079849
Acadia NP,2018-09-01,2018,September,1.892712041417439,False,600397.0,159911.23396385647
Acadia NP,2018-10-01,2018,October,1.411915158645344,False,488204.0,159612.79509162996
Acadia NP,2018-11-01,2018,November,-0.5086399724555345,False,40930.0,159304.40825699642
Acadia NP,2018-12-01,2018,December,-0.6286927593011326,False,12692.0,159005.96938477084
Acadia NP,2019-01-01,2019,January,-0.6452426575704284,False,8532.0,158697.5825501373
Acadia NP,2019-02-01,2019,February,-0.64124490213571,False,9154.0,158389.19571550377
Acadia NP,2019-03-01,2019,March,-0.5927523407920893,False,20161.0,158110.65276809223
Acadia NP,2019-04-01,2019,April,-0.3856714073956744,False,68046.0,157802.2659334587
Acadia NP,2019-05-01,2019,May,0.2949897690451499,False,226156.0,157503.8270612331
Acadia NP,2019-06-01,2019,June,1.4331131652044529,False,490720.0,157195.44022659957
Acadia NP,2019-07-01,2019,July,2.576156706228151,False,756439.0,156897.00135437306
Acadia NP,2019-08-01,2019,August,2.5916443039892045,False,759735.0,156588.61451973952
Acadia NP,2019-09-01,2019,September,1.9206718305570485,False,603273.0,156280.227685106
Acadia NP,2019-10-01,2019,October,1.204036695756816,False,436194.0,155981.7888128804
Acadia NP,2019-11-01,2019,November,-0.4712055751148935,False,46011.0,155673.40197824687
Acadia NP,2019-12-01,2019,December,-0.6123474218474184,False,12865.0,155374.96310602035
Acadia NP,2020-01-01,2020,January,-0.6119891190867484,False,12640.0,155066.57627138682
Acadia NP,2020-02-01,2020,February,-0.6071448793819146,False,13459.0,154758.18943675328
Acadia NP,2020-03-01,2020,March,-0.5411084031861295,False,28539.0,154469.69852693472
Acadia NP,2020-04-01,2020,April,-0.42302003688796685,False,55713.0,154161.31169230118
Acadia NP,2020-05-01,2020,May,-0.21803575463273525,False,103120.0,153862.8728200756
Acadia NP,2020-06-01,2020,June,0.2045377301877752,False,201156.0,153554.48598544206
Acadia NP,2020-07-01,2020,July,1.4640093817852862,False,493971.0,153256.04711321555
Acadia NP,2020-08-01,2020,August,2.272180084452837,False,681746.0,152947.660278582
Acadia NP,2020-09-01,2020,September,1.4939404368117692,False,500320.0,152639.27344394848
Acadia NP,2020-10-01,2020,October,1.4116013171682067,False,480859.0,152340.8345717229
Acadia NP,2020-11-01,2020,November,-0.3256233678984858,False,76251.0,152032.44773708936
Acadia NP,2020-12-01,2020,December,-0.5606304373755097,False,21260.0,151734.00886486284
Acadia NP,2021-01-01,2021,January,-0.563567837331481,False,20268.0,151425.6220302293
Acadia NP,2021-02-01,2021,February,-0.580053282483763,False,16123.0,151117.23519559577
Acadia NP,2021-03-01,2021,March,-0.4845958832093899,False,38060.0,150838.69224818517
Acadia NP,2021-04-01,2021,April,-0.17374113454621407,False,110096.0,150530.30541355163
Acadia NP,2021-05-01,2021,May,0.7494700118411228,False,324654.0,150231.86654132511
Acadia NP,2021-06-01,2021,June,2.1999804786686714,False,661919.0,149923.47970669158
Acadia NP,2021-07-01,2021,July,2.7178631596537914,False,782146.0,149625.040834466
Acadia NP,2021-08-01,2021,August,2.776298017718405,False,795437.0,149316.65399983246
Acadia NP,2021-09-01,2021,September,2.2270388104551975,False,667301.0,149008.26716519892
Acadia NP,2021-10-01,2021,October,1.757052863843558,False,557624.0,148709.8282929724
Acadia NP,2021-11-01,2021,November,-0.2892331110534652,False,81089.0,148401.44145833887
Acadia NP,2021-12-01,2021,December,-0.5745866586672426,False,14381.0,148103.0025861133
Acadia NP,2022-01-01,2022,January,-0.5903201507876964,False,10411.0,147794.61575147975
Acadia NP,2022-02-01,2022,February,-0.5776770839241872,False,13045.0,147486.22891684622
Acadia NP,2022-03-01,2022,March,-0.535956396741488,False,22476.0,147207.68596943468
Acadia NP,2022-04-01,2022,April,-0.17949462247931414,False,105126.0,146899.29913480114
Acadia NP,2022-05-01,2022,May,0.7771548010148025,False,327466.0,146600.86026257556
Acadia NP,2022-06-01,2022,June,1.96251373819632,False,603023.0,146292.47342794202
Acadia NP,2022-07-01,2022,July,2.77304794542005,False,791358.0,145994.0345557155
Acadia NP,2022-08-01,2022,August,2.7480675794453426,False,785236.0,145685.64772108197
Acadia NP,2022-09-01,2022,September,2.371508350783504,False,697292.0,145377.26088644844
Acadia NP,2022-10-01,2022,October,1.6180618924194299,False,521646.0,145078.82201422285
Acadia NP,2022-11-01,2022,November,-0.3183787835881281,False,70675.0,144770.43517958932
Acadia NP,2022-12-01,2022,December,-0.5240725754472544,False,22506.0,144471.9963073628
Acadia NP,2023-01-01,2023,January,-0.5540673939256386,False,15217.0,144163.60947272927
Acadia NP,2023-02-01,2023,February,-0.5524672944438352,False,15281.0,143855.22263809573
Acadia NP,2023-03-01,2023,March,-0.48449270426416646,False,30822.0,143576.67969068512
Acadia NP,2023-04-01,2023,April,-0.17333717438825932,False,102928.0,143268.2928560516
Acadia NP,2023-05-01,2023,May,0.8484399754111197,False,340425.0,142969.85398382507
Acadia NP,2023-06-01,2023,June,1.821331360793725,False,566535.0,142661.46714919154
Acadia NP,2023-07-01,2023,July,2.688094467300331,False,767956.0,142363.02827696595
Acadia NP,2023-08-01,2023,August,2.7166617509407276,False,774296.0,142054.64144233242
Acadia NP,2023-09-01,2023,September,2.1559986388405368,False,643506.0,141746.25460769888
Acadia NP,2023-10-01,2023,October,1.7171134696253123,False,541067.0,141447.81573547237
Acadia NP,2023-11-01,2023,November,-0.3186236784537781,False,66987.0,141139.42890083883
Acadia NP,2023-12-01,2023,December,-0.5412815307109529,False,14870.0,140840.99002861325
Acadia NP,2024-01-01,2024,January,-0.5370861190507251,False,15538.0,140532.6031939797
Acadia NP,2024-02-01,2024,February,-0.5420645343788018,False,14071.0,140224.21635934617
Acadia NP,2024-03-01,2024,March,-0.4908737594685393,False,25696.0,139935.7254495276
Acadia NP,2024-04-01,2024,April,-0.1910490875636664,False,95165.0,139627.33861489408
Acadia NP,2024-05-01,2024,May,0.7801237716309077,False,320885.0,139328.89974266756
Acadia NP,2024-06-01,2024,June,1.976538566817534,False,599015.0,139020.51290803403
Acadia NP,2024-07-01,2024,July,2.8028809752075223,False,791029.0,138722.07403580844
Acadia NP,2024-08-01,2024,August,2.822695525557439,False,795332.0,138413.6872011749
Acadia NP,2024-09-01,2024,September,2.1828582045174385,False,646116.0,138105.30036654137
Acadia NP,2024-10-01,2024,October,1.8461913820117077,False,567466.0,137806.86149431486
Acadia NP,2024-11-01,2024,November,-0.262584038267474,False,76388.0,137498.47465968132
Acadia NP,2024-12-01,2024,December,-0.5252500886923772,False,14960.0,137200.03578745574
Acadia NP,2025-01-01,2025,January,-0.5315605351054067,False,13183.0,136891.6489528222
Acadia NP,2025-02-01,2025,February,-0.5423998872072757,False,10352.0,136583.26211818866
Acadia NP,2025-03-01,2025,March,-0.47396553145957476,False,26000.0,136304.71917077806
Acadia NP,2025-04-01,2025,April,-0.1752967187864836,False,95200.0,135996.33233614452
Acadia NP,2025-05-01,2025,May,0.8058577797963016,False,323243.0,135697.893463918
Acadia NP,2025-06-01,2025,June,2.1310069340319178,False,631333.0,135389.50662928447
Acadia NP,2025-07-01,2025,July,2.844268497058346,False,797030.0,135091.0677570589
Acadia NP,2025-08-01,2025,August,3.0485693526742303,True,844268.0,134782.68092242535
Arches NP,2016-05-01,2016,May,2.4638200023256744,False,201718.0,98947.21769109648
Arches NP,2016-06-01,2016,June,2.6992013039904714,False,211706.0,99117.00025226362
Arches NP,2016-07-01,2016,July,2.6629693600433257,False,210359.0,99281.30595661933
Arches NP,2016-08-01,2016,August,2.131016940559577,False,188340.0,99451.08851778647
Arches NP,2016-09-01,2016,September,2.4282030453337127,False,200906.0,99620.87107895408
Arches NP,2016-10-01,2016,October,1.1139446277805607,False,146250.0,99785.17678330932
Arches NP,2016-11-01,2016,November,-0.7324266978615797,False,69404.0,99954.95934447693
Arches NP,2016-12-01,2016,December,-1.6021604221433745,False,33290.0,100119.26504883217
Arches NP,2017-01-01,2017,January,-1.8877087429623074,False,21549.0,100289.04760999931
Arches NP,2017-02-01,2017,February,-1.4914383669504137,False,38248.0,100458.83017116692
Arches NP,2017-03-01,2017,March,0.6687725093320828,False,128508.0,100612.18216189882
Arches NP,2017-04-01,2017,April,1.3066761710457464,False,155286.0,100781.96472306596
Arches NP,2017-05-01,2017,May,2.1044254861230156,False,188726.0,100946.27042742167
Arches NP,2017-06-01,2017,June,2.2042581621942277,False,193060.0,101116.05298858881
Arches NP,2017-07-01,2017,July,2.193294745197153,False,192767.0,101280.35869294405
Arches NP,2017-08-01,2017,August,1.8295434500792573,False,177764.0,101450.14125411166
Arches NP,2017-09-01,2017,September,2.0613526355053837,False,187603.0,101619.9238152788
Arches NP,2017-10-01,2017,October,0.8760260376271939,False,138325.0,101784.22951963451
Arches NP,2017-11-01,2017,November,-0.6973301220687474,False,72867.0,101954.01208080165
Arches NP,2017-12-01,2017,December,-1.385533214409516,False,44325.0,102118.31778515736
Arches NP,2018-01-01,2018,January,-1.6896373605219466,False,31810.0,102288.1003463245
Arches NP,2018-02-01,2018,February,-1.4895696643575653,False,40325.0,102457.88290749164
Arches NP,2018-03-01,2018,March,0.7753114098983291,False,134951.0,102611.23489822354
Arches NP,2018-04-01,2018,April,1.5433216140768535,False,167156.0,102781.01745939115
Arches NP,2018-05-01,2018,May,2.692504834809663,False,215255.0,102945.32316374639
Arches NP,2018-06-01,2018,June,2.6689676440070422,False,214443.0,103115.105724914
Arches NP,2018-07-01,2018,July,2.450461876149751,False,205493.0,103279.41142926924
Arches NP,2018-08-01,2018,August,1.9272839166885092,False,183840.0,103449.19399043638
Arches NP,2018-09-01,2018,September,2.460565328297739,False,206254.0,103618.97655160399
Arches NP,2018-10-01,2018,October,1.0599527987198096,False,147996.0,103783.28225595923
Arches NP,2018-11-01,2018,November,-0.7143768537867237,False,74155.0,103953.06481712684
Arches NP,2018-12-01,2018,December,-1.4920986175046382,False,41879.0,104117.37052148208
Arches NP,2019-01-01,2019,January,-1.98475775836302,False,21499.0,104287.15308264969
Arches NP,2019-02-01,2019,February,-1.7792959269389013,False,30239.0,104456.93564381683
Arches NP,2019-03-01,2019,March,0.6612181913740508,False,132191.0,104610.28763454873
Arches NP,2019-04-01,2019,April,1.534521915822665,False,168788.0,104780.07019571587
Arches NP,2019-05-01,2019,May,2.6977778360997573,False,217474.0,104944.37590007158
Arches NP,2019-06-01,2019,June,2.8790739415602515,False,225206.0,105114.15846123872
Arches NP,2019-07-01,2019,July,2.4864454875186177,False,208993.0,105278.46416559443
Arches NP,2019-08-01,2019,August,1.904531388562455,False,184890.0,105448.24672676157
Arches NP,2019-09-01,2019,September,2.451070385943396,False,207857.0,105618.02928792918
Arches NP,2019-10-01,2019,October,1.0544135555559404,False,149764.0,105782.33499228442
Arches NP,2019-11-01,2019,November,-0.779922854973352,False,73420.0,105952.11755345156
Arches NP,2019-12-01,2019,December,-1.5999106651931332,False,39381.0,106116.42325780727
Arches NP,2020-01-01,2020,January,-1.8657524118631579,False,28462.0,106286.20581897441
Arches NP,2020-02-01,2020,February,-1.5352904860200631,False,42416.0,106455.98838014202
Arches NP,2020-03-01,2020,March,-0.5991521889456777,False,81623.0,106614.81722768536
Arches NP,2020-04-01,2020,April,-2.56004699963567,False,0.0,106784.59978885297
Arches NP,2020-05-01,2020,May,-2.2323785919936596,False,13832.0,106948.9054932082
Arches NP,2020-06-01,2020,June,1.3564526918793114,False,163699.0,107118.68805437582
Arches NP,2020-07-01,2020,July,2.074728414129791,False,193824.0,107282.99375873106
Arches NP,2020-08-01,2020,August,1.3685813866582368,False,164539.0,107452.77631989866
Arches NP,2020-09-01,2020,September,2.3073339522583347,False,203866.0,107622.55888106581
Arches NP,2020-10-01,2020,October,1.680024653516382,False,177864.0,107786.86458542151
Arches NP,2020-11-01,2020,November,-0.09687020998032628,False,103916.0,107956.64714658866
Arches NP,2020-12-01,2020,December,-1.0567459279359703,False,64042.0,108120.95285094436
Arches NP,2021-01-01,2021,January,-1.428025038483,False,48725.0,108290.7354121115
Arches NP,2021-02-01,2021,February,-1.305968525141669,False,53986.0,108460.51797327865
Arches NP,2021-03-01,2021,March,1.0180082976264622,False,151077.0,108613.86996401055
Arches NP,2021-04-01,2021,April,2.0409093732784673,False,193914.0,108783.65252517769
Arches NP,2021-05-01,2021,May,2.8011394808824503,False,225789.0,108947.9582295334
Arches NP,2021-06-01,2021,June,3.1017778322228287,True,238499.0,109117.74079070054
Arches NP,2021-07-01,2021,July,2.460827364757362,False,211928.0,109282.04649505625
Arches NP,2021-08-01,2021,August,1.3961021991529485,False,167686.0,109451.82905622339
Arches NP,2021-09-01,2021,September,1.9989559686455503,False,193002.0,109621.611617391
Arches NP,2021-10-01,2021,October,1.4431609164804864,False,169983.0,109785.91732174624
Arches NP,2021-11-01,2021,November,-0.2779466014633022,False,98362.0,109955.69988291385
Arches NP,2021-12-01,2021,December,-1.3474790957657794,False,53914.0,110120.00558726909
Arches NP,2022-01-01,2022,January,-1.6702349629096693,False,40621.0,110289.7881484367
Arches NP,2022-02-01,2022,February,-1.4118626580711462,False,51568.0,110459.57070960384
Arches NP,2022-03-01,2022,March,0.7492592277218838,False,141866.0,110612.92270033574
Arches NP,2022-04-01,2022,April,0.9161230246207688,False,148996.0,110782.70526150288
Arches NP,2022-05-01,2022,May,1.4664133879157628,False,172114.0,110947.01096585859
Arches NP,2022-06-01,2022,June,1.4562296786228146,False,171859.0,111116.79352702573
Arches NP,2022-07-01,2022,July,1.1422117557664244,False,158925.0,111281.09923138143
Arches NP,2022-08-01,2022,August,0.7513219668084373,False,142790.0,111450.88179254858
Arches NP,2022-09-01,2022,September,1.1293481786751853,False,158728.0,111620.66435371572
Arches NP,2022-10-01,2022,October,0.8439071857281606,False,146986.0,111784.97005807143
Arches NP,2022-11-01,2022,November,-0.6884295720592869,False,83239.0,111954.75261923857
Arches NP,2022-12-01,2022,December,-1.6580147334824586,False,42960.0,112119.05832359428
Arches NP,2023-01-01,2023,January,-1.9385764759279451,False,31427.0,112288.84088476142
Arches NP,2023-02-01,2023,February,-1.7068152383708055,False,41264.0,112458.62344592903
Arches NP,2023-03-01,2023,March,0.47684214584069495,False,132502.0,112611.97543666046
Arches NP,2023-04-01,2023,April,0.9218035827971539,False,151232.0,112781.75799782807
Arches NP,2023-05-01,2023,May,1.805907009899212,False,188274.0,112946.06370218331
Arches NP,2023-06-01,2023,June,1.6222239367186024,False,180782.0,113115.84626335092
Arches NP,2023-07-01,2023,July,1.2560147584824508,False,165671.0,113280.15196770616
Arches NP,2023-08-01,2023,August,0.7343231829594367,False,144080.0,113449.93452887377
Arches NP,2023-09-01,2023,September,1.463687404743763,False,174673.0,113619.71709004091
Arches NP,2023-10-01,2023,October,0.6347333430255736,False,140260.0,113784.02279439662
Arches NP,2023-11-01,2023,November,-0.7218744749668655,False,83843.0,113953.80535556376
Arches NP,2023-12-01,2023,December,-1.5842242274264418,False,48037.0,114118.111059919
Arches NP,2024-01-01,2024,January,-2.066550602520615,False,28088.0,114287.89362108661
Arches NP,2024-02-01,2024,February,-1.5091034649477493,False,51510.0,114457.67618225375
Arches NP,2024-03-01,2024,March,0.684443722073201,False,143166.0,114616.50502979755
Arches NP,2024-04-01,2024,April,1.0053160741212177,False,156720.0,114786.2875909647
Arches NP,2024-05-01,2024,May,1.9281853532899127,False,195379.0,114950.5932953204
Arches NP,2024-06-01,2024,June,1.568917183921232,False,180563.0,115120.37585648755
Arches NP,2024-07-01,2024,July,0.9773530215004742,False,156052.0,115284.68156084325
Arches NP,2024-08-01,2024,August,0.6777799490062235,False,143726.0,115454.4641220104
Arches NP,2024-09-01,2024,September,0.7849486490306675,False,148366.0,115624.246683178
Arches NP,2024-10-01,2024,October,0.4777393235688017,False,135716.0,115788.55238753324
Arches NP,2024-11-01,2024,November,-0.9004929833315747,False,78397.0,115958.33494870085
Arches NP,2024-12-01,2024,December,-1.612909749504932,False,48845.0,116122.64065305609
Arches NP,2025-01-01,2025,January,-2.0239376434326064,False,31870.0,116292.42321422324
Arches NP,2025-02-01,2025,February,-1.5564167341232003,False,51541.0,116462.20577539084
Arches NP,2025-03-01,2025,March,0.8615858597057799,False,152554.0,116615.55776612274
Arches NP,2025-04-01,2025,April,1.0861309429821262,False,162090.0,116785.34032728989
Arches NP,2025-05-01,2025,May,1.8339665264559566,False,193448.0,116949.64603164559
Arches NP,2025-06-01,2025,June,1.4034478237897636,False,175660.0,117119.42859281274
Arches NP,2025-07-01,2025,July,0.9810916909833649,False,158207.0,117283.73429716798
Arches NP,2025-08-01,2025,August,0.7865484254798167,False,150262.0,117453.51685833558
Badlands NP,2016-05-01,2016,May,0.06590764774523142,False,78863.0,72764.06374339946
Badlands NP,2016-06-01,2016,June,1.3345665079880569,False,196209.0,72711.40388070606
Badlands NP,2016-07-01,2016,July,1.9076952141639316,False,249194.0,72660.44272326096
Badlands NP,2016-08-01,2016,August,1.5611297489892793,False,217071.0,72607.78286056756
Badlands NP,2016-09-01,2016,September,0.6137491178299708,False,129350.0,72555.12299787393
Badlands NP,2016-10-01,2016,October,-0.4227920031326275,False,33380.0,72504.16184042883
Badlands NP,2016-11-01,2016,November,-0.5887498229045388,False,17970.0,72451.50197773543
Badlands NP,2016-12-01,2016,December,-0.6833388096497391,False,9166.0,72400.5408202901
Badlands NP,2017-01-01,2017,January,-0.6696507551216943,False,10380.0,72347.8809575967
Badlands NP,2017-02-01,2017,February,-0.6607715561075739,False,11149.0,72295.2210949033
Badlands NP,2017-03-01,2017,March,-0.5484219540842417,False,21498.0,72247.65734795434
Badlands NP,2017-04-01,2017,April,-0.5298277862903052,False,23166.0,72194.99748526094
Badlands NP,2017-05-01,2017,May,0.14937670803092623,False,85967.0,72144.03632781561
Badlands NP,2017-06-01,2017,June,1.533156327352038,False,213966.0,72091.37646512222
Badlands NP,2017-07-01,2017,July,2.069056927358318,False,263506.0,72040.41530767712
Badlands NP,2017-08-01,2017,August,1.7845419079386216,False,237125.0,71987.75544498349
Badlands NP,2017-09-01,2017,September,0.6015165501801258,False,127598.0,71935.09558229009
Badlands NP,2017-10-01,2017,October,-0.41559463322284046,False,33426.0,71884.13442484499
Badlands NP,2017-11-01,2017,November,-0.594617411008987,False,16807.0,71831.47456215159
Badlands NP,2017-12-01,2017,December,-0.6704680708752098,False,9737.0,71780.51340470626
Badlands NP,2018-01-01,2018,January,-0.6604650045050261,False,10610.0,71727.85354201286
Badlands NP,2018-02-01,2018,February,-0.6723665451611905,False,9456.0,71675.19367931946
Badlands NP,2018-03-01,2018,March,-0.5944786065848363,False,16616.0,71627.6299323705
Badlands NP,2018-04-01,2018,April,-0.5428276095390011,False,21343.0,71574.9700696771
Badlands NP,2018-05-01,2018,May,0.14051574244927106,False,84527.0,71524.00891223177
Badlands NP,2018-06-01,2018,June,1.4823556578388304,False,208645.0,71471.34904953837
Badlands NP,2018-07-01,2018,July,2.0796150929194117,False,263863.0,71420.38789209304
Badlands NP,2018-08-01,2018,August,1.5775452887663926,False,217350.0,71367.72802939964
Badlands NP,2018-09-01,2018,September,0.4918101022255646,False,116826.0,71315.06816670625
Badlands NP,2018-10-01,2018,October,-0.40780291038436367,False,33527.0,71264.10700926092
Badlands NP,2018-11-01,2018,November,-0.5918614784390244,False,16442.0,71211.44714656752
Badlands NP,2018-12-01,2018,December,-0.663767796142143,False,9737.0,71160.48598912242
Badlands NP,2019-01-01,2019,January,-0.6713683828779885,False,8981.0,71107.82612642902
Badlands NP,2019-02-01,2019,February,-0.6807628348167786,False,8059.0,71055.16626373539
Badlands NP,2019-03-01,2019,March,-0.5888481671234067,False,16517.0,71007.60251678666
Badlands NP,2019-04-01,2019,April,-0.49571133565519826,False,25083.0,70954.94265409326
Badlands NP,2019-05-01,2019,May,0.010601294919341751,False,71885.0,70903.98149664793
Badlands NP,2019-06-01,2019,June,1.4120169865971386,False,201516.0,70851.32163395453
Badlands NP,2019-07-01,2019,July,1.9462101727355554,False,250898.0,70800.3604765092
Badlands NP,2019-08-01,2019,August,1.4804283164831167,False,207743.0,70747.7006138158
Badlands NP,2019-09-01,2019,September,0.5140283916058124,False,118262.0,70695.0407511224
Badlands NP,2019-10-01,2019,October,-0.355715684733358,False,37727.0,70644.07959367707
Badlands NP,2019-11-01,2019,November,-0.5958811692560995,False,15450.0,70591.41973098367
Badlands NP,2019-12-01,2019,December,-0.6663610399303685,False,8877.0,70540.45857353858
Badlands NP,2020-01-01,2020,January,-0.6520894388905191,False,10145.0,70487.79871084495
Badlands NP,2020-02-01,2020,February,-0.6533142396640826,False,9979.0,70435.13884815155
Badlands NP,2020-03-01,2020,March,-0.5749324618277027,False,17183.0,70385.87639595452
Badlands NP,2020-04-01,2020,April,-0.5732071107916004,False,17290.0,70333.21653326112
Badlands NP,2020-05-01,2020,May,-0.15826273498162538,False,55637.0,70282.25537581579
Badlands NP,2020-06-01,2020,June,1.054213563874923,False,167784.0,70229.59551312239
Badlands NP,2020-07-01,2020,July,1.823003254174655,False,238875.0,70178.63435567729
Badlands NP,2020-08-01,2020,August,1.6252529559264186,False,220523.0,70125.97449298366
Badlands NP,2020-09-01,2020,September,0.4226679836056685,False,109186.0,70073.31463029026
Badlands NP,2020-10-01,2020,October,-0.3189444077254089,False,40508.0,70022.35347284516
Badlands NP,2020-11-01,2020,November,-0.5515994325129199,False,18926.0,69969.69361015176
Badlands NP,2020-12-01,2020,December,-0.6378242525889571,False,10896.0,69918.73245270643
Badlands NP,2021-01-01,2021,January,-0.5939971013680239,False,14899.0,69866.07259001303
Badlands NP,2021-02-01,2021,February,-0.6317800104642987,False,11350.0,69813.41272731964
Badlands NP,2021-03-01,2021,March,-0.4493724077740623,False,28182.0,69765.84898037068
Badlands NP,2021-04-01,2021,April,-0.29138626857762745,False,42749.0,69713.18911767728
Badlands NP,2021-05-01,2021,May,0.43335646649793613,False,109764.0,69662.22796023195
Badlands NP,2021-06-01,2021,June,2.014655773647164,False,256041.0,69609.56809753855
Badlands NP,2021-07-01,2021,July,2.360611984061872,False,288004.0,69558.60694009322
Badlands NP,2021-08-01,2021,August,1.8022515543537232,False,236282.0,69505.94707739982
Badlands NP,2021-09-01,2021,September,0.7458990153238181,False,138477.0,69453.28721470642
Badlands NP,2021-10-01,2021,October,-0.02659811546522821,False,66941.0,69402.32605726132
Badlands NP,2021-11-01,2021,November,-0.49620544329503335,False,23432.0,69349.66619456769
Badlands NP,2021-12-01,2021,December,-0.6612846873825493,False,8105.0,69298.70503712259
Badlands NP,2022-01-01,2022,January,-0.6113735234552352,False,12671.0,69246.0451744292
Badlands NP,2022-02-01,2022,February,-0.6086972077332331,False,12866.0,69193.3853117358
Badlands NP,2022-03-01,2022,March,-0.47407558050945514,False,25276.0,69145.82156478683
Badlands NP,2022-04-01,2022,April,-0.36904088405061564,False,34943.0,69093.16170209344
Badlands NP,2022-05-01,2022,May,0.31878713094502426,False,98542.0,69042.2005446481
Badlands NP,2022-06-01,2022,June,1.469450725218094,False,204969.0,68989.5406819547
Badlands NP,2022-07-01,2022,July,1.676241898984893,False,224054.0,68938.57952450938
Badlands NP,2022-08-01,2022,August,1.2527887776718751,False,184816.0,68885.91966181598
Badlands NP,2022-09-01,2022,September,0.5699060061952955,False,121571.0,68833.25979912258
Badlands NP,2022-10-01,2022,October,-0.08285602550547132,False,61115.0,68782.29864167725
Badlands NP,2022-11-01,2022,November,-0.5296185880399163,False,19720.0,68729.63877898385
Badlands NP,2022-12-01,2022,December,-0.6744574133014087,False,6266.0,68678.67762153875
Badlands NP,2023-01-01,2023,January,-0.6235412526037662,False,10925.0,68626.01775884512
Badlands NP,2023-02-01,2023,February,-0.6175581733148857,False,11426.0,68573.35789615172
Badlands NP,2023-03-01,2023,March,-0.49856262490714354,False,22390.0,68525.794149203
Badlands NP,2023-04-01,2023,April,-0.409575457522861,False,30572.0,68473.1342865096
Badlands NP,2023-05-01,2023,May,0.3317010953870945,False,99117.0,68422.17312906426
Badlands NP,2023-06-01,2023,June,1.4050880025139305,False,198393.0,68369.51326637086
Badlands NP,2023-07-01,2023,July,1.9449977831846306,False,248304.0,68318.55210892553
Badlands NP,2023-08-01,2023,August,1.449865698671925,False,202433.0,68265.89224623214
Badlands NP,2023-09-01,2023,September,0.8039624857765805,False,142610.0,68213.23238353874
Badlands NP,2023-10-01,2023,October,-0.16313660028156887,False,53066.0,68162.2712260934
Badlands NP,2023-11-01,2023,November,-0.5580715874344818,False,16467.0,68109.6113634
Badlands NP,2023-12-01,2023,December,-0.6198739053499139,False,10697.0,68058.65020595468
Badlands NP,2024-01-01,2024,January,-0.6425170243899906,False,8549.0,68005.99034326128
Badlands NP,2024-02-01,2024,February,-0.621977701556714,False,10397.0,67953.33048056788
Badlands NP,2024-03-01,2024,March,-0.4552534656836316,False,25776.0,67904.06802837085
Badlands NP,2024-04-01,2024,April,-0.32984867339614576,False,37328.0,67851.40816567745
Badlands NP,2024-05-01,2024,May,0.4493800156147149,False,109385.0,67800.44700823212
Badlands NP,2024-06-01,2024,June,1.6315659279419816,False,218729.0,67747.78714553872
Badlands NP,2024-07-01,2024,July,1.8067159130688462,False,234886.0,67696.82598809339
Badlands NP,2024-08-01,2024,August,1.429416998272618,False,199919.0,67644.16612539999
Badlands NP,2024-09-01,2024,September,0.7811255672456391,False,139875.0,67591.50626270659
Badlands NP,2024-10-01,2024,October,0.04727218323815219,False,71915.0,67540.5451052615
Badlands NP,2024-11-01,2024,November,-0.4819757593812017,False,22887.0,67487.88524256786
Badlands NP,2024-12-01,2024,December,-0.5709886350136292,False,14599.0,67436.92408512277
Badlands NP,2025-01-01,2025,January,-0.6205289256810272,False,9962.0,67384.26422242937
Badlands NP,2025-02-01,2025,February,-0.6183497051357454,False,10111.0,67331.60435973597
Badlands NP,2025-03-01,2025,March,-0.43875177083566713,False,26683.0,67284.04061278701
Badlands NP,2025-04-01,2025,April,-0.2253179066011503,False,46381.0,67231.38075009361
Badlands NP,2025-05-01,2025,May,0.6336189133551192,False,125814.0,67180.41959264828
Badlands NP,2025-06-01,2025,June,1.6717120629348152,False,221824.0,67127.75972995488
Badlands NP,2025-07-01,2025,July,1.7915115807755648,False,232859.0,67076.79857250955
Badlands NP,2025-08-01,2025,August,1.598851104880266,False,214978.0,67024.13870981615
Big Bend NP,2016-05-01,2016,May,0.7715149361998238,False,40935.0,32345.737056821235
Big Bend NP,2016-06-01,2016,June,-1.2352411784761292,False,18630.0,32381.919479917386
Big Bend NP,2016-07-01,2016,July,-1.4598005053288041,False,16165.0,32416.934728074935
Big Bend NP,2016-08-01,2016,August,-1.464936812576426,False,16144.0,32453.117151171085
Big Bend NP,2016-09-01,2016,September,-1.2650067932956468,False,18406.0,32489.299574267236
Big Bend NP,2016-10-01,2016,October,-0.5136372380935474,False,26806.0,32524.3148224249
Big Bend NP,2016-11-01,2016,November,1.157147400943062,False,45443.0,32560.49724552105
Big Bend NP,2016-12-01,2016,December,0.03157172656240326,False,32947.0,32595.5124936786
Big Bend NP,2017-01-01,2017,January,0.2221601348230536,False,35105.0,32631.69491677475
Big Bend NP,2017-02-01,2017,February,0.8085993100616548,False,41670.0,32667.8773398709
Big Bend NP,2017-03-01,2017,March,3.775667349879239,True,74735.0,32700.558238151367
Big Bend NP,2017-04-01,2017,April,1.515520036282297,False,49609.0,32736.740661247517
Big Bend NP,2017-05-01,2017,May,0.3838363854654002,False,37045.0,32771.75590940507
Big Bend NP,2017-06-01,2017,June,-0.8360686471304873,False,23500.0,32807.93833250122
Big Bend NP,2017-07-01,2017,July,-1.0997908817214042,False,20599.0,32842.95358065888
Big Bend NP,2017-08-01,2017,August,-1.4818252643580618,False,16382.0,32879.13600375503
Big Bend NP,2017-09-01,2017,September,-1.183987975731704,False,19734.0,32915.31842685118
Big Bend NP,2017-10-01,2017,October,0.19255093235593748,False,35094.0,32950.33367500873
Big Bend NP,2017-11-01,2017,November,1.1454686937688159,False,45739.0,32986.51609810488
Big Bend NP,2017-12-01,2017,December,0.7224001327384075,False,41064.0,33021.53134626243
Big Bend NP,2018-01-01,2018,January,0.03379922691232567,False,33434.0,33057.7137693587
Big Bend NP,2018-02-01,2018,February,0.8601561236390382,False,42670.0,33093.89619245485
Big Bend NP,2018-03-01,2018,March,3.8417755190841407,True,75897.0,33126.5770907352
Big Bend NP,2018-04-01,2018,April,1.373507890740679,False,48454.0,33162.75951383135
Big Bend NP,2018-05-01,2018,May,0.2510760277610148,False,35993.0,33197.774761989014
Big Bend NP,2018-06-01,2018,June,-1.1586253902726784,False,20335.0,33233.957185085164
Big Bend NP,2018-07-01,2018,July,-1.2443180763838257,False,19416.0,33268.972433242714
Big Bend NP,2018-08-01,2018,August,-1.474012340846078,False,16895.0,33305.154856338864
Big Bend NP,2018-09-01,2018,September,-1.0523987062030158,False,21625.0,33341.337279435014
Big Bend NP,2018-10-01,2018,October,0.19497446489477016,False,35547.0,33376.352527592564
Big Bend NP,2018-11-01,2018,November,1.2202897117136349,False,46998.0,33412.53495068883
Big Bend NP,2018-12-01,2018,December,0.8424920348576962,False,42827.0,33447.55019884638
Big Bend NP,2019-01-01,2019,January,-0.37417936315430056,False,29318.0,33483.73262194253
Big Bend NP,2019-02-01,2019,February,0.863118595275186,False,43129.0,33519.91504503868
Big Bend NP,2019-03-01,2019,March,4.515717166877595,True,83826.0,33552.595943319146
Big Bend NP,2019-04-01,2019,April,1.4123098123482716,False,49312.0,33588.778366415296
Big Bend NP,2019-05-01,2019,May,0.3401789317846949,False,37411.0,33623.793614572845
Big Bend NP,2019-06-01,2019,June,-1.116679657264071,False,21228.0,33659.976037668996
Big Bend NP,2019-07-01,2019,July,-1.0732066063853627,False,21747.0,33694.991285826545
Big Bend NP,2019-08-01,2019,August,-1.4814693584246994,False,17238.0,33731.17370892281
Big Bend NP,2019-09-01,2019,September,-1.1247080618252225,False,21246.0,33767.35613201896
Big Bend NP,2019-10-01,2019,October,0.8013690791580629,False,42724.0,33802.37138017651
Big Bend NP,2019-11-01,2019,November,1.5134708872539715,False,50688.0,33838.55380327266
Big Bend NP,2019-12-01,2019,December,1.0860908134450422,False,45965.0,33873.56905143021
Big Bend NP,2020-01-01,2020,January,0.8829842111170021,False,43740.0,33909.75147452636
Big Bend NP,2020-02-01,2020,February,1.4944840543807458,False,50584.0,33945.93389762263
Big Bend NP,2020-03-01,2020,March,2.4641389601805606,False,61413.0,33979.78197084158
Big Bend NP,2020-04-01,2020,April,-3.0554221907953028,True,0.0,34015.96439393773
Big Bend NP,2020-05-01,2020,May,-3.058567371834352,True,0.0,34050.97964209528
Big Bend NP,2020-06-01,2020,June,-0.6603945977881105,False,26735.0,34087.16206519143
Big Bend NP,2020-07-01,2020,July,-3.06496257328043,True,0.0,34122.17731334909
Big Bend NP,2020-08-01,2020,August,-2.0927328275470933,False,10860.0,34158.35973644524
Big Bend NP,2020-09-01,2020,September,-0.6898009198760952,False,26515.0,34194.54215954139
Big Bend NP,2020-10-01,2020,October,1.5271236872915799,False,51231.0,34229.55740769894
Big Bend NP,2020-11-01,2020,November,2.537438462568518,False,62515.0,34265.73983079509
Big Bend NP,2020-12-01,2020,December,2.3365924559976974,False,60314.0,34300.75507895276
Big Bend NP,2021-01-01,2021,January,1.4336734358059826,False,50298.0,34336.93750204891
Big Bend NP,2021-02-01,2021,February,0.8547466362835368,False,43889.0,34373.11992514506
Big Bend NP,2021-03-01,2021,March,4.985923126301777,True,89914.0,34405.80082342541
Big Bend NP,2021-04-01,2021,April,2.9808736521006547,False,67628.0,34441.98324652156
Big Bend NP,2021-05-01,2021,May,1.6698131050607008,False,53067.0,34476.998494679225
Big Bend NP,2021-06-01,2021,June,-0.08804296983855586,False,33533.0,34513.180917775375
Big Bend NP,2021-07-01,2021,July,-0.6491697629645191,False,27321.0,34548.196165932924
Big Bend NP,2021-08-01,2021,August,-1.291421906421491,False,20207.0,34584.378589029075
Big Bend NP,2021-09-01,2021,September,-0.5062040274564985,False,28985.0,34620.561012125225
Big Bend NP,2021-10-01,2021,October,1.36175751419963,False,49816.0,34655.57626028289
Big Bend NP,2021-11-01,2021,November,2.2253910318239716,False,59467.0,34691.75868337904
Big Bend NP,2021-12-01,2021,December,2.009185260979681,False,57095.0,34726.77393153659
Big Bend NP,2022-01-01,2022,January,1.0783312309104658,False,46768.0,34762.95635463274
Big Bend NP,2022-02-01,2022,February,1.1164896978138248,False,47229.0,34799.13877772889
Big Bend NP,2022-03-01,2022,March,4.543452434006973,True,85414.0,34831.819676009356
Big Bend NP,2022-04-01,2022,April,2.197883273485585,False,59337.0,34868.002099105506
Big Bend NP,2022-05-01,2022,May,0.5226795430263963,False,40722.0,34903.017347263056
Big Bend NP,2022-06-01,2022,June,-1.1276581819584952,False,22385.0,34939.199770359206
Big Bend NP,2022-07-01,2022,July,-1.4243455246685197,False,19117.0,34974.21501851687
Big Bend NP,2022-08-01,2022,August,-1.8050325595618897,False,14915.0,35010.39744161302
Big Bend NP,2022-09-01,2022,September,-1.018287686487838,False,23710.0,35046.57986470917
Big Bend NP,2022-10-01,2022,October,0.9399461539685825,False,45546.0,35081.59511286672
Big Bend NP,2022-11-01,2022,November,1.9797229332320803,False,57158.0,35117.77753596287
Big Bend NP,2022-12-01,2022,December,1.49584407738795,False,51806.0,35152.79278412042
Big Bend NP,2023-01-01,2023,January,0.914761521476233,False,45373.0,35188.97520721669
Big Bend NP,2023-02-01,2023,February,1.1799929947150265,False,48362.0,35225.15763031284
Big Bend NP,2023-03-01,2023,March,4.302634787290917,True,83159.0,35257.83852859319
Big Bend NP,2023-04-01,2023,April,2.400073564762553,False,62014.0,35294.02095168934
Big Bend NP,2023-05-01,2023,May,0.42054889068608653,False,40011.0,35329.036199847
Big Bend NP,2023-06-01,2023,June,-1.1435585787283868,False,22634.0,35365.21862294315
Big Bend NP,2023-07-01,2023,July,-1.6605821890573964,False,16913.0,35400.2338711007
Big Bend NP,2023-08-01,2023,August,-2.0368678879893594,False,12760.0,35436.41629419685
Big Bend NP,2023-09-01,2023,September,-1.152934331032816,False,22637.0,35472.598717293
Big Bend NP,2023-10-01,2023,October,0.7926344406366995,False,44332.0,35507.61396545055
Big Bend NP,2023-11-01,2023,November,1.8733705912961354,False,56400.0,35543.79638854682
Big Bend NP,2023-12-01,2023,December,1.702615350992086,False,54534.0,35578.81163670437
Big Bend NP,2024-01-01,2024,January,0.43860713559924497,False,40498.0,35614.99405980052
Big Bend NP,2024-02-01,2024,February,1.136337234433417,False,48302.0,35651.17648289667
Big Bend NP,2024-03-01,2024,March,5.805270104204171,True,100315.0,35685.02455611562
Big Bend NP,2024-04-01,2024,April,3.756386916754742,True,77541.0,35721.206979211885
Big Bend NP,2024-05-01,2024,May,0.2089985854057353,False,38083.0,35756.222227369435
Big Bend NP,2024-06-01,2024,June,-1.4181647583946062,False,20004.0,35792.404650465585
Big Bend NP,2024-07-01,2024,July,-1.7435056964452071,False,16417.0,35827.419898623135
Big Bend NP,2024-08-01,2024,August,-1.8074761884830621,False,15741.0,35863.602321719285
Big Bend NP,2024-09-01,2024,September,-1.0776792133586408,False,23902.0,35899.784744815435
Big Bend NP,2024-10-01,2024,October,1.1898158457737584,False,49181.0,35934.7999929731
Big Bend NP,2024-11-01,2024,November,2.632000484365874,False,65273.0,35970.98241606925
Big Bend NP,2024-12-01,2024,December,2.712211217044896,False,66201.0,36005.9976642268
Big Bend NP,2025-01-01,2025,January,1.1640024510012184,False,49001.0,36042.18008732295
Big Bend NP,2025-02-01,2025,February,1.4505220185839591,False,52227.0,36078.3625104191
Big Bend NP,2025-03-01,2025,March,6.359477449210783,True,106911.0,36111.04340869957
Big Bend NP,2025-04-01,2025,April,2.5244602700761933,False,64252.0,36147.22583179572
Big Bend NP,2025-05-01,2025,May,0.4350818433303401,False,41026.0,36182.241079953266
Big Bend NP,2025-06-01,2025,June,-1.0403701445757971,False,24636.0,36218.42350304942
Big Bend NP,2025-07-01,2025,July,-1.3290632240089808,False,21457.0,36253.43875120708
Big Bend NP,2025-08-01,2025,August,-1.4784555629712812,False,19830.0,36289.62117430323
Biscayne NP,2016-05-01,2016,May,0.976867316133555,False,61050.0,44694.020030525746
Biscayne NP,2016-06-01,2016,June,-0.045758034099555485,False,43964.0,44730.140372202266
Biscayne NP,2016-07-01,2016,July,1.5567366376767358,False,70830.0,44765.09554156661
Biscayne NP,2016-08-01,2016,August,0.1289939531291767,False,46961.0,44801.21588324313
Biscayne NP,2016-09-01,2016,September,-0.011487356439860902,False,44645.0,44837.33622491965
Biscayne NP,2016-10-01,2016,October,-1.2397970919320236,False,24114.0,44872.291394283995
Biscayne NP,2016-11-01,2016,November,-0.6697851376053393,False,33694.0,44908.411735960515
Biscayne NP,2016-12-01,2016,December,-0.967871891828522,False,28738.0,44943.366905324976
Biscayne NP,2017-01-01,2017,January,-0.85517726447305,False,30661.0,44979.487247001496
Biscayne NP,2017-02-01,2017,February,-0.6167606868401324,False,34689.0,45015.607588678016
Biscayne NP,2017-03-01,2017,March,-0.5145481335431759,False,36433.0,45048.23241341801
Biscayne NP,2017-04-01,2017,April,-0.22679838207217257,False,41287.0,45084.35275509453
Biscayne NP,2017-05-01,2017,May,0.6256648162674546,False,55595.0,45119.30792445899
Biscayne NP,2017-06-01,2017,June,0.05551903624903714,False,46085.0,45155.42826613551
Biscayne NP,2017-07-01,2017,July,1.1916181214616355,False,65142.0,45190.383435499854
Biscayne NP,2017-08-01,2017,August,-0.21462342194583794,False,41633.0,45226.503777176375
Biscayne NP,2017-09-01,2017,September,-2.331238778464922,False,6230.0,45262.624118852895
Biscayne NP,2017-10-01,2017,October,-1.5433984543296564,False,19456.0,45297.57928821724
Biscayne NP,2017-11-01,2017,November,-0.6505110305493513,False,34442.0,45333.69962989376
Biscayne NP,2017-12-01,2017,December,-0.6008765522236962,False,35308.0,45368.6547992581
Biscayne NP,2018-01-01,2018,January,-1.0611276108594532,False,27638.0,45404.775140934624
Biscayne NP,2018-02-01,2018,February,-0.7677636725352054,False,32586.0,45440.895482611144
Biscayne NP,2018-03-01,2018,March,0.2174290769145983,False,49114.0,45473.52030735125
Biscayne NP,2018-04-01,2018,April,0.45214268024005677,False,53080.0,45509.64064902777
Biscayne NP,2018-05-01,2018,May,-1.391338593426781,False,22249.0,45544.59581839212
Biscayne NP,2018-06-01,2018,June,0.410031768914202,False,52446.0,45580.71616006864
Biscayne NP,2018-07-01,2018,July,0.5520614287501701,False,54859.0,45615.67132943298
Biscayne NP,2018-08-01,2018,August,0.0406257091225978,False,46332.0,45651.7916711095
Biscayne NP,2018-09-01,2018,September,-0.5087356344604035,False,37170.0,45687.91201278602
Biscayne NP,2018-10-01,2018,October,-0.990716870823375,False,29135.0,45722.86718215048
Biscayne NP,2018-11-01,2018,November,-0.9703576995861601,False,29512.0,45758.987523827
Biscayne NP,2018-12-01,2018,December,-0.6367887074272617,False,35132.0,45793.94269319135
Biscayne NP,2019-01-01,2019,January,0.3011913873551676,False,50873.0,45830.06303486787
Biscayne NP,2019-02-01,2019,February,0.829455292634852,False,59754.0,45866.18337654439
Biscayne NP,2019-03-01,2019,March,1.8387173750831405,False,76685.0,45898.8082012845
Biscayne NP,2019-04-01,2019,April,1.0892162427211747,False,64172.0,45934.92854296102
Biscayne NP,2019-05-01,2019,May,2.0192627253412847,False,79779.0,45969.88371232536
Biscayne NP,2019-06-01,2019,June,1.1447563474065425,False,65173.0,46006.00405400188
Biscayne NP,2019-07-01,2019,July,0.8479835518085943,False,60239.0,46040.959223366226
Biscayne NP,2019-08-01,2019,August,0.0068039426409850804,False,46191.0,46077.079565042746
Biscayne NP,2019-09-01,2019,September,0.03642054964684794,False,46723.0,46113.19990671927
Biscayne NP,2019-10-01,2019,October,-0.4518915782740307,False,38582.0,46148.15507608361
Biscayne NP,2019-11-01,2019,November,0.8220438468222381,False,59948.0,46184.27541776013
Biscayne NP,2019-12-01,2019,December,0.8471311890129551,False,60403.0,46219.23058712459
Biscayne NP,2020-01-01,2020,January,1.9581357445810186,False,79041.0,46255.35092880111
Biscayne NP,2020-02-01,2020,February,2.709354538404981,False,91655.0,46291.47127047763
Biscayne NP,2020-03-01,2020,March,-2.106709358289663,False,11052.0,46325.2612675298
Biscayne NP,2020-04-01,2020,April,-2.628119218390553,False,2358.0,46361.38160920632
Biscayne NP,2020-05-01,2020,May,-0.16151757435103858,False,43692.0,46396.336778570665
Biscayne NP,2020-06-01,2020,June,-0.8234015565671552,False,32646.0,46432.457120247185
Biscayne NP,2020-07-01,2020,July,-1.0569848873700807,False,28770.0,46467.412289611646
Biscayne NP,2020-08-01,2020,August,-0.7219326253908889,False,34416.0,46503.532631288166
Biscayne NP,2020-09-01,2020,September,-1.3056957947980272,False,24678.0,46539.652972964686
Biscayne NP,2020-10-01,2020,October,-1.7349395099757259,False,17526.0,46574.60814232903
Biscayne NP,2020-11-01,2020,November,-1.8091256343628326,False,16320.0,46610.72848400555
Biscayne NP,2020-12-01,2020,December,-1.554633061285805,False,20616.0,46645.683653369895
Biscayne NP,2021-01-01,2021,January,0.7936427161100809,False,59970.0,46681.803995046415
Biscayne NP,2021-02-01,2021,February,0.5610648519910094,False,56112.0,46717.924336722936
Biscayne NP,2021-03-01,2021,March,1.4199981226348652,False,70526.0,46750.549161463045
Biscayne NP,2021-04-01,2021,April,1.0268784046698203,False,63980.0,46786.669503139565
Biscayne NP,2021-05-01,2021,May,1.9441436533899905,False,79373.0,46821.62467250391
Biscayne NP,2021-06-01,2021,June,0.5380215607666287,False,55866.0,46857.74501418043
Biscayne NP,2021-07-01,2021,July,0.24626569810136717,False,51016.0,46892.70018354477
Biscayne NP,2021-08-01,2021,August,-0.04275266151042938,False,46213.0,46928.820525221294
Biscayne NP,2021-09-01,2021,September,0.5655432691240186,False,56434.0,46964.940866897814
Biscayne NP,2021-10-01,2021,October,-0.3085351660852315,False,41834.0,46999.89603626216
Biscayne NP,2021-11-01,2021,November,0.4162252790580142,False,54005.0,47036.01637793868
Biscayne NP,2021-12-01,2021,December,1.388915691605954,False,70326.0,47070.97154730314
Biscayne NP,2022-01-01,2022,January,0.4771406690283967,False,55096.0,47107.09188897966
Biscayne NP,2022-02-01,2022,February,0.9368398242280299,False,62829.0,47143.21223065618
Biscayne NP,2022-03-01,2022,March,1.0193429981465745,False,64243.0,47175.83705539617
Biscayne NP,2022-04-01,2022,April,0.9772294092934292,False,63574.0,47211.95739707269
Biscayne NP,2022-05-01,2022,May,1.3618038862679684,False,70048.0,47246.91256643715
Biscayne NP,2022-06-01,2022,June,0.41508950933777183,False,54233.0,47283.03290811367
Biscayne NP,2022-07-01,2022,July,1.2391831464509038,False,68066.0,47317.98807747802
Biscayne NP,2022-08-01,2022,August,0.3164186517350805,False,52652.0,47354.10841915454
Biscayne NP,2022-09-01,2022,September,-0.09157268885185714,False,45857.0,47390.22876083106
Biscayne NP,2022-10-01,2022,October,-0.15935833130789234,False,44757.0,47425.1839301954
Biscayne NP,2022-11-01,2022,November,0.42265842682200644,False,54538.0,47461.30427187192
Biscayne NP,2022-12-01,2022,December,1.0531820682823112,False,65130.0,47496.25944123627
Biscayne NP,2023-01-01,2023,January,0.05994161094065113,False,48536.0,47532.37978291279
Biscayne NP,2023-02-01,2023,February,0.36238380885737964,False,53636.0,47568.50012458931
Biscayne NP,2023-03-01,2023,March,0.8348937929002501,False,61580.0,47601.124949329416
Biscayne NP,2023-04-01,2023,April,0.8447412951356453,False,61781.0,47637.24529100594
Biscayne NP,2023-05-01,2023,May,0.35224838977086115,False,53570.0,47672.20046037028
Biscayne NP,2023-06-01,2023,June,-0.04517155642220097,False,46952.0,47708.3208020468
Biscayne NP,2023-07-01,2023,July,1.1284948003934847,False,66638.0,47743.27597141126
Biscayne NP,2023-08-01,2023,August,-0.35282156082812144,False,41872.0,47779.39631308778
Biscayne NP,2023-09-01,2023,September,-0.030431081964757873,False,47306.0,47815.5166547643
Biscayne NP,2023-10-01,2023,October,-0.9047484187422312,False,32702.0,47850.47182412865
Biscayne NP,2023-11-01,2023,November,-1.230199267508062,False,27289.0,47886.59216580517
Biscayne NP,2023-12-01,2023,December,-1.1074011839140594,False,29380.0,47921.54733516951
Biscayne NP,2024-01-01,2024,January,-0.9709358505203817,False,31701.0,47957.66767684603
Biscayne NP,2024-02-01,2024,February,-0.6310458317846706,False,37428.0,47993.78801852255
Biscayne NP,2024-03-01,2024,March,-0.07272032433872583,False,46810.0,48027.578015574836
Biscayne NP,2024-04-01,2024,April,-0.3707572181509472,False,41856.0,48063.698357251356
Biscayne NP,2024-05-01,2024,May,0.2097165447666024,False,51610.0,48098.6535266157
Biscayne NP,2024-06-01,2024,June,-0.055351932630820846,False,47208.0,48134.77386829222
Biscayne NP,2024-07-01,2024,July,0.6171586594447068,False,58503.0,48169.729037656565
Biscayne NP,2024-08-01,2024,August,-0.46931313489604715,False,40348.0,48205.849379333085
Biscayne NP,2024-09-01,2024,September,0.08970934729237105,False,49744.0,48241.969721009606
Biscayne NP,2024-10-01,2024,October,-0.41096593678405685,False,41396.0,48276.92489037395
Biscayne NP,2024-11-01,2024,November,-0.946470989410114,False,32466.0,48313.04523205047
Biscayne NP,2024-12-01,2024,December,-0.9081246101830108,False,33143.0,48348.00040141493
Biscayne NP,2025-01-01,2025,January,-0.9775924285977027,False,32016.0,48384.120743091335
Biscayne NP,2025-02-01,2025,February,-0.4955559767692026,False,40123.0,48420.241084767855
Biscayne NP,2025-03-01,2025,March,-0.32872054926788413,False,42949.0,48452.865909507964
Biscayne NP,2025-04-01,2025,April,-0.15253783015710357,False,45935.0,48488.986251184484
Biscayne NP,2025-05-01,2025,May,0.30328903954000463,False,53602.0,48523.94142054883
Biscayne NP,2025-06-01,2025,June,-0.18855675149326734,False,45403.0,48560.06176222535
Biscayne NP,2025-07-01,2025,July,-0.07686759082164943,False,47308.0,48595.01693158981
Biscayne NP,2025-08-01,2025,August,-1.6134896650869206,False,21616.0,48631.13727326633
Black Canyon of the Gunnison NP,2016-05-01,2016,May,0.8366496388304048,False,28055.0,12851.196819318342
Black Canyon of the Gunnison NP,2016-06-01,2016,June,1.1890990215061068,False,34433.0,12824.399880846962
Black Canyon of the Gunnison NP,2016-07-01,2016,July,1.883670975616849,False,47029.0,12798.467359745526
Black Canyon of the Gunnison NP,2016-08-01,2016,August,1.1893042498274449,False,34384.0,12771.67042127403
Black Canyon of the Gunnison NP,2016-09-01,2016,September,1.3990635116362995,False,38169.0,12744.87348280265
Black Canyon of the Gunnison NP,2016-10-01,2016,October,0.3518584870823862,False,19113.0,12718.940961701213
Black Canyon of the Gunnison NP,2016-11-01,2016,November,-0.2056511887279079,False,8955.0,12692.144023229834
Black Canyon of the Gunnison NP,2016-12-01,2016,December,-0.382407955714605,False,5717.0,12666.211502128397
Black Canyon of the Gunnison NP,2017-01-01,2017,January,-0.3144583512423679,False,6925.0,12639.414563656901
Black Canyon of the Gunnison NP,2017-02-01,2017,February,-0.5091069946592987,False,3361.0,12612.617625185521
Black Canyon of the Gunnison NP,2017-03-01,2017,March,-0.2994354078740291,False,7147.0,12588.413938824204
Black Canyon of the Gunnison NP,2017-04-01,2017,April,-0.06986571663513927,False,11292.0,12561.617000352708
Black Canyon of the Gunnison NP,2017-05-01,2017,May,0.9180106509813031,False,29218.0,12535.684479251388
Black Canyon of the Gunnison NP,2017-06-01,2017,June,1.5467054662646371,False,40616.0,12508.887540779891
Black Canyon of the Gunnison NP,2017-07-01,2017,July,1.7636259552291198,False,44532.0,12482.955019678571
Black Canyon of the Gunnison NP,2017-08-01,2017,August,1.5590720970971812,False,40788.0,12456.158081207075
Black Canyon of the Gunnison NP,2017-09-01,2017,September,1.8464222075069885,False,45983.0,12429.361142735579
Black Canyon of the Gunnison NP,2017-10-01,2017,October,2.3311686965713347,False,54766.0,12403.428621634259
Black Canyon of the Gunnison NP,2017-11-01,2017,November,0.3905058437505543,False,19473.0,12376.631683162763
Black Canyon of the Gunnison NP,2017-12-01,2017,December,-0.5122481328760645,False,3042.0,12350.699162061326
Black Canyon of the Gunnison NP,2018-01-01,2018,January,-0.2599514767632867,False,7600.0,12323.902223589947
Black Canyon of the Gunnison NP,2018-02-01,2018,February,-0.3888405002666427,False,5231.0,12297.10528511845
Black Canyon of the Gunnison NP,2018-03-01,2018,March,-0.2523574444312024,False,7687.0,12272.901598757133
Black Canyon of the Gunnison NP,2018-04-01,2018,April,-0.028510766138771727,False,11728.0,12246.104660285753
Black Canyon of the Gunnison NP,2018-05-01,2018,May,1.9994131465541962,False,48554.0,12220.172139184317
Black Canyon of the Gunnison NP,2018-06-01,2018,June,1.657066745942272,False,42306.0,12193.375200712937
Black Canyon of the Gunnison NP,2018-07-01,2018,July,1.8046507319016598,False,44962.0,12167.4426796115
Black Canyon of the Gunnison NP,2018-08-01,2018,August,1.8913652153617855,False,46511.0,12140.645741140004
Black Canyon of the Gunnison NP,2018-09-01,2018,September,1.9150715274402847,False,46915.0,12113.848802668625
Black Canyon of the Gunnison NP,2018-10-01,2018,October,0.5488635600922669,False,22062.0,12087.916281567188
Black Canyon of the Gunnison NP,2018-11-01,2018,November,0.5289869274247025,False,21674.0,12061.119343095808
Black Canyon of the Gunnison NP,2018-12-01,2018,December,-0.4569158238373988,False,3732.0,12035.186821994372
Black Canyon of the Gunnison NP,2019-01-01,2019,January,-0.39001176980730207,False,4921.0,12008.389883522876
Black Canyon of the Gunnison NP,2019-02-01,2019,February,-0.3088552123817187,False,6369.0,11981.592945051496
Black Canyon of the Gunnison NP,2019-03-01,2019,March,0.012250039947463492,False,12180.0,11957.389258690178
Black Canyon of the Gunnison NP,2019-04-01,2019,April,0.7234332822186125,False,25077.0,11930.592320218682
Black Canyon of the Gunnison NP,2019-05-01,2019,May,3.4829673595566706,True,75198.0,11904.659799117362
Black Canyon of the Gunnison NP,2019-06-01,2019,June,3.489449603825179,True,75289.0,11877.862860645866
Black Canyon of the Gunnison NP,2019-07-01,2019,July,2.1745286371126737,False,51368.0,11851.930339544546
Black Canyon of the Gunnison NP,2019-08-01,2019,August,3.7541240650373977,True,80046.0,11825.13340107305
Black Canyon of the Gunnison NP,2019-09-01,2019,September,2.015252447549717,False,48420.0,11798.336462601554
Black Canyon of the Gunnison NP,2019-10-01,2019,October,0.7734649828164021,False,25828.0,11772.403941500233
Black Canyon of the Gunnison NP,2019-11-01,2019,November,0.6019285070678448,False,22684.0,11745.607003028737
Black Canyon of the Gunnison NP,2019-12-01,2019,December,-0.34567408062954025,False,5438.0,11719.674481927417
Black Canyon of the Gunnison NP,2020-01-01,2020,January,-0.19732715005376902,False,8107.0,11692.877543455921
Black Canyon of the Gunnison NP,2020-02-01,2020,February,-0.14054842662124267,False,9112.0,11666.080604984425
Black Canyon of the Gunnison NP,2020-03-01,2020,March,-0.31872848587199726,False,5849.0,11641.012501253164
Black Canyon of the Gunnison NP,2020-04-01,2020,April,0.45062037836454233,False,19803.0,11614.215562781668
Black Canyon of the Gunnison NP,2020-05-01,2020,May,0.791741254061185,False,25976.0,11588.283041680232
Black Canyon of the Gunnison NP,2020-06-01,2020,June,0.8816474178183644,False,27583.0,11561.486103208852
Black Canyon of the Gunnison NP,2020-07-01,2020,July,2.750647663305989,False,61521.0,11535.553582107415
Black Canyon of the Gunnison NP,2020-08-01,2020,August,2.563703075778514,False,58097.0,11508.756643636036
Black Canyon of the Gunnison NP,2020-09-01,2020,September,2.0236926126314185,False,48257.0,11481.95970516454
Black Canyon of the Gunnison NP,2020-10-01,2020,October,1.996614645782718,False,47739.0,11456.027184063103
Black Canyon of the Gunnison NP,2020-11-01,2020,November,0.6504297627747163,False,23249.0,11429.230245591723
Black Canyon of the Gunnison NP,2020-12-01,2020,December,-0.2793434384356364,False,6327.0,11403.297724490287
Black Canyon of the Gunnison NP,2021-01-01,2021,January,-0.1440383739013073,False,8759.0,11376.500786018907
Black Canyon of the Gunnison NP,2021-02-01,2021,February,-0.22356641074150788,False,7287.0,11349.703847547411
Black Canyon of the Gunnison NP,2021-03-01,2021,March,-0.22504098429796354,False,7236.0,11325.500161186093
Black Canyon of the Gunnison NP,2021-04-01,2021,April,0.1573991873759766,False,14159.0,11298.703222714714
Black Canyon of the Gunnison NP,2021-05-01,2021,May,1.2907721533618601,False,34729.0,11272.770701613277
Black Canyon of the Gunnison NP,2021-06-01,2021,June,1.9901241669456307,False,47411.0,11245.973763141781
Black Canyon of the Gunnison NP,2021-07-01,2021,July,2.375708450918554,False,54392.0,11220.041242040461
Black Canyon of the Gunnison NP,2021-08-01,2021,August,1.9761319208421082,False,47104.0,11193.244303568965
Black Canyon of the Gunnison NP,2021-09-01,2021,September,1.8554422139639521,False,44884.0,11166.447365097585
Black Canyon of the Gunnison NP,2021-10-01,2021,October,0.6392432205777645,False,22757.0,11140.514843996149
Black Canyon of the Gunnison NP,2021-11-01,2021,November,0.06836150490220728,False,12356.0,11113.717905524652
Black Canyon of the Gunnison NP,2021-12-01,2021,December,-0.17894240244365486,False,7836.0,11087.785384423332
Black Canyon of the Gunnison NP,2022-01-01,2022,January,-0.20916448159133894,False,7260.0,11060.988445951836
Black Canyon of the Gunnison NP,2022-02-01,2022,February,-0.27218382723985507,False,6088.0,11034.191507480456
Black Canyon of the Gunnison NP,2022-03-01,2022,March,-0.1036188815218957,False,9127.0,11009.987821119139
Black Canyon of the Gunnison NP,2022-04-01,2022,April,0.15252980253561635,False,13755.0,10983.190882647643
Black Canyon of the Gunnison NP,2022-05-01,2022,May,1.0558816712506018,False,30145.0,10957.258361546323
Black Canyon of the Gunnison NP,2022-06-01,2022,June,1.1406151117677246,False,31658.0,10930.461423074827
Black Canyon of the Gunnison NP,2022-07-01,2022,July,2.1848411453184777,False,50608.0,10904.52890197339
Black Canyon of the Gunnison NP,2022-08-01,2022,August,2.1545640372001484,False,50031.0,10877.73196350201
Black Canyon of the Gunnison NP,2022-09-01,2022,September,1.755812941683287,False,42758.0,10850.935025030514
Black Canyon of the Gunnison NP,2022-10-01,2022,October,0.6927045446147053,False,23413.0,10825.002503929194
Black Canyon of the Gunnison NP,2022-11-01,2022,November,0.35542080930157266,False,17257.0,10798.205565457698
Black Canyon of the Gunnison NP,2022-12-01,2022,December,0.2412870109020226,False,15157.0,10772.273044356261
Black Canyon of the Gunnison NP,2023-01-01,2023,January,0.2341770994226992,False,15001.0,10745.476105884882
Black Canyon of the Gunnison NP,2023-02-01,2023,February,-0.1752496163981222,False,7534.0,10718.679167413386
Black Canyon of the Gunnison NP,2023-03-01,2023,March,-0.1282986957922849,False,8363.0,10694.475481052068
Black Canyon of the Gunnison NP,2023-04-01,2023,April,0.03897820068328536,False,11376.0,10667.678542580688
Black Canyon of the Gunnison NP,2023-05-01,2023,May,1.168499138724441,False,31876.0,10641.746021479252
Black Canyon of the Gunnison NP,2023-06-01,2023,June,2.2079852198276804,False,50739.0,10614.949083007756
Black Canyon of the Gunnison NP,2023-07-01,2023,July,2.363218232705879,False,53534.0,10589.016561906436
Black Canyon of the Gunnison NP,2023-08-01,2023,August,2.345047498128129,False,53177.0,10562.21962343494
Black Canyon of the Gunnison NP,2023-09-01,2023,September,2.539453677128711,False,56683.0,10535.42268496356
Black Canyon of the Gunnison NP,2023-10-01,2023,October,1.9251065356209303,False,45493.0,10509.490163862123
Black Canyon of the Gunnison NP,2023-11-01,2023,November,0.4006277877426745,False,17763.0,10482.693225390627
Black Canyon of the Gunnison NP,2023-12-01,2023,December,-0.2711145701415577,False,5530.0,10456.760704289307
Black Canyon of the Gunnison NP,2024-01-01,2024,January,-0.19144379492322017,False,6951.0,10429.96376581781
Black Canyon of the Gunnison NP,2024-02-01,2024,February,-0.2092293267065036,False,6601.0,10403.166827346431
Black Canyon of the Gunnison NP,2024-03-01,2024,March,-0.054759258444682476,False,9383.0,10378.098723615054
Black Canyon of the Gunnison NP,2024-04-01,2024,April,0.010273810583689263,False,10538.0,10351.301785143558
Black Canyon of the Gunnison NP,2024-05-01,2024,May,1.3176483817299873,False,34270.0,10325.369264042238
Black Canyon of the Gunnison NP,2024-06-01,2024,June,2.58225798171725,False,57224.0,10298.572325570742
Black Canyon of the Gunnison NP,2024-07-01,2024,July,2.364284515721965,False,53237.0,10272.639804469305
Black Canyon of the Gunnison NP,2024-08-01,2024,August,2.2881682750613743,False,51827.0,10245.842865997925
Black Canyon of the Gunnison NP,2024-09-01,2024,September,2.445815101675131,False,54665.0,10219.04592752643
Black Canyon of the Gunnison NP,2024-10-01,2024,October,1.3111140138052506,False,34019.0,10193.11340642511
Black Canyon of the Gunnison NP,2024-11-01,2024,November,0.0755373617815834,False,11539.0,10166.316467953613
Black Canyon of the Gunnison NP,2024-12-01,2024,December,-0.24941242313585796,False,5608.0,10140.383946852176
Black Canyon of the Gunnison NP,2025-01-01,2025,January,-0.06100440193492353,False,9005.0,10113.587008380797
Black Canyon of the Gunnison NP,2025-02-01,2025,February,-0.13805613509637046,False,7578.0,10086.7900699093
Black Canyon of the Gunnison NP,2025-03-01,2025,March,0.038432982393600525,False,10761.0,10062.586383547983
Black Canyon of the Gunnison NP,2025-04-01,2025,April,-0.5429042377033673,False,170.0,10035.789445076603
Black Canyon of the Gunnison NP,2025-05-01,2025,May,-0.5480806742377582,False,50.0,10009.856923975167
Black Canyon of the Gunnison NP,2025-06-01,2025,June,-0.5466060662974024,False,50.0,9983.059985503787
Black Canyon of the Gunnison NP,2025-07-01,2025,July,-0.5451790263551171,False,50.0,9957.12746440235
Black Canyon of the Gunnison NP,2025-08-01,2025,August,-0.5437044184147548,False,50.0,9930.330525930854
Bryce Canyon NP,2016-05-01,2016,May,2.7126160604817273,False,292369.0,118168.26861584187
Bryce Canyon NP,2016-06-01,2016,June,4.080019768008706,True,380354.0,118340.35273038968
Bryce Canyon NP,2016-07-01,2016,July,4.1402742698590345,True,384390.0,118506.88574446784
Bryce Canyon NP,2016-08-01,2016,August,3.847149708973156,True,365738.0,118678.9698590152
Bryce Canyon NP,2016-09-01,2016,September,3.8594812516271935,True,366702.0,118851.05397356302
Bryce Canyon NP,2016-10-01,2016,October,0.9640088274363641,False,180925.0,119017.58698764117
Bryce Canyon NP,2016-11-01,2016,November,-0.8015680017321183,False,67714.0,119189.67110218853
Bryce Canyon NP,2016-12-01,2016,December,-1.2586860039659082,False,38525.0,119356.20411626715
Bryce Canyon NP,2017-01-01,2017,January,-1.4287779040611601,False,27774.0,119528.2882308145
Bryce Canyon NP,2017-02-01,2017,February,-1.3504064279286894,False,32979.0,119700.37234536186
Bryce Canyon NP,2017-03-01,2017,March,-0.5877694717465813,False,82110.0,119855.80315850163
Bryce Canyon NP,2017-04-01,2017,April,0.5172029698261599,False,153242.0,120027.88727304945
Bryce Canyon NP,2017-05-01,2017,May,3.2786168823898203,True,330743.0,120194.4202871276
Bryce Canyon NP,2017-06-01,2017,June,3.9929088497724625,True,376786.0,120366.50440167496
Bryce Canyon NP,2017-07-01,2017,July,4.610415193042018,True,416608.0,120533.03741575358
Bryce Canyon NP,2017-08-01,2017,August,4.410845906935291,True,403964.0,120705.12153030094
Bryce Canyon NP,2017-09-01,2017,September,4.044129097612942,True,380586.0,120877.20564484876
Bryce Canyon NP,2017-10-01,2017,October,1.900913958592898,False,243118.0,121043.73865892692
Bryce Canyon NP,2017-11-01,2017,November,-0.7233844389795698,False,74761.0,121215.82277347427
Bryce Canyon NP,2017-12-01,2017,December,-1.1269199344698333,False,49013.0,121382.35578755243
Bryce Canyon NP,2018-01-01,2018,January,-1.3877797601123094,False,32433.0,121554.43990210025
Bryce Canyon NP,2018-02-01,2018,February,-1.3172876063896675,False,37132.0,121726.5240166476
Bryce Canyon NP,2018-03-01,2018,March,-0.4154233346615537,False,95204.0,121881.95482978737
Bryce Canyon NP,2018-04-01,2018,April,0.9845721155606257,False,185282.0,122054.03894433519
Bryce Canyon NP,2018-05-01,2018,May,3.39667978247749,True,340351.0,122220.57195841335
Bryce Canyon NP,2018-06-01,2018,June,4.470259508678272,True,409467.0,122392.6560729607
Bryce Canyon NP,2018-07-01,2018,July,4.787713157254171,True,430020.0,122559.18908703933
Bryce Canyon NP,2018-08-01,2018,August,4.221350512721523,True,393821.0,122731.27320158668
Bryce Canyon NP,2018-09-01,2018,September,4.493279256747614,True,411456.0,122903.35731613403
Bryce Canyon NP,2018-10-01,2018,October,1.6230019781281264,False,227297.0,123069.89033021266
Bryce Canyon NP,2018-11-01,2018,November,-0.7815318400571613,False,73053.0,123241.97444476001
Bryce Canyon NP,2018-12-01,2018,December,-1.2371238075159179,False,43962.0,123408.50745883817
Bryce Canyon NP,2019-01-01,2019,January,-1.3503942699165818,False,36860.0,123580.59157338599
Bryce Canyon NP,2019-02-01,2019,February,-1.4628082842292138,False,29813.0,123752.67568793334
Bryce Canyon NP,2019-03-01,2019,March,-0.7483037105941032,False,75853.0,123908.10650107311
Bryce Canyon NP,2019-04-01,2019,April,1.292159191636496,False,207061.0,124080.19061562046
Bryce Canyon NP,2019-05-01,2019,May,3.172412595889912,True,327975.0,124246.72362969909
Bryce Canyon NP,2019-06-01,2019,June,4.264662890409637,True,398290.0,124418.80774424644
Bryce Canyon NP,2019-07-01,2019,July,4.3193738373629325,True,401970.0,124585.3407583246
Bryce Canyon NP,2019-08-01,2019,August,4.028429326155655,True,383458.0,124757.42487287242
Bryce Canyon NP,2019-09-01,2019,September,4.1654285668592825,True,392428.0,124929.50898741977
Bryce Canyon NP,2019-10-01,2019,October,1.6661490281887557,False,232094.0,125096.04200149793
Bryce Canyon NP,2019-11-01,2019,November,-0.9268345129288467,False,65748.0,125268.12611604575
Bryce Canyon NP,2019-12-01,2019,December,-1.278142246833012,False,43354.0,125434.65913012391
Bryce Canyon NP,2020-01-01,2020,January,-1.4460385254662438,False,32744.0,125606.74324467173
Bryce Canyon NP,2020-02-01,2020,February,-1.3530140011368386,False,38890.0,125778.82735921908
Bryce Canyon NP,2020-03-01,2020,March,-1.2583217045307618,False,45132.0,125939.80927282805
Bryce Canyon NP,2020-04-01,2020,April,-1.9135992323838162,False,3223.0,126111.89338737587
Bryce Canyon NP,2020-05-01,2020,May,-0.8829111878842217,False,69579.0,126278.42640145402
Bryce Canyon NP,2020-06-01,2020,June,1.0746475394255706,False,195463.0,126450.51051600138
Bryce Canyon NP,2020-07-01,2020,July,1.5719085711364416,False,227563.0,126617.04353007954
Bryce Canyon NP,2020-08-01,2020,August,1.2981241652564992,False,210153.0,126789.12764462736
Bryce Canyon NP,2020-09-01,2020,September,2.3892844349369193,False,280398.0,126961.21175917471
Bryce Canyon NP,2020-10-01,2020,October,1.5827511845724034,False,228770.0,127127.74477325333
Bryce Canyon NP,2020-11-01,2020,November,-0.7269193290265664,False,80618.0,127299.82888780069
Bryce Canyon NP,2020-12-01,2020,December,-1.1732460853512359,False,52122.0,127466.36190187884
Bryce Canyon NP,2021-01-01,2021,January,-1.4001127077908342,False,37725.0,127638.44601642666
Bryce Canyon NP,2021-02-01,2021,February,-1.4350570995957626,False,35653.0,127810.53013097402
Bryce Canyon NP,2021-03-01,2021,March,-0.4853095938553494,False,96800.0,127965.96094411379
Bryce Canyon NP,2021-04-01,2021,April,1.146596426820552,False,201771.0,128138.04505866114
Bryce Canyon NP,2021-05-01,2021,May,2.5935961010173165,False,294862.0,128304.57807273977
Bryce Canyon NP,2021-06-01,2021,June,3.7482425316955075,True,369184.0,128476.66218728712
Bryce Canyon NP,2021-07-01,2021,July,2.4273265596632645,False,284523.0,128643.19520136528
Bryce Canyon NP,2021-08-01,2021,August,0.9746180029419674,False,191404.0,128815.2793159131
Bryce Canyon NP,2021-09-01,2021,September,2.463419334000623,False,287185.0,128987.36343046045
Bryce Canyon NP,2021-10-01,2021,October,0.8456584546589622,False,183461.0,129153.89644453861
Bryce Canyon NP,2021-11-01,2021,November,-0.807007372941013,False,77501.0,129325.98055908643
Bryce Canyon NP,2021-12-01,2021,December,-1.3230022882806505,False,44531.0,129492.51357316459
Bryce Canyon NP,2022-01-01,2022,January,-1.53700661761645,False,30960.0,129664.59768771194
Bryce Canyon NP,2022-02-01,2022,February,-1.4672619094979098,False,35611.0,129836.68180225976
Bryce Canyon NP,2022-03-01,2022,March,-0.4466627892027124,False,101308.0,129992.11261539953
Bryce Canyon NP,2022-04-01,2022,April,1.660696494594338,False,236812.0,130164.19672994688
Bryce Canyon NP,2022-05-01,2022,May,2.640791814766791,False,299919.0,130330.72974402504
Bryce Canyon NP,2022-06-01,2022,June,3.108208727830404,True,330108.0,130502.81385857286
Bryce Canyon NP,2022-07-01,2022,July,2.930479663693751,False,318861.0,130669.34687265102
Bryce Canyon NP,2022-08-01,2022,August,2.7671614893855976,False,308545.0,130841.43098719884
Bryce Canyon NP,2022-09-01,2022,September,3.2011613552328297,True,336588.0,131013.51510174619
Bryce Canyon NP,2022-10-01,2022,October,1.5955931823079588,False,233647.0,131180.04811582435
Bryce Canyon NP,2022-11-01,2022,November,-0.8716170641373375,False,75378.0,131352.13223037217
Bryce Canyon NP,2022-12-01,2022,December,-1.3173053773418428,False,46923.0,131518.66524445033
Bryce Canyon NP,2023-01-01,2023,January,-1.5919618030932217,False,29457.0,131690.74935899768
Bryce Canyon NP,2023-02-01,2023,February,-1.55357866677981,False,32094.0,131862.8334735455
Bryce Canyon NP,2023-03-01,2023,March,-0.8114030340097869,False,79911.0,132018.26428668527
Bryce Canyon NP,2023-04-01,2023,April,1.1793391637651143,False,207926.0,132190.34840123262
Bryce Canyon NP,2023-05-01,2023,May,2.845589548496252,False,315097.0,132356.88141531078
Bryce Canyon NP,2023-06-01,2023,June,3.489995351896058,True,356652.0,132528.9655298586
Bryce Canyon NP,2023-07-01,2023,July,3.284579656841074,True,343627.0,132695.49854393676
Bryce Canyon NP,2023-08-01,2023,August,2.763982483775791,False,310367.0,132867.5826584841
Bryce Canyon NP,2023-09-01,2023,September,3.6497976455146786,True,367425.0,133039.66677303193
Bryce Canyon NP,2023-10-01,2023,October,2.360056383886541,False,284766.0,133206.1997871101
Bryce Canyon NP,2023-11-01,2023,November,-0.8556427761422243,False,78430.0,133378.28390165744
Bryce Canyon NP,2023-12-01,2023,December,-1.2150322656406678,False,55517.0,133544.81691573607
Bryce Canyon NP,2024-01-01,2024,January,-1.5766882453519542,False,32464.0,133716.90103028342
Bryce Canyon NP,2024-02-01,2024,February,-1.4677960737189681,False,39629.0,133888.98514483124
Bryce Canyon NP,2024-03-01,2024,March,-0.4751568862773668,False,103536.0,134049.9670584402
Bryce Canyon NP,2024-04-01,2024,April,1.4882724033812504,False,229797.0,134222.05117298756
Bryce Canyon NP,2024-05-01,2024,May,3.157746147280045,True,337175.0,134388.58418706572
Bryce Canyon NP,2024-06-01,2024,June,3.3168884640049625,True,347567.0,134560.66830161354
Bryce Canyon NP,2024-07-01,2024,July,2.877864874103633,False,319540.0,134727.2013156917
Bryce Canyon NP,2024-08-01,2024,August,2.575272668899225,False,300280.0,134899.28543023905
Bryce Canyon NP,2024-09-01,2024,September,3.6071667308883173,True,366719.0,135071.36954478687
Bryce Canyon NP,2024-10-01,2024,October,2.1450146832490646,False,272988.0,135237.90255886503
Bryce Canyon NP,2024-11-01,2024,November,-0.8161013896684619,False,83001.0,135409.98667341284
Bryce Canyon NP,2024-12-01,2024,December,-1.0931005730989063,False,65379.0,135576.519687491
Bryce Canyon NP,2025-01-01,2025,January,-1.4959283481690606,False,39682.0,135748.60380203836
Bryce Canyon NP,2025-02-01,2025,February,-1.415641542676105,False,45010.0,135920.68791658618
Bryce Canyon NP,2025-03-01,2025,March,-0.45337432306711034,False,106961.0,136076.11872972595
Bryce Canyon NP,2025-04-01,2025,April,1.9016230324364753,False,258368.0,136248.2028442733
Bryce Canyon NP,2025-05-01,2025,May,3.046841543980122,True,332079.0,136414.73585835146
Bryce Canyon NP,2025-06-01,2025,June,2.796772964246759,False,316192.0,136586.81997289928
Bryce Canyon NP,2025-07-01,2025,July,2.5006983461284884,False,297345.0,136753.35298697744
Bryce Canyon NP,2025-08-01,2025,August,2.568387578835776,False,301864.0,136925.4371015248
Canyonlands NP,2016-05-01,2016,May,4.0953231758187565,True,128507.0,47256.24550601002
Canyonlands NP,2016-06-01,2016,June,3.2359939548611076,True,111544.0,47342.241290715756
Canyonlands NP,2016-07-01,2016,July,1.518029561321799,False,77543.0,47425.46301785018
Canyonlands NP,2016-08-01,2016,August,1.275286472047363,False,72813.0,47511.45880255569
Canyonlands NP,2016-09-01,2016,September,2.3823997706260975,False,94864.0,47597.45458726119
Canyonlands NP,2016-10-01,2016,October,1.7389373925549896,False,82181.0,47680.67631439562
Canyonlands NP,2016-11-01,2016,November,-0.9027607312540658,False,29856.0,47766.672099101124
Canyonlands NP,2016-12-01,2016,December,-1.6825141990064765,False,14469.0,47849.89382623555
Canyonlands NP,2017-01-01,2017,January,-2.0414373776727035,False,7434.0,47935.889610941056
Canyonlands NP,2017-02-01,2017,February,-1.4780267360437642,False,18698.0,48021.885395646794
Canyonlands NP,2017-03-01,2017,March,0.8576379416630252,False,65115.0,48099.55900763883
Canyonlands NP,2017-04-01,2017,April,1.7123808681876607,False,82159.0,48185.55479234434
Canyonlands NP,2017-05-01,2017,May,2.9983648336817432,False,107756.0,48268.776519478764
Canyonlands NP,2017-06-01,2017,June,1.960607189102873,False,87253.0,48354.77230418427
Canyonlands NP,2017-07-01,2017,July,1.3622559520320485,False,75465.0,48437.994031318696
Canyonlands NP,2017-08-01,2017,August,1.511400149100856,False,78510.0,48523.9898160242
Canyonlands NP,2017-09-01,2017,September,2.1553555989068376,False,91372.0,48609.98560072994
Canyonlands NP,2017-10-01,2017,October,1.6478314859505614,False,81386.0,48693.20732786413
Canyonlands NP,2017-11-01,2017,November,-0.7883715296371032,False,33138.0,48779.20311256987
Canyonlands NP,2017-12-01,2017,December,-1.7579446141571866,False,13985.0,48862.4248397043
Canyonlands NP,2018-01-01,2018,January,-1.984558580392415,False,9575.0,48948.4206244098
Canyonlands NP,2018-02-01,2018,February,-1.7495772066493254,False,14323.0,49034.41640911531
Canyonlands NP,2018-03-01,2018,March,0.8774701594626458,False,66521.0,49112.090021107346
Canyonlands NP,2018-04-01,2018,April,1.992597616051475,False,88731.0,49198.08580581308
Canyonlands NP,2018-05-01,2018,May,2.898942348010212,False,106796.0,49281.30753294751
Canyonlands NP,2018-06-01,2018,June,1.8380494925719786,False,85834.0,49367.303317653015
Canyonlands NP,2018-07-01,2018,July,0.942519163503757,False,68150.0,49450.52504478744
Canyonlands NP,2018-08-01,2018,August,1.2701925912127918,False,74737.0,49536.52082949295
Canyonlands NP,2018-09-01,2018,September,2.360118293052871,False,96447.0,49622.51661419845
Canyonlands NP,2018-10-01,2018,October,1.5951330535832344,False,81353.0,49705.73834133288
Canyonlands NP,2018-11-01,2018,November,-0.7424302939177655,False,35062.0,49791.734126038384
Canyonlands NP,2018-12-01,2018,December,-1.9130629778234691,False,11920.0,49874.95585317281
Canyonlands NP,2019-01-01,2019,January,-2.158023821515796,False,7146.0,49960.951637878316
Canyonlands NP,2019-02-01,2019,February,-2.033375730062797,False,9705.0,50046.94742258405
Canyonlands NP,2019-03-01,2019,March,0.5376733369974264,False,60792.0,50124.62103457609
Canyonlands NP,2019-04-01,2019,April,1.998518465229779,False,89861.0,50210.6168192816
Canyonlands NP,2019-05-01,2019,May,3.2344013422833235,True,114464.0,50293.838546416024
Canyonlands NP,2019-06-01,2019,June,2.1126714508815794,False,92295.0,50379.83433112153
Canyonlands NP,2019-07-01,2019,July,0.716180640917474,False,64672.0,50463.056058255956
Canyonlands NP,2019-08-01,2019,August,0.9449623829923682,False,69297.0,50549.05184296146
Canyonlands NP,2019-09-01,2019,September,2.378135984510569,False,97817.0,50635.0476276672
Canyonlands NP,2019-10-01,2019,October,1.6090680607716332,False,82642.0,50718.269354801625
Canyonlands NP,2019-11-01,2019,November,-0.9688696235230553,False,31582.0,50804.26513950713
Canyonlands NP,2019-12-01,2019,December,-1.8732205667533435,False,13723.0,50887.48686664156
Canyonlands NP,2020-01-01,2020,January,-2.113040252476923,False,9051.0,50973.48265134706
Canyonlands NP,2020-02-01,2020,February,-1.962686371180175,False,12120.0,51059.47843605257
Canyonlands NP,2020-03-01,2020,March,-1.8472848985479349,False,14490.0,51139.926105615916
Canyonlands NP,2020-04-01,2020,April,-2.581966240518198,False,0.0,51225.92189032142
Canyonlands NP,2020-05-01,2020,May,-2.2684171837598313,False,6304.0,51309.14361745585
Canyonlands NP,2020-06-01,2020,June,0.6194521053663997,False,63685.0,51395.13940216135
Canyonlands NP,2020-07-01,2020,July,0.9577492852880498,False,70480.0,51478.36112929578
Canyonlands NP,2020-08-01,2020,August,0.3916172790775047,False,59334.0,51564.356914001284
Canyonlands NP,2020-09-01,2020,September,1.1488798182339304,False,74444.0,51650.35269870679
Canyonlands NP,2020-10-01,2020,October,2.788797227419621,False,107063.0,51733.574425841216
Canyonlands NP,2020-11-01,2020,November,0.05097961099877711,False,52831.0,51819.57021054695
Canyonlands NP,2020-12-01,2020,December,-1.4007534453746138,False,24112.0,51902.79193768138
Canyonlands NP,2021-01-01,2021,January,-1.6709664473251997,False,18837.0,51988.787722386885
Canyonlands NP,2021-02-01,2021,February,-1.6084154795731371,False,20164.0,52074.78350709239
Canyonlands NP,2021-03-01,2021,March,1.756488862073077,False,87001.0,52152.45711908443
Canyonlands NP,2021-04-01,2021,April,3.2627475523626983,True,116971.0,52238.452903789934
Canyonlands NP,2021-05-01,2021,May,4.156088178871074,True,134778.0,52321.67463092436
Canyonlands NP,2021-06-01,2021,June,2.9284605140150224,False,110508.0,52407.6704156301
Canyonlands NP,2021-07-01,2021,July,1.4834311244048022,False,81922.0,52490.892142764525
Canyonlands NP,2021-08-01,2021,August,0.6691626409379501,False,65853.0,52576.88792747003
Canyonlands NP,2021-09-01,2021,September,2.3979528256591363,False,100238.0,52662.883712175535
Canyonlands NP,2021-10-01,2021,October,2.5194141077224415,False,102731.0,52746.10543930996
Canyonlands NP,2021-11-01,2021,November,-0.12646750737490828,False,50323.0,52832.10122401547
Canyonlands NP,2021-12-01,2021,December,-1.5447326334419436,False,22268.0,52915.322951149894
Canyonlands NP,2022-01-01,2022,January,-1.9061255840735492,False,15184.0,53001.3187358554
Canyonlands NP,2022-02-01,2022,February,-1.714239210950842,False,19077.0,53087.3145205609
Canyonlands NP,2022-03-01,2022,March,1.2434047739553726,False,77834.0,53164.988132553175
Canyonlands NP,2022-04-01,2022,April,2.3162940895852886,False,99206.0,53250.98391725868
Canyonlands NP,2022-05-01,2022,May,3.104442591772334,True,114926.0,53334.20564439311
Canyonlands NP,2022-06-01,2022,June,1.6968743980101355,False,87086.0,53420.20142909861
Canyonlands NP,2022-07-01,2022,July,0.712533085207278,False,67640.0,53503.42315623304
Canyonlands NP,2022-08-01,2022,August,0.4789634346613913,False,63092.0,53589.41894093854
Canyonlands NP,2022-09-01,2022,September,1.645704084975684,False,86326.0,53675.41472564428
Canyonlands NP,2022-10-01,2022,October,1.9168133867371475,False,91788.0,53758.636452778475
Canyonlands NP,2022-11-01,2022,November,-0.6602674378960948,False,40745.0,53844.63223748421
Canyonlands NP,2022-12-01,2022,December,-1.89944889471843,False,16243.0,53927.85396461864
Canyonlands NP,2023-01-01,2023,January,-2.3429995658309988,False,7529.0,54013.849749324145
Canyonlands NP,2023-02-01,2023,February,-2.069106682755821,False,13049.0,54099.84553402965
Canyonlands NP,2023-03-01,2023,March,0.4094015408669492,False,62300.0,54177.51914602169
Canyonlands NP,2023-04-01,2023,April,2.4400583439687904,False,102674.0,54263.514930727426
Canyonlands NP,2023-05-01,2023,May,3.280828110071262,True,119438.0,54346.73665786162
Canyonlands NP,2023-06-01,2023,June,1.9078367238243528,False,92284.0,54432.73244256736
Canyonlands NP,2023-07-01,2023,July,0.9182534460337526,False,72734.0,54515.954169701785
Canyonlands NP,2023-08-01,2023,August,0.5093299859459826,False,64707.0,54601.94995440729
Canyonlands NP,2023-09-01,2023,September,2.2556101884628093,False,99439.0,54687.945739112794
Canyonlands NP,2023-10-01,2023,October,2.3591278211449964,False,101576.0,54771.16746624722
Canyonlands NP,2023-11-01,2023,November,-0.5314124290533313,False,44314.0,54857.163250952726
Canyonlands NP,2023-12-01,2023,December,-1.7471058504498207,False,20278.0,54940.38497808715
Canyonlands NP,2024-01-01,2024,January,-2.4683294553842448,False,6055.0,55026.38076279266
Canyonlands NP,2024-02-01,2024,February,-1.8786081817975984,False,17841.0,55112.376547498396
Canyonlands NP,2024-03-01,2024,March,1.2015277194789715,False,79031.0,55192.82421706151
Canyonlands NP,2024-04-01,2024,April,2.618975426033957,False,107239.0,55278.82000176702
Canyonlands NP,2024-05-01,2024,May,3.258534382222303,True,120011.0,55362.041728901444
Canyonlands NP,2024-06-01,2024,June,1.6699167823449896,False,88579.0,55448.03751360718
Canyonlands NP,2024-07-01,2024,July,0.7591141898990302,False,70592.0,55531.259240741376
Canyonlands NP,2024-08-01,2024,August,0.49237903010376155,False,65386.0,55617.25502544711
Canyonlands NP,2024-09-01,2024,September,2.5211709033542062,False,105723.0,55703.25081015262
Canyonlands NP,2024-10-01,2024,October,2.048475615460707,False,96428.0,55786.472537287045
Canyonlands NP,2024-11-01,2024,November,-0.7221546856430126,False,41545.0,55872.46832199255
Canyonlands NP,2024-12-01,2024,December,-1.809167947292325,False,20062.0,55955.69004912698
Canyonlands NP,2025-01-01,2025,January,-2.283867987274363,False,10730.0,56041.68583383248
Canyonlands NP,2025-02-01,2025,February,-1.9266581029997796,False,17903.0,56127.68161853799
Canyonlands NP,2025-03-01,2025,March,1.3539211672570666,False,83067.0,56205.35523053026
Canyonlands NP,2025-04-01,2025,April,2.6080615030400764,False,108035.0,56291.35101523576
Canyonlands NP,2025-05-01,2025,May,3.24056396789877,True,120667.0,56374.57274237019
Canyonlands NP,2025-06-01,2025,June,1.5466534366811417,False,87146.0,56460.568527075695
Canyonlands NP,2025-07-01,2025,July,0.49618271941753367,False,66388.0,56543.79025421012
Canyonlands NP,2025-08-01,2025,August,0.22158461214066308,False,61026.0,56629.78603891563
Capitol Reef NP,2016-05-01,2016,May,3.499393853361024,True,174851.0,62376.8058353588
Capitol Reef NP,2016-06-01,2016,June,2.177145321847572,False,132427.0,62451.26251079631
Capitol Reef NP,2016-07-01,2016,July,1.9610025771779955,False,125552.0,62523.317357993685
Capitol Reef NP,2016-08-01,2016,August,1.340100135123906,False,105670.0,62597.7740334312
Capitol Reef NP,2016-09-01,2016,September,2.7411291239852447,False,150775.0,62672.23070886871
Capitol Reef NP,2016-10-01,2016,October,2.3369091407928293,False,137855.0,62744.28555606608
Capitol Reef NP,2016-11-01,2016,November,-0.7526431756358994,False,38628.0,62818.742231503595
Capitol Reef NP,2016-12-01,2016,December,-1.3834581179948724,False,18425.0,62890.79707870097
Capitol Reef NP,2017-01-01,2017,January,-1.6309129018207336,False,10546.0,62965.25375413848
Capitol Reef NP,2017-02-01,2017,February,-1.4686735455525088,False,15835.0,63039.71042957599
Capitol Reef NP,2017-03-01,2017,March,-0.13910440282653408,False,58636.0,63106.96162029356
Capitol Reef NP,2017-04-01,2017,April,2.602546609311997,False,146830.0,63181.41829573107
Capitol Reef NP,2017-05-01,2017,May,3.498097464255254,True,175686.0,63253.473142928444
Capitol Reef NP,2017-06-01,2017,June,2.250986489571025,False,135677.0,63327.929818365956
Capitol Reef NP,2017-07-01,2017,July,2.3165395790760965,False,137856.0,63399.98466556356
Capitol Reef NP,2017-08-01,2017,August,1.5568737815527234,False,113514.0,63474.44134100084
Capitol Reef NP,2017-09-01,2017,September,3.2530082472360857,True,168104.0,63548.898016438354
Capitol Reef NP,2017-10-01,2017,October,1.7265474049007647,False,119114.0,63620.95286363596
Capitol Reef NP,2017-11-01,2017,November,-0.4851866803148232,False,48101.0,63695.40953907324
Capitol Reef NP,2017-12-01,2017,December,-1.3534549699701328,False,20266.0,63767.46438627085
Capitol Reef NP,2018-01-01,2018,January,-1.503246486347981,False,15526.0,63841.921061708126
Capitol Reef NP,2018-02-01,2018,February,-1.3336022694067313,False,21053.0,63916.37773714564
Capitol Reef NP,2018-03-01,2018,March,0.6340916313181503,False,84364.0,63983.628927863436
Capitol Reef NP,2018-04-01,2018,April,2.279418796669378,False,137321.0,64058.085603300715
Capitol Reef NP,2018-05-01,2018,May,4.018221495398321,True,193280.0,64130.14045049832
Capitol Reef NP,2018-06-01,2018,June,2.6557751488027406,False,149564.0,64204.5971259356
Capitol Reef NP,2018-07-01,2018,July,2.3591745482489452,False,140103.0,64276.65197313321
Capitol Reef NP,2018-08-01,2018,August,1.7827634959529464,False,121651.0,64351.10864857072
Capitol Reef NP,2018-09-01,2018,September,3.185970385012241,True,166826.0,64425.565324008
Capitol Reef NP,2018-10-01,2018,October,2.3021145525116142,False,138490.0,64497.620171205606
Capitol Reef NP,2018-11-01,2018,November,-0.6874099191113362,False,42478.0,64572.07684664312
Capitol Reef NP,2018-12-01,2018,December,-1.483247470754865,False,16971.0,64644.13169384049
Capitol Reef NP,2019-01-01,2019,January,-1.643555133802815,False,11893.0,64718.588369278004
Capitol Reef NP,2019-02-01,2019,February,-1.6310930854334993,False,12368.0,64793.04504471528
Capitol Reef NP,2019-03-01,2019,March,0.2661924131777041,False,73416.0,64860.29623543308
Capitol Reef NP,2019-04-01,2019,April,2.558138147299838,False,147156.0,64934.75291087059
Capitol Reef NP,2019-05-01,2019,May,4.101707649712689,True,196840.0,65006.80775806797
Capitol Reef NP,2019-06-01,2019,June,2.685933861127334,False,151410.0,65081.26443350548
Capitol Reef NP,2019-07-01,2019,July,1.9980268207221392,False,129372.0,65153.31928070285
Capitol Reef NP,2019-08-01,2019,August,1.932520042004891,False,127341.0,65227.775956140365
Capitol Reef NP,2019-09-01,2019,September,3.259220408396244,True,170057.0,65302.23263157788
Capitol Reef NP,2019-10-01,2019,October,2.5291554427307603,False,146664.0,65374.28747877525
Capitol Reef NP,2019-11-01,2019,November,-0.7028315466438011,False,42859.0,65448.74415421276
Capitol Reef NP,2019-12-01,2019,December,-1.505171686021212,False,17143.0,65520.79900141037
Capitol Reef NP,2020-01-01,2020,January,-1.6004534717304062,False,14155.0,65595.25567684765
Capitol Reef NP,2020-02-01,2020,February,-1.4029010193954448,False,20579.0,65669.71235228516
Capitol Reef NP,2020-03-01,2020,March,-0.6202462312600727,False,45804.0,65739.36537124263
Capitol Reef NP,2020-04-01,2020,April,-1.6427534698158681,False,13014.0,65813.82204668014
Capitol Reef NP,2020-05-01,2020,May,0.778354248070373,False,90903.0,65885.87689387775
Capitol Reef NP,2020-06-01,2020,June,2.8767157674548622,False,158421.0,65960.33356931503
Capitol Reef NP,2020-07-01,2020,July,1.780950245693845,False,123274.0,66032.38841651264
Capitol Reef NP,2020-08-01,2020,August,1.2433991555012422,False,106071.0,66106.84509195015
Capitol Reef NP,2020-09-01,2020,September,3.5063477041306976,True,178879.0,66181.30176738743
Capitol Reef NP,2020-10-01,2020,October,1.672647369584783,False,120014.0,66253.35661458503
Capitol Reef NP,2020-11-01,2020,November,0.2159290572780028,False,73268.0,66327.81329002231
Capitol Reef NP,2020-12-01,2020,December,-0.9254168043400794,False,36656.0,66399.86813721992
Capitol Reef NP,2021-01-01,2021,January,-1.4214944521917485,False,20786.0,66474.32481265743
Capitol Reef NP,2021-02-01,2021,February,-1.270362386933054,False,25718.0,66548.78148809471
Capitol Reef NP,2021-03-01,2021,March,1.528013762149361,False,115728.0,66616.03267881251
Capitol Reef NP,2021-04-01,2021,April,3.07418424277399,True,165498.0,66690.48935424979
Capitol Reef NP,2021-05-01,2021,May,4.805177613650288,True,221206.0,66762.5442014474
Capitol Reef NP,2021-06-01,2021,June,3.819601339879706,True,189603.0,66837.00087688491
Capitol Reef NP,2021-07-01,2021,July,2.6176165141787506,False,151042.0,66909.05572408228
Capitol Reef NP,2021-08-01,2021,August,0.8340887207398036,False,93792.0,66983.5123995198
Capitol Reef NP,2021-09-01,2021,September,3.0434920373596888,True,164879.0,67057.9690749573
Capitol Reef NP,2021-10-01,2021,October,3.0198756701887612,True,164192.0,67130.02392215468
Capitol Reef NP,2021-11-01,2021,November,-0.12483974696800633,False,63192.0,67204.48059759219
Capitol Reef NP,2021-12-01,2021,December,-1.1685845668580173,False,29717.0,67276.53544478957
Capitol Reef NP,2022-01-01,2022,January,-1.4704557427726206,False,20089.0,67350.99212022708
Capitol Reef NP,2022-02-01,2022,February,-1.2932511008584924,False,25859.0,67425.44879566459
Capitol Reef NP,2022-03-01,2022,March,0.7031288567593755,False,90092.0,67492.69998638215
Capitol Reef NP,2022-04-01,2022,April,1.8821364768698488,False,128061.0,67567.15666181967
Capitol Reef NP,2022-05-01,2022,May,4.799152069828973,True,221889.0,67639.21150901704
Capitol Reef NP,2022-06-01,2022,June,3.0539242070139494,True,165870.0,67713.66818445455
Capitol Reef NP,2022-07-01,2022,July,1.2375537354717112,False,107562.0,67785.72303165216
Capitol Reef NP,2022-08-01,2022,August,1.588834828921874,False,118927.0,67860.17970708944
Capitol Reef NP,2022-09-01,2022,September,1.9385913922334659,False,130243.0,67934.63638252695
Capitol Reef NP,2022-10-01,2022,October,2.2436201649329615,False,140119.0,68006.69122972456
Capitol Reef NP,2022-11-01,2022,November,-0.31452450319632286,False,57972.0,68081.14790516184
Capitol Reef NP,2022-12-01,2022,December,-1.4694044589016566,False,20925.0,68153.20275235944
Capitol Reef NP,2023-01-01,2023,January,-1.7829740701652332,False,10921.0,68227.65942779672
Capitol Reef NP,2023-02-01,2023,February,-1.5600646369541569,False,18160.0,68302.11610323424
Capitol Reef NP,2023-03-01,2023,March,0.19077262977499426,False,74501.0,68369.36729395203
Capitol Reef NP,2023-04-01,2023,April,2.0856249320911804,False,135478.0,68443.82396938931
Capitol Reef NP,2023-05-01,2023,May,3.815280449988739,True,191143.0,68515.87881658692
Capitol Reef NP,2023-06-01,2023,June,3.899830994910151,True,193935.0,68590.3354920242
Capitol Reef NP,2023-07-01,2023,July,1.407160286184958,False,113890.0,68662.3903392218
Capitol Reef NP,2023-08-01,2023,August,1.0674869854059625,False,103047.0,68736.84701465932
Capitol Reef NP,2023-09-01,2023,September,3.2836417926394956,True,174351.0,68811.3036900966
Capitol Reef NP,2023-10-01,2023,October,3.178447506625403,True,171042.0,68883.3585372942
Capitol Reef NP,2023-11-01,2023,November,-0.4738742209532209,False,53727.0,68957.81521273172
Capitol Reef NP,2023-12-01,2023,December,-1.2558354370498206,False,28666.0,69029.87005992909
Capitol Reef NP,2024-01-01,2024,January,-1.5125307402869776,False,20490.0,69104.3267353666
Capitol Reef NP,2024-02-01,2024,February,-1.520727630938202,False,20301.0,69178.78341080388
Capitol Reef NP,2024-03-01,2024,March,0.6071538837500177,False,88763.0,69248.43642976158
Capitol Reef NP,2024-04-01,2024,April,2.8188284391477634,False,159923.0,69322.8931051991
Capitol Reef NP,2024-05-01,2024,May,4.421419036925019,True,211504.0,69394.94795239647
Capitol Reef NP,2024-06-01,2024,June,2.750768699459747,False,157882.0,69469.40462783398
Capitol Reef NP,2024-07-01,2024,July,1.7913708429502846,False,127118.0,69541.45947503136
Capitol Reef NP,2024-08-01,2024,August,1.390934126648526,False,114322.0,69615.91615046887
Capitol Reef NP,2024-09-01,2024,September,4.0955608354219315,True,201326.0,69690.37282590638
Capitol Reef NP,2024-10-01,2024,October,3.9623027497142824,True,197115.0,69762.42767310375
Capitol Reef NP,2024-11-01,2024,November,0.3153946597705586,False,79974.0,69836.88434854127
Capitol Reef NP,2024-12-01,2024,December,-0.8131949292595396,False,43772.0,69908.93919573887
Capitol Reef NP,2025-01-01,2025,January,-1.6484027507917556,False,17002.0,69983.39587117615
Capitol Reef NP,2025-02-01,2025,February,-1.5513448361621327,False,20196.0,70057.85254661366
Capitol Reef NP,2025-03-01,2025,March,1.080577512077082,False,104856.0,70125.10373733123
Capitol Reef NP,2025-04-01,2025,April,2.688133665423881,False,156599.0,70199.56041276874
Capitol Reef NP,2025-05-01,2025,May,4.695471458559875,True,221189.0,70271.61525996635
Capitol Reef NP,2025-06-01,2025,June,3.013184911465571,True,167193.0,70346.07193540363
Capitol Reef NP,2025-07-01,2025,July,1.6137889892505606,False,122287.0,70418.12678260123
Capitol Reef NP,2025-08-01,2025,August,1.234135663409232,False,110159.0,70492.58345803851
Carlsbad Caverns NP,2016-05-01,2016,May,0.47342779212985686,False,40834.0,27300.923130732495
Carlsbad Caverns NP,2016-06-01,2016,June,1.1689592141093965,False,60625.0,27209.94671296794
Carlsbad Caverns NP,2016-07-01,2016,July,2.198370787336838,False,89963.0,27121.905018357094
Carlsbad Caverns NP,2016-08-01,2016,August,0.5865976449838147,False,43799.0,27030.92860059254
Carlsbad Caverns NP,2016-09-01,2016,September,0.23564724242472418,False,33676.0,26939.95218282845
Carlsbad Caverns NP,2016-10-01,2016,October,0.21269984507749878,False,32932.0,26851.910488217603
Carlsbad Caverns NP,2016-11-01,2016,November,0.03669948612735699,False,27810.0,26760.934070453048
Carlsbad Caverns NP,2016-12-01,2016,December,0.19248029769795535,False,32175.0,26672.892375842202
Carlsbad Caverns NP,2017-01-01,2017,January,-0.3091069550470945,False,17746.0,26581.915958077647
Carlsbad Caverns NP,2017-02-01,2017,February,-0.21510842645999548,False,20342.0,26490.93954031309
Carlsbad Caverns NP,2017-03-01,2017,March,1.4350112979627072,False,67429.0,26408.767292009667
Carlsbad Caverns NP,2017-04-01,2017,April,0.6795873092795619,False,45744.0,26317.79087424511
Carlsbad Caverns NP,2017-05-01,2017,May,0.9700877005218258,False,53960.0,26229.749179634266
Carlsbad Caverns NP,2017-06-01,2017,June,1.2338238039120561,False,61408.0,26138.772761870176
Carlsbad Caverns NP,2017-07-01,2017,July,1.9484582340894727,False,81748.0,26050.73106725933
Carlsbad Caverns NP,2017-08-01,2017,August,0.5944399250319132,False,42952.0,25959.754649494775
Carlsbad Caverns NP,2017-09-01,2017,September,0.06455141548229903,False,27714.0,25868.77823173022
Carlsbad Caverns NP,2017-10-01,2017,October,0.2025258738841418,False,31570.0,25780.736537119374
Carlsbad Caverns NP,2017-11-01,2017,November,0.44604179626939683,False,38440.0,25689.760119354818
Carlsbad Caverns NP,2017-12-01,2017,December,0.18790360844369638,False,30973.0,25601.718424743973
Carlsbad Caverns NP,2018-01-01,2018,January,-0.22174828845166847,False,19172.0,25510.742006979417
Carlsbad Caverns NP,2018-02-01,2018,February,-0.1528325795541687,False,21051.0,25419.765589215327
Carlsbad Caverns NP,2018-03-01,2018,March,1.375931075826465,False,64669.0,25337.593340911902
Carlsbad Caverns NP,2018-04-01,2018,April,0.2776036023493271,False,33182.0,25246.616923147347
Carlsbad Caverns NP,2018-05-01,2018,May,0.5099272444370909,False,39735.0,25158.5752285365
Carlsbad Caverns NP,2018-06-01,2018,June,1.3301731046221585,False,63091.0,25067.598810771946
Carlsbad Caverns NP,2018-07-01,2018,July,1.7954136414006387,False,76302.0,24979.5571161611
Carlsbad Caverns NP,2018-08-01,2018,August,0.4277519576165279,False,37116.0,24888.580698396545
Carlsbad Caverns NP,2018-09-01,2018,September,0.21883258426206584,False,31053.0,24797.60428063199
Carlsbad Caverns NP,2018-10-01,2018,October,0.6831635627254427,False,44238.0,24709.562586021144
Carlsbad Caverns NP,2018-11-01,2018,November,0.09583294727583494,False,27358.0,24618.58616825659
Carlsbad Caverns NP,2018-12-01,2018,December,-0.5452292912084252,False,8945.0,24530.54447364621
Carlsbad Caverns NP,2019-01-01,2019,January,-0.7467672490057018,False,3093.0,24439.568055881653
Carlsbad Caverns NP,2019-02-01,2019,February,-0.1706678304016661,False,19470.0,24348.591638117097
Carlsbad Caverns NP,2019-03-01,2019,March,1.1304613651182747,False,56581.0,24266.419389813673
Carlsbad Caverns NP,2019-04-01,2019,April,0.46763740951508254,False,37543.0,24175.442972049117
Carlsbad Caverns NP,2019-05-01,2019,May,0.6097048803348907,False,41516.0,24087.40127743827
Carlsbad Caverns NP,2019-06-01,2019,June,1.1584475834615848,False,57111.0,23996.424859673716
Carlsbad Caverns NP,2019-07-01,2019,July,1.5929730355992646,False,69444.0,23908.38316506287
Carlsbad Caverns NP,2019-08-01,2019,August,0.4385677936947885,False,36354.0,23817.406747298315
Carlsbad Caverns NP,2019-09-01,2019,September,0.16541961008916034,False,28455.0,23726.430329534225
Carlsbad Caverns NP,2019-10-01,2019,October,0.32798712601091506,False,33014.0,23638.38863492338
Carlsbad Caverns NP,2019-11-01,2019,November,0.13893810354025096,False,27519.0,23547.412217158824
Carlsbad Caverns NP,2019-12-01,2019,December,0.24948588044051345,False,30591.0,23459.37052254798
Carlsbad Caverns NP,2020-01-01,2020,January,-0.07169397880498332,False,21319.0,23368.394104783423
Carlsbad Caverns NP,2020-02-01,2020,February,-0.08456855224253712,False,20860.0,23277.417687018868
Carlsbad Caverns NP,2020-03-01,2020,March,0.2005467387140498,False,28925.0,23192.310715561733
Carlsbad Caverns NP,2020-04-01,2020,April,-0.7683435899214464,False,1138.0,23101.334297797177
Carlsbad Caverns NP,2020-05-01,2020,May,-0.7582670238279934,False,1338.0,23013.29260318633
Carlsbad Caverns NP,2020-06-01,2020,June,-0.4477236502220558,False,10124.0,22922.31618542224
Carlsbad Caverns NP,2020-07-01,2020,July,-0.13920700773832015,False,18855.0,22834.274490811396
Carlsbad Caverns NP,2020-08-01,2020,August,-0.20084790007026546,False,17002.0,22743.29807304684
Carlsbad Caverns NP,2020-09-01,2020,September,-0.20763542939905016,False,16717.0,22652.321655282285
Carlsbad Caverns NP,2020-10-01,2020,October,-0.039890427683629805,False,21424.0,22564.27996067144
Carlsbad Caverns NP,2020-11-01,2020,November,-0.46206624291772647,False,9265.0,22473.303542906884
Carlsbad Caverns NP,2020-12-01,2020,December,-0.19301043810463192,False,16868.0,22385.26184829604
Carlsbad Caverns NP,2021-01-01,2021,January,-0.21253178384486462,False,16219.0,22294.285430531483
Carlsbad Caverns NP,2021-02-01,2021,February,-0.3125140574596314,False,13270.0,22203.309012766927
Carlsbad Caverns NP,2021-03-01,2021,March,0.3018286441329659,False,30749.0,22121.13676446397
Carlsbad Caverns NP,2021-04-01,2021,April,0.1339443439945162,False,25859.0,22030.160346699413
Carlsbad Caverns NP,2021-05-01,2021,May,0.2541124492276034,False,29206.0,21942.118652088568
Carlsbad Caverns NP,2021-06-01,2021,June,0.425528383634852,False,34015.0,21851.142234324012
Carlsbad Caverns NP,2021-07-01,2021,July,1.1048649545838316,False,53346.0,21763.100539713167
Carlsbad Caverns NP,2021-08-01,2021,August,0.26369760319612856,False,29210.0,21672.12412194861
Carlsbad Caverns NP,2021-09-01,2021,September,0.11687307635353521,False,24922.0,21581.147704184055
Carlsbad Caverns NP,2021-10-01,2021,October,0.46520038662910557,False,34791.0,21493.10600957321
Carlsbad Caverns NP,2021-11-01,2021,November,0.23368198744553526,False,28082.0,21402.129591808654
Carlsbad Caverns NP,2021-12-01,2021,December,0.2889915882093078,False,29575.0,21314.087897198275
Carlsbad Caverns NP,2022-01-01,2022,January,-0.023582450054825746,False,20549.0,21223.11147943372
Carlsbad Caverns NP,2022-02-01,2022,February,0.026407449286115117,False,21887.0,21132.135061669163
Carlsbad Caverns NP,2022-03-01,2022,March,0.9435281207718123,False,48021.0,21049.96281336574
Carlsbad Caverns NP,2022-04-01,2022,April,0.5915632108612764,False,37869.0,20958.986395601183
Carlsbad Caverns NP,2022-05-01,2022,May,0.4907086455242305,False,34898.0,20870.944700990338
Carlsbad Caverns NP,2022-06-01,2022,June,0.8540413844183025,False,45193.0,20779.968283225782
Carlsbad Caverns NP,2022-07-01,2022,July,1.0786337808276871,False,51525.0,20691.926588614937
Carlsbad Caverns NP,2022-08-01,2022,August,0.12510099451259132,False,24177.0,20600.95017085038
Carlsbad Caverns NP,2022-09-01,2022,September,0.10439022636028401,False,23494.0,20509.97375308629
Carlsbad Caverns NP,2022-10-01,2022,October,0.4143761553530329,False,32267.0,20421.932058475446
Carlsbad Caverns NP,2022-11-01,2022,November,0.10236184528280913,False,23257.0,20330.95564071089
Carlsbad Caverns NP,2022-12-01,2022,December,0.2641947179500572,False,27795.0,20242.913946100045
Carlsbad Caverns NP,2023-01-01,2023,January,-0.0916533063057279,False,17532.0,20151.93752833549
Carlsbad Caverns NP,2023-02-01,2023,February,-0.009059239669541055,False,19802.0,20060.961110570934
Carlsbad Caverns NP,2023-03-01,2023,March,1.0011162440536607,False,48596.0,19978.78886226751
Carlsbad Caverns NP,2023-04-01,2023,April,0.6606607451303952,False,38773.0,19887.812444502953
Carlsbad Caverns NP,2023-05-01,2023,May,0.5393061346914028,False,35216.0,19799.770749892108
Carlsbad Caverns NP,2023-06-01,2023,June,0.811123313881222,False,42895.0,19708.794332127552
Carlsbad Caverns NP,2023-07-01,2023,July,0.8814056438320819,False,44816.0,19620.752637517173
Carlsbad Caverns NP,2023-08-01,2023,August,0.19426849480593256,False,25083.0,19529.776219752617
Carlsbad Caverns NP,2023-09-01,2023,September,0.2456577146316479,False,26461.0,19438.79980198806
Carlsbad Caverns NP,2023-10-01,2023,October,0.6179833712211009,False,37016.0,19350.758107377216
Carlsbad Caverns NP,2023-11-01,2023,November,0.3173385400896701,False,28331.0,19259.78168961266
Carlsbad Caverns NP,2023-12-01,2023,December,0.36481194613872175,False,29600.0,19171.739995001815
Carlsbad Caverns NP,2024-01-01,2024,January,0.02211753443981696,False,19713.0,19080.76357723726
Carlsbad Caverns NP,2024-02-01,2024,February,0.09085832827673619,False,21587.0,18989.787159472704
Carlsbad Caverns NP,2024-03-01,2024,March,1.228824471691265,False,54031.0,18904.68018801557
Carlsbad Caverns NP,2024-04-01,2024,April,1.0959581666842808,False,50142.0,18813.70377025148
Carlsbad Caverns NP,2024-05-01,2024,May,0.6902966167512282,False,38458.0,18725.662075640634
Carlsbad Caverns NP,2024-06-01,2024,June,1.171871936608746,False,52133.0,18634.685657876078
Carlsbad Caverns NP,2024-07-01,2024,July,1.2608002120192425,False,54587.0,18546.643963265233
Carlsbad Caverns NP,2024-08-01,2024,August,0.8445715088454373,False,42598.0,18455.667545500677
Carlsbad Caverns NP,2024-09-01,2024,September,0.32269410907115714,False,27589.0,18364.69112773612
Carlsbad Caverns NP,2024-10-01,2024,October,0.6149086679072697,False,35854.0,18276.649433125276
Carlsbad Caverns NP,2024-11-01,2024,November,0.43638953208453385,False,30660.0,18185.67301536072
Carlsbad Caverns NP,2024-12-01,2024,December,0.5255976715919688,False,33122.0,18097.63132075034
Carlsbad Caverns NP,2025-01-01,2025,January,0.20032479992850666,False,23733.0,18006.654902985785
Carlsbad Caverns NP,2025-02-01,2025,February,0.15488104220782622,False,22343.0,17915.67848522123
Carlsbad Caverns NP,2025-03-01,2025,March,1.296907498608906,False,54906.0,17833.506236917805
Carlsbad Caverns NP,2025-04-01,2025,April,0.5540074282644925,False,33579.0,17742.52981915325
Carlsbad Caverns NP,2025-05-01,2025,May,0.5847239715083693,False,34369.0,17654.488124542404
Carlsbad Caverns NP,2025-06-01,2025,June,1.1465153381555857,False,50337.0,17563.51170677785
Carlsbad Caverns NP,2025-07-01,2025,July,1.1934290160107275,False,51590.0,17475.470012167003
Carlsbad Caverns NP,2025-08-01,2025,August,0.6684381281578239,False,36492.0,17384.493594402447
Channel Islands NP,2016-05-01,2016,May,-0.2667454593284086,False,33476.0,37696.56920110481
Channel Islands NP,2016-06-01,2016,June,0.10058292667999391,False,39342.0,37750.53072599112
Channel Islands NP,2016-07-01,2016,July,0.7152016102801111,False,49119.0,37802.751556526404
Channel Islands NP,2016-08-01,2016,August,0.4592387778414429,False,45123.0,37856.713081412716
Channel Islands NP,2016-09-01,2016,September,0.09728736566887308,False,39450.0,37910.67460629903
Channel Islands NP,2016-10-01,2016,October,-0.572407563594808,False,28906.0,37962.89543683408
Channel Islands NP,2016-11-01,2016,November,-1.136855940267927,False,20029.0,38016.85696172039
Channel Islands NP,2016-12-01,2016,December,-1.186988527771672,False,19288.0,38069.07779225567
Channel Islands NP,2017-01-01,2017,January,-1.2157426874951487,False,18887.0,38123.039317141986
Channel Islands NP,2017-02-01,2017,February,-1.1282696569200894,False,20325.0,38177.0008420283
Channel Islands NP,2017-03-01,2017,March,-0.3768529362006855,False,32263.0,38225.74028386106
Channel Islands NP,2017-04-01,2017,April,-0.2775612625664492,False,33888.0,38279.70180874737
Channel Islands NP,2017-05-01,2017,May,-0.05080895572659088,False,37528.0,38331.92263928265
Channel Islands NP,2017-06-01,2017,June,0.40866692536352217,False,44852.0,38385.884164168965
Channel Islands NP,2017-07-01,2017,July,1.1221956431220057,False,56194.0,38438.104994704016
Channel Islands NP,2017-08-01,2017,August,0.14270433078249956,False,40750.0,38492.06651959033
Channel Islands NP,2017-09-01,2017,September,-0.3465344991504029,False,33063.0,38546.02804447664
Channel Islands NP,2017-10-01,2017,October,-0.8281423602637761,False,25495.0,38598.24887501192
Channel Islands NP,2017-11-01,2017,November,-0.9452519370820616,False,23696.0,38652.210399898235
Channel Islands NP,2017-12-01,2017,December,-1.387801394930333,False,16746.0,38704.431230433285
Channel Islands NP,2018-01-01,2018,January,-1.4392448212754378,False,15986.0,38758.3927553196
Channel Islands NP,2018-02-01,2018,February,-0.8806693021276278,False,24878.0,38812.35428020591
Channel Islands NP,2018-03-01,2018,March,-0.5178141724660816,False,30668.0,38861.09372203867
Channel Islands NP,2018-04-01,2018,April,-0.0853252463827522,False,37565.0,38915.05524692498
Channel Islands NP,2018-05-01,2018,May,-0.3382076035861731,False,33616.0,38967.276077460265
Channel Islands NP,2018-06-01,2018,June,0.007569139196671597,False,39141.0,39021.23760234658
Channel Islands NP,2018-07-01,2018,July,0.6610566221625456,False,49533.0,39073.45843288163
Channel Islands NP,2018-08-01,2018,August,0.03517658210161973,False,39684.0,39127.41995776794
Channel Islands NP,2018-09-01,2018,September,-0.5001991966719197,False,31267.0,39181.38148265425
Channel Islands NP,2018-10-01,2018,October,-0.7830389699718637,False,26844.0,39233.602313189534
Channel Islands NP,2018-11-01,2018,November,-1.1113672906605723,False,21703.0,39287.56383807585
Channel Islands NP,2018-12-01,2018,December,-1.5152375530424465,False,15365.0,39339.7846686109
Channel Islands NP,2019-01-01,2019,January,-1.9087264138060818,False,9193.0,39393.74619349721
Channel Islands NP,2019-02-01,2019,February,-1.0860958641703524,False,22263.0,39447.70771838352
Channel Islands NP,2019-03-01,2019,March,-0.2872781686146926,False,34951.0,39496.447160216514
Channel Islands NP,2019-04-01,2019,April,-0.021008660957219483,False,39218.0,39550.408685102826
Channel Islands NP,2019-05-01,2019,May,-0.033662877690405046,False,39070.0,39602.62951563788
Channel Islands NP,2019-06-01,2019,June,0.3323382810225819,False,44915.0,39656.59104052419
Channel Islands NP,2019-07-01,2019,July,0.4975325218750698,False,47581.0,39708.81187105947
Channel Islands NP,2019-08-01,2019,August,0.6339233584811608,False,49793.0,39762.773395945784
Channel Islands NP,2019-09-01,2019,September,-0.0717799232040452,False,38681.0,39816.734920832096
Channel Islands NP,2019-10-01,2019,October,-0.20085093413511196,False,36691.0,39868.955751367146
Channel Islands NP,2019-11-01,2019,November,-0.9297490928401998,False,25212.0,39922.91727625346
Channel Islands NP,2019-12-01,2019,December,-1.132133611518047,False,22062.0,39975.13810678874
Channel Islands NP,2020-01-01,2020,January,-1.3319104884507889,False,18955.0,40029.09963167505
Channel Islands NP,2020-02-01,2020,February,-1.2491775553593565,False,20318.0,40083.061156561365
Channel Islands NP,2020-03-01,2020,March,-1.6890889470708523,False,13408.0,40133.54129274539
Channel Islands NP,2020-04-01,2020,April,-2.5168339386345098,False,365.0,40187.5028176317
Channel Islands NP,2020-05-01,2020,May,-2.3843147697691434,False,2514.0,40239.72364816675
Channel Islands NP,2020-06-01,2020,June,-1.6782274169308589,False,13740.0,40293.68517305306
Channel Islands NP,2020-07-01,2020,July,-1.5814801837419459,False,15323.0,40345.906003588345
Channel Islands NP,2020-08-01,2020,August,-1.3865017422382242,False,18462.0,40399.86752847466
Channel Islands NP,2020-09-01,2020,September,-1.4098205901804752,False,18147.0,40453.82905336097
Channel Islands NP,2020-10-01,2020,October,-0.8977144148262516,False,26302.0,40506.04988389602
Channel Islands NP,2020-11-01,2020,November,-1.5051396753509227,False,16745.0,40560.01140878233
Channel Islands NP,2020-12-01,2020,December,-2.3764467509182237,False,3011.0,40612.232239317615
Channel Islands NP,2021-01-01,2021,January,-2.463725314239549,False,1684.0,40666.19376420393
Channel Islands NP,2021-02-01,2021,February,-1.740826415659334,False,13176.0,40720.15528909024
Channel Islands NP,2021-03-01,2021,March,-1.6972642524949084,False,13914.0,40768.894730923
Channel Islands NP,2021-04-01,2021,April,-1.1572699154829167,False,22512.0,40822.85625580931
Channel Islands NP,2021-05-01,2021,May,-0.7986164959986471,False,28239.0,40875.07708634436
Channel Islands NP,2021-06-01,2021,June,0.003031222109559707,False,40977.0,40929.03861123067
Channel Islands NP,2021-07-01,2021,July,0.025264122855854762,False,41381.0,40981.25944176596
Channel Islands NP,2021-08-01,2021,August,-0.2652066192636186,False,36839.0,41035.22096665227
Channel Islands NP,2021-09-01,2021,September,-0.25079429123619795,False,37121.0,41089.18249153858
Channel Islands NP,2021-10-01,2021,October,-0.34946547697226965,False,35612.0,41141.40332207363
Channel Islands NP,2021-11-01,2021,November,-0.686705180930197,False,30330.0,41195.36484695994
Channel Islands NP,2021-12-01,2021,December,-1.5029639243876425,False,17467.0,41247.585677495226
Channel Islands NP,2022-01-01,2022,January,-1.537911811489725,False,16968.0,41301.54720238154
Channel Islands NP,2022-02-01,2022,February,-1.2754343818191536,False,21175.0,41355.50872726785
Channel Islands NP,2022-03-01,2022,March,-1.0337361438391157,False,25048.0,41404.24816910061
Channel Islands NP,2022-04-01,2022,April,-0.6755719462990588,False,30769.0,41458.20969398692
Channel Islands NP,2022-05-01,2022,May,-1.1296872420073951,False,23636.0,41510.430524522206
Channel Islands NP,2022-06-01,2022,June,-0.7221628293378347,False,30138.0,41564.39204940852
Channel Islands NP,2022-07-01,2022,July,-0.2378652258875568,False,37853.0,41616.61287994357
Channel Islands NP,2022-08-01,2022,August,-0.49464967522338704,False,33844.0,41670.57440482988
Channel Islands NP,2022-09-01,2022,September,-0.6702204543397399,False,31120.0,41724.53592971619
Channel Islands NP,2022-10-01,2022,October,-0.8930189928470742,False,27647.0,41776.756760251475
Channel Islands NP,2022-11-01,2022,November,-0.9077424640190147,False,27468.0,41830.71828513779
Channel Islands NP,2022-12-01,2022,December,-1.5360405419256862,False,17579.0,41882.93911567284
Channel Islands NP,2023-01-01,2023,January,-1.8320097971261669,False,12950.0,41936.90064055915
Channel Islands NP,2023-02-01,2023,February,-1.4071682283164224,False,19726.0,41990.86216544546
Channel Islands NP,2023-03-01,2023,March,-1.0729432874559985,False,25063.0,42039.601607278455
Channel Islands NP,2023-04-01,2023,April,-0.9385748924429217,False,27243.0,42093.56313216477
Channel Islands NP,2023-05-01,2023,May,-0.7096105401106894,False,30918.0,42145.78396269982
Channel Islands NP,2023-06-01,2023,June,-0.35169914776975936,False,36635.0,42199.74548758613
Channel Islands NP,2023-07-01,2023,July,-0.24408129101838036,False,38390.0,42251.96631812118
Channel Islands NP,2023-08-01,2023,August,-0.7097460361327255,False,31076.0,42305.927843007725
Channel Islands NP,2023-09-01,2023,September,-0.679596584459663,False,31607.0,42359.88936789404
Channel Islands NP,2023-10-01,2023,October,-0.8517708818418454,False,28935.0,42412.11019842909
Channel Islands NP,2023-11-01,2023,November,-0.9702076859555464,False,27115.0,42466.0717233154
Channel Islands NP,2023-12-01,2023,December,-1.4808249436687173,False,19088.0,42518.29255385068
Channel Islands NP,2024-01-01,2024,January,-1.6127236246359193,False,17055.0,42572.254078736994
Channel Islands NP,2024-02-01,2024,February,-1.7530912797738685,False,14888.0,42626.21560362331
Channel Islands NP,2024-03-01,2024,March,-1.2392318564797986,False,23069.0,42676.695739807095
Channel Islands NP,2024-04-01,2024,April,-1.3050851791751445,False,22081.0,42730.65726469364
Channel Islands NP,2024-05-01,2024,May,-1.2266663229229084,False,23374.0,42782.87809522869
Channel Islands NP,2024-06-01,2024,June,-1.0527339142464909,False,26180.0,42836.839620115
Channel Islands NP,2024-07-01,2024,July,-0.6366305132606611,False,32816.0,42889.06045065005
Channel Islands NP,2024-08-01,2024,August,-1.046804517166664,False,26380.0,42943.021975536365
Channel Islands NP,2024-09-01,2024,September,-1.4375757220397012,False,20251.0,42996.98350042291
Channel Islands NP,2024-10-01,2024,October,-1.223274071256822,False,23694.0,43049.20433095796
Channel Islands NP,2024-11-01,2024,November,-1.5928728407029769,False,17900.0,43103.16585584427
Channel Islands NP,2024-12-01,2024,December,-1.7862195735120268,False,14893.0,43155.38668637932
Channel Islands NP,2025-01-01,2025,January,-2.730886969671834,False,0.0,43209.34821126587
Channel Islands NP,2025-02-01,2025,February,-2.7342974081828513,False,0.0,43263.30973615218
Channel Islands NP,2025-03-01,2025,March,-2.737377804257316,False,0.0,43312.04917798494
Channel Islands NP,2025-04-01,2025,April,-2.740788242768333,False,0.0,43366.01070287125
Channel Islands NP,2025-05-01,2025,May,-1.3106831880849978,False,22680.0,43418.2315334063
Channel Islands NP,2025-06-01,2025,June,-1.126069759745474,False,25655.0,43472.193058292614
Channel Islands NP,2025-07-01,2025,July,-0.995825837672263,False,27768.0,43524.4138888279
Channel Islands NP,2025-08-01,2025,August,-1.3112610932055058,False,22831.0,43578.37541371421
Congaree NP,2017-07-01,2017,July,-0.7254580832532509,False,10278.0,12386.203820687486
Congaree NP,2017-08-01,2017,August,0.4210739917251511,False,13638.0,12414.345844591968
Congaree NP,2017-09-01,2017,September,-1.5903091048209002,False,7821.0,12442.48786849645
Congaree NP,2017-10-01,2017,October,-0.2607412083016004,False,11712.0,12469.722085178248
Congaree NP,2017-11-01,2017,November,0.2784333121665412,False,13307.0,12497.86410908273
Congaree NP,2017-12-01,2017,December,-1.3960959306198264,False,8468.0,12525.098325764411
Congaree NP,2018-01-01,2018,January,-1.8469314295998545,False,7186.0,12553.240349668893
Congaree NP,2018-02-01,2018,February,-0.48704995870283385,False,11166.0,12581.382373573375
Congaree NP,2018-03-01,2018,March,2.970098544942507,False,21238.0,12606.800975809689
Congaree NP,2018-04-01,2018,April,0.5337372162037239,False,14186.0,12634.94299971417
Congaree NP,2018-05-01,2018,May,3.381526943034224,True,22489.0,12662.177216395969
Congaree NP,2018-06-01,2018,June,0.14785827503187027,False,13120.0,12690.319240300334
Congaree NP,2018-07-01,2018,July,-0.7479456726515802,False,10544.0,12717.553456982132
Congaree NP,2018-08-01,2018,August,-0.1368517590431302,False,12348.0,12745.695480886614
Congaree NP,2018-09-01,2018,September,-2.4427946667284353,False,5675.0,12773.837504791096
Congaree NP,2018-10-01,2018,October,-1.3527286727241896,False,8870.0,12801.071721472777
Congaree NP,2018-11-01,2018,November,-1.07989678522542,False,9691.0,12829.21374537726
Congaree NP,2018-12-01,2018,December,-1.1838991845076754,False,9416.0,12856.447962059057
Congaree NP,2019-01-01,2019,January,-2.0249576108614344,False,7000.0,12884.58998596354
Congaree NP,2019-02-01,2019,February,-0.6891639749874838,False,10910.0,12912.732009868021
Congaree NP,2019-03-01,2019,March,1.4393683711711058,False,17121.0,12938.150612104335
Congaree NP,2019-04-01,2019,April,0.8402206308347481,False,15408.0,12966.292636008817
Congaree NP,2019-05-01,2019,May,5.43437839683785,True,28786.0,12993.526852690498
Congaree NP,2019-06-01,2019,June,0.0895830450278372,False,13282.0,13021.66887659498
Congaree NP,2019-07-01,2019,July,-0.7270751590083839,False,10936.0,13048.903093276778
Congaree NP,2019-08-01,2019,August,-0.7051008676784013,False,11028.0,13077.045117181144
Congaree NP,2019-09-01,2019,September,-1.6493928727024596,False,8312.0,13105.187141085626
Congaree NP,2019-10-01,2019,October,0.2648211910196347,False,13902.0,13132.421357767424
Congaree NP,2019-11-01,2019,November,-0.48023000717074593,False,11765.0,13160.563381671906
Congaree NP,2019-12-01,2019,December,-0.7545678112589551,False,10995.0,13187.797598353587
Congaree NP,2020-01-01,2020,January,-1.219511899323924,False,9672.0,13215.939622258069
Congaree NP,2020-02-01,2020,February,-1.0406225684151267,False,10220.0,13244.08164616255
Congaree NP,2020-03-01,2020,March,-0.8535380004815712,False,10790.0,13270.408055621665
Congaree NP,2020-04-01,2020,April,-4.576189719452242,True,0.0,13298.55007952603
Congaree NP,2020-05-01,2020,May,-4.537385668240584,True,140.0,13325.784296207828
Congaree NP,2020-06-01,2020,June,-3.123134512577206,True,4278.0,13353.92632011231
Congaree NP,2020-07-01,2020,July,-0.43157160146771856,False,12127.0,13381.160536793992
Congaree NP,2020-08-01,2020,August,-1.326655600658934,False,9554.0,13409.302560698474
Congaree NP,2020-09-01,2020,September,-0.7097117842591671,False,11375.0,13437.444584602956
Congaree NP,2020-10-01,2020,October,1.9181904200035955,False,19039.0,13464.678801284754
Congaree NP,2020-11-01,2020,November,1.3696271332156846,False,17473.0,13492.820825189236
Congaree NP,2020-12-01,2020,December,0.38469819594691573,False,14638.0,13520.055041870917
Congaree NP,2021-01-01,2021,January,0.2101845758743887,False,14159.0,13548.1970657754
Congaree NP,2021-02-01,2021,February,0.16780993649984471,False,14064.0,13576.339089679881
Congaree NP,2021-03-01,2021,March,2.9652958724419736,False,22219.0,13601.757691916195
Congaree NP,2021-04-01,2021,April,2.2044155255221467,False,20036.0,13629.899715820677
Congaree NP,2021-05-01,2021,May,3.895645059316395,True,24978.0,13657.133932502475
Congaree NP,2021-06-01,2021,June,1.5872933681288228,False,18298.0,13685.27595640684
Congaree NP,2021-07-01,2021,July,1.1092413021311833,False,16936.0,13712.510173088638
Congaree NP,2021-08-01,2021,August,-0.484045800800156,False,12334.0,13740.65219699312
Congaree NP,2021-09-01,2021,September,1.2182270393533567,False,17309.0,13768.794220897602
Congaree NP,2021-10-01,2021,October,2.0254330278009824,False,19682.0,13796.028437579283
Congaree NP,2021-11-01,2021,November,1.388777087214416,False,17860.0,13824.170461483765
Congaree NP,2021-12-01,2021,December,1.1887674597687823,False,17306.0,13851.404678165563
Congaree NP,2022-01-01,2022,January,-0.939613692603608,False,11149.0,13879.546702070045
Congaree NP,2022-02-01,2022,February,0.7626591475499047,False,16124.0,13907.688725974527
Congaree NP,2022-03-01,2022,March,3.5708125532879644,True,24310.0,13933.107328210841
Congaree NP,2022-04-01,2022,April,4.01122695016152,True,25618.0,13961.249352115323
Congaree NP,2022-05-01,2022,May,3.5015165867050286,True,24164.0,13988.483568797004
Congaree NP,2022-06-01,2022,June,1.6814597226279315,False,18903.0,14016.625592701486
Congaree NP,2022-07-01,2022,July,-0.6847344972494807,False,12054.0,14043.859809383284
Congaree NP,2022-08-01,2022,August,-0.8351602822989378,False,11645.0,14072.001833287766
Congaree NP,2022-09-01,2022,September,0.006488623673220499,False,14119.0,14100.143857192132
Congaree NP,2022-10-01,2022,October,0.9864388004291068,False,16994.0,14127.37807387393
Congaree NP,2022-11-01,2022,November,0.5538412336808318,False,15765.0,14155.520097778412
Congaree NP,2022-12-01,2022,December,-0.174036092698892,False,13677.0,14182.754314460093
Congaree NP,2023-01-01,2023,January,0.4002378445171514,False,15374.0,14210.896338364575
Congaree NP,2023-02-01,2023,February,0.2869761477890019,False,15073.0,14239.038362269057
Congaree NP,2023-03-01,2023,March,4.900340732541694,True,28505.0,14264.45696450537
Congaree NP,2023-04-01,2023,April,2.552416169530467,False,21710.0,14292.598988409853
Congaree NP,2023-05-01,2023,May,5.0323502443658015,True,28944.0,14319.83320509165
Congaree NP,2023-06-01,2023,June,2.075347567199809,False,20379.0,14347.975228996133
Congaree NP,2023-07-01,2023,July,1.3811932098523834,False,18389.0,14375.209445677814
Congaree NP,2023-08-01,2023,August,-0.8480127376879992,False,11939.0,14403.351469582296
Congaree NP,2023-09-01,2023,September,2.34701765003804,False,21252.0,14431.493493486778
Congaree NP,2023-10-01,2023,October,4.001427207439882,True,26087.0,14458.727710168576
Congaree NP,2023-11-01,2023,November,3.110816663324419,True,23527.0,14486.869734072941
Congaree NP,2023-12-01,2023,December,1.5212830669765576,False,18935.0,14514.10395075474
Congaree NP,2024-01-01,2024,January,-0.3331849899906386,False,13574.0,14542.245974659221
Congaree NP,2024-02-01,2024,February,0.7834093471733766,False,16847.0,14570.387998563703
Congaree NP,2024-03-01,2024,March,6.674149136641004,True,33992.0,14596.7144080227
Congaree NP,2024-04-01,2024,April,3.0148140125880762,True,23386.0,14624.856431927183
Congaree NP,2024-05-01,2024,May,6.40217124393534,True,33257.0,14652.09064860898
Congaree NP,2024-06-01,2024,June,1.8471127689531164,False,20048.0,14680.232672513463
Congaree NP,2024-07-01,2024,July,0.5624623416115789,False,16342.0,14707.466889195144
Congaree NP,2024-08-01,2024,August,-0.8921476539726584,False,12143.0,14735.608913099626
Congaree NP,2024-09-01,2024,September,-0.6915792715430982,False,12754.0,14763.750937004108
Congaree NP,2024-10-01,2024,October,2.243270773299394,False,21310.0,14790.98515368579
Congaree NP,2024-11-01,2024,November,2.9606952729382527,False,23423.0,14819.127177590271
Congaree NP,2024-12-01,2024,December,0.04357785489034335,False,14973.0,14846.36139427207
Congaree NP,2025-01-01,2025,January,0.0875753096699497,False,15129.0,14874.503418176551
Congaree NP,2025-02-01,2025,February,1.0193815410141294,False,17865.0,14902.645442081033
Congaree NP,2025-03-01,2025,March,6.35331650488551,True,33391.0,14928.064044317347
Congaree NP,2025-04-01,2025,April,6.290983373634708,True,33238.0,14956.206068221829
Congaree NP,2025-05-01,2025,May,6.529028231680084,True,33957.0,14983.44028490351
Congaree NP,2025-06-01,2025,June,3.3948079111300786,True,24877.0,15011.582308807992
Congaree NP,2025-07-01,2025,July,2.613249123841759,False,22633.0,15038.81652548979
Congaree NP,2025-08-01,2025,August,1.7742553690614058,False,20223.0,15066.958549394272
Crater Lake NP,2016-05-01,2016,May,0.02989601079884923,False,40627.0,39477.49414798914
Crater Lake NP,2016-06-01,2016,June,2.1694779282687073,False,122905.0,39488.266204556916
Crater Lake NP,2016-07-01,2016,July,3.92020165572036,True,190231.0,39498.69077542896
Crater Lake NP,2016-08-01,2016,August,3.5730827255862345,True,176895.0,39509.46283199673
Crater Lake NP,2016-09-01,2016,September,2.3989447370196726,False,131760.0,39520.234888564504
Crater Lake NP,2016-10-01,2016,October,-0.01419135106034635,False,38985.0,39530.659459436545
Crater Lake NP,2016-11-01,2016,November,-0.7598523753300942,False,10325.0,39541.43151600432
Crater Lake NP,2016-12-01,2016,December,-0.8990306548318019,False,4984.0,39551.85608687636
Crater Lake NP,2017-01-01,2017,January,-0.9786083083819312,False,1935.0,39562.62814344413
Crater Lake NP,2017-02-01,2017,February,-0.9927505724224529,False,1402.0,39573.40020001191
Crater Lake NP,2017-03-01,2017,March,-0.8027832517779832,False,8716.0,39583.12979949248
Crater Lake NP,2017-04-01,2017,April,-0.638512649349543,False,15043.0,39593.901856060256
Crater Lake NP,2017-05-01,2017,May,-0.03795373337360014,False,38145.0,39604.3264269323
Crater Lake NP,2017-06-01,2017,June,2.5214965975474124,False,136567.0,39615.09848350007
Crater Lake NP,2017-07-01,2017,July,4.3851978019584195,True,208237.0,39625.52305437211
Crater Lake NP,2017-08-01,2017,August,3.063518094517452,True,157429.0,39636.295110939885
Crater Lake NP,2017-09-01,2017,September,1.1623606789431111,False,84340.0,39647.06716750766
Crater Lake NP,2017-10-01,2017,October,0.040923341015783266,False,41231.0,39657.4917383797
Crater Lake NP,2017-11-01,2017,November,-0.7797439087490792,False,9687.0,39668.263794947474
Crater Lake NP,2017-12-01,2017,December,-0.7974401912717014,False,9017.0,39678.688365819486
Crater Lake NP,2018-01-01,2018,January,-0.7924407833412092,False,9220.0,39689.46042238726
Crater Lake NP,2018-02-01,2018,February,-0.8244503417351094,False,8000.0,39700.23247895503
Crater Lake NP,2018-03-01,2018,March,-0.7429611648285463,False,11143.0,39709.96207843561
Crater Lake NP,2018-04-01,2018,April,-0.5183526833610403,False,19790.0,39720.73413500338
Crater Lake NP,2018-05-01,2018,May,0.32683471978794265,False,52298.0,39731.15870587542
Crater Lake NP,2018-06-01,2018,June,1.849149731605564,False,110842.0,39741.9307624432
Crater Lake NP,2018-07-01,2018,July,3.6363362635454797,True,179570.0,39752.35533331524
Crater Lake NP,2018-08-01,2018,August,2.4672177623300127,False,134628.0,39763.12738988301
Crater Lake NP,2018-09-01,2018,September,1.85011283120255,False,110911.0,39773.899446450785
Crater Lake NP,2018-10-01,2018,October,0.48175832793173495,False,58308.0,39784.324017322826
Crater Lake NP,2018-11-01,2018,November,-0.48078096069437926,False,21309.0,39795.0960738906
Crater Lake NP,2018-12-01,2018,December,-0.9145745392282153,False,4640.0,39805.52064476264
Crater Lake NP,2019-01-01,2019,January,-0.9543864095668224,False,3120.0,39816.292701330414
Crater Lake NP,2019-02-01,2019,February,-0.9724558372861799,False,2436.0,39827.06475789819
Crater Lake NP,2019-03-01,2019,March,-0.9112266637293721,False,4800.0,39836.79435737876
Crater Lake NP,2019-04-01,2019,April,-0.6228732936736115,False,15898.0,39847.56641394654
Crater Lake NP,2019-05-01,2019,May,0.12873838155185466,False,44808.0,39857.99098481858
Crater Lake NP,2019-06-01,2019,June,1.6533940869528883,False,103442.0,39868.76304138635
Crater Lake NP,2019-07-01,2019,July,4.195350268717256,True,201191.0,39879.18761225839
Crater Lake NP,2019-08-01,2019,August,3.214085431423846,True,163472.0,39889.959668826166
Crater Lake NP,2019-09-01,2019,September,1.517946766049917,False,98266.0,39900.73172539394
Crater Lake NP,2019-10-01,2019,October,0.04483322106817209,False,41635.0,39911.15629626598
Crater Lake NP,2019-11-01,2019,November,-0.6002299945278229,False,16843.0,39921.928352833755
Crater Lake NP,2019-12-01,2019,December,-0.8148566305348452,False,8601.0,39932.352923705796
Crater Lake NP,2020-01-01,2020,January,-0.9480101594386279,False,3492.0,39943.12498027357
Crater Lake NP,2020-02-01,2020,February,-0.951957402538066,False,3351.0,39953.89703684134
Crater Lake NP,2020-03-01,2020,March,-0.901426433651488,False,5304.0,39963.97412201765
Crater Lake NP,2020-04-01,2020,April,-1.0218101786724338,False,686.0,39974.746178585425
Crater Lake NP,2020-05-01,2020,May,-1.018752311422136,False,814.0,39985.17074945744
Crater Lake NP,2020-06-01,2020,June,0.5132635749134041,False,59731.0,39995.94280602521
Crater Lake NP,2020-07-01,2020,July,4.412770019643789,True,209678.0,40006.36737689725
Crater Lake NP,2020-08-01,2020,August,4.74252765841946,True,222368.0,40017.139433465025
Crater Lake NP,2020-09-01,2020,September,0.4958392260273645,False,59093.0,40027.9114900328
Crater Lake NP,2020-10-01,2020,October,0.561107527183457,False,61613.0,40038.33606090484
Crater Lake NP,2020-11-01,2020,November,-0.5664246513667235,False,18270.0,40049.10811747261
Crater Lake NP,2020-12-01,2020,December,-0.3630554287893209,False,26100.0,40059.532688344654
Crater Lake NP,2021-01-01,2021,January,-0.8333988722368485,False,8026.0,40070.30474491243
Crater Lake NP,2021-02-01,2021,February,-0.8394787472678399,False,7803.0,40081.0768014802
Crater Lake NP,2021-03-01,2021,March,-0.6444399238593106,False,15312.0,40090.80640096078
Crater Lake NP,2021-04-01,2021,April,-0.37507217953567007,False,25680.0,40101.57845752855
Crater Lake NP,2021-05-01,2021,May,0.43261211086575574,False,56746.0,40112.00302840059
Crater Lake NP,2021-06-01,2021,June,1.4312619526611399,False,95155.0,40122.775084968365
Crater Lake NP,2021-07-01,2021,July,4.020240067745608,True,194712.0,40133.199655840406
Crater Lake NP,2021-08-01,2021,August,1.7226211745542326,False,106379.0,40143.97171240818
Crater Lake NP,2021-09-01,2021,September,0.6241135964383615,False,64152.0,40154.74376897595
Crater Lake NP,2021-10-01,2021,October,0.18285580614408917,False,47196.0,40165.168339847995
Crater Lake NP,2021-11-01,2021,November,-0.5400744826600795,False,19410.0,40175.94039641577
Crater Lake NP,2021-12-01,2021,December,-0.8584198521187375,False,7180.0,40186.36496728781
Crater Lake NP,2022-01-01,2022,January,-0.8698313069786119,False,6752.0,40197.13702385558
Crater Lake NP,2022-02-01,2022,February,-0.8061064978109598,False,9213.0,40207.90908042336
Crater Lake NP,2022-03-01,2022,March,-0.7356185807464333,False,11933.0,40217.63867990393
Crater Lake NP,2022-04-01,2022,April,-0.6618808045830742,False,14779.0,40228.410736471706
Crater Lake NP,2022-05-01,2022,May,-0.21890258218372616,False,31822.0,40238.83530734375
Crater Lake NP,2022-06-01,2022,June,0.7990969932345309,False,70975.0,40249.60736391152
Crater Lake NP,2022-07-01,2022,July,2.581342060942799,False,139513.0,40260.03193478356
Crater Lake NP,2022-08-01,2022,August,1.7446020485718408,False,107351.0,40270.803991351335
Crater Lake NP,2022-09-01,2022,September,1.006119151291223,False,78967.0,40281.57604791911
Crater Lake NP,2022-10-01,2022,October,-0.007880351157492112,False,39989.0,40292.00061879115
Crater Lake NP,2022-11-01,2022,November,-0.7755959105242778,False,10481.0,40302.77267535892
Crater Lake NP,2022-12-01,2022,December,-0.9058275389960551,False,5484.0,40313.197246230964
Crater Lake NP,2023-01-01,2023,January,-0.9347161726120726,False,4384.0,40323.96930279874
Crater Lake NP,2023-02-01,2023,February,-0.8372333604303226,False,8143.0,40334.74135936651
Crater Lake NP,2023-03-01,2023,March,-0.6835467903287386,False,14062.0,40344.47095884706
Crater Lake NP,2023-04-01,2023,April,-0.637325167623712,False,15850.0,40355.24301541483
Crater Lake NP,2023-05-01,2023,May,-0.29481471536570514,False,29030.0,40365.66758628687
Crater Lake NP,2023-06-01,2023,June,0.36903792088231074,False,54566.0,40376.439642854646
Crater Lake NP,2023-07-01,2023,July,3.001865029096031,True,155809.0,40386.86421372669
Crater Lake NP,2023-08-01,2023,August,2.2569842360207537,False,127179.0,40397.63627029446
Crater Lake NP,2023-09-01,2023,September,0.9919753210048396,False,78550.0,40408.408326862234
Crater Lake NP,2023-10-01,2023,October,0.1346202346993543,False,45595.0,40418.832897734275
Crater Lake NP,2023-11-01,2023,November,-0.6515868039763865,False,15376.0,40429.60495430205
Crater Lake NP,2023-12-01,2023,December,-0.7544323175222429,False,11432.0,40440.02952517409
Crater Lake NP,2024-01-01,2024,January,-0.9308626700126659,False,4659.0,40450.80158174186
Crater Lake NP,2024-02-01,2024,February,-0.9143678558169722,False,5304.0,40461.57363830964
Crater Lake NP,2024-03-01,2024,March,-0.863316732800747,False,7277.0,40471.650723485945
Crater Lake NP,2024-04-01,2024,April,-0.7110616907671553,False,13142.0,40482.42278005372
Crater Lake NP,2024-05-01,2024,May,-0.22852574680814386,False,31706.0,40492.84735092576
Crater Lake NP,2024-06-01,2024,June,0.6711907795283583,False,66311.0,40503.619407493534
Crater Lake NP,2024-07-01,2024,July,2.9305992380684116,False,153196.0,40514.043978365575
Crater Lake NP,2024-08-01,2024,August,1.3736798254945342,False,93343.0,40524.81603493335
Crater Lake NP,2024-09-01,2024,September,0.9134533798686428,False,75658.0,40535.58809150112
Crater Lake NP,2024-10-01,2024,October,0.040493669673743966,False,42103.0,40546.01266237316
Crater Lake NP,2024-11-01,2024,November,-0.8665451733190226,False,7238.0,40556.78471894094
Crater Lake NP,2024-12-01,2024,December,-0.924891501073568,False,5005.0,40567.20928981298
Crater Lake NP,2025-01-01,2025,January,-0.9263940197636648,False,4958.0,40577.98134638075
Crater Lake NP,2025-02-01,2025,February,-0.9760368031526023,False,3060.0,40588.753402948525
Crater Lake NP,2025-03-01,2025,March,-0.9093720189409822,False,5633.0,40598.4830024291
Crater Lake NP,2025-04-01,2025,April,-0.6704072834952156,False,14832.0,40609.255058996874
Crater Lake NP,2025-05-01,2025,May,-0.22620669889119685,False,31922.0,40619.679629868915
Crater Lake NP,2025-06-01,2025,June,0.8503622315253258,False,73327.0,40630.45168643669
Crater Lake NP,2025-07-01,2025,July,3.5954386009168946,True,178886.0,40640.8762573087
Crater Lake NP,2025-08-01,2025,August,3.8763017515057356,True,189696.0,40651.6483138765
Cuyahoga Valley NP,2016-05-01,2016,May,-0.11818682019573314,False,255362.0,266581.6779217981
Cuyahoga Valley NP,2016-06-01,2016,June,0.4208654603843181,False,306943.0,266989.5186718628
Cuyahoga Valley NP,2016-07-01,2016,July,0.7140900633003444,False,335174.0,267384.20326869935
Cuyahoga Valley NP,2016-08-01,2016,August,0.6845863231366799,False,332781.0,267792.04401876405
Cuyahoga Valley NP,2016-09-01,2016,September,-0.33084711127845434,False,236792.0,268199.88476882875
Cuyahoga Valley NP,2016-10-01,2016,October,-0.24465552484623487,False,245369.0,268594.5693656653
Cuyahoga Valley NP,2016-11-01,2016,November,-1.2598993492941,False,149398.0,269002.41011573
Cuyahoga Valley NP,2016-12-01,2016,December,-1.6107271357561357,False,116488.0,269397.0947125666
Cuyahoga Valley NP,2017-01-01,2017,January,-1.8517091927473626,False,94019.0,269804.9354626313
Cuyahoga Valley NP,2017-02-01,2017,February,-1.887944086749083,False,90987.0,270212.776212696
Cuyahoga Valley NP,2017-03-01,2017,March,-1.6869614431085724,False,110435.0,270581.1485030763
Cuyahoga Valley NP,2017-04-01,2017,April,-0.9423192885733743,False,181533.0,270988.989253141
Cuyahoga Valley NP,2017-05-01,2017,May,-0.30217164887716613,False,242698.0,271383.67384997755
Cuyahoga Valley NP,2017-06-01,2017,June,-0.2587808905129003,False,247225.0,271791.51460004225
Cuyahoga Valley NP,2017-07-01,2017,July,0.11352160264144584,False,282963.0,272186.1991968788
Cuyahoga Valley NP,2017-08-01,2017,August,0.12761762106262287,False,284709.0,272594.0399469435
Cuyahoga Valley NP,2017-09-01,2017,September,-0.19106238696066719,False,254864.0,273001.88069700636
Cuyahoga Valley NP,2017-10-01,2017,October,-0.8816080314466755,False,189704.0,273396.5652938448
Cuyahoga Valley NP,2017-11-01,2017,November,-1.397914294799807,False,141098.0,273804.4060439076
Cuyahoga Valley NP,2017-12-01,2017,December,-1.7650064028987105,False,106644.0,274199.0906407442
Cuyahoga Valley NP,2018-01-01,2018,January,-1.9668656033100624,False,87889.0,274606.9313908089
Cuyahoga Valley NP,2018-02-01,2018,February,-1.9945469810105287,False,85669.0,275014.7721408736
Cuyahoga Valley NP,2018-03-01,2018,March,-1.79319565132257,False,105152.0,275383.14443125576
Cuyahoga Valley NP,2018-04-01,2018,April,-1.3826251913415115,False,144536.0,275790.9851813186
Cuyahoga Valley NP,2018-05-01,2018,May,-0.31661356515871836,False,246129.0,276185.66977815516
Cuyahoga Valley NP,2018-06-01,2018,June,-0.5053475422802146,False,228620.0,276593.51052821986
Cuyahoga Valley NP,2018-07-01,2018,July,0.2264554488165026,False,298486.0,276988.19512505643
Cuyahoga Valley NP,2018-08-01,2018,August,-0.2853107092092585,False,250311.0,277396.03587512113
Cuyahoga Valley NP,2018-09-01,2018,September,-0.8968749133410329,False,192662.0,277803.87662518583
Cuyahoga Valley NP,2018-10-01,2018,October,-0.7253061722023285,False,209344.0,278198.5612220224
Cuyahoga Valley NP,2018-11-01,2018,November,-1.4949208179400375,False,136691.0,278606.4019720871
Cuyahoga Valley NP,2018-12-01,2018,December,-1.7742972484028028,False,110564.0,279001.08656892367
Cuyahoga Valley NP,2019-01-01,2019,January,-2.0160693469243176,False,88020.0,279408.92731898837
Cuyahoga Valley NP,2019-02-01,2019,February,-2.0831369283814216,False,82061.0,279816.76806905307
Cuyahoga Valley NP,2019-03-01,2019,March,-1.6186807013333109,False,126521.0,280185.14035943337
Cuyahoga Valley NP,2019-04-01,2019,April,-1.0878869882165394,False,177318.0,280592.98110949807
Cuyahoga Valley NP,2019-05-01,2019,May,-0.5797710890621057,False,225949.0,280987.66570633464
Cuyahoga Valley NP,2019-06-01,2019,June,0.0282676179427166,False,284079.0,281395.50645639934
Cuyahoga Valley NP,2019-07-01,2019,July,0.033053325094033505,False,284928.0,281790.1910532359
Cuyahoga Valley NP,2019-08-01,2019,August,0.036004490994610776,False,285616.0,282198.0318033006
Cuyahoga Valley NP,2019-09-01,2019,September,-0.5891062919098397,False,226681.0,282605.8725533653
Cuyahoga Valley NP,2019-10-01,2019,October,-0.835258842552216,False,203708.0,283000.5571502019
Cuyahoga Valley NP,2019-11-01,2019,November,-1.4861144454569934,False,142329.0,283408.3979002666
Cuyahoga Valley NP,2019-12-01,2019,December,-1.8225318744065713,False,110787.0,283803.08249710314
Cuyahoga Valley NP,2020-01-01,2020,January,-2.086456737437369,False,86140.0,284210.92324716784
Cuyahoga Valley NP,2020-02-01,2020,February,-2.1883282817754384,False,76877.0,284618.76399723254
Cuyahoga Valley NP,2020-03-01,2020,March,-0.9895248302813232,False,191063.0,285000.292440841
Cuyahoga Valley NP,2020-04-01,2020,April,-0.4828326507818792,False,239572.0,285408.1331909057
Cuyahoga Valley NP,2020-05-01,2020,May,-0.1552254404677077,False,271067.0,285802.81778774224
Cuyahoga Valley NP,2020-06-01,2020,June,0.4010708132467687,False,324285.0,286210.65853780694
Cuyahoga Valley NP,2020-07-01,2020,July,0.6180511415464425,False,345278.0,286605.3431346435
Cuyahoga Valley NP,2020-08-01,2020,August,0.7173031030456433,False,355108.0,287013.18388470635
Cuyahoga Valley NP,2020-09-01,2020,September,0.09837571185158228,False,296760.0,287421.02463477105
Cuyahoga Valley NP,2020-10-01,2020,October,-0.22551692537115908,False,266407.0,287815.7092316076
Cuyahoga Valley NP,2020-11-01,2020,November,-1.1484312296460024,False,179201.0,288223.5499816723
Cuyahoga Valley NP,2020-12-01,2020,December,-1.7354392981159468,False,123870.0,288618.2345785089
Cuyahoga Valley NP,2021-01-01,2021,January,-2.138653749880101,False,86000.0,289026.0753285736
Cuyahoga Valley NP,2021-02-01,2021,February,-2.0825169881605174,False,91737.0,289433.9160786383
Cuyahoga Valley NP,2021-03-01,2021,March,-1.1290671894122541,False,182618.0,289802.2883690186
Cuyahoga Valley NP,2021-04-01,2021,April,-0.6909295469676904,False,224619.0,290210.1291190833
Cuyahoga Valley NP,2021-05-01,2021,May,-0.5130826091349618,False,241897.0,290604.81371591985
Cuyahoga Valley NP,2021-06-01,2021,June,0.16956761999028397,False,307110.0,291012.65446598455
Cuyahoga Valley NP,2021-07-01,2021,July,0.09892016182967756,False,300798.0,291407.3390628211
Cuyahoga Valley NP,2021-08-01,2021,August,0.26968668265055235,False,317417.0,291815.1798128858
Cuyahoga Valley NP,2021-09-01,2021,September,-0.2724802734607011,False,266356.0,292223.0205629505
Cuyahoga Valley NP,2021-10-01,2021,October,-0.29867472818375457,False,264264.0,292617.7051597871
Cuyahoga Valley NP,2021-11-01,2021,November,-1.2124350845943246,False,177927.0,293025.5459098518
Cuyahoga Valley NP,2021-12-01,2021,December,-1.884388418400863,False,114532.0,293420.23050668836
Cuyahoga Valley NP,2022-01-01,2022,January,-2.053687373877268,False,98868.0,293828.07125675306
Cuyahoga Valley NP,2022-02-01,2022,February,-1.9353164073451108,False,110513.0,294235.91200681776
Cuyahoga Valley NP,2022-03-01,2022,March,-1.2680512525284677,False,174226.0,294604.28429719806
Cuyahoga Valley NP,2022-04-01,2022,April,-0.6527020278967114,False,233050.0,295012.12504726276
Cuyahoga Valley NP,2022-05-01,2022,May,0.31279524785927393,False,325101.0,295406.8096440993
Cuyahoga Valley NP,2022-06-01,2022,June,0.4311451466172901,False,336744.0,295814.650394164
Cuyahoga Valley NP,2022-07-01,2022,July,0.8368821973334355,False,375656.0,296209.3349910006
Cuyahoga Valley NP,2022-08-01,2022,August,0.4698411137694136,False,341220.0,296617.1757410653
Cuyahoga Valley NP,2022-09-01,2022,September,0.3247806324422525,False,327857.0,297025.01649113
Cuyahoga Valley NP,2022-10-01,2022,October,0.22299500410121806,False,318589.0,297419.70108796656
Cuyahoga Valley NP,2022-11-01,2022,November,-1.431424020011063,False,161940.0,297827.54183803126
Cuyahoga Valley NP,2022-12-01,2022,December,-1.9874729943807778,False,109548.0,298222.2264348678
Cuyahoga Valley NP,2023-01-01,2023,January,-2.200013556281627,False,89779.0,298630.06718493253
Cuyahoga Valley NP,2023-02-01,2023,February,-2.0942621864599213,False,100226.0,299037.90793499537
Cuyahoga Valley NP,2023-03-01,2023,March,-1.363087938786513,False,170006.0,299406.28022537753
Cuyahoga Valley NP,2023-04-01,2023,April,-0.7774653434677362,False,226008.0,299814.12097544223
Cuyahoga Valley NP,2023-05-01,2023,May,0.46992928418217167,False,344820.0,300208.8055722788
Cuyahoga Valley NP,2023-06-01,2023,June,0.6408643471961746,False,361455.0,300616.6463223435
Cuyahoga Valley NP,2023-07-01,2023,July,1.0674268926507187,False,402344.0,301011.33091918007
Cuyahoga Valley NP,2023-08-01,2023,August,0.7096029602734127,False,368783.0,301419.1716692429
Cuyahoga Valley NP,2023-09-01,2023,September,-0.30552499141667666,False,272823.0,301827.0124193076
Cuyahoga Valley NP,2023-10-01,2023,October,-0.34156863055065717,False,269796.0,302221.6970161442
Cuyahoga Valley NP,2023-11-01,2023,November,-1.6773165030058645,False,143399.0,302629.5377662089
Cuyahoga Valley NP,2023-12-01,2023,December,-2.0267643502616637,False,110620.0,303024.22236304544
Cuyahoga Valley NP,2024-01-01,2024,January,-2.3082386691519314,False,84307.0,303432.06311311014
Cuyahoga Valley NP,2024-02-01,2024,February,-2.1297508091083728,False,101659.0,303839.90386317484
Cuyahoga Valley NP,2024-03-01,2024,March,-0.9524891566734507,False,213800.0,304221.4323067833
Cuyahoga Valley NP,2024-04-01,2024,April,-0.2502248298229149,False,280875.0,304629.273056848
Cuyahoga Valley NP,2024-05-01,2024,May,0.06918701635039973,False,311592.0,305023.95765368454
Cuyahoga Valley NP,2024-06-01,2024,June,0.5167946232713522,False,354492.0,305431.79840374924
Cuyahoga Valley NP,2024-07-01,2024,July,0.990822863865615,False,399887.0,305826.4830005858
Cuyahoga Valley NP,2024-08-01,2024,August,-0.06374396101646444,False,300183.0,306234.3237506505
Cuyahoga Valley NP,2024-09-01,2024,September,-0.38724848931806777,False,269880.0,306642.1645007152
Cuyahoga Valley NP,2024-10-01,2024,October,0.004309949401170951,False,307446.0,307036.8490975518
Cuyahoga Valley NP,2024-11-01,2024,November,-1.585251932017979,False,156954.0,307444.6898476165
Cuyahoga Valley NP,2024-12-01,2024,December,-1.8588136568178228,False,131379.0,307839.37444445305
Cuyahoga Valley NP,2025-01-01,2025,January,-1.897724158135453,False,128093.0,308247.21519451775
Cuyahoga Valley NP,2025-02-01,2025,February,-2.1413502207813777,False,105373.0,308655.05594458245
Cuyahoga Valley NP,2025-03-01,2025,March,-1.1714675582031184,False,197814.0,309023.42823496275
Cuyahoga Valley NP,2025-04-01,2025,April,-0.9502963877498525,False,219218.0,309431.26898502745
Cuyahoga Valley NP,2025-05-01,2025,May,-0.27108909479619264,False,284091.0,309825.953581864
Cuyahoga Valley NP,2025-06-01,2025,June,0.10134869398959931,False,319855.0,310233.7943319287
Cuyahoga Valley NP,2025-07-01,2025,July,0.5859845588638659,False,366257.0,310628.4789287653
Cuyahoga Valley NP,2025-08-01,2025,August,0.7948626831058464,False,386494.0,311036.31967883
Death Valley NP,2016-05-01,2016,May,0.45782483212701763,False,101842.0,90519.22290078364
Death Valley NP,2016-06-01,2016,June,-1.5186626636403675,False,53042.0,90601.07854410773
Death Valley NP,2016-07-01,2016,July,0.5365469101624712,False,103950.0,90680.29368280875
Death Valley NP,2016-08-01,2016,August,1.0545523396658116,False,116843.0,90762.14932613308
Death Valley NP,2016-09-01,2016,September,2.0489103724242232,False,141517.0,90844.00496945716
Death Valley NP,2016-10-01,2016,October,0.7951251246852157,False,110588.0,90923.22010815819
Death Valley NP,2016-11-01,2016,November,0.3547645918465244,False,99779.0,91005.07575148251
Death Valley NP,2016-12-01,2016,December,-0.17505041896166307,False,86755.0,91084.2908901833
Death Valley NP,2017-01-01,2017,January,-0.9825109674995909,False,66867.0,91166.14653350762
Death Valley NP,2017-02-01,2017,February,-0.5119750190438223,False,78586.0,91248.00217683194
Death Valley NP,2017-03-01,2017,March,0.6791719733080017,False,108119.0,91321.93630628614
Death Valley NP,2017-04-01,2017,April,0.6532192013352072,False,107559.0,91403.79194961046
Death Valley NP,2017-05-01,2017,May,0.5732321093125694,False,105660.0,91483.00708831125
Death Valley NP,2017-06-01,2017,June,-0.2593783687071212,False,85150.0,91564.86273163557
Death Valley NP,2017-07-01,2017,July,1.7642522743477163,False,135277.0,91644.0778703366
Death Valley NP,2017-08-01,2017,August,3.247901780834123,True,172052.0,91725.93351366068
Death Valley NP,2017-09-01,2017,September,1.874486951016074,False,138167.0,91807.789156985
Death Valley NP,2017-10-01,2017,October,0.7836506032955621,False,111268.0,91887.00429568603
Death Valley NP,2017-11-01,2017,November,-0.00674680980618575,False,91802.0,91968.85993901035
Death Valley NP,2017-12-01,2017,December,0.0918629446678753,False,94320.0,92048.07507771114
Death Valley NP,2018-01-01,2018,January,-0.4744494054307699,False,80396.0,92129.93072103546
Death Valley NP,2018-02-01,2018,February,1.5162420877136757,False,129711.0,92211.78636435978
Death Valley NP,2018-03-01,2018,March,2.892536229739121,False,163823.0,92285.72049381398
Death Valley NP,2018-04-01,2018,April,1.9530183344368333,False,140669.0,92367.57613713806
Death Valley NP,2018-05-01,2018,May,2.6776672499496867,False,158670.0,92446.79127583909
Death Valley NP,2018-06-01,2018,June,0.7109243410072194,False,110111.0,92528.64691916341
Death Valley NP,2018-07-01,2018,July,2.036422054106893,False,142972.0,92607.8620578642
Death Valley NP,2018-08-01,2018,August,3.648732453858514,True,182929.0,92689.71770118852
Death Valley NP,2018-09-01,2018,September,2.314457707221087,False,150012.0,92771.57334451284
Death Valley NP,2018-10-01,2018,October,3.382997539522354,True,176518.0,92850.78848321387
Death Valley NP,2018-11-01,2018,November,1.3622348463554022,False,126623.0,92932.64412653795
Death Valley NP,2018-12-01,2018,December,0.9386398753359368,False,116226.0,93011.85926523898
Death Valley NP,2019-01-01,2019,January,0.7625962058771233,False,111954.0,93093.7149085633
Death Valley NP,2019-02-01,2019,February,0.7985478423232754,False,112925.0,93175.57055188739
Death Valley NP,2019-03-01,2019,March,3.449158990051677,True,178553.0,93249.50468134158
Death Valley NP,2019-04-01,2019,April,3.4111973289211917,True,177696.0,93331.3603246659
Death Valley NP,2019-05-01,2019,May,2.505588998814756,False,155378.0,93410.57546336693
Death Valley NP,2019-06-01,2019,June,1.1531998335152234,False,122013.0,93492.43110669125
Death Valley NP,2019-07-01,2019,July,1.977841957401719,False,142487.0,93571.64624539204
Death Valley NP,2019-08-01,2019,August,2.91037644968164,False,165632.0,93653.50188871636
Death Valley NP,2019-09-01,2019,September,3.038962311919935,True,168894.0,93735.35753204068
Death Valley NP,2019-10-01,2019,October,1.7927382166135564,False,138152.0,93814.57267074147
Death Valley NP,2019-11-01,2019,November,1.5412043247392264,False,132013.0,93896.4283140658
Death Valley NP,2019-12-01,2019,December,1.6688052358666927,False,135248.0,93975.64345276682
Death Valley NP,2020-01-01,2020,January,0.20239227452445024,False,99063.0,94057.4990960909
Death Valley NP,2020-02-01,2020,February,1.3540788854396681,False,127628.0,94139.35473941523
Death Valley NP,2020-03-01,2020,March,0.7378419444290685,False,112464.0,94215.92937349272
Death Valley NP,2020-04-01,2020,April,-3.0704257045735406,True,18361.0,94297.78501681704
Death Valley NP,2020-05-01,2020,May,-3.0076000137511936,True,19994.0,94377.00015551806
Death Valley NP,2020-06-01,2020,June,-2.6304261025516795,False,29404.0,94458.85579884239
Death Valley NP,2020-07-01,2020,July,-2.101437168971696,False,42566.0,94538.07093754318
Death Valley NP,2020-08-01,2020,August,-2.2332865089713985,False,39387.0,94619.9265808675
Death Valley NP,2020-09-01,2020,September,-2.2618674890090076,False,38762.0,94701.78222419182
Death Valley NP,2020-10-01,2020,October,-1.1336471166513293,False,66744.0,94780.99736289261
Death Valley NP,2020-11-01,2020,November,1.483487877234197,False,131552.0,94862.85300621693
Death Valley NP,2020-12-01,2020,December,-0.034129026241953325,False,94098.0,94942.06814491795
Death Valley NP,2021-01-01,2021,January,-0.5968427529903048,False,80263.0,95023.92378824204
Death Valley NP,2021-02-01,2021,February,0.5715835215992698,False,109242.0,95105.77943156636
Death Valley NP,2021-03-01,2021,March,3.090662964176265,True,171617.0,95179.71356102056
Death Valley NP,2021-04-01,2021,April,1.8282393826338421,False,140477.0,95261.56920434488
Death Valley NP,2021-05-01,2021,May,-0.5891546603240918,False,80770.0,95340.7843430459
Death Valley NP,2021-06-01,2021,June,-1.59090043580714,False,56077.0,95422.63998636999
Death Valley NP,2021-07-01,2021,July,-1.7221982360490107,False,52909.0,95501.85512507102
Death Valley NP,2021-08-01,2021,August,-2.1352658389838597,False,42775.0,95583.71076839534
Death Valley NP,2021-09-01,2021,September,-1.6117613895295226,False,55804.0,95665.56641171966
Death Valley NP,2021-10-01,2021,October,0.5353545986013754,False,108985.0,95744.78155042045
Death Valley NP,2021-11-01,2021,November,1.5083230611092109,False,133130.0,95826.63719374477
Death Valley NP,2021-12-01,2021,December,0.7519160811437899,False,114502.0,95905.85233244556
Death Valley NP,2022-01-01,2022,January,-0.15266686388158873,False,92212.0,95987.70797576988
Death Valley NP,2022-02-01,2022,February,1.1330179243689382,False,124091.0,96069.5636190942
Death Valley NP,2022-03-01,2022,March,3.4736218223599185,True,182052.0,96143.4977485484
Death Valley NP,2022-04-01,2022,April,0.5158827371014922,False,108984.0,96225.35339187272
Death Valley NP,2022-05-01,2022,May,-0.14974997970226037,False,92601.0,96304.56853057351
Death Valley NP,2022-06-01,2022,June,-0.4697790171426778,False,84768.0,96386.42417389783
Death Valley NP,2022-07-01,2022,July,-0.48078575595650264,False,84575.0,96465.63931259885
Death Valley NP,2022-08-01,2022,August,-1.9531829448924765,False,48242.0,96547.49495592294
Death Valley NP,2022-09-01,2022,September,-1.6965022649721482,False,54672.0,96629.35059924726
Death Valley NP,2022-10-01,2022,October,-1.736419292498932,False,53764.0,96708.56573794829
Death Valley NP,2022-11-01,2022,November,-0.13526866853021524,False,93445.0,96790.42138127261
Death Valley NP,2022-12-01,2022,December,0.5089166462290974,False,109456.0,96869.6365199734
Death Valley NP,2023-01-01,2023,January,-0.516523435807518,False,84177.0,96951.49216329772
Death Valley NP,2023-02-01,2023,February,0.7273930611975731,False,115023.0,97033.34780662204
Death Valley NP,2023-03-01,2023,March,1.962653515068052,False,145647.0,97107.28193607624
Death Valley NP,2023-04-01,2023,April,1.927845703615344,False,144868.0,97189.13757940056
Death Valley NP,2023-05-01,2023,May,0.6707448703176567,False,113857.0,97268.35271810135
Death Valley NP,2023-06-01,2023,June,-0.6269371332635076,False,81845.0,97350.20836142567
Death Valley NP,2023-07-01,2023,July,-0.4307602086294887,False,86776.0,97429.42350012646
Death Valley NP,2023-08-01,2023,August,-0.659448907325047,False,81202.0,97511.27914345078
Death Valley NP,2023-09-01,2023,September,-3.94607790641733,True,0.0,97593.1347867751
Death Valley NP,2023-10-01,2023,October,-2.287889486282385,False,41089.0,97672.34992547613
Death Valley NP,2023-11-01,2023,November,0.03901046930718023,False,98719.0,97754.20556880021
Death Valley NP,2023-12-01,2023,December,0.3475533972045644,False,106429.0,97833.42070750124
Death Valley NP,2024-01-01,2024,January,-0.5054358018099953,False,85415.0,97915.27635082556
Death Valley NP,2024-02-01,2024,February,1.04784100140888,False,123912.0,97997.13199414965
Death Valley NP,2024-03-01,2024,March,2.563606442575751,False,161476.0,98073.70662822737
Death Valley NP,2024-04-01,2024,April,2.7201321782415357,False,165429.0,98155.5622715517
Death Valley NP,2024-05-01,2024,May,1.6606725914178946,False,139306.0,98234.77741025249
Death Valley NP,2024-06-01,2024,June,-1.1518276727818622,False,69830.0,98316.6330535768
Death Valley NP,2024-07-01,2024,July,0.027582105884356067,False,99078.0,98395.8481922776
Death Valley NP,2024-08-01,2024,August,0.47228074736448733,False,110158.0,98477.70383560192
Death Valley NP,2024-09-01,2024,September,0.2615042974798952,False,105027.0,98559.55947892624
Death Valley NP,2024-10-01,2024,October,1.2532195863481244,False,129633.0,98638.77461762726
Death Valley NP,2024-11-01,2024,November,1.2319571549217772,False,129189.0,98720.63026095135
Death Valley NP,2024-12-01,2024,December,0.9393278134705273,False,122031.0,98799.84539965237
Death Valley NP,2025-01-01,2025,January,0.9991759263213675,False,123593.0,98881.7010429767
Death Valley NP,2025-02-01,2025,February,0.8205444827679674,False,119257.0,98963.55668630102
Death Valley NP,2025-03-01,2025,March,1.8485404052501655,False,144755.0,99037.49081575498
Death Valley NP,2025-04-01,2025,April,1.8956922514494403,False,146003.0,99119.3464590793
Death Valley NP,2025-05-01,2025,May,0.24581583135778134,False,105278.0,99198.56159778032
Death Valley NP,2025-06-01,2025,June,-0.9350119982647098,False,76156.0,99280.41724110465
Death Valley NP,2025-07-01,2025,July,-0.4077212914342983,False,89276.0,99359.63237980544
Death Valley NP,2025-08-01,2025,August,-0.09006618441027464,False,97214.0,99441.48802312976
Denali NP & PRES,2016-05-01,2016,May,0.26922859854293024,False,50776.0,36954.99335449471
Denali NP & PRES,2016-06-01,2016,June,1.993680967861899,False,139310.0,36963.228316148015
Denali NP & PRES,2016-07-01,2016,July,2.403514266591381,False,160357.0,36971.19763387705
Denali NP & PRES,2016-08-01,2016,August,2.2281926921624278,False,151365.0,36979.43259553038
Denali NP & PRES,2016-09-01,2016,September,0.6412576135639521,False,69907.0,36987.66755718371
Denali NP & PRES,2016-10-01,2016,October,-0.6635093228099435,False,2934.0,36995.636874912714
Denali NP & PRES,2016-11-01,2016,November,-0.6926554806947504,False,1446.0,37003.871836566046
Denali NP & PRES,2016-12-01,2016,December,-0.6915835013632381,False,1509.0,37011.84115429508
Denali NP & PRES,2017-01-01,2017,January,-0.7070159741138388,False,725.0,37020.07611594838
Denali NP & PRES,2017-02-01,2017,February,-0.6927224759627386,False,1467.0,37028.31107760171
Denali NP & PRES,2017-03-01,2017,March,-0.6542586675306413,False,3449.0,37035.749107482145
Denali NP & PRES,2017-04-01,2017,April,-0.6180895040305171,False,5314.0,37043.98406913548
Denali NP & PRES,2017-05-01,2017,May,0.49566101914449645,False,62497.0,37051.95338686448
Denali NP & PRES,2017-06-01,2017,June,2.3673601866587206,False,158590.0,37060.18834851781
Denali NP & PRES,2017-07-01,2017,July,2.831015803606683,False,182400.0,37068.15766624684
Denali NP & PRES,2017-08-01,2017,August,2.3010279433276137,False,155201.0,37076.392627900175
Denali NP & PRES,2017-09-01,2017,September,0.6085130729288626,False,68323.0,37084.62758955348
Denali NP & PRES,2017-10-01,2017,October,-0.6751379050849784,False,2434.0,37092.59690728251
Denali NP & PRES,2017-11-01,2017,November,-0.704829493628532,False,918.0,37100.83186893584
Denali NP & PRES,2017-12-01,2017,December,-0.6938228844412743,False,1491.0,37108.801186664874
Denali NP & PRES,2018-01-01,2018,January,-0.7056905782436369,False,890.0,37117.03614831818
Denali NP & PRES,2018-02-01,2018,February,-0.6898776661145991,False,1710.0,37125.27110997151
Denali NP & PRES,2018-03-01,2018,March,-0.6365119128988835,False,4457.0,37132.70913985194
Denali NP & PRES,2018-04-01,2018,April,-0.6523339789771605,False,3653.0,37140.94410150524
Denali NP & PRES,2018-05-01,2018,May,0.29215772298888587,False,52147.0,37148.913419234275
Denali NP & PRES,2018-06-01,2018,June,2.027031713823195,False,141216.0,37157.14838088761
Denali NP & PRES,2018-07-01,2018,July,2.5520677595465573,False,168177.0,37165.11769861664
Denali NP & PRES,2018-08-01,2018,August,2.2145974421387304,False,150861.0,37173.35266026994
Denali NP & PRES,2018-09-01,2018,September,0.546782788714656,False,65251.0,37181.587621923274
Denali NP & PRES,2018-10-01,2018,October,-0.6533393798453871,False,3650.0,37189.556939652306
Denali NP & PRES,2018-11-01,2018,November,-0.6857191623499072,False,1996.0,37197.79190130564
Denali NP & PRES,2018-12-01,2018,December,-0.7120550736204219,False,652.0,37205.76121903464
Denali NP & PRES,2019-01-01,2019,January,-0.7230461824355133,False,96.0,37213.99618068797
Denali NP & PRES,2019-02-01,2019,February,-0.6743710731169801,False,2603.0,37222.231142341305
Denali NP & PRES,2019-03-01,2019,March,-0.6353618340261359,False,4613.0,37229.66917222174
Denali NP & PRES,2019-04-01,2019,April,-0.6535798990696221,False,3686.0,37237.90413387504
Denali NP & PRES,2019-05-01,2019,May,0.3262673973830481,False,53995.0,37245.87345160407
Denali NP & PRES,2019-06-01,2019,June,2.082413183908483,False,144156.0,37254.1084132574
Denali NP & PRES,2019-07-01,2019,July,2.5482505234914328,False,168078.0,37262.077730986406
Denali NP & PRES,2019-08-01,2019,August,2.2747124711552855,False,154044.0,37270.31269263974
Denali NP & PRES,2019-09-01,2019,September,0.4719037296913745,False,61504.0,37278.54765429307
Denali NP & PRES,2019-10-01,2019,October,-0.6510789599887621,False,3863.0,37286.5169720221
Denali NP & PRES,2019-11-01,2019,November,-0.6914454057106456,False,1799.0,37294.751933675405
Denali NP & PRES,2019-12-01,2019,December,-0.6737572709537395,False,2715.0,37302.72125140444
Denali NP & PRES,2020-01-01,2020,January,-0.7008970232010133,False,1330.0,37310.95621305777
Denali NP & PRES,2020-02-01,2020,February,-0.6711951089403158,False,2863.0,37319.1911747111
Denali NP & PRES,2020-03-01,2020,March,-0.6942532616033272,False,1687.0,37326.8948485158
Denali NP & PRES,2020-04-01,2020,April,-0.7271784747665941,False,5.0,37335.129810169135
Denali NP & PRES,2020-05-01,2020,May,-0.7253857477788808,False,105.0,37343.09912789817
Denali NP & PRES,2020-06-01,2020,June,-0.5321909935588256,False,10031.0,37351.3340895515
Denali NP & PRES,2020-07-01,2020,July,-0.45888841127612756,False,13802.0,37359.3034072805
Denali NP & PRES,2020-08-01,2020,August,-0.4458026524408239,False,14482.0,37367.538368933834
Denali NP & PRES,2020-09-01,2020,September,-0.5230830659600371,False,10523.0,37375.773330587166
Denali NP & PRES,2020-10-01,2020,October,-0.7279695993045988,False,13.0,37383.7426483162
Denali NP & PRES,2020-11-01,2020,November,-0.7282858509413591,False,5.0,37391.9776099695
Denali NP & PRES,2020-12-01,2020,December,-0.7284605702584112,False,4.0,37399.94692769853
Denali NP & PRES,2021-01-01,2021,January,-0.7285430658985663,False,8.0,37408.181889351865
Denali NP & PRES,2021-02-01,2021,February,-0.7284307648748832,False,22.0,37416.4168510052
Denali NP & PRES,2021-03-01,2021,March,-0.7224785196373723,False,335.0,37423.8548808856
Denali NP & PRES,2021-04-01,2021,April,-0.7032177065583994,False,1332.0,37432.08984253893
Denali NP & PRES,2021-05-01,2021,May,-0.5048751457579947,False,11522.0,37440.05916026796
Denali NP & PRES,2021-06-01,2021,June,0.32027894528578044,False,53890.0,37448.294121921266
Denali NP & PRES,2021-07-01,2021,July,0.6585634293875103,False,71264.0,37456.2634396503
Denali NP & PRES,2021-08-01,2021,August,0.5310059969316713,False,64724.0,37464.49840130363
Denali NP & PRES,2021-09-01,2021,September,-0.22050462946413943,False,26153.0,37472.73336295696
Denali NP & PRES,2021-10-01,2021,October,-0.7255728217832864,False,233.0,37480.702680685965
Denali NP & PRES,2021-11-01,2021,November,-0.729707088031275,False,29.0,37488.9376423393
Denali NP & PRES,2021-12-01,2021,December,-0.7302519210096196,False,9.0,37496.90696006833
Denali NP & PRES,2022-01-01,2022,January,-0.7227373467600869,False,403.0,37505.14192172166
Denali NP & PRES,2022-02-01,2022,February,-0.7122034242210624,False,952.0,37513.376883374964
Denali NP & PRES,2022-03-01,2022,March,-0.6905116085454297,False,2073.0,37520.814913255395
Denali NP & PRES,2022-04-01,2022,April,-0.648518024796545,False,4237.0,37529.04987490873
Denali NP & PRES,2022-05-01,2022,May,-0.004519656467225542,False,37305.0,37537.01919263776
Denali NP & PRES,2022-06-01,2022,June,1.2979641796455472,False,104177.0,37545.25415429106
Denali NP & PRES,2022-07-01,2022,July,1.5158253661625343,False,115369.0,37553.223472020094
Denali NP & PRES,2022-08-01,2022,August,1.4638490392758965,False,112709.0,37561.458433673426
Denali NP & PRES,2022-09-01,2022,September,0.11302699691564053,False,43372.0,37569.69339532673
Denali NP & PRES,2022-10-01,2022,October,-0.6698407177030898,False,3191.0,37577.66271305576
Denali NP & PRES,2022-11-01,2022,November,-0.6936299673323476,False,1978.0,37585.89767470909
Denali NP & PRES,2022-12-01,2022,December,-0.69733050626487,False,1796.0,37593.866992438125
Denali NP & PRES,2023-01-01,2023,January,-0.6996921228719309,False,1683.0,37602.10195409143
Denali NP & PRES,2023-02-01,2023,February,-0.6807819437878667,False,2662.0,37610.33691574476
Denali NP & PRES,2023-03-01,2023,March,-0.6270850362436262,False,5426.0,37617.77494562519
Denali NP & PRES,2023-04-01,2023,April,-0.6216353066307779,False,5714.0,37626.00990727852
Denali NP & PRES,2023-05-01,2023,May,-0.06817842765342919,False,34134.0,37633.979225007526
Denali NP & PRES,2023-06-01,2023,June,1.542999681643656,False,116853.0,37642.21418666086
Denali NP & PRES,2023-07-01,2023,July,1.9595729449419377,False,138246.0,37650.18350438989
Denali NP & PRES,2023-08-01,2023,August,1.8621895157146275,False,133255.0,37658.41846604322
Denali NP & PRES,2023-09-01,2023,September,0.2508464151372327,False,50544.0,37666.653427696525
Denali NP & PRES,2023-10-01,2023,October,-0.6309974843776606,False,5282.0,37674.62274542556
Denali NP & PRES,2023-11-01,2023,November,-0.6865775495453041,False,2437.0,37682.85770707889
Denali NP & PRES,2023-12-01,2023,December,-0.6857782855431653,False,2486.0,37690.82702480792
Denali NP & PRES,2024-01-01,2024,January,-0.6902437061196782,False,2265.0,37699.06198646122
Denali NP & PRES,2024-02-01,2024,February,-0.6599574018674661,False,3828.0,37707.296948114556
Denali NP & PRES,2024-03-01,2024,March,-0.5466773695101584,False,9651.0,37715.00062191929
Denali NP & PRES,2024-04-01,2024,April,-0.5890307412031911,False,7485.0,37723.23558357259
Denali NP & PRES,2024-05-01,2024,May,-0.03598293521990306,False,35884.0,37731.20490130162
Denali NP & PRES,2024-06-01,2024,June,1.5285413730879458,False,116208.0,37739.439862954954
Denali NP & PRES,2024-07-01,2024,July,1.1837129164420586,False,98514.0,37747.409180683986
Denali NP & PRES,2024-08-01,2024,August,1.8429392092284995,False,132364.0,37755.64414233729
Denali NP & PRES,2024-09-01,2024,September,0.1997663337799506,False,48019.0,37763.87910399062
Denali NP & PRES,2024-10-01,2024,October,-0.6110157427667863,False,6405.0,37771.84842171965
Denali NP & PRES,2024-11-01,2024,November,-0.6886467902809081,False,2428.0,37780.083383372985
Denali NP & PRES,2024-12-01,2024,December,-0.6742312394764823,False,3176.0,37788.05270110199
Denali NP & PRES,2025-01-01,2025,January,-0.69235190618805,False,2254.0,37796.28766275532
Denali NP & PRES,2025-02-01,2025,February,-0.6680848188484366,False,3508.0,37804.52262440865
Denali NP & PRES,2025-03-01,2025,March,-0.571493685927036,False,8474.0,37811.96065428908
Denali NP & PRES,2025-04-01,2025,April,-0.5807900637667349,False,8005.0,37820.195615942386
Denali NP & PRES,2025-05-01,2025,May,0.09725876140149264,False,42821.0,37828.16493367142
Denali NP & PRES,2025-06-01,2025,June,1.6395178110326412,False,122002.0,37836.39989532475
Denali NP & PRES,2025-07-01,2025,July,2.2130971853844708,False,151455.0,37844.36921305375
Denali NP & PRES,2025-08-01,2025,August,2.044593494189853,False,142813.0,37852.604174707085
Dry Tortugas NP,2016-05-01,2016,May,0.22080790330364558,False,7095.0,6692.938682339911
Dry Tortugas NP,2016-06-01,2016,June,1.242120953039292,False,8969.0,6707.265797554341
Dry Tortugas NP,2016-07-01,2016,July,0.5331913182205436,False,7692.0,6721.130747761927
Dry Tortugas NP,2016-08-01,2016,August,0.05411831904115557,False,6834.0,6735.457862976415
Dry Tortugas NP,2016-09-01,2016,September,-0.23109074336404378,False,6329.0,6749.784978190844
Dry Tortugas NP,2016-10-01,2016,October,-1.327199062108516,False,4347.0,6763.64992839843
Dry Tortugas NP,2016-11-01,2016,November,-0.2833692378467245,False,6262.0,6777.977043612918
Dry Tortugas NP,2016-12-01,2016,December,-0.2657210019792962,False,6308.0,6791.841993820446
Dry Tortugas NP,2017-01-01,2017,January,-1.2709176595995963,False,4492.0,6806.169109034934
Dry Tortugas NP,2017-02-01,2017,February,-1.6039062191701299,False,3900.0,6820.496224249422
Dry Tortugas NP,2017-03-01,2017,March,0.20131268105554284,False,7200.0,6833.436844443146
Dry Tortugas NP,2017-04-01,2017,April,0.01770369882943408,False,6880.0,6847.7639596575755
Dry Tortugas NP,2017-05-01,2017,May,-0.5237231010994625,False,5908.0,6861.628909865161
Dry Tortugas NP,2017-06-01,2017,June,-0.7183158757773969,False,5568.0,6875.956025079649
Dry Tortugas NP,2017-07-01,2017,July,-0.6929789851937129,False,5628.0,6889.820975287177
Dry Tortugas NP,2017-08-01,2017,August,-1.4433516579324022,False,4276.0,6904.148090501665
Dry Tortugas NP,2017-09-01,2017,September,-3.7028974135475283,True,176.0,6918.475205716153
Dry Tortugas NP,2017-10-01,2017,October,-3.6792080918316135,True,233.0,6932.340155923681
Dry Tortugas NP,2017-11-01,2017,November,-1.058105671492265,False,5020.0,6946.667271138169
Dry Tortugas NP,2017-12-01,2017,December,-1.0767039507157554,False,5000.0,6960.532221345697
Dry Tortugas NP,2018-01-01,2018,January,-1.5041531253717135,False,4236.0,6974.859336560185
Dry Tortugas NP,2018-02-01,2018,February,-0.2829350530134559,False,6474.0,6989.186451774673
Dry Tortugas NP,2018-03-01,2018,March,-0.8200098931327634,False,5509.0,7002.127071968396
Dry Tortugas NP,2018-04-01,2018,April,-1.1579411593066038,False,4908.0,7016.454187182884
Dry Tortugas NP,2018-05-01,2018,May,-0.8470256649762871,False,5488.0,7030.319137390412
Dry Tortugas NP,2018-06-01,2018,June,-0.6538905661059081,False,5854.0,7044.6462526049
Dry Tortugas NP,2018-07-01,2018,July,-0.4923546491199838,False,6162.0,7058.511202812428
Dry Tortugas NP,2018-08-01,2018,August,-0.32338389364355075,False,6484.0,7072.838318026916
Dry Tortugas NP,2018-09-01,2018,September,-1.231373988065478,False,4845.0,7087.165433241404
Dry Tortugas NP,2018-10-01,2018,October,-3.5466832689590047,True,643.0,7101.030383448931
Dry Tortugas NP,2018-11-01,2018,November,-1.2051183665178027,False,4921.0,7115.357498663419
Dry Tortugas NP,2018-12-01,2018,December,-3.2090371314030137,True,1286.0,7129.222448871005
Dry Tortugas NP,2019-01-01,2019,January,-0.529720611069127,False,6179.0,7143.549564085435
Dry Tortugas NP,2019-02-01,2019,February,-0.12130318014359401,False,6937.0,7157.876679299923
Dry Tortugas NP,2019-03-01,2019,March,0.13520098437918437,False,7417.0,7170.817299493647
Dry Tortugas NP,2019-04-01,2019,April,0.2937371370264136,False,7720.0,7185.144414708135
Dry Tortugas NP,2019-05-01,2019,May,0.507995257780947,False,8124.0,7199.009364915662
Dry Tortugas NP,2019-06-01,2019,June,0.4545442161085601,False,8041.0,7213.33648013015
Dry Tortugas NP,2019-07-01,2019,July,0.25526255105303336,False,7692.0,7227.201430337736
Dry Tortugas NP,2019-08-01,2019,August,-0.320467821702106,False,6658.0,7241.528545552166
Dry Tortugas NP,2019-09-01,2019,September,-1.4069445434656787,False,4694.0,7255.855660766654
Dry Tortugas NP,2019-10-01,2019,October,-1.5584467113559033,False,4432.0,7269.72061097424
Dry Tortugas NP,2019-11-01,2019,November,-1.0698475955322453,False,5336.0,7284.04772618867
Dry Tortugas NP,2019-12-01,2019,December,-0.7292758615821178,False,5970.0,7297.912676396256
Dry Tortugas NP,2020-01-01,2020,January,-0.7695463523123524,False,5911.0,7312.239791610744
Dry Tortugas NP,2020-02-01,2020,February,-0.7439140883317935,False,5972.0,7326.566906825174
Dry Tortugas NP,2020-03-01,2020,March,-2.0133125115888895,False,3674.0,7339.9696920258575
Dry Tortugas NP,2020-04-01,2020,April,-3.929065563462845,True,200.0,7354.296807240287
Dry Tortugas NP,2020-05-01,2020,May,-3.8773675709948883,True,308.0,7368.161757447873
Dry Tortugas NP,2020-06-01,2020,June,-1.643993024203853,False,4389.0,7382.488872662361
Dry Tortugas NP,2020-07-01,2020,July,-1.9047839269893918,False,3928.0,7396.353822869889
Dry Tortugas NP,2020-08-01,2020,August,-1.8890370762154791,False,3971.0,7410.680938084377
Dry Tortugas NP,2020-09-01,2020,September,-1.6008921726370857,False,4510.0,7425.008053298865
Dry Tortugas NP,2020-10-01,2020,October,-1.1285149292654033,False,5384.0,7438.873003506393
Dry Tortugas NP,2020-11-01,2020,November,-1.9508314425633404,False,3901.0,7453.200118720881
Dry Tortugas NP,2020-12-01,2020,December,-0.5887670105963784,False,6395.0,7467.065068928408
Dry Tortugas NP,2021-01-01,2021,January,0.020653822196977135,False,7519.0,7481.392184142896
Dry Tortugas NP,2021-02-01,2021,February,-1.567782214613562,False,4641.0,7495.719299357384
Dry Tortugas NP,2021-03-01,2021,March,0.30004430258733406,False,8055.0,7508.659919551108
Dry Tortugas NP,2021-04-01,2021,April,-0.019214516418457363,False,7488.0,7522.987034765596
Dry Tortugas NP,2021-05-01,2021,May,-0.021886296586847098,False,7497.0,7536.851984973124
Dry Tortugas NP,2021-06-01,2021,June,0.34259596453151164,False,8175.0,7551.179100187612
Dry Tortugas NP,2021-07-01,2021,July,-0.3762190834938192,False,6880.0,7565.0440503951395
Dry Tortugas NP,2021-08-01,2021,August,-0.7168962977806081,False,6274.0,7579.3711656096275
Dry Tortugas NP,2021-09-01,2021,September,-0.8120857507698106,False,6115.0,7593.6982808241155
Dry Tortugas NP,2021-10-01,2021,October,-0.44954643191606386,False,6789.0,7607.563231031643
Dry Tortugas NP,2021-11-01,2021,November,-0.4887185434011191,False,6732.0,7621.890346246131
Dry Tortugas NP,2021-12-01,2021,December,0.00892142260965658,False,7652.0,7635.755296453717
Dry Tortugas NP,2022-01-01,2022,January,-0.5585711058066376,False,6633.0,7650.082411668147
Dry Tortugas NP,2022-02-01,2022,February,-0.7932547229336185,False,6220.0,7664.409526882635
Dry Tortugas NP,2022-03-01,2022,March,-0.08202155090658608,False,7528.0,7677.350147076359
Dry Tortugas NP,2022-04-01,2022,April,-0.07121740673598052,False,7562.0,7691.677262290847
Dry Tortugas NP,2022-05-01,2022,May,0.1348028696797077,False,7951.0,7705.542212498374
Dry Tortugas NP,2022-06-01,2022,June,-0.14271753800926812,False,7460.0,7719.869327712862
Dry Tortugas NP,2022-07-01,2022,July,-0.4858868841832906,False,6849.0,7733.734277920448
Dry Tortugas NP,2022-08-01,2022,August,-0.5618547003818224,False,6725.0,7748.061393134878
Dry Tortugas NP,2022-09-01,2022,September,-1.3210144070819465,False,5357.0,7762.388508349366
Dry Tortugas NP,2022-10-01,2022,October,-2.2919074918759716,False,3603.0,7776.253458556952
Dry Tortugas NP,2022-11-01,2022,November,-1.1865684298841046,False,5630.0,7790.580573771382
Dry Tortugas NP,2022-12-01,2022,December,-0.4582688223856637,False,6970.0,7804.445523978968
Dry Tortugas NP,2023-01-01,2023,January,-1.0230154026890417,False,5956.0,7818.772639193456
Dry Tortugas NP,2023-02-01,2023,February,-0.5129978915843859,False,6899.0,7833.0997544078855
Dry Tortugas NP,2023-03-01,2023,March,0.07851194271809646,False,7989.0,7846.040374601609
Dry Tortugas NP,2023-04-01,2023,April,-0.08422783384963647,False,7707.0,7860.367489816097
Dry Tortugas NP,2023-05-01,2023,May,0.7363356302439023,False,9215.0,7874.232440023625
Dry Tortugas NP,2023-06-01,2023,June,0.32151781690750686,False,8474.0,7888.559555238113
Dry Tortugas NP,2023-07-01,2023,July,-0.28965606509027897,False,7375.0,7902.424505445699
Dry Tortugas NP,2023-08-01,2023,August,-0.5561926803274612,False,6904.0,7916.751620660187
Dry Tortugas NP,2023-09-01,2023,September,-0.8507379663166851,False,6382.0,7931.0787358746165
Dry Tortugas NP,2023-10-01,2023,October,-1.7161866435734923,False,4820.0,7944.9436860822025
Dry Tortugas NP,2023-11-01,2023,November,-0.9952803173944319,False,6147.0,7959.2708012966905
Dry Tortugas NP,2023-12-01,2023,December,-0.8546136060669155,False,6417.0,7973.135751504218
Dry Tortugas NP,2024-01-01,2024,January,-0.17269974309172242,False,7673.0,7987.462866718706
Dry Tortugas NP,2024-02-01,2024,February,-0.49086018285233446,False,7108.0,8001.789981933194
Dry Tortugas NP,2024-03-01,2024,March,-0.029762105329320592,False,7961.0,8015.19276713382
Dry Tortugas NP,2024-04-01,2024,April,0.09033077373663105,False,8194.0,8029.519882348308
Dry Tortugas NP,2024-05-01,2024,May,0.27383427562614243,False,8542.0,8043.384832555836
Dry Tortugas NP,2024-06-01,2024,June,0.1467918245267386,False,8325.0,8057.711947770324
Dry Tortugas NP,2024-07-01,2024,July,-0.12992557731390084,False,7835.0,8071.576897977851
Dry Tortugas NP,2024-08-01,2024,August,-1.6041301726257868,False,5165.0,8085.904013192339
Dry Tortugas NP,2024-09-01,2024,September,-1.3236739237636488,False,5690.0,8100.231128406827
Dry Tortugas NP,2024-10-01,2024,October,-2.1012522614060756,False,4288.0,8114.096078614355
Dry Tortugas NP,2024-11-01,2024,November,-0.8520255182957441,False,6577.0,8128.423193828843
Dry Tortugas NP,2024-12-01,2024,December,-0.3445001390783542,False,7515.0,8142.288144036429
Dry Tortugas NP,2025-01-01,2025,January,-0.5357977760207184,False,7181.0,8156.615259250859
Dry Tortugas NP,2025-02-01,2025,February,-0.4514022224230959,False,7349.0,8170.942374465347
Dry Tortugas NP,2025-03-01,2025,March,-0.25750567487554094,False,7715.0,8183.88299465907
Dry Tortugas NP,2025-04-01,2025,April,0.014712729647751721,False,8225.0,8198.210109873558
Dry Tortugas NP,2025-05-01,2025,May,0.9885000984438108,False,10012.0,8212.075060081086
Dry Tortugas NP,2025-06-01,2025,June,-0.11225555350709343,False,8022.0,8226.402175295574
Dry Tortugas NP,2025-07-01,2025,July,0.0025992455587081037,False,8245.0,8240.267125503102
Dry Tortugas NP,2025-08-01,2025,August,-0.5368846121055445,False,7277.0,8254.59424071759
Everglades NP,2016-05-01,2016,May,-0.6097319328079123,False,73548.0,94788.43489703746
Everglades NP,2016-06-01,2016,June,-0.8828716974378119,False,64110.0,94865.44809586438
Everglades NP,2016-07-01,2016,July,-1.2020996988505168,False,53064.0,94939.976997955
Everglades NP,2016-08-01,2016,August,-1.3683089104705886,False,47351.0,95016.99019678193
Everglades NP,2016-09-01,2016,September,-1.4451844627707715,False,44750.0,95094.00339560886
Everglades NP,2016-10-01,2016,October,-1.1358617558067798,False,55600.0,95168.53229769948
Everglades NP,2016-11-01,2016,November,-0.7512853243128795,False,69074.0,95245.54549652664
Everglades NP,2016-12-01,2016,December,-0.23530676469982686,False,87123.0,95320.07439861726
Everglades NP,2017-01-01,2017,January,2.8362550502515123,False,194200.0,95397.08759744419
Everglades NP,2017-02-01,2017,February,0.7225892891711067,False,120646.0,95474.10079627112
Everglades NP,2017-03-01,2017,March,0.8977670746499257,False,126818.0,95543.66110488912
Everglades NP,2017-04-01,2017,April,0.09456753516728106,False,98915.0,95620.67430371605
Everglades NP,2017-05-01,2017,May,-0.6141747410884727,False,74300.0,95695.20320580667
Everglades NP,2017-06-01,2017,June,-0.7697339566906527,False,68958.0,95772.2164046336
Everglades NP,2017-07-01,2017,July,-1.246472815650989,False,52425.0,95846.74530672422
Everglades NP,2017-08-01,2017,August,-0.31188580813874484,False,85059.0,95923.75850555114
Everglades NP,2017-09-01,2017,September,-2.2474870805426503,False,17708.0,96000.77170437807
Everglades NP,2017-10-01,2017,October,-1.5358184323744306,False,42574.0,96075.30060646869
Everglades NP,2017-11-01,2017,November,-1.336540449116353,False,49593.0,96152.31380529585
Everglades NP,2017-12-01,2017,December,-0.2545045539863072,False,87361.0,96226.84270738647
Everglades NP,2018-01-01,2018,January,-1.7899415555292724,False,33950.0,96303.8559062134
Everglades NP,2018-02-01,2018,February,-0.8480918822689781,False,66837.0,96380.86910504033
Everglades NP,2018-03-01,2018,March,-1.4764290254607892,False,45018.0,96450.42941365833
Everglades NP,2018-04-01,2018,April,-1.7450619184604759,False,35737.0,96527.44261248526
Everglades NP,2018-05-01,2018,May,-1.8805990182060963,False,31090.0,96601.97151457588
Everglades NP,2018-06-01,2018,June,-1.8940913057960245,False,30697.0,96678.98471340281
Everglades NP,2018-07-01,2018,July,-1.725256686464274,False,36653.0,96753.51361549343
Everglades NP,2018-08-01,2018,August,-2.006147122050591,False,26945.0,96830.52681432036
Everglades NP,2018-09-01,2018,September,-1.707000308209636,False,37443.0,96907.54001314729
Everglades NP,2018-10-01,2018,October,-1.0926169336388143,False,58920.0,96982.0689152379
Everglades NP,2018-11-01,2018,November,-0.646322196380852,False,74544.0,97059.08211406507
Everglades NP,2018-12-01,2018,December,0.6360254836894838,False,119290.0,97133.61101615569
Everglades NP,2019-01-01,2019,January,-0.32646469704189535,False,85838.0,97210.62421498261
Everglades NP,2019-02-01,2019,February,-0.009606164756091487,False,96953.0,97287.63741380954
Everglades NP,2019-03-01,2019,March,1.4210080785299275,False,146859.0,97357.19772242755
Everglades NP,2019-04-01,2019,April,0.9715261965471759,False,131278.0,97434.21092125447
Everglades NP,2019-05-01,2019,May,-0.576240563835089,False,77435.0,97508.7398233451
Everglades NP,2019-06-01,2019,June,-0.8416296575085717,False,68267.0,97585.75302217202
Everglades NP,2019-07-01,2019,July,-0.9836543559066006,False,63394.0,97660.28192426264
Everglades NP,2019-08-01,2019,August,-0.5040891459134932,False,80177.0,97737.29512308957
Everglades NP,2019-09-01,2019,September,-1.0720414687745161,False,60469.0,97814.3083219165
Everglades NP,2019-10-01,2019,October,-0.7942094508445597,False,70222.0,97888.83722400712
Everglades NP,2019-11-01,2019,November,0.16296932719619708,False,103643.0,97965.85042283428
Everglades NP,2019-12-01,2019,December,1.0255177033160026,False,133765.0,98040.3793249249
Everglades NP,2020-01-01,2020,January,-0.07126002828248414,False,95635.0,98117.39252375183
Everglades NP,2020-02-01,2020,February,1.946267948973589,False,165994.0,98194.40572257875
Everglades NP,2020-03-01,2020,March,0.047380990390416,False,99917.0,98266.45032793307
Everglades NP,2020-04-01,2020,April,-2.6857356172400784,False,4784.0,98343.46352676
Everglades NP,2020-05-01,2020,May,-2.1234539752096153,False,24446.0,98417.99242885062
Everglades NP,2020-06-01,2020,June,-0.8222602314588441,False,69851.0,98495.00562767754
Everglades NP,2020-07-01,2020,July,-1.5805780956469395,False,43509.0,98569.53452976816
Everglades NP,2020-08-01,2020,August,-1.485101690827389,False,46912.0,98646.54772859509
Everglades NP,2020-09-01,2020,September,-2.2574420774280095,False,20084.0,98723.56092742225
Everglades NP,2020-10-01,2020,October,-2.2391714179718423,False,20795.0,98798.08982951287
Everglades NP,2020-11-01,2020,November,-1.9538035747200737,False,30813.0,98875.1030283398
Everglades NP,2020-12-01,2020,December,-0.5560570159653062,False,79579.0,98949.63193043042
Everglades NP,2021-01-01,2021,January,0.7033405169982679,False,123528.0,99026.64512925735
Everglades NP,2021-02-01,2021,February,-0.15190334264728095,False,93812.0,99103.65832808428
Everglades NP,2021-03-01,2021,March,-0.49251835622365386,False,82016.0,99173.21863670228
Everglades NP,2021-04-01,2021,April,-0.1308207571455409,False,94693.0,99250.23183552921
Everglades NP,2021-05-01,2021,May,-0.1060050866595105,False,95632.0,99324.76073761983
Everglades NP,2021-06-01,2021,June,-0.06630480653743541,False,97092.0,99401.77393644676
Everglades NP,2021-07-01,2021,July,-0.7207062675320872,False,74370.0,99476.30283853738
Everglades NP,2021-08-01,2021,August,-1.2165199381209766,False,57175.0,99553.3160373643
Everglades NP,2021-09-01,2021,September,-1.5776154650118528,False,44673.0,99630.32923619146
Everglades NP,2021-10-01,2021,October,-1.421870867739829,False,50173.0,99704.85813828208
Everglades NP,2021-11-01,2021,November,-1.1143705529791805,False,60962.0,99781.87133710901
Everglades NP,2021-12-01,2021,December,-0.914361012689397,False,68004.0,99856.40023919963
Everglades NP,2022-01-01,2022,January,1.1368967363214542,False,139538.0,99933.41343802656
Everglades NP,2022-02-01,2022,February,1.6319058758499407,False,156859.0,100010.42663685349
Everglades NP,2022-03-01,2022,March,1.0458242424649664,False,136512.0,100079.9869454715
Everglades NP,2022-04-01,2022,April,0.9189999217789845,False,132171.0,100157.00014429842
Everglades NP,2022-05-01,2022,May,-0.2625332828182103,False,91086.0,100231.52904638904
Everglades NP,2022-06-01,2022,June,-0.4333067784459498,False,85214.0,100308.54224521597
Everglades NP,2022-07-01,2022,July,-0.5629304033137112,False,80773.0,100383.07114730659
Everglades NP,2022-08-01,2022,August,-0.3966645370922183,False,86642.0,100460.08434613352
Everglades NP,2022-09-01,2022,September,-1.1333231311045926,False,61057.0,100537.09754496068
Everglades NP,2022-10-01,2022,October,-1.6194489137788117,False,44197.0,100611.6264470513
Everglades NP,2022-11-01,2022,November,-1.02950840812858,False,64825.0,100688.63964587823
Everglades NP,2022-12-01,2022,December,-0.7016989156240971,False,76319.0,100763.16854796885
Everglades NP,2023-01-01,2023,January,-0.18249045899835292,False,94483.0,100840.18174679577
Everglades NP,2023-02-01,2023,February,-0.1502537879454202,False,95683.0,100917.1949456227
Everglades NP,2023-03-01,2023,March,0.013183166343863436,False,101446.0,100986.7552542407
Everglades NP,2023-04-01,2023,April,-0.7804572122925335,False,73876.0,101063.76845306763
Everglades NP,2023-05-01,2023,May,-1.3954450761643682,False,52527.0,101138.29735515825
Everglades NP,2023-06-01,2023,June,-1.4267064945766004,False,51515.0,101215.31055398518
Everglades NP,2023-07-01,2023,July,-1.207004508819772,False,59243.0,101289.8394560758
Everglades NP,2023-08-01,2023,August,-1.2917168506425547,False,56369.0,101366.85265490273
Everglades NP,2023-09-01,2023,September,-1.6392056440766098,False,44341.0,101443.86585372989
Everglades NP,2023-10-01,2023,October,-1.7843880232346538,False,39358.0,101518.39475582028
Everglades NP,2023-11-01,2023,November,-1.094004563227009,False,63485.0,101595.40795464744
Everglades NP,2023-12-01,2023,December,-0.6834064224325009,False,77863.0,101669.93685673806
Everglades NP,2024-01-01,2024,January,-1.038071763048417,False,65585.0,101746.95005556499
Everglades NP,2024-02-01,2024,February,-0.5145860843022797,False,83898.0,101823.96325439191
Everglades NP,2024-03-01,2024,March,-0.15776943886953917,False,96400.0,101896.00785974623
Everglades NP,2024-04-01,2024,April,-1.239131947121374,False,58807.0,101973.02105857315
Everglades NP,2024-05-01,2024,May,-1.6703714969486694,False,43859.0,102047.54996066377
Everglades NP,2024-06-01,2024,June,-1.389969824346753,False,53704.0,102124.5631594907
Everglades NP,2024-07-01,2024,July,-1.0408316336177597,False,65941.0,102199.09206158132
Everglades NP,2024-08-01,2024,August,-1.308459810011985,False,56695.0,102276.10526040825
Everglades NP,2024-09-01,2024,September,-1.8557149708005083,False,37708.0,102353.11845923541
Everglades NP,2024-10-01,2024,October,-1.8470321783793164,False,38085.0,102427.64736132603
Everglades NP,2024-11-01,2024,November,-1.2130563792211446,False,60247.0,102504.66056015296
Everglades NP,2024-12-01,2024,December,-0.6179061510977281,False,81054.0,102579.18946224358
Everglades NP,2025-01-01,2025,January,-0.3650624196741836,False,89939.0,102656.2026610705
Everglades NP,2025-02-01,2025,February,-0.425058733002614,False,87926.0,102733.21585989743
Everglades NP,2025-03-01,2025,March,-0.10867520517336693,False,99017.0,102802.77616851544
Everglades NP,2025-04-01,2025,April,-0.5377182807821596,False,84148.0,102879.78936734237
Everglades NP,2025-05-01,2025,May,-1.1839097718007547,False,61712.0,102954.31826943299
Everglades NP,2025-06-01,2025,June,-1.2568238700565468,False,59249.0,103031.33146825992
Everglades NP,2025-07-01,2025,July,-0.9473863383376454,False,70103.0,103105.86037035054
Everglades NP,2025-08-01,2025,August,-2.164328175949324,False,27787.0,103182.87356917746
Gates of the Arctic NP & PRES,2016-09-01,2016,September,-0.06986159436686275,False,1027.0,1095.5425121296357
Gates of the Arctic NP & PRES,2016-10-01,2016,October,-1.0897444418721238,False,29.0,1098.1685797061873
Gates of the Arctic NP & PRES,2016-11-01,2016,November,-1.103721959644312,False,18.0,1100.8821828686268
Gates of the Arctic NP & PRES,2016-12-01,2016,December,-1.002435602580602,False,120.0,1103.5082504451857
Gates of the Arctic NP & PRES,2017-01-01,2017,January,-0.9257003392558456,False,198.0,1106.2218536076252
Gates of the Arctic NP & PRES,2017-02-01,2017,February,-1.008986498765025,False,119.0,1108.9354567700648
Gates of the Arctic NP & PRES,2017-03-01,2017,March,-0.8473862621777036,False,280.0,1111.3864531748477
Gates of the Arctic NP & PRES,2017-04-01,2017,April,-0.977557679332495,False,155.0,1114.1000563372872
Gates of the Arctic NP & PRES,2017-05-01,2017,May,-0.7763853385889959,False,355.0,1116.7261239138388
Gates of the Arctic NP & PRES,2017-06-01,2017,June,1.2685115011200307,False,2364.0,1119.4397270762784
Gates of the Arctic NP & PRES,2017-07-01,2017,July,2.0618650308222284,False,3145.0,1122.0657946528372
Gates of the Arctic NP & PRES,2017-08-01,2017,August,2.4545661608891516,False,3533.0,1124.7793978152768
Gates of the Arctic NP & PRES,2017-09-01,2017,September,-0.11669638803173385,False,1013.0,1127.4930009777163
Gates of the Arctic NP & PRES,2017-10-01,2017,October,-1.136579235536995,False,15.0,1130.1190685542679
Gates of the Arctic NP & PRES,2017-11-01,2017,November,-1.1546337322348885,False,0.0,1132.8326717167074
Gates of the Arctic NP & PRES,2017-12-01,2017,December,-1.1573103377766658,False,0.0,1135.4587392932663
Gates of the Arctic NP & PRES,2018-01-01,2018,January,-1.144787492531769,False,15.0,1138.1723424557058
Gates of the Arctic NP & PRES,2018-02-01,2018,February,-1.1628419892296624,False,0.0,1140.8859456181453
Gates of the Arctic NP & PRES,2018-03-01,2018,March,-0.8799516296026059,False,280.0,1143.3369420229283
Gates of the Arctic NP & PRES,2018-04-01,2018,April,-1.0101230467573972,False,155.0,1146.0505451853678
Gates of the Arctic NP & PRES,2018-05-01,2018,May,-0.9404332763678966,False,226.0,1148.6766127619194
Gates of the Arctic NP & PRES,2018-06-01,2018,June,0.8129595701531959,False,1949.0,1151.390215924359
Gates of the Arctic NP & PRES,2018-07-01,2018,July,1.6746024968609583,False,2797.0,1154.0162835009178
Gates of the Arctic NP & PRES,2018-08-01,2018,August,1.858358456985481,False,2980.0,1156.7298866633573
Gates of the Arctic NP & PRES,2018-09-01,2018,September,-0.006567493056947959,False,1153.0,1159.4434898257969
Gates of the Arctic NP & PRES,2018-10-01,2018,October,-1.1477404636019441,False,36.0,1162.0695574023484
Gates of the Arctic NP & PRES,2018-11-01,2018,November,-1.1871990996597908,False,0.0,1164.783160564788
Gates of the Arctic NP & PRES,2018-12-01,2018,December,-1.189875705201568,False,0.0,1167.4092281413468
Gates of the Arctic NP & PRES,2019-01-01,2019,January,-1.1926415309280665,False,0.0,1170.1228313037864
Gates of the Arctic NP & PRES,2019-02-01,2019,February,-1.1954073566545647,False,0.0,1172.836434466226
Gates of the Arctic NP & PRES,2019-03-01,2019,March,-1.122481411701335,False,74.0,1175.2874308710088
Gates of the Arctic NP & PRES,2019-04-01,2019,April,-1.1079200769935857,False,91.0,1178.0010340334484
Gates of the Arctic NP & PRES,2019-05-01,2019,May,-0.7406108450275924,False,454.0,1180.62710161
Gates of the Arctic NP & PRES,2019-06-01,2019,June,-0.5466624375888138,False,647.0,1183.3407047724468
Gates of the Arctic NP & PRES,2019-07-01,2019,July,1.698095589664505,False,2852.0,1185.9667723489983
Gates of the Arctic NP & PRES,2019-08-01,2019,August,4.291346094880905,True,5399.0,1188.680375511438
Gates of the Arctic NP & PRES,2019-09-01,2019,September,-0.2297316252585766,False,966.0,1191.3939786738774
Gates of the Arctic NP & PRES,2019-10-01,2019,October,-1.1813250757582727,False,35.0,1194.020046250429
Gates of the Arctic NP & PRES,2019-11-01,2019,November,-1.2197644670846932,False,0.0,1196.7336494128685
Gates of the Arctic NP & PRES,2019-12-01,2019,December,-1.2224410726264703,False,0.0,1199.3597169894274
Gates of the Arctic NP & PRES,2020-01-01,2020,January,-1.2252068983529687,False,0.0,1202.073320151867
Gates of the Arctic NP & PRES,2020-02-01,2020,February,-1.227972724079467,False,0.0,1204.7869233143065
Gates of the Arctic NP & PRES,2020-03-01,2020,March,-1.2305601094365155,False,0.0,1207.3254553049774
Gates of the Arctic NP & PRES,2020-04-01,2020,April,-1.233325935163014,False,0.0,1210.039058467417
Gates of the Arctic NP & PRES,2020-05-01,2020,May,-1.2360025407047837,False,0.0,1212.6651260439685
Gates of the Arctic NP & PRES,2020-06-01,2020,June,-1.2336721427741504,False,5.0,1215.378729206408
Gates of the Arctic NP & PRES,2020-07-01,2020,July,-0.040774678352825805,False,1178.0,1218.0047967829669
Gates of the Arctic NP & PRES,2020-08-01,2020,August,-0.026213343645076322,False,1195.0,1220.7183999454064
Gates of the Arctic NP & PRES,2020-09-01,2020,September,-0.7607968865356897,False,477.0,1223.432003107846
Gates of the Arctic NP & PRES,2020-10-01,2020,October,-1.2323260685335777,False,17.0,1226.0580706843975
Gates of the Arctic NP & PRES,2020-11-01,2020,November,-1.252419054694324,False,0.0,1228.771673846837
Gates of the Arctic NP & PRES,2020-12-01,2020,December,-1.2550956602361012,False,0.0,1231.397741423396
Gates of the Arctic NP & PRES,2021-01-01,2021,January,-1.2578614859625996,False,0.0,1234.1113445858355
Gates of the Arctic NP & PRES,2021-02-01,2021,February,-1.2606273116890978,False,0.0,1236.824947748275
Gates of the Arctic NP & PRES,2021-03-01,2021,March,-1.2631254768614177,False,0.0,1239.275944153058
Gates of the Arctic NP & PRES,2021-04-01,2021,April,-1.2658913025879162,False,0.0,1241.9895473154975
Gates of the Arctic NP & PRES,2021-05-01,2021,May,-1.0626804723815644,False,202.0,1244.615614892049
Gates of the Arctic NP & PRES,2021-06-01,2021,June,0.44711288332863186,False,1686.0,1247.3292180544886
Gates of the Arctic NP & PRES,2021-07-01,2021,July,1.1263110031110788,False,2355.0,1249.9552856310474
Gates of the Arctic NP & PRES,2021-08-01,2021,August,0.9614852650877919,False,2196.0,1252.668888793487
Gates of the Arctic NP & PRES,2021-09-01,2021,September,-0.3387791037444426,False,923.0,1255.3824919559265
Gates of the Arctic NP & PRES,2021-10-01,2021,October,-1.282218596392728,False,0.0,1258.008559532478
Gates of the Arctic NP & PRES,2021-11-01,2021,November,-1.2849844221192264,False,0.0,1260.7221626949176
Gates of the Arctic NP & PRES,2021-12-01,2021,December,-1.2876610276610034,False,0.0,1263.3482302714765
Gates of the Arctic NP & PRES,2022-01-01,2022,January,-1.2904268533875018,False,0.0,1266.061833433916
Gates of the Arctic NP & PRES,2022-02-01,2022,February,-1.2931926791140003,False,0.0,1268.7754365963556
Gates of the Arctic NP & PRES,2022-03-01,2022,March,-1.2956908442863202,False,0.0,1271.2264330011385
Gates of the Arctic NP & PRES,2022-04-01,2022,April,-1.2984566700128184,False,0.0,1273.940036163578
Gates of the Arctic NP & PRES,2022-05-01,2022,May,-0.9566285563324838,False,338.0,1276.5661037401296
Gates of the Arctic NP & PRES,2022-06-01,2022,June,0.9527087340968393,False,2214.0,1279.2797069025692
Gates of the Arctic NP & PRES,2022-07-01,2022,July,1.358749265857026,False,2615.0,1281.905774479128
Gates of the Arctic NP & PRES,2022-08-01,2022,August,1.8757982531579631,False,3125.0,1284.6193776415676
Gates of the Arctic NP & PRES,2022-09-01,2022,September,-0.12468724616416957,False,1165.0,1287.332980804007
Gates of the Arctic NP & PRES,2022-10-01,2022,October,-1.3147839638176302,False,0.0,1289.9590483805587
Gates of the Arctic NP & PRES,2022-11-01,2022,November,-1.3175497895441286,False,0.0,1292.6726515429982
Gates of the Arctic NP & PRES,2022-12-01,2022,December,-1.3202263950859057,False,0.0,1295.298719119557
Gates of the Arctic NP & PRES,2023-01-01,2023,January,-1.322992220812404,False,0.0,1298.0123222819966
Gates of the Arctic NP & PRES,2023-02-01,2023,February,-1.3257580465389025,False,0.0,1300.7259254444361
Gates of the Arctic NP & PRES,2023-03-01,2023,March,-1.3282562117112224,False,0.0,1303.176921849219
Gates of the Arctic NP & PRES,2023-04-01,2023,April,-1.3310220374377206,False,0.0,1305.8905250116586
Gates of the Arctic NP & PRES,2023-05-01,2023,May,-1.0534063418372532,False,275.0,1308.5165925882175
Gates of the Arctic NP & PRES,2023-06-01,2023,June,1.4644200532535971,False,2748.0,1311.230195750657
Gates of the Arctic NP & PRES,2023-07-01,2023,July,2.011116357950627,False,3287.0,1313.8562633272086
Gates of the Arctic NP & PRES,2023-08-01,2023,August,2.121486697412453,False,3398.0,1316.5698664896481
Gates of the Arctic NP & PRES,2023-09-01,2023,September,0.018057480216259327,False,1337.0,1319.2834696520877
Gates of the Arctic NP & PRES,2023-10-01,2023,October,-1.34734933124254,False,0.0,1321.9095372286465
Gates of the Arctic NP & PRES,2023-11-01,2023,November,-1.3501151569690382,False,0.0,1324.623140391086
Gates of the Arctic NP & PRES,2023-12-01,2023,December,-1.352791762510808,False,0.0,1327.2492079676376
Gates of the Arctic NP & PRES,2024-01-01,2024,January,-1.3555575882373063,False,0.0,1329.9628111300772
Gates of the Arctic NP & PRES,2024-02-01,2024,February,-1.3583234139638047,False,0.0,1332.6764142925167
Gates of the Arctic NP & PRES,2024-03-01,2024,March,-1.3609107993208533,False,0.0,1335.2149462831876
Gates of the Arctic NP & PRES,2024-04-01,2024,April,-1.3636766250473515,False,0.0,1337.9285494456271
Gates of the Arctic NP & PRES,2024-05-01,2024,May,-0.9973866378127847,False,362.0,1340.5546170221787
Gates of the Arctic NP & PRES,2024-06-01,2024,June,1.8078667715402947,False,3117.0,1343.2682201846183
Gates of the Arctic NP & PRES,2024-07-01,2024,July,2.433044920557146,False,3733.0,1345.894287761177
Gates of the Arctic NP & PRES,2024-08-01,2024,August,1.8798869398604212,False,3193.0,1348.6078909236167
Gates of the Arctic NP & PRES,2024-09-01,2024,September,0.15357827329197518,False,1502.0,1351.3214940860562
Gates of the Arctic NP & PRES,2024-10-01,2024,October,-1.3800039188521633,False,0.0,1353.9475616626078
Gates of the Arctic NP & PRES,2024-11-01,2024,November,-1.3827697445786618,False,0.0,1356.6611648250473
Gates of the Arctic NP & PRES,2024-12-01,2024,December,-1.3854463501204388,False,0.0,1359.2872324016062
Gates of the Arctic NP & PRES,2025-05-01,2025,May,-1.029952005237687,False,362.0,1372.5051058702593
Gates of the Arctic NP & PRES,2025-06-01,2025,June,1.7753014041153923,False,3117.0,1375.2187090326988
Gates of the Arctic NP & PRES,2025-07-01,2025,July,2.4004795531322434,False,3733.0,1377.8447766092577
Gates of the Arctic NP & PRES,2025-08-01,2025,August,1.847321572435519,False,3193.0,1380.5583797716972
Gateway Arch NP,2016-05-01,2016,May,-0.3619948989781703,False,138336.0,213869.89010018084
Gateway Arch NP,2016-06-01,2016,June,-0.031512634192358384,False,207288.0,213863.4292521021
Gateway Arch NP,2016-07-01,2016,July,0.24343333650394405,False,264652.0,213857.17681847754
Gateway Arch NP,2016-08-01,2016,August,-0.1936389222976238,False,173446.0,213850.7159703988
Gateway Arch NP,2016-09-01,2016,September,-0.4462389179470207,False,120732.0,213844.2551223201
Gateway Arch NP,2016-10-01,2016,October,-0.4505317731060753,False,119830.0,213838.00268869553
Gateway Arch NP,2016-11-01,2016,November,-0.626356187967314,False,83136.0,213831.5418406168
Gateway Arch NP,2016-12-01,2016,December,-0.8695255755111969,False,32390.0,213825.28940699223
Gateway Arch NP,2017-01-01,2017,January,-0.8801674720812094,False,30163.0,213818.82855891352
Gateway Arch NP,2017-02-01,2017,February,-0.8798010347516962,False,30233.0,213812.36771083478
Gateway Arch NP,2017-03-01,2017,March,-0.6693495080596239,False,74140.0,213806.5321061185
Gateway Arch NP,2017-04-01,2017,April,-0.5859772617881074,False,91530.0,213800.0712580398
Gateway Arch NP,2017-05-01,2017,May,-0.44569048391238314,False,120796.0,213793.8188244152
Gateway Arch NP,2017-06-01,2017,June,-0.12939396938455816,False,186788.0,213787.3579763365
Gateway Arch NP,2017-07-01,2017,July,0.1521656281212111,False,245532.0,213781.10554271194
Gateway Arch NP,2017-08-01,2017,August,0.017556568739258278,False,217438.0,213774.6446946332
Gateway Arch NP,2017-09-01,2017,September,-0.445519703879822,False,120806.0,213768.1838465545
Gateway Arch NP,2017-10-01,2017,October,-0.4705640112743774,False,115574.0,213761.93141292993
Gateway Arch NP,2017-11-01,2017,November,-0.6023502980543187,False,88069.0,213755.4705648512
Gateway Arch NP,2017-12-01,2017,December,-0.6547980243594039,False,77119.0,213749.21813122663
Gateway Arch NP,2018-01-01,2018,January,-0.8318445224354354,False,40170.0,213742.7572831479
Gateway Arch NP,2018-02-01,2018,February,-0.7747925938723185,False,52068.0,213736.29643506918
Gateway Arch NP,2018-03-01,2018,March,-0.37028863012073876,False,136466.0,213730.4608303529
Gateway Arch NP,2018-04-01,2018,April,-0.4651488338811572,False,116666.0,213723.9999822742
Gateway Arch NP,2018-05-01,2018,May,-0.3364119405060236,False,143522.0,213717.7475486496
Gateway Arch NP,2018-06-01,2018,June,-0.005987185518555003,False,212462.0,213711.2867005709
Gateway Arch NP,2018-07-01,2018,July,2.018943608895444,False,634978.0,213705.03426694634
Gateway Arch NP,2018-08-01,2018,August,0.1341196866024219,False,241684.0,213698.5734188676
Gateway Arch NP,2018-09-01,2018,September,-0.284252302771219,False,154380.0,213692.1125707889
Gateway Arch NP,2018-10-01,2018,October,-0.3481684413625752,False,141037.0,213685.8601371643
Gateway Arch NP,2018-11-01,2018,November,-0.5924391012186001,False,90061.0,213679.3992890856
Gateway Arch NP,2018-12-01,2018,December,-0.7715281959585841,False,52686.0,213673.14685546103
Gateway Arch NP,2019-01-01,2019,January,-0.9331189357298834,False,18962.0,213666.6860073823
Gateway Arch NP,2019-02-01,2019,February,-0.7775527226048827,False,51416.0,213660.22515930358
Gateway Arch NP,2019-03-01,2019,March,-0.23682721651106795,False,164238.0,213654.3895545873
Gateway Arch NP,2019-04-01,2019,April,-0.3610605497752704,False,138309.0,213647.9287065086
Gateway Arch NP,2019-05-01,2019,May,-0.22849446232711945,False,165964.0,213641.676272884
Gateway Arch NP,2019-06-01,2019,June,0.3954459259544029,False,296149.0,213635.2154248053
Gateway Arch NP,2019-07-01,2019,July,1.774354778129768,False,583866.0,213628.9629911807
Gateway Arch NP,2019-08-01,2019,August,-0.02215805632409166,False,208999.0,213622.502143102
Gateway Arch NP,2019-09-01,2019,September,-0.4114444651856644,False,127764.0,213616.0412950233
Gateway Arch NP,2019-10-01,2019,October,-0.4353481615797465,False,122770.0,213609.7888613987
Gateway Arch NP,2019-11-01,2019,November,-0.5835678732362543,False,91836.0,213603.32801332
Gateway Arch NP,2019-12-01,2019,December,-0.6161267942809865,False,85036.0,213597.07557969543
Gateway Arch NP,2020-01-01,2020,January,-0.7756040489631735,False,51753.0,213590.6147316167
Gateway Arch NP,2020-02-01,2020,February,-0.7218733112543758,False,62958.0,213584.15388353798
Gateway Arch NP,2020-03-01,2020,March,-0.7642386517393909,False,54112.0,213578.10986436755
Gateway Arch NP,2020-04-01,2020,April,-0.8797640430377954,False,30000.0,213571.64901628884
Gateway Arch NP,2020-05-01,2020,May,-0.8749415951594544,False,31000.0,213565.39658266425
Gateway Arch NP,2020-06-01,2020,June,-0.7795162536518442,False,50905.0,213558.93573458554
Gateway Arch NP,2020-07-01,2020,July,-0.8617109231499444,False,33748.0,213552.68330096098
Gateway Arch NP,2020-08-01,2020,August,-0.8719262887155781,False,31610.0,213546.22245288224
Gateway Arch NP,2020-09-01,2020,September,-0.8693265542170712,False,32146.0,213539.76160480353
Gateway Arch NP,2020-10-01,2020,October,-0.8107036899886761,False,44372.0,213533.50917117894
Gateway Arch NP,2020-11-01,2020,November,-0.8609171203019984,False,33888.0,213527.04832310023
Gateway Arch NP,2020-12-01,2020,December,-0.8817775898670869,False,29529.0,213520.79588947567
Gateway Arch NP,2021-01-01,2021,January,-0.9033271781895242,False,25026.0,213514.33504139693
Gateway Arch NP,2021-02-01,2021,February,-0.9213542913634413,False,21258.0,213507.87419331822
Gateway Arch NP,2021-03-01,2021,March,-0.7115737123187061,False,65025.0,213502.03858860195
Gateway Arch NP,2021-04-01,2021,April,-0.7276502848321501,False,61664.0,213495.57774052324
Gateway Arch NP,2021-05-01,2021,May,-0.6533943404207981,False,77152.0,213489.32530689865
Gateway Arch NP,2021-06-01,2021,June,-0.459521809116038,False,117599.0,213482.86445881994
Gateway Arch NP,2021-07-01,2021,July,0.7192529448250273,False,363556.0,213476.61202519535
Gateway Arch NP,2021-08-01,2021,August,-0.45693524228321325,False,118126.0,213470.15117711664
Gateway Arch NP,2021-09-01,2021,September,-0.6451434337210188,False,78848.0,213463.69032903793
Gateway Arch NP,2021-10-01,2021,October,-0.6188602460942775,False,84326.0,213457.43789541334
Gateway Arch NP,2021-11-01,2021,November,-0.6958780349187212,False,68249.0,213450.97704733463
Gateway Arch NP,2021-12-01,2021,December,-0.7150036255671235,False,64252.0,213444.72461371007
Gateway Arch NP,2022-01-01,2022,January,-0.8410628949287221,False,37942.0,213438.26376563133
Gateway Arch NP,2022-02-01,2022,February,-0.8360812962821681,False,38975.0,213431.80291755262
Gateway Arch NP,2022-03-01,2022,March,-0.5093641272729476,False,107142.0,213425.96731283635
Gateway Arch NP,2022-04-01,2022,April,-0.5304248823094679,False,102741.0,213419.50646475764
Gateway Arch NP,2022-05-01,2022,May,-0.4866347535704206,False,111872.0,213413.25403113305
Gateway Arch NP,2022-06-01,2022,June,-0.2430833414635352,False,162685.0,213406.79318305434
Gateway Arch NP,2022-07-01,2022,July,1.5802708172743896,False,543140.0,213400.54074942975
Gateway Arch NP,2022-08-01,2022,August,-0.2877698288688122,False,153348.0,213394.07990135104
Gateway Arch NP,2022-09-01,2022,September,-0.5015171632541893,False,108741.0,213387.61905327233
Gateway Arch NP,2022-10-01,2022,October,-0.4884037194480383,False,111471.0,213381.36661964774
Gateway Arch NP,2022-11-01,2022,November,-0.6364365242599307,False,80576.0,213374.90577156903
Gateway Arch NP,2022-12-01,2022,December,-0.7343409536721119,False,60141.0,213368.65333794444
Gateway Arch NP,2023-01-01,2023,January,-0.6324409673676977,False,81397.0,213362.19248986573
Gateway Arch NP,2023-02-01,2023,February,-0.5659190920107358,False,95271.0,213355.73164178702
Gateway Arch NP,2023-03-01,2023,March,-0.03720834128745222,False,205586.0,213349.89603707075
Gateway Arch NP,2023-04-01,2023,April,-0.059170083164682565,False,200997.0,213343.43518899204
Gateway Arch NP,2023-05-01,2023,May,-0.0013188087307253733,False,213062.0,213337.18275536745
Gateway Arch NP,2023-06-01,2023,June,0.46232260163554656,False,309799.0,213330.72190728874
Gateway Arch NP,2023-07-01,2023,July,1.1096445166040019,False,444863.0,213324.46947366415
Gateway Arch NP,2023-08-01,2023,August,0.15949379940047256,False,246598.0,213318.00862558544
Gateway Arch NP,2023-09-01,2023,September,-0.1374845906370856,False,184624.0,213311.54777750673
Gateway Arch NP,2023-10-01,2023,October,-0.18412382730950863,False,174886.0,213305.29534388214
Gateway Arch NP,2023-11-01,2023,November,-0.3205636152720531,False,146410.0,213298.83449580343
Gateway Arch NP,2023-12-01,2023,December,-0.4502517932352371,False,119343.0,213292.58206217884
Gateway Arch NP,2024-01-01,2024,January,-0.7414600335056952,False,58573.0,213286.12121410013
Gateway Arch NP,2024-02-01,2024,February,-0.596394151061522,False,88836.0,213279.66036602142
Gateway Arch NP,2024-03-01,2024,March,0.10920815322179127,False,236061.0,213273.616346851
Gateway Arch NP,2024-04-01,2024,April,-0.01826969116560617,False,209455.0,213267.15549877228
Gateway Arch NP,2024-05-01,2024,May,0.053757748559947256,False,224478.0,213260.9030651477
Gateway Arch NP,2024-06-01,2024,June,0.42761198626291447,False,302480.0,213254.44221706898
Gateway Arch NP,2024-07-01,2024,July,1.533852507043632,False,533302.0,213248.1897834444
Gateway Arch NP,2024-08-01,2024,August,0.521643924944606,False,322088.0,213241.72893536568
Gateway Arch NP,2024-09-01,2024,September,-0.2251090129686474,False,166264.0,213235.26808728697
Gateway Arch NP,2024-10-01,2024,October,-0.15409757968049032,False,181075.0,213229.01565366238
Gateway Arch NP,2024-11-01,2024,November,-0.42375881550503347,False,124801.0,213222.55480558367
Gateway Arch NP,2024-12-01,2024,December,-0.4676375818569834,False,115639.0,213216.3023719591
Gateway Arch NP,2025-01-01,2025,January,-0.7537130726253118,False,55940.0,213209.84152388037
Gateway Arch NP,2025-02-01,2025,February,-0.7114747096187616,False,64747.0,213203.38067580166
Gateway Arch NP,2025-03-01,2025,March,0.016795041355389742,False,216702.0,213197.5450710854
Gateway Arch NP,2025-04-01,2025,April,-0.1610853487966181,False,179579.0,213191.08422300668
Gateway Arch NP,2025-05-01,2025,May,0.06803489758655294,False,227381.0,213184.8317893821
Gateway Arch NP,2025-06-01,2025,June,0.3104313212433793,False,277953.0,213178.37094130338
Gateway Arch NP,2025-07-01,2025,July,1.3559990047720316,False,496115.0,213172.1185076788
Gateway Arch NP,2025-08-01,2025,August,0.1580241890581129,False,246139.0,213165.65765960008
Glacier Bay NP & PRES,2016-05-01,2016,May,1.07962410590478,False,80664.0,43744.24135832093
Glacier Bay NP & PRES,2016-06-01,2016,June,2.0909579750194194,False,115336.0,43831.79465168086
Glacier Bay NP & PRES,2016-07-01,2016,July,2.0847080161333684,False,115207.0,43916.523645255016
Glacier Bay NP & PRES,2016-08-01,2016,August,2.2296466490224818,False,120251.0,44004.07693861495
Glacier Bay NP & PRES,2016-09-01,2016,September,1.195237371928624,False,84965.0,44091.63023197488
Glacier Bay NP & PRES,2016-10-01,2016,October,-1.28159001127732,False,350.0,44176.35922554904
Glacier Bay NP & PRES,2016-11-01,2016,November,-1.2885074085528871,False,201.0,44263.91251890897
Glacier Bay NP & PRES,2016-12-01,2016,December,-1.2918038802356584,False,173.0,44348.641512483126
Glacier Bay NP & PRES,2017-01-01,2017,January,-1.2943641528251988,False,173.0,44436.19480584306
Glacier Bay NP & PRES,2017-02-01,2017,February,-1.2969536678622962,False,172.0,44523.74809920299
Glacier Bay NP & PRES,2017-03-01,2017,March,-1.2992661721367225,False,172.0,44602.8284932056
Glacier Bay NP & PRES,2017-04-01,2017,April,-1.3014462929080188,False,185.0,44690.38178656553
Glacier Bay NP & PRES,2017-05-01,2017,May,1.627017300154132,False,100414.0,44775.11078013969
Glacier Bay NP & PRES,2017-06-01,2017,June,1.8676079790029354,False,108729.0,44862.66407349962
Glacier Bay NP & PRES,2017-07-01,2017,July,2.099976392183858,False,116760.0,44947.393067073775
Glacier Bay NP & PRES,2017-08-01,2017,August,2.271379440112262,False,122709.0,45034.94636043371
Glacier Bay NP & PRES,2017-09-01,2017,September,1.4765242934072091,False,95615.0,45122.49965379364
Glacier Bay NP & PRES,2017-10-01,2017,October,-1.2708542145982005,False,1748.0,45207.228647367796
Glacier Bay NP & PRES,2017-11-01,2017,November,-1.3184770988734278,False,207.0,45294.78194072773
Glacier Bay NP & PRES,2017-12-01,2017,December,-1.3219490252415425,False,173.0,45379.510934301885
Glacier Bay NP & PRES,2018-01-01,2018,January,-1.3245092978310828,False,173.0,45467.06422766182
Glacier Bay NP & PRES,2018-02-01,2018,February,-1.3270695704206232,False,173.0,45554.61752102175
Glacier Bay NP & PRES,2018-03-01,2018,March,-1.3293820746950493,False,173.0,45633.69791502436
Glacier Bay NP & PRES,2018-04-01,2018,April,-1.3239884015490238,False,445.0,45721.25120838429
Glacier Bay NP & PRES,2018-05-01,2018,May,1.9284522679996468,False,111753.0,45805.980201958446
Glacier Bay NP & PRES,2018-06-01,2018,June,2.2198078358077966,False,121804.0,45893.53349531838
Glacier Bay NP & PRES,2018-07-01,2018,July,2.467265351928255,False,130351.0,45978.2624888923
Glacier Bay NP & PRES,2018-08-01,2018,August,2.6380835509055074,False,136280.0,46065.815782252466
Glacier Bay NP & PRES,2018-09-01,2018,September,1.4565262777036827,False,95962.0,46153.3690756124
Glacier Bay NP & PRES,2018-10-01,2018,October,-1.3409153005196996,False,383.0,46238.098069186555
Glacier Bay NP & PRES,2018-11-01,2018,November,-1.3475110308721374,False,245.0,46325.65136254649
Glacier Bay NP & PRES,2018-12-01,2018,December,-1.3520941702474198,False,173.0,46410.38035612041
Glacier Bay NP & PRES,2019-01-01,2019,January,-1.354654442836967,False,173.0,46497.933649480576
Glacier Bay NP & PRES,2019-02-01,2019,February,-1.3572147154265073,False,173.0,46585.48694284051
Glacier Bay NP & PRES,2019-03-01,2019,March,-1.3588838858546677,False,195.0,46664.56733684288
Glacier Bay NP & PRES,2019-04-01,2019,April,-1.260645441714446,False,3642.0,46752.120630202815
Glacier Bay NP & PRES,2019-05-01,2019,May,2.178420528144448,False,121332.0,46836.84962377697
Glacier Bay NP & PRES,2019-06-01,2019,June,2.4893977782634975,False,132054.0,46924.402917136904
Glacier Bay NP & PRES,2019-07-01,2019,July,3.097443915212117,True,152932.0,47009.13191071106
Glacier Bay NP & PRES,2019-08-01,2019,August,2.862991033493765,False,145002.0,47096.68520407099
Glacier Bay NP & PRES,2019-09-01,2019,September,1.8930905957111506,False,111922.0,47184.238497430924
Glacier Bay NP & PRES,2019-10-01,2019,October,-1.2559621719403309,False,4319.0,47268.96749100508
Glacier Bay NP & PRES,2019-11-01,2019,November,-1.3797908745496923,False,172.0,47356.52078436501
Glacier Bay NP & PRES,2019-12-01,2019,December,-1.3822978001484185,False,171.0,47441.24977793917
Glacier Bay NP & PRES,2020-01-01,2020,January,-1.3847995878428443,False,173.0,47528.8030712991
Glacier Bay NP & PRES,2020-02-01,2020,February,-1.3873598604323847,False,173.0,47616.356364659034
Glacier Bay NP & PRES,2020-03-01,2020,March,-1.3897549541451821,False,173.0,47698.26105844742
Glacier Bay NP & PRES,2020-04-01,2020,April,-1.3924614389725085,False,168.0,47785.81435180735
Glacier Bay NP & PRES,2020-05-01,2020,May,-1.3914885133119248,False,286.0,47870.543345381506
Glacier Bay NP & PRES,2020-06-01,2020,June,-1.3788134707241497,False,807.0,47958.09663874144
Glacier Bay NP & PRES,2020-07-01,2020,July,-1.3616109866693047,False,1480.0,48042.825632315595
Glacier Bay NP & PRES,2020-08-01,2020,August,-1.36390807723083,False,1489.0,48130.378925675526
Glacier Bay NP & PRES,2020-09-01,2020,September,-1.3960909491958415,False,476.0,48217.93221903546
Glacier Bay NP & PRES,2020-10-01,2020,October,-1.407253639271507,False,179.0,48302.661212609615
Glacier Bay NP & PRES,2020-11-01,2020,November,-1.4099893665463905,False,173.0,48390.21450596955
Glacier Bay NP & PRES,2020-12-01,2020,December,-1.412525534592674,False,171.0,48474.943499543704
Glacier Bay NP & PRES,2021-01-01,2021,January,-1.4150273222870997,False,173.0,48562.496792903636
Glacier Bay NP & PRES,2021-02-01,2021,February,-1.41758759487664,False,173.0,48650.05008626357
Glacier Bay NP & PRES,2021-03-01,2021,March,-1.4199000991510662,False,173.0,48729.130480266176
Glacier Bay NP & PRES,2021-04-01,2021,April,-1.4217877954467903,False,196.0,48816.68377362611
Glacier Bay NP & PRES,2021-05-01,2021,May,-1.3895839357950879,False,1382.0,48901.412767200265
Glacier Bay NP & PRES,2021-06-01,2021,June,-1.1539644730310132,False,9527.0,48988.9660605602
Glacier Bay NP & PRES,2021-07-01,2021,July,-0.9770982253137079,False,15660.0,49073.695054134354
Glacier Bay NP & PRES,2021-08-01,2021,August,-0.5896227323849526,False,28998.0,49161.248347494286
Glacier Bay NP & PRES,2021-09-01,2021,September,-0.6707282191132049,False,26312.0,49248.80164085422
Glacier Bay NP & PRES,2021-10-01,2021,October,-1.2429657504693876,False,6828.0,49333.530634428374
Glacier Bay NP & PRES,2021-11-01,2021,November,-1.4401345115522748,False,173.0,49421.083927788306
Glacier Bay NP & PRES,2021-12-01,2021,December,-1.4426121947034436,False,173.0,49505.81292136246
Glacier Bay NP & PRES,2022-01-01,2022,January,-1.4452017097405412,False,172.0,49593.366214722395
Glacier Bay NP & PRES,2022-02-01,2022,February,-1.4521483494636656,False,22.0,49680.91950808233
Glacier Bay NP & PRES,2022-03-01,2022,March,-1.447150241848778,False,272.0,49759.9999020847
Glacier Bay NP & PRES,2022-04-01,2022,April,-1.3461630076381839,False,3813.0,49847.55319544487
Glacier Bay NP & PRES,2022-05-01,2022,May,0.43933028020219345,False,64956.0,49932.28218901879
Glacier Bay NP & PRES,2022-06-01,2022,June,1.1979216750797117,False,90985.0,50019.835482378956
Glacier Bay NP & PRES,2022-07-01,2022,July,1.4180082602866053,False,98596.0,50104.56447595288
Glacier Bay NP & PRES,2022-08-01,2022,August,1.54996324646031,False,103196.0,50192.11776931281
Glacier Bay NP & PRES,2022-09-01,2022,September,0.8781310766285052,False,80309.0,50279.67106267298
Glacier Bay NP & PRES,2022-10-01,2022,October,1.5389890738654834,False,102993.0,50364.4000562469
Glacier Bay NP & PRES,2022-11-01,2022,November,-1.4688467766278548,False,222.0,50451.953349607065
Glacier Bay NP & PRES,2022-12-01,2022,December,-1.471324459779017,False,222.0,50536.68234318099
Glacier Bay NP & PRES,2023-01-01,2023,January,-1.473855489921,False,223.0,50624.23563654092
Glacier Bay NP & PRES,2023-02-01,2023,February,-1.476415762510547,False,223.0,50711.788929901086
Glacier Bay NP & PRES,2023-03-01,2023,March,-1.4772661444071051,False,273.0,50790.86932390346
Glacier Bay NP & PRES,2023-04-01,2023,April,-1.2297157630396816,False,8826.0,50878.42261726339
Glacier Bay NP & PRES,2023-05-01,2023,May,1.5211584460074288,False,102982.0,50963.15161083755
Glacier Bay NP & PRES,2023-06-01,2023,June,2.641654371853197,False,141387.0,51050.70490419748
Glacier Bay NP & PRES,2023-07-01,2023,July,2.789804536069305,False,146538.0,51135.43389777164
Glacier Bay NP & PRES,2023-08-01,2023,August,2.8230077768422537,False,147761.0,51222.98719113157
Glacier Bay NP & PRES,2023-09-01,2023,September,1.7403777037265287,False,110826.0,51310.5404844915
Glacier Bay NP & PRES,2023-10-01,2023,October,-0.21107986666627243,False,44177.0,51395.26947806566
Glacier Bay NP & PRES,2023-11-01,2023,November,-1.4989334367386176,False,224.0,51482.82277142559
Glacier Bay NP & PRES,2023-12-01,2023,December,-1.5015573321275726,False,219.0,51567.55176499975
Glacier Bay NP & PRES,2024-01-01,2024,January,-1.5021876031783359,False,285.0,51655.10505835968
Glacier Bay NP & PRES,2024-02-01,2024,February,-1.5065609075164244,False,223.0,51742.65835171961
Glacier Bay NP & PRES,2024-03-01,2024,March,-1.5082249400402912,False,248.0,51824.563045507995
Glacier Bay NP & PRES,2024-04-01,2024,April,-1.5059017238877745,False,415.0,51912.11633886793
Glacier Bay NP & PRES,2024-05-01,2024,May,2.2179564427309546,False,127844.0,51996.845332442084
Glacier Bay NP & PRES,2024-06-01,2024,June,2.8040173970208397,False,147973.0,52084.398625802016
Glacier Bay NP & PRES,2024-07-01,2024,July,3.1783286506445423,True,160858.0,52169.12761937617
Glacier Bay NP & PRES,2024-08-01,2024,August,2.840503716811393,False,149393.0,52256.680912736105
Glacier Bay NP & PRES,2024-09-01,2024,September,1.7146825486536432,False,110981.0,52344.234206096036
Glacier Bay NP & PRES,2024-10-01,2024,October,-0.43293335995303744,False,37624.0,52428.963199670194
Glacier Bay NP & PRES,2024-11-01,2024,November,-1.5291611711828732,False,224.0,52516.516493030125
Glacier Bay NP & PRES,2024-12-01,2024,December,-1.5319312788096142,False,214.0,52601.24548660428
Glacier Bay NP & PRES,2025-01-01,2025,January,-1.5324153376225915,False,285.0,52688.798779964214
Glacier Bay NP & PRES,2025-02-01,2025,February,-1.53678864196068,False,223.0,52776.352073324146
Glacier Bay NP & PRES,2025-03-01,2025,March,-1.5383700850461755,False,248.0,52855.432467326755
Glacier Bay NP & PRES,2025-04-01,2025,April,-1.5383570222506797,False,336.0,52942.985760686686
Glacier Bay NP & PRES,2025-05-01,2025,May,-1.5111243786837059,False,1352.0,53027.71475426084
Glacier Bay NP & PRES,2025-06-01,2025,June,-1.4521000567177258,False,3458.0,53115.268047620775
Glacier Bay NP & PRES,2025-07-01,2025,July,-1.421270592101213,False,4597.0,53199.99704119493
Glacier Bay NP & PRES,2025-08-01,2025,August,-1.4650627157464435,False,3187.0,53287.550334554864
Glacier NP,2016-05-01,2016,May,0.05104808869048658,False,183925.0,173602.80487286905
Glacier NP,2016-06-01,2016,June,1.539720375872576,False,485017.0,173677.34814075776
Glacier NP,2016-07-01,2016,July,3.1884992545371804,True,818481.0,173749.4867871015
Glacier NP,2016-08-01,2016,August,2.8423632421648124,False,748565.0,173824.0300549902
Glacier NP,2016-09-01,2016,September,1.5266335531446404,False,482592.0,173898.57332287892
Glacier NP,2016-10-01,2016,October,-0.48551497951310846,False,75797.0,173970.71196922287
Glacier NP,2016-11-01,2016,November,-0.7083011217816318,False,30823.0,174045.2552371116
Glacier NP,2016-12-01,2016,December,-0.7974092551125422,False,12877.0,174117.3938834553
Glacier NP,2017-01-01,2017,January,-0.7888117724693267,False,14690.0,174191.93715134403
Glacier NP,2017-02-01,2017,February,-0.7935719996789892,False,13802.0,174266.48041923274
Glacier NP,2017-03-01,2017,March,-0.7665367535876934,False,19336.0,174333.80982248695
Glacier NP,2017-04-01,2017,April,-0.6730057985219202,False,38323.0,174408.35309037566
Glacier NP,2017-05-01,2017,May,0.016352231768619104,False,177787.0,174480.49173671962
Glacier NP,2017-06-01,2017,June,2.2076914900823175,False,620962.0,174555.03500460833
Glacier NP,2017-07-01,2017,July,4.12965309165071,True,1009665.0,174627.17365095206
Glacier NP,2017-08-01,2017,August,3.628872285831657,True,908479.0,174701.71691884077
Glacier NP,2017-09-01,2017,September,1.060114241493504,False,389137.0,174776.2601867295
Glacier NP,2017-10-01,2017,October,-0.44696845105136707,False,84469.0,174848.3988330732
Glacier NP,2017-11-01,2017,November,-0.7879562309332333,False,15594.0,174922.94210096193
Glacier NP,2017-12-01,2017,December,-0.7998161495651609,False,13268.0,174995.08074730588
Glacier NP,2018-01-01,2018,January,-0.8053577607647363,False,12222.0,175069.6240151946
Glacier NP,2018-02-01,2018,February,-0.8075809627413273,False,11847.0,175144.1672830833
Glacier NP,2018-03-01,2018,March,-0.7588994019421279,False,21758.0,175211.49668633752
Glacier NP,2018-04-01,2018,April,-0.7264004710505008,False,28404.0,175286.03995422623
Glacier NP,2018-05-01,2018,May,0.09771167922198042,False,195116.0,175358.17860056995
Glacier NP,2018-06-01,2018,June,1.883586828795244,False,556304.0,175432.72186845867
Glacier NP,2018-07-01,2018,July,3.612437784552757,True,905959.0,175504.86051480263
Glacier NP,2018-08-01,2018,August,2.4337074581184526,False,667688.0,175579.40378269134
Glacier NP,2018-09-01,2018,September,1.280609493834266,False,434600.0,175653.94705058006
Glacier NP,2018-10-01,2018,October,-0.4141982295530336,False,91973.0,175726.08569692378
Glacier NP,2018-11-01,2018,November,-0.7672578975322251,False,20657.0,175800.6289648125
Glacier NP,2018-12-01,2018,December,-0.7768923554333881,False,18781.0,175872.76761115645
Glacier NP,2019-01-01,2019,January,-0.8029774419120648,False,13581.0,175947.31087904493
Glacier NP,2019-02-01,2019,February,-0.8149234345479516,False,11240.0,176021.85414693365
Glacier NP,2019-03-01,2019,March,-0.7522066347400647,False,23989.0,176089.18355018809
Glacier NP,2019-04-01,2019,April,-0.6956925098293413,False,35491.0,176163.72681807657
Glacier NP,2019-05-01,2019,May,-0.04368265606932228,False,167403.0,176235.86546442052
Glacier NP,2019-06-01,2019,June,1.8188324156031828,False,544088.0,176310.40873230924
Glacier NP,2019-07-01,2019,July,3.4782885603071656,True,879711.0,176382.5473786532
Glacier NP,2019-08-01,2019,August,2.9446154448874124,False,771874.0,176457.09064654168
Glacier NP,2019-09-01,2019,September,1.54485235867357,False,488909.0,176531.6339144304
Glacier NP,2019-10-01,2019,October,-0.48562407946909786,False,78408.0,176603.77256077435
Glacier NP,2019-11-01,2019,November,-0.7748080790070552,False,20008.0,176678.31582866306
Glacier NP,2019-12-01,2019,December,-0.799254214438528,False,15137.0,176750.4544750068
Glacier NP,2020-01-01,2020,January,-0.8069718316859622,False,13651.0,176824.9977428955
Glacier NP,2020-02-01,2020,February,-0.7857337320920038,False,18020.0,176899.54101078422
Glacier NP,2020-03-01,2020,March,-0.7546402575771557,False,24377.0,176969.2750355834
Glacier NP,2020-04-01,2020,April,-0.8755645894644376,False,0.0,177043.8183034719
Glacier NP,2020-05-01,2020,May,-0.8759213488524576,False,0.0,177115.95694981585
Glacier NP,2020-06-01,2020,June,0.126161367750392,False,202701.0,177190.50021770457
Glacier NP,2020-07-01,2020,July,1.3684820985481532,False,453977.0,177262.6388640483
Glacier NP,2020-08-01,2020,August,1.3935529360673173,False,459121.0,177337.182131937
Glacier NP,2020-09-01,2020,September,0.823416882941058,False,343911.0,177411.72539982572
Glacier NP,2020-10-01,2020,October,-0.25686695065778287,False,125544.0,177483.86404616968
Glacier NP,2020-11-01,2020,November,-0.7328808512775722,False,29366.0,177558.4073140584
Glacier NP,2020-12-01,2020,December,-0.7390238085655789,False,28196.0,177630.54596040212
Glacier NP,2021-01-01,2021,January,-0.7630268528939192,False,23417.0,177705.08922829083
Glacier NP,2021-02-01,2021,February,-0.7939535528290826,False,17238.0,177779.63249617955
Glacier NP,2021-03-01,2021,March,-0.7263456848818032,False,30976.0,177846.96189943375
Glacier NP,2021-04-01,2021,April,-0.6171326498665755,False,53134.0,177921.50516732247
Glacier NP,2021-05-01,2021,May,-0.013435075837310326,False,175277.0,177993.64381366642
Glacier NP,2021-06-01,2021,June,2.023531389785686,False,587237.0,178068.1870815549
Glacier NP,2021-07-01,2021,July,3.0598980936219107,True,796868.0,178140.32572789886
Glacier NP,2021-08-01,2021,August,2.4352135252504663,False,670628.0,178214.86899578758
Glacier NP,2021-09-01,2021,September,1.7561288056825544,False,533388.0,178289.4122636763
Glacier NP,2021-10-01,2021,October,-0.14241737487209752,False,149564.0,178361.55091002
Glacier NP,2021-11-01,2021,November,-0.7523842296107522,False,26300.0,178436.09417790873
Glacier NP,2021-12-01,2021,December,-0.7956231445464604,False,17629.0,178508.2328242527
Glacier NP,2022-01-01,2022,January,-0.7964368880602338,False,17539.0,178582.7760921414
Glacier NP,2022-02-01,2022,February,-0.7922458176639322,False,18461.0,178657.31936003012
Glacier NP,2022-03-01,2022,March,-0.7650374801824656,False,24030.0,178724.64876328432
Glacier NP,2022-04-01,2022,April,-0.7036471235372237,False,36518.0,178799.19203117304
Glacier NP,2022-05-01,2022,May,0.012441162863944677,False,181387.0,178871.33067751676
Glacier NP,2022-06-01,2022,June,1.7316662362849542,False,529098.0,178945.87394540547
Glacier NP,2022-07-01,2022,July,2.7275790095041694,False,730549.0,179018.01259174943
Glacier NP,2022-08-01,2022,August,2.454151271940025,False,675335.0,179092.55585963815
Glacier NP,2022-09-01,2022,September,1.8071131868951242,False,544575.0,179167.09912752663
Glacier NP,2022-10-01,2022,October,-0.31403346688718325,False,115740.0,179239.23777387058
Glacier NP,2022-11-01,2022,November,-0.7833610943780976,False,20914.0,179313.7810417593
Glacier NP,2022-12-01,2022,December,-0.8163678354205793,False,14312.0,179385.91968810325
Glacier NP,2023-01-01,2023,January,-0.8014104805556665,False,17411.0,179460.46295599174
Glacier NP,2023-02-01,2023,February,-0.803554555039608,False,17052.0,179535.00622388045
Glacier NP,2023-03-01,2023,March,-0.769476962102516,False,24010.0,179602.3356271349
Glacier NP,2023-04-01,2023,April,-0.6719797414676901,False,43799.0,179676.87889502337
Glacier NP,2023-05-01,2023,May,0.1318955525597039,False,206419.0,179749.01754136733
Glacier NP,2023-06-01,2023,June,1.6554779004050537,False,514570.0,179823.56080925604
Glacier NP,2023-07-01,2023,July,2.6836054540691587,False,722535.0,179895.6994556
Glacier NP,2023-08-01,2023,August,2.338690972364567,False,652866.0,179970.24272348848
Glacier NP,2023-09-01,2023,September,1.8472323742732715,False,553565.0,180044.7859913772
Glacier NP,2023-10-01,2023,October,-0.20364906603636232,False,138938.0,180116.92463772115
Glacier NP,2023-11-01,2023,November,-0.778953133526286,False,22683.0,180191.46790560987
Glacier NP,2023-12-01,2023,December,-0.7937259329813688,False,19768.0,180263.6065519536
Glacier NP,2024-01-01,2024,January,-0.8245487780824299,False,13610.0,180338.1498198423
Glacier NP,2024-02-01,2024,February,-0.8098436421003382,False,16658.0,180412.69308773102
Glacier NP,2024-03-01,2024,March,-0.7735178621340468,False,24073.0,180482.42711253
Glacier NP,2024-04-01,2024,April,-0.6701157523602602,False,45056.0,180556.9703804187
Glacier NP,2024-05-01,2024,May,0.14305702205343926,False,209556.0,180629.10902676266
Glacier NP,2024-06-01,2024,June,1.8243206808758956,False,549591.0,180703.65229465137
Glacier NP,2024-07-01,2024,July,3.021390376814777,True,791717.0,180775.7909409951
Glacier NP,2024-08-01,2024,August,2.8097463746049485,False,748996.0,180850.3342088838
Glacier NP,2024-09-01,2024,September,2.0840901801445697,False,602339.0,180924.87747677253
Glacier NP,2024-10-01,2024,October,-0.0790237175516674,False,165018.0,180997.01612311648
Glacier NP,2024-11-01,2024,November,-0.7858722961029403,False,22164.0,181071.5593910052
Glacier NP,2024-12-01,2024,December,-0.797044794642475,False,19977.0,181143.69803734892
Glacier NP,2025-01-01,2025,January,-0.8072697643132373,False,17984.0,181218.24130523764
Glacier NP,2025-02-01,2025,February,-0.8213967084652734,False,15202.0,181292.78457312635
Glacier NP,2025-03-01,2025,March,-0.7687785549067659,False,25909.0,181360.11397638055
Glacier NP,2025-04-01,2025,April,-0.6570482765316291,False,48576.0,181434.65724426927
Glacier NP,2025-05-01,2025,May,0.283173578267275,False,238766.0,181506.79589061323
Glacier NP,2025-06-01,2025,June,1.9534385156114649,False,576577.0,181581.3391585017
Glacier NP,2025-07-01,2025,July,2.885223401506626,False,765061.0,181653.47780484566
Glacier NP,2025-08-01,2025,August,2.655904295626236,False,718766.0,181728.02107273438
Grand Canyon NP,2016-05-01,2016,May,0.9644083531209163,False,588591.0,428870.66358566284
Grand Canyon NP,2016-06-01,2016,June,1.6368548693522391,False,700421.0,429333.54047277384
Grand Canyon NP,2016-07-01,2016,July,2.4714241234432714,False,839086.0,429781.48584739864
Grand Canyon NP,2016-08-01,2016,August,1.8894057723584736,False,743158.0,430244.3627345115
Grand Canyon NP,2016-09-01,2016,September,0.8894055578793031,False,578006.0,430707.2396216225
Grand Canyon NP,2016-10-01,2016,October,0.5231162514728923,False,517791.0,431155.1849962473
Grand Canyon NP,2016-11-01,2016,November,-0.5942345569487061,False,333204.0,431618.06188336015
Grand Canyon NP,2016-12-01,2016,December,-0.8163097349413955,False,296873.0,432066.00725798495
Grand Canyon NP,2017-01-01,2017,January,-1.3007704041981707,False,217102.0,432528.8841450978
Grand Canyon NP,2017-02-01,2017,February,-1.1704129861383055,False,239154.0,432991.7610322088
Grand Canyon NP,2017-03-01,2017,March,0.418616810222052,False,502739.0,433409.84338185936
Grand Canyon NP,2017-04-01,2017,April,0.94274932393176,False,590006.0,433872.72026897036
Grand Canyon NP,2017-05-01,2017,May,1.0381094649378217,False,606247.0,434320.66564359516
Grand Canyon NP,2017-06-01,2017,June,1.7639268018461087,False,726916.0,434783.542530708
Grand Canyon NP,2017-07-01,2017,July,2.427478774114087,False,837258.0,435231.4879053328
Grand Canyon NP,2017-08-01,2017,August,1.8713216318718713,False,745613.0,435694.3647924438
Grand Canyon NP,2017-09-01,2017,September,0.8199069431236039,False,571946.0,436157.24167955667
Grand Canyon NP,2017-10-01,2017,October,0.5628711302491759,False,529825.0,436605.1870541815
Grand Canyon NP,2017-11-01,2017,November,-0.5297959000383036,False,349326.0,437068.0639412943
Grand Canyon NP,2017-12-01,2017,December,-0.6002481933133174,False,338106.0,437516.00931591913
Grand Canyon NP,2018-01-01,2018,January,-1.09055978747516,False,257366.0,437978.8862030301
Grand Canyon NP,2018-02-01,2018,February,-1.0415296217852783,False,265949.0,438441.763090143
Grand Canyon NP,2018-03-01,2018,March,0.3889998868988138,False,503284.0,438859.8454397917
Grand Canyon NP,2018-04-01,2018,April,0.6647549021870388,False,549416.0,439322.72232690454
Grand Canyon NP,2018-05-01,2018,May,1.1951364422759585,False,637703.0,439770.66770152934
Grand Canyon NP,2018-06-01,2018,June,1.4083306392550936,False,673474.0,440233.54458864033
Grand Canyon NP,2018-07-01,2018,July,2.1681843672620786,False,799765.0,440681.48996326514
Grand Canyon NP,2018-08-01,2018,August,1.8336619510939627,False,744826.0,441144.366850378
Grand Canyon NP,2018-09-01,2018,September,1.0516917132891686,False,615783.0,441607.24373749085
Grand Canyon NP,2018-10-01,2018,October,0.682540344545289,False,555094.0,442055.18911211565
Grand Canyon NP,2018-11-01,2018,November,-0.20362949190442764,False,408794.0,442518.06599922664
Grand Canyon NP,2018-12-01,2018,December,-0.4463670693039062,False,369041.0,442966.01137385145
Grand Canyon NP,2019-01-01,2019,January,-1.3185586899071358,False,225056.0,443428.8882609643
Grand Canyon NP,2019-02-01,2019,February,-1.3938470927112183,False,213050.0,443891.7651480753
Grand Canyon NP,2019-03-01,2019,March,0.04177253949709489,False,451228.0,444309.84749772586
Grand Canyon NP,2019-04-01,2019,April,0.7094308375140336,False,562265.0,444772.7243848387
Grand Canyon NP,2019-05-01,2019,May,1.0468707321779076,False,618598.0,445220.66975946166
Grand Canyon NP,2019-06-01,2019,June,1.1963749849890557,False,643821.0,445683.5466465745
Grand Canyon NP,2019-07-01,2019,July,1.8762117296708591,False,756860.0,446131.4920211993
Grand Canyon NP,2019-08-01,2019,August,1.5355002546506218,False,700896.0,446594.3689083122
Grand Canyon NP,2019-09-01,2019,September,0.795790722119982,False,578852.0,447057.24579542316
Grand Canyon NP,2019-10-01,2019,October,0.6282819098313124,False,551558.0,447505.19117004797
Grand Canyon NP,2019-11-01,2019,November,-0.604541641505376,False,347847.0,447968.0680571608
Grand Canyon NP,2019-12-01,2019,December,-0.7489426213773941,False,324380.0,448416.0134317856
Grand Canyon NP,2020-01-01,2020,January,-1.2222267560631566,False,246460.0,448878.8903188966
Grand Canyon NP,2020-02-01,2020,February,-1.1861543662724479,False,252897.0,449341.7672060095
Grand Canyon NP,2020-03-01,2020,March,-1.0492585062707762,False,276002.0,449774.7810681462
Grand Canyon NP,2020-04-01,2020,April,-2.718582792708635,False,0.0,450237.6579552591
Grand Canyon NP,2020-05-01,2020,May,-2.4592518398116407,False,43397.0,450685.6033298839
Grand Canyon NP,2020-06-01,2020,June,-1.3216296221486856,False,232267.0,451148.4802169949
Grand Canyon NP,2020-07-01,2020,July,-0.6134318926586737,False,350003.0,451596.4255916197
Grand Canyon NP,2020-08-01,2020,August,-0.8946016024684059,False,303900.0,452059.30247873254
Grand Canyon NP,2020-09-01,2020,September,-1.2288281514328483,False,249010.0,452522.17936584353
Grand Canyon NP,2020-10-01,2020,October,-0.18960936400040448,False,421568.0,452970.12474046834
Grand Canyon NP,2020-11-01,2020,November,-1.0727842997763253,False,275764.0,453433.0016275812
Grand Canyon NP,2020-12-01,2020,December,-1.2562337124255807,False,245830.0,453880.947002206
Grand Canyon NP,2021-01-01,2021,January,-1.7475597084285626,False,164922.0,454343.82388931885
Grand Canyon NP,2021-02-01,2021,February,-1.7714517512821513,False,161428.0,454806.70077642985
Grand Canyon NP,2021-03-01,2021,March,-0.8342898618643899,False,317054.0,455224.7831260804
Grand Canyon NP,2021-04-01,2021,April,-0.20804693425397644,False,421232.0,455687.6600131914
Grand Canyon NP,2021-05-01,2021,May,0.17091701672797235,False,484442.0,456135.6053878162
Grand Canyon NP,2021-06-01,2021,June,0.49471120492105286,False,538530.0,456598.48227492906
Grand Canyon NP,2021-07-01,2021,July,0.6021173677905116,False,556766.0,457046.42764955387
Grand Canyon NP,2021-08-01,2021,August,-0.1619740375643875,False,430684.0,457509.30453666486
Grand Canyon NP,2021-09-01,2021,September,-0.354142062027517,False,399321.0,457972.1814237777
Grand Canyon NP,2021-10-01,2021,October,-0.16717177379766604,False,430734.0,458420.1267984025
Grand Canyon NP,2021-11-01,2021,November,-0.6757365629936296,False,346971.0,458883.0036855154
Grand Canyon NP,2021-12-01,2021,December,-1.0792387178933316,False,280593.0,459330.9490601402
Grand Canyon NP,2022-01-01,2022,January,-1.6888572524054808,False,180094.0,459793.82594725117
Grand Canyon NP,2022-02-01,2022,February,-1.6198590695214867,False,191984.0,460256.702834364
Grand Canyon NP,2022-03-01,2022,March,-0.41301724301855064,False,392273.0,460674.7851840127
Grand Canyon NP,2022-04-01,2022,April,-0.13622971157060598,False,438576.0,461137.6620711256
Grand Canyon NP,2022-05-01,2022,May,0.2092348262293244,False,496238.0,461585.6074457504
Grand Canyon NP,2022-06-01,2022,June,0.2909794512956009,False,510239.0,462048.4843328614
Grand Canyon NP,2022-07-01,2022,July,0.49067806738913156,False,543760.0,462496.4297074862
Grand Canyon NP,2022-08-01,2022,August,0.22525573854167483,False,500265.0,462959.30659459904
Grand Canyon NP,2022-09-01,2022,September,-0.14377445454339063,False,439611.0,463422.1834817119
Grand Canyon NP,2022-10-01,2022,October,-0.127845600561383,False,442697.0,463870.1288563367
Grand Canyon NP,2022-11-01,2022,November,-0.852707429953129,False,323112.0,464333.0057434477
Grand Canyon NP,2022-12-01,2022,December,-1.156472146687622,False,273252.0,464780.9511180725
Grand Canyon NP,2023-01-01,2023,January,-1.997905654322358,False,134361.0,465243.82800518535
Grand Canyon NP,2023-02-01,2023,February,-1.8978474531599998,False,151395.0,465706.70489229634
Grand Canyon NP,2023-03-01,2023,March,-0.8405574409491137,False,326916.0,466124.7872419469
Grand Canyon NP,2023-04-01,2023,April,-0.01982107462097636,False,463305.0,466587.66412905976
Grand Canyon NP,2023-05-01,2023,May,0.14552675531674314,False,491137.0,467035.6095036827
Grand Canyon NP,2023-06-01,2023,June,0.23518129950132918,False,506448.0,467498.48639079556
Grand Canyon NP,2023-07-01,2023,July,0.5396531343285266,False,557321.0,467946.43176542036
Grand Canyon NP,2023-08-01,2023,August,0.32958816309692146,False,522994.0,468409.3086525332
Grand Canyon NP,2023-09-01,2023,September,-0.011545979357108077,False,466960.0,468872.1855396442
Grand Canyon NP,2023-10-01,2023,October,0.030431264759583656,False,474360.0,469320.130914269
Grand Canyon NP,2023-11-01,2023,November,-0.831072907874617,False,332145.0,469783.0078013819
Grand Canyon NP,2023-12-01,2023,December,-0.9894521035931332,False,306363.0,470230.9531760067
Grand Canyon NP,2024-01-01,2024,January,-1.780310433720182,False,175848.0,470693.83006311767
Grand Canyon NP,2024-02-01,2024,February,-1.6872624738527744,False,191721.0,471156.7069502305
Grand Canyon NP,2024-03-01,2024,March,-0.42007540048023617,False,402019.0,471589.7208123673
Grand Canyon NP,2024-04-01,2024,April,0.0025022050988970194,False,472467.0,472052.59769948013
Grand Canyon NP,2024-05-01,2024,May,0.47742977787281016,False,551570.0,472500.54307410493
Grand Canyon NP,2024-06-01,2024,June,0.1401237947478,False,496170.0,472963.4199612159
Grand Canyon NP,2024-07-01,2024,July,0.3933381460670388,False,538554.0,473411.36533584073
Grand Canyon NP,2024-08-01,2024,August,0.20429786061405447,False,507709.0,473874.2422229536
Grand Canyon NP,2024-09-01,2024,September,-0.014534440815861421,False,471930.0,474337.1191100646
Grand Canyon NP,2024-10-01,2024,October,-0.1192107200165566,False,455042.0,474785.0644846894
Grand Canyon NP,2024-11-01,2024,November,-0.8471821740998674,False,334942.0,475247.94137180224
Grand Canyon NP,2024-12-01,2024,December,-0.9329169141599729,False,321191.0,475695.88674642704
Grand Canyon NP,2025-01-01,2025,January,-1.7166140503371639,False,191862.0,476158.7636335399
Grand Canyon NP,2025-02-01,2025,February,-1.6283965754274983,False,206935.0,476621.6405206509
Grand Canyon NP,2025-03-01,2025,March,-0.7649599626774448,False,350351.0,477039.72287030146
Grand Canyon NP,2025-04-01,2025,April,-0.1002059937413441,False,460907.0,477502.59975741245
Grand Canyon NP,2025-05-01,2025,May,0.18531826383906636,False,508642.0,477950.54513203725
Grand Canyon NP,2025-06-01,2025,June,-0.14011076439607933,False,455209.0,478413.4220191501
Grand Canyon NP,2025-07-01,2025,July,-0.11830079497800719,False,459269.0,478861.3673937749
Grand Canyon NP,2025-08-01,2025,August,-0.3351948643186246,False,423811.0,479324.2442808859
Grand Teton NP,2016-05-01,2016,May,0.28376475142210905,False,292318.0,233046.4233237831
Grand Teton NP,2016-06-01,2016,June,1.770969116575334,False,603154.0,233241.4888151139
Grand Teton NP,2016-07-01,2016,July,2.512607259282425,False,758253.0,233430.26187124103
Grand Teton NP,2016-08-01,2016,August,1.91516565801899,False,633657.0,233625.32736257184
Grand Teton NP,2016-09-01,2016,September,1.2382030994024373,False,492451.0,233820.39285390358
Grand Teton NP,2016-10-01,2016,October,-0.22895987102827603,False,186185.0,234009.16591002978
Grand Teton NP,2016-11-01,2016,November,-0.8794521482959206,False,50508.0,234204.23140136153
Grand Teton NP,2016-12-01,2016,December,-0.9386632954210977,False,38329.0,234393.00445748772
Grand Teton NP,2017-01-01,2017,January,-0.9058546311942773,False,45377.0,234588.06994881947
Grand Teton NP,2017-02-01,2017,February,-0.9114802984322805,False,44397.0,234783.13544015028
Grand Teton NP,2017-03-01,2017,March,-0.8693844035919794,False,53366.0,234959.32362586912
Grand Teton NP,2017-04-01,2017,April,-0.8462034723716032,False,58403.0,235154.38911719993
Grand Teton NP,2017-05-01,2017,May,0.09689893321184831,False,255583.0,235343.16217332706
Grand Teton NP,2017-06-01,2017,June,1.9252821969088572,False,637683.0,235538.22766465787
Grand Teton NP,2017-07-01,2017,July,2.409657355610717,False,739046.0,235727.000720785
Grand Teton NP,2017-08-01,2017,August,2.301693338921772,False,716690.0,235922.0662121158
Grand Teton NP,2017-09-01,2017,September,1.1803374133944466,False,482661.0,236117.13170344662
Grand Teton NP,2017-10-01,2017,October,-0.23366476772567718,False,187499.0,236305.90475957375
Grand Teton NP,2017-11-01,2017,November,-0.9144429917853577,False,45496.0,236500.97025090456
Grand Teton NP,2017-12-01,2017,December,-0.8899584509847643,False,50799.0,236689.7433070317
Grand Teton NP,2018-01-01,2018,January,-0.8741407486872712,False,54298.0,236884.8087983625
Grand Teton NP,2018-02-01,2018,February,-0.9075053940651907,False,47524.0,237079.87428969424
Grand Teton NP,2018-03-01,2018,March,-0.8616608592725982,False,57276.0,237256.06247541215
Grand Teton NP,2018-04-01,2018,April,-0.8469634401792413,False,60541.0,237451.1279667439
Grand Teton NP,2018-05-01,2018,May,0.2836379885094115,False,296885.0,237639.9010228701
Grand Teton NP,2018-06-01,2018,June,1.8634045565202533,False,627055.0,237834.96651420183
Grand Teton NP,2018-07-01,2018,July,2.67001433753193,False,795725.0,238023.73957032803
Grand Teton NP,2018-08-01,2018,August,2.1728476581084033,False,692074.0,238218.80506165978
Grand Teton NP,2018-09-01,2018,September,1.533802377170161,False,558788.0,238413.8705529906
Grand Teton NP,2018-10-01,2018,October,-0.1487422205574775,False,207534.0,238602.64360911772
Grand Teton NP,2018-11-01,2018,November,-0.9294841766781455,False,44651.0,238797.70910044853
Grand Teton NP,2018-12-01,2018,December,-0.9105244513372446,False,48800.0,238986.48215657566
Grand Teton NP,2019-01-01,2019,January,-0.8739479970178913,False,56635.0,239181.54764790647
Grand Teton NP,2019-02-01,2019,February,-0.9357889009350187,False,43913.0,239376.61313923728
Grand Teton NP,2019-03-01,2019,March,-0.8315412259407071,False,65864.0,239552.80132495612
Grand Teton NP,2019-04-01,2019,April,-0.8648340582927163,False,59105.0,239747.86681628693
Grand Teton NP,2019-05-01,2019,May,0.18476227717409746,False,278529.0,239936.63987241406
Grand Teton NP,2019-06-01,2019,June,1.8446817571660286,False,625441.0,240131.70536374487
Grand Teton NP,2019-07-01,2019,July,2.563569533266136,False,775788.0,240320.478419872
Grand Teton NP,2019-08-01,2019,August,2.209478339122432,False,702022.0,240515.5439112028
Grand Teton NP,2019-09-01,2019,September,1.3240138410907427,False,517265.0,240710.60940253455
Grand Teton NP,2019-10-01,2019,October,-0.2605011887403023,False,186487.0,240899.38245866075
Grand Teton NP,2019-11-01,2019,November,-0.9238144848996769,False,48132.0,241094.4479499925
Grand Teton NP,2019-12-01,2019,December,-0.9328522645919447,False,46433.0,241283.2210061187
Grand Teton NP,2020-01-01,2020,January,-0.9088191521308231,False,51648.0,241478.28649745043
Grand Teton NP,2020-02-01,2020,February,-0.8927620730803104,False,55197.0,241673.35198878124
Grand Teton NP,2020-03-01,2020,March,-0.9115506616468063,False,51455.0,241855.83260970376
Grand Teton NP,2020-04-01,2020,April,-1.1588271610581016,False,0.0,242050.89810103457
Grand Teton NP,2020-05-01,2020,May,-0.5672447297488807,False,123756.0,242239.6711571617
Grand Teton NP,2020-06-01,2020,June,1.0808639012490628,False,468201.0,242434.73664849252
Grand Teton NP,2020-07-01,2020,July,2.456687663266056,False,755766.0,242623.50970461965
Grand Teton NP,2020-08-01,2020,August,2.2375953827552846,False,710198.0,242818.5751959514
Grand Teton NP,2020-09-01,2020,September,1.727224681635201,False,603789.0,243013.6406872822
Grand Teton NP,2020-10-01,2020,October,0.5169129671945201,False,351173.0,243202.41374340933
Grand Teton NP,2020-11-01,2020,November,-0.8921977531376736,False,57039.0,243397.47923474014
Grand Teton NP,2020-12-01,2020,December,-0.8721464698030033,False,61416.0,243586.25229086727
Grand Teton NP,2021-01-01,2021,January,-0.8483335839546553,False,66585.0,243781.31778219808
Grand Teton NP,2021-02-01,2021,February,-0.9137890768423788,False,53108.0,243976.3832735289
Grand Teton NP,2021-03-01,2021,March,-0.8110016000414868,False,74754.0,244152.57145924773
Grand Teton NP,2021-04-01,2021,April,-0.7497693401611141,False,87739.0,244347.63695057854
Grand Teton NP,2021-05-01,2021,May,0.5761300062461099,False,364876.0,244536.41000670567
Grand Teton NP,2021-06-01,2021,June,2.456797940337661,False,757897.0,244731.47549803648
Grand Teton NP,2021-07-01,2021,July,2.8290777531355,False,835846.0,244920.2485541636
Grand Teton NP,2021-08-01,2021,August,2.1927039167609563,False,703118.0,245115.31404549442
Grand Teton NP,2021-09-01,2021,September,1.601802088390017,False,579888.0,245310.37953682523
Grand Teton NP,2021-10-01,2021,October,0.011709580213610734,False,247945.0,245499.15259295236
Grand Teton NP,2021-11-01,2021,November,-0.8810032458995125,False,61674.0,245694.2180842841
Grand Teton NP,2021-12-01,2021,December,-0.9291791247104858,False,51800.0,245882.9911404103
Grand Teton NP,2022-01-01,2022,January,-0.8912382228989252,False,59920.0,246078.05663174205
Grand Teton NP,2022-02-01,2022,February,-0.8812661009101708,False,62198.0,246273.12212307286
Grand Teton NP,2022-03-01,2022,March,-0.8597805445048533,False,66862.0,246449.31030879077
Grand Teton NP,2022-04-01,2022,April,-0.8574636910776704,False,67541.0,246644.3758001225
Grand Teton NP,2022-05-01,2022,May,-0.05655586432292068,False,235020.0,246833.1488562487
Grand Teton NP,2022-06-01,2022,June,1.1992908690368507,False,497531.0,247028.21434758045
Grand Teton NP,2022-07-01,2022,July,1.4912837188719141,False,558710.0,247216.98740370758
Grand Teton NP,2022-08-01,2022,August,1.3968061884480938,False,539171.0,247412.0528950384
Grand Teton NP,2022-09-01,2022,September,0.9306387985406105,False,441995.0,247607.1183863692
Grand Teton NP,2022-10-01,2022,October,-0.24449410827630907,False,196727.0,247795.89144249633
Grand Teton NP,2022-11-01,2022,November,-1.0276106817869315,False,33348.0,247990.95693382714
Grand Teton NP,2022-12-01,2022,December,-0.962197503755046,False,47200.0,248179.72998995427
Grand Teton NP,2023-01-01,2023,January,-0.9157060643256205,False,57106.0,248374.79548128508
Grand Teton NP,2023-02-01,2023,February,-0.9286518726709677,False,54597.0,248569.86097261682
Grand Teton NP,2023-03-01,2023,March,-0.9241046153093175,False,55723.0,248746.04915833473
Grand Teton NP,2023-04-01,2023,April,-0.8712888420651141,False,66950.0,248941.11464966554
Grand Teton NP,2023-05-01,2023,May,0.08545803844045496,False,266980.0,249129.88770579267
Grand Teton NP,2023-06-01,2023,June,1.5782350944039765,False,578980.0,249324.95319712348
Grand Teton NP,2023-07-01,2023,July,2.19195030029739,False,707359.0,249513.7262532506
Grand Teton NP,2023-08-01,2023,August,2.072481836858323,False,682600.0,249708.79174458142
Grand Teton NP,2023-09-01,2023,September,1.6885786618935528,False,602607.0,249903.85723591316
Grand Teton NP,2023-10-01,2023,October,-0.043804175812767646,False,240943.0,250092.6302920403
Grand Teton NP,2023-11-01,2023,November,-0.9566916746703789,False,50458.0,250287.6957833711
Grand Teton NP,2023-12-01,2023,December,-0.9463686625784253,False,52803.0,250476.46883949824
Grand Teton NP,2024-01-01,2024,January,-0.9525927716989775,False,51698.0,250671.53433082905
Grand Teton NP,2024-02-01,2024,February,-0.9320689224371189,False,56180.0,250866.59982215986
Grand Teton NP,2024-03-01,2024,March,-0.9064100355029344,False,61722.0,251049.08044308238
Grand Teton NP,2024-04-01,2024,April,-0.8351335270658635,False,76805.0,251244.14593441412
Grand Teton NP,2024-05-01,2024,May,0.3297370775850761,False,320307.0,251432.91899054032
Grand Teton NP,2024-06-01,2024,June,1.8965725133977989,False,647776.0,251627.98448187206
Grand Teton NP,2024-07-01,2024,July,2.494225539163601,False,772800.0,251816.75753799826
Grand Teton NP,2024-08-01,2024,August,2.1529505763765626,False,701711.0,252011.82302933
Grand Teton NP,2024-09-01,2024,September,1.5651989460753613,False,579139.0,252206.8885206608
Grand Teton NP,2024-10-01,2024,October,0.08855186869000659,False,270892.0,252395.66157678794
Grand Teton NP,2024-11-01,2024,November,-0.9783841458058418,False,48230.0,252590.72706811875
Grand Teton NP,2024-12-01,2024,December,-1.0140837082494376,False,40962.0,252779.50012424588
Grand Teton NP,2025-01-01,2025,January,-0.9681811356324405,False,50745.0,252974.5656155767
Grand Teton NP,2025-02-01,2025,February,-0.9555423566150476,False,53580.0,253169.6311069075
Grand Teton NP,2025-03-01,2025,March,-0.9030718732988768,False,64716.0,253345.81929262634
Grand Teton NP,2025-04-01,2025,April,-0.8421843159428524,False,77629.0,253540.88478395715
Grand Teton NP,2025-05-01,2025,May,0.4203041285894781,False,341521.0,253729.65784008428
Grand Teton NP,2025-06-01,2025,June,2.0417940646516417,False,680406.0,253924.7233314151
Grand Teton NP,2025-07-01,2025,July,2.552103300775646,False,787186.0,254113.49638754223
Grand Teton NP,2025-08-01,2025,August,2.3041661215260163,False,735593.0,254308.56187887304
Great Basin NP,2016-05-01,2016,May,1.2001318394811502,False,15150.0,8844.831119755749
Great Basin NP,2016-06-01,2016,June,1.6515013261082985,False,17534.0,8857.457619821187
Great Basin NP,2016-07-01,2016,July,4.761440399348565,True,33885.0,8869.67681343283
Great Basin NP,2016-08-01,2016,August,1.6867437728144432,False,17744.0,8882.30331349821
Great Basin NP,2016-09-01,2016,September,2.680584969158723,False,22978.0,8894.92981356359
Great Basin NP,2016-10-01,2016,October,0.5944064271120785,False,12030.0,8907.149007175292
Great Basin NP,2016-11-01,2016,November,-1.2748609581453691,False,2222.0,8919.775507240673
Great Basin NP,2016-12-01,2016,December,-1.4509680591354166,False,1309.0,8931.994700852374
Great Basin NP,2017-01-01,2017,January,-1.4847776560412183,False,1144.0,8944.621200917754
Great Basin NP,2017-02-01,2017,February,-1.2692406074279226,False,2289.0,8957.247700983135
Great Basin NP,2017-03-01,2017,March,-1.2885420517324033,False,2199.0,8968.652281687362
Great Basin NP,2017-04-01,2017,April,1.4636688478984579,False,16671.0,8981.278781752742
Great Basin NP,2017-05-01,2017,May,3.55642588018143,True,27678.0,8993.497975364386
Great Basin NP,2017-06-01,2017,June,4.1829090415242804,True,30982.0,9006.124475429824
Great Basin NP,2017-07-01,2017,July,3.2867421237413086,True,26286.0,9018.343669041467
Great Basin NP,2017-08-01,2017,August,2.1316339858026803,False,20230.0,9030.970169106848
Great Basin NP,2017-09-01,2017,September,2.788571699270012,False,23694.0,9043.596669172228
Great Basin NP,2017-10-01,2017,October,0.8091744306097898,False,13307.0,9055.81586278393
Great Basin NP,2017-11-01,2017,November,-1.3214310800657654,False,2126.0,9068.44236284931
Great Basin NP,2017-12-01,2017,December,-1.4577569223432238,False,1422.0,9080.661556461011
Great Basin NP,2018-01-01,2018,January,-1.3944926343522779,False,1767.0,9093.288056526391
Great Basin NP,2018-02-01,2018,February,-1.2975379980736368,False,2289.0,9105.914556591772
Great Basin NP,2018-03-01,2018,March,1.2539054388286988,False,15705.0,9117.319137296
Great Basin NP,2018-04-01,2018,April,-0.3448874553733006,False,7318.0,9129.94563736138
Great Basin NP,2018-05-01,2018,May,0.6237159216151759,False,12419.0,9142.164830973023
Great Basin NP,2018-06-01,2018,June,1.8804179709837754,False,19034.0,9154.791331038461
Great Basin NP,2018-07-01,2018,July,3.3121208812149723,True,26568.0,9167.010524650104
Great Basin NP,2018-08-01,2018,August,1.653751269419479,False,17868.0,9179.637024715485
Great Basin NP,2018-09-01,2018,September,4.72801905776661,True,34032.0,9192.263524780865
Great Basin NP,2018-10-01,2018,October,0.3725957005454007,False,11162.0,9204.482718392566
Great Basin NP,2018-11-01,2018,November,-1.2773989094158635,False,2506.0,9217.109218457947
Great Basin NP,2018-12-01,2018,December,-1.2949519984078894,False,2426.0,9229.328412069648
Great Basin NP,2019-01-01,2019,January,-1.6279775699366081,False,689.0,9241.954912135028
Great Basin NP,2019-02-01,2019,February,-1.5597644172254357,False,1060.0,9254.581412200409
Great Basin NP,2019-03-01,2019,March,-1.3085913704744678,False,2391.0,9265.985992904636
Great Basin NP,2019-04-01,2019,April,-0.605020124066542,False,6100.0,9278.612492970016
Great Basin NP,2019-05-01,2019,May,0.4235406524169846,False,11516.0,9290.83168658166
Great Basin NP,2019-06-01,2019,June,2.653836665014732,False,23246.0,9303.458186647098
Great Basin NP,2019-07-01,2019,July,2.659885853919181,False,23290.0,9315.677380258741
Great Basin NP,2019-08-01,2019,August,2.9209143897684036,False,24674.0,9328.303880324122
Great Basin NP,2019-09-01,2019,September,2.5494399461825417,False,22735.0,9340.930380389502
Great Basin NP,2019-10-01,2019,October,0.46040628987422805,False,11772.0,9353.149574001203
Great Basin NP,2019-11-01,2019,November,-1.1488553566205577,False,3330.0,9365.776074066584
Great Basin NP,2019-12-01,2019,December,-1.5948659258137197,False,999.0,9377.995267678285
Great Basin NP,2020-01-01,2020,January,-1.288916925580904,False,2619.0,9390.621767743665
Great Basin NP,2020-02-01,2020,February,-1.3626981221500725,False,2244.0,9403.248267809046
Great Basin NP,2020-03-01,2020,March,-1.2794833210829075,False,2693.0,9415.06015496701
Great Basin NP,2020-04-01,2020,April,-1.6391566257205372,False,816.0,9427.68665503239
Great Basin NP,2020-05-01,2020,May,-0.9237067132667169,False,4587.0,9439.905848644034
Great Basin NP,2020-06-01,2020,June,1.288506909007137,False,16222.0,9452.532348709414
Great Basin NP,2020-07-01,2020,July,2.582402970875097,False,23032.0,9464.751542321115
Great Basin NP,2020-08-01,2020,August,2.0282012145424155,False,20133.0,9477.378042386496
Great Basin NP,2020-09-01,2020,September,3.103317996868874,True,25794.0,9490.004542451876
Great Basin NP,2020-10-01,2020,October,1.529537294316436,False,17538.0,9502.223736063577
Great Basin NP,2020-11-01,2020,November,-1.2988581419110359,False,2691.0,9514.850236128957
Great Basin NP,2020-12-01,2020,December,-1.4557408068725006,False,1879.0,9527.0694297406
Great Basin NP,2021-01-01,2021,January,-1.5672095116957006,False,1306.0,9539.695929805981
Great Basin NP,2021-02-01,2021,February,-1.5829367182776095,False,1236.0,9552.32242987142
Great Basin NP,2021-03-01,2021,March,-1.3262437839540817,False,2596.0,9563.727010575647
Great Basin NP,2021-04-01,2021,April,-0.3274537228895755,False,7856.0,9576.353510641027
Great Basin NP,2021-05-01,2021,May,1.1853344323730226,False,15816.0,9588.57270425267
Great Basin NP,2021-06-01,2021,June,3.6314770831529612,True,28680.0,9601.19920431805
Great Basin NP,2021-07-01,2021,July,3.1658613960296718,True,26246.0,9613.418397929752
Great Basin NP,2021-08-01,2021,August,2.3305260553979776,False,21870.0,9626.044897995132
Great Basin NP,2021-09-01,2021,September,2.1286453989552574,False,20822.0,9638.671398060513
Great Basin NP,2021-10-01,2021,October,0.7482511023932031,False,13582.0,9650.890591672214
Great Basin NP,2021-11-01,2021,November,-1.2287492610045567,False,3208.0,9663.517091737594
Great Basin NP,2021-12-01,2021,December,-1.5262938885909167,False,1657.0,9675.736285349238
Great Basin NP,2022-01-01,2022,January,-1.335310822627975,False,2673.0,9688.362785414618
Great Basin NP,2022-02-01,2022,February,-1.2638618737535887,False,3061.0,9700.989285480056
Great Basin NP,2022-03-01,2022,March,-1.0656036113188876,False,4114.0,9712.393866184284
Great Basin NP,2022-04-01,2022,April,-0.0588192303217081,False,9416.0,9725.020366249664
Great Basin NP,2022-05-01,2022,May,1.1001250974447052,False,15517.0,9737.239559861307
Great Basin NP,2022-06-01,2022,June,2.870176691061412,False,24829.0,9749.866059926688
Great Basin NP,2022-07-01,2022,July,1.6913534613731926,False,18648.0,9762.08525353839
Great Basin NP,2022-08-01,2022,August,1.8901405063180299,False,19705.0,9774.71175360377
Great Basin NP,2022-09-01,2022,September,2.913103868131334,False,25092.0,9787.33825366915
Great Basin NP,2022-10-01,2022,October,1.057999240329105,False,15358.0,9799.557447280851
Great Basin NP,2022-11-01,2022,November,-1.3878108848347137,False,2521.0,9812.183947346231
Great Basin NP,2022-12-01,2022,December,-1.645193571806929,False,1181.0,9824.403140957875
Great Basin NP,2023-01-01,2023,January,-1.6734832811401705,False,1045.0,9837.029641023255
Great Basin NP,2023-02-01,2023,February,-1.657613889892942,False,1141.0,9849.656141088693
Great Basin NP,2023-03-01,2023,March,-1.4599266503105746,False,2191.0,9861.060721792921
Great Basin NP,2023-04-01,2023,April,-0.6408184467804409,False,6507.0,9873.687221858301
Great Basin NP,2023-05-01,2023,May,0.6051116954914897,False,13065.0,9885.906415469944
Great Basin NP,2023-06-01,2023,June,2.4075212507404458,False,22547.0,9898.532915535325
Great Basin NP,2023-07-01,2023,July,2.862775083480815,False,24951.0,9910.752109147026
Great Basin NP,2023-08-01,2023,August,2.5647722468952368,False,23398.0,9923.378609212406
Great Basin NP,2023-09-01,2023,September,2.6950365495600166,False,24095.0,9936.005109277787
Great Basin NP,2023-10-01,2023,October,2.043457753526683,False,20684.0,9948.224302889488
Great Basin NP,2023-11-01,2023,November,-1.4427560085893392,False,2381.0,9960.850802954868
Great Basin NP,2023-12-01,2023,December,-1.6584540273411863,False,1260.0,9973.069996566512
Great Basin NP,2024-01-01,2024,January,-1.6391584989799437,False,1374.0,9985.696496631892
Great Basin NP,2024-02-01,2024,February,-1.4584538443590216,False,2336.0,9998.32299669733
Great Basin NP,2024-03-01,2024,March,-1.3198498266154657,False,3076.0,10010.134883855237
Great Basin NP,2024-04-01,2024,April,-0.43983251883640334,False,7712.0,10022.761383920675
Great Basin NP,2024-05-01,2024,May,1.0771431373433094,False,15694.0,10034.980577532318
Great Basin NP,2024-06-01,2024,June,2.8692742812502567,False,25122.0,10047.607077597699
Great Basin NP,2024-07-01,2024,July,2.599709773428242,False,23718.0,10059.8262712094
Great Basin NP,2024-08-01,2024,August,2.609107572349032,False,23780.0,10072.45277127478
Great Basin NP,2024-09-01,2024,September,2.8929770222916074,False,25284.0,10085.07927134016
Great Basin NP,2024-10-01,2024,October,1.6762759433985897,False,18904.0,10097.298464951804
Great Basin NP,2024-11-01,2024,November,-1.66261392281532,False,1375.0,10109.924965017242
Great Basin NP,2024-12-01,2024,December,-1.2237294118418423,False,3693.0,10122.144158628886
Great Basin NP,2025-01-01,2025,January,-1.1633202381125651,False,4023.0,10134.770658694266
Great Basin NP,2025-02-01,2025,February,-1.5964651497504787,False,1760.0,10147.397158759646
Great Basin NP,2025-03-01,2025,March,-1.6064398874668404,False,1719.0,10158.801739463874
Great Basin NP,2025-04-01,2025,April,-0.2663685016575045,False,8772.0,10171.428239529312
Great Basin NP,2025-05-01,2025,May,1.06407302275983,False,15774.0,10183.647433140955
Great Basin NP,2025-06-01,2025,June,3.2840906240155796,True,27450.0,10196.273933206336
Great Basin NP,2025-07-01,2025,July,5.088290774919188,True,36941.0,10208.493126818037
Great Basin NP,2025-08-01,2025,August,1.7907048950241018,False,19629.0,10221.119626883417
Great Sand Dunes NP & PRES,2016-05-01,2016,May,1.2713750972745215,False,50657.0,25143.469213997945
Great Sand Dunes NP & PRES,2016-06-01,2016,June,2.5918283268578683,False,77174.0,25162.05486195389
Great Sand Dunes NP & PRES,2016-07-01,2016,July,2.7031025473587635,False,79425.0,25180.040972878982
Great Sand Dunes NP & PRES,2016-08-01,2016,August,1.700764474306277,False,59329.0,25198.626620834868
Great Sand Dunes NP & PRES,2016-09-01,2016,September,1.1092863392589036,False,47478.0,25217.212268790812
Great Sand Dunes NP & PRES,2016-10-01,2016,October,0.2761059321053459,False,30776.0,25235.198379715905
Great Sand Dunes NP & PRES,2016-11-01,2016,November,-0.7315142699257416,False,10574.0,25253.78402767185
Great Sand Dunes NP & PRES,2016-12-01,2016,December,-1.057660126539329,False,4047.0,25271.77013859694
Great Sand Dunes NP & PRES,2017-01-01,2017,January,-1.1021389238690333,False,3173.0,25290.355786552827
Great Sand Dunes NP & PRES,2017-02-01,2017,February,-0.9349339108111441,False,6547.0,25308.94143450877
Great Sand Dunes NP & PRES,2017-03-01,2017,March,-0.02898834732368623,False,24744.0,25325.72847137222
Great Sand Dunes NP & PRES,2017-04-01,2017,April,-0.11363125745292033,False,23064.0,25344.314119328104
Great Sand Dunes NP & PRES,2017-05-01,2017,May,2.1115908454073478,False,67737.0,25362.300230253197
Great Sand Dunes NP & PRES,2017-06-01,2017,June,3.545410522408722,True,96529.0,25380.88587820914
Great Sand Dunes NP & PRES,2017-07-01,2017,July,3.5800440413144843,True,97242.0,25398.871989134233
Great Sand Dunes NP & PRES,2017-08-01,2017,August,2.39995734499162,False,73579.0,25417.457637090178
Great Sand Dunes NP & PRES,2017-09-01,2017,September,1.1080988062254007,False,47673.0,25436.043285046064
Great Sand Dunes NP & PRES,2017-10-01,2017,October,0.2147220612780067,False,29763.0,25454.029395971156
Great Sand Dunes NP & PRES,2017-11-01,2017,November,-0.7456081369729892,False,10510.0,25472.6150439271
Great Sand Dunes NP & PRES,2017-12-01,2017,December,-0.952607103135366,False,6374.0,25490.601154852193
Great Sand Dunes NP & PRES,2018-01-01,2018,January,-1.0942073097036384,False,3551.0,25509.186802808137
Great Sand Dunes NP & PRES,2018-02-01,2018,February,-0.9940753683928548,False,5579.0,25527.77245076408
Great Sand Dunes NP & PRES,2018-03-01,2018,March,0.04197999474668082,False,26387.0,25544.55948762747
Great Sand Dunes NP & PRES,2018-04-01,2018,April,-0.23242090736842416,False,20899.0,25563.145135583414
Great Sand Dunes NP & PRES,2018-05-01,2018,May,1.912124150054575,False,63953.0,25581.131246508507
Great Sand Dunes NP & PRES,2018-06-01,2018,June,2.5859650624087696,False,77494.0,25599.716894464393
Great Sand Dunes NP & PRES,2018-07-01,2018,July,2.68433294889592,False,79486.0,25617.703005389485
Great Sand Dunes NP & PRES,2018-08-01,2018,August,2.299107001041169,False,71774.0,25636.28865334543
Great Sand Dunes NP & PRES,2018-09-01,2018,September,1.2102117767073108,False,49941.0,25654.874301301374
Great Sand Dunes NP & PRES,2018-10-01,2018,October,0.16614486165349235,False,29007.0,25672.860412226466
Great Sand Dunes NP & PRES,2018-11-01,2018,November,-0.7604993065075754,False,10430.0,25691.44606018241
Great Sand Dunes NP & PRES,2018-12-01,2018,December,-1.0616796289864674,False,4404.0,25709.432171107503
Great Sand Dunes NP & PRES,2019-01-01,2019,January,-1.0626057779454656,False,4404.0,25728.01781906339
Great Sand Dunes NP & PRES,2019-02-01,2019,February,-1.0261583728106114,False,5154.0,25746.603467019333
Great Sand Dunes NP & PRES,2019-03-01,2019,March,-0.3100704641199386,False,19541.0,25763.39050388278
Great Sand Dunes NP & PRES,2019-04-01,2019,April,-0.029847823482227975,False,25183.0,25781.976151838666
Great Sand Dunes NP & PRES,2019-05-01,2019,May,2.126457445628971,False,68473.0,25799.96226276376
Great Sand Dunes NP & PRES,2019-06-01,2019,June,4.797142437515122,True,122086.0,25818.547910719702
Great Sand Dunes NP & PRES,2019-07-01,2019,July,3.8597645615478955,True,103293.0,25836.534021644795
Great Sand Dunes NP & PRES,2019-08-01,2019,August,2.75218256016711,False,81085.0,25855.11966960074
Great Sand Dunes NP & PRES,2019-09-01,2019,September,1.3490504930121192,False,52946.0,25873.705317556625
Great Sand Dunes NP & PRES,2019-10-01,2019,October,0.3133552540753242,False,32180.0,25891.691428481718
Great Sand Dunes NP & PRES,2019-11-01,2019,November,-0.8622964471617367,False,8606.0,25910.277076437662
Great Sand Dunes NP & PRES,2019-12-01,2019,December,-1.0630664876418043,False,4595.0,25928.263187362754
Great Sand Dunes NP & PRES,2020-01-01,2020,January,-1.0322500313237577,False,5232.0,25946.8488353187
Great Sand Dunes NP & PRES,2020-02-01,2020,February,-1.0038753138731762,False,5820.0,25965.434483274643
Great Sand Dunes NP & PRES,2020-03-01,2020,March,-0.32005820028700466,False,19560.0,25982.821057168883
Great Sand Dunes NP & PRES,2020-04-01,2020,April,-1.035217883682307,False,5227.0,26001.40670512477
Great Sand Dunes NP & PRES,2020-05-01,2020,May,-1.2965829131998785,False,0.0,26019.39281604986
Great Sand Dunes NP & PRES,2020-06-01,2020,June,2.5988583620446404,False,78191.0,26037.978464005806
Great Sand Dunes NP & PRES,2020-07-01,2020,July,3.824263145786091,True,102800.0,26055.9645749309
Great Sand Dunes NP & PRES,2020-08-01,2020,August,3.5527524651875773,True,97370.0,26074.550222886843
Great Sand Dunes NP & PRES,2020-09-01,2020,September,2.0132816726982,False,66495.0,26093.135870842787
Great Sand Dunes NP & PRES,2020-10-01,2020,October,1.3632316806045333,False,53468.0,26111.12198176788
Great Sand Dunes NP & PRES,2020-11-01,2020,November,-0.41836991100756554,False,17734.0,26129.707629723765
Great Sand Dunes NP & PRES,2020-12-01,2020,December,-0.8228507370018737,False,9635.0,26147.693740648858
Great Sand Dunes NP & PRES,2021-01-01,2021,January,-1.063515777621592,False,4824.0,26166.279388604802
Great Sand Dunes NP & PRES,2021-02-01,2021,February,-1.0682291133954371,False,4748.0,26184.865036560746
Great Sand Dunes NP & PRES,2021-03-01,2021,March,-0.5007882871873884,False,16152.0,26201.652073424135
Great Sand Dunes NP & PRES,2021-04-01,2021,April,0.24485968043246398,False,31134.0,26220.23772138008
Great Sand Dunes NP & PRES,2021-05-01,2021,May,2.9116876984657263,False,84669.0,26238.22383230517
Great Sand Dunes NP & PRES,2021-06-01,2021,June,4.848954064814061,True,123564.0,26256.809480261116
Great Sand Dunes NP & PRES,2021-07-01,2021,July,4.489919480597881,True,116377.0,26274.79559118621
Great Sand Dunes NP & PRES,2021-08-01,2021,August,3.199406389779041,True,90498.0,26293.381239142094
Great Sand Dunes NP & PRES,2021-09-01,2021,September,1.6734897395743682,False,59895.0,26311.96688709804
Great Sand Dunes NP & PRES,2021-10-01,2021,October,0.9061864504369125,False,44515.0,26329.95299802313
Great Sand Dunes NP & PRES,2021-11-01,2021,November,-0.4706844660414654,False,16903.0,26348.538645979075
Great Sand Dunes NP & PRES,2021-12-01,2021,December,-0.8487546471427825,False,9334.0,26366.524756904168
Great Sand Dunes NP & PRES,2022-01-01,2022,January,-1.015170893629372,False,6013.0,26385.110404860054
Great Sand Dunes NP & PRES,2022-02-01,2022,February,-0.8942094248369463,False,8459.0,26403.696052815998
Great Sand Dunes NP & PRES,2022-03-01,2022,March,0.047515087769695645,False,27374.0,26420.483089679445
Great Sand Dunes NP & PRES,2022-04-01,2022,April,0.18327648398329088,False,30117.0,26439.06873763533
Great Sand Dunes NP & PRES,2022-05-01,2022,May,2.1968147764559625,False,70542.0,26457.054848560423
Great Sand Dunes NP & PRES,2022-06-01,2022,June,3.057971941928557,True,87842.0,26475.640496516367
Great Sand Dunes NP & PRES,2022-07-01,2022,July,2.939324057644054,False,85479.0,26493.62660744146
Great Sand Dunes NP & PRES,2022-08-01,2022,August,1.915109997595295,False,64944.0,26512.212255397404
Great Sand Dunes NP & PRES,2022-09-01,2022,September,1.2443500964634897,False,51502.0,26530.79790335335
Great Sand Dunes NP & PRES,2022-10-01,2022,October,0.7040288591893821,False,40677.0,26548.78401427844
Great Sand Dunes NP & PRES,2022-11-01,2022,November,-0.6748851449127903,False,13024.0,26567.369662234327
Great Sand Dunes NP & PRES,2022-12-01,2022,December,-0.95329251509716,False,7455.0,26585.35577315942
Great Sand Dunes NP & PRES,2023-01-01,2023,January,-0.9911437355008901,False,6714.0,26603.941421115363
Great Sand Dunes NP & PRES,2023-02-01,2023,February,-0.9255947895782872,False,8048.0,26622.527069071308
Great Sand Dunes NP & PRES,2023-03-01,2023,March,-1.0072578508723176,False,6426.0,26639.314105934696
Great Sand Dunes NP & PRES,2023-04-01,2023,April,-0.06796504164083614,False,25294.0,26657.89975389064
Great Sand Dunes NP & PRES,2023-05-01,2023,May,2.4761282247482055,False,76366.0,26675.885864815733
Great Sand Dunes NP & PRES,2023-06-01,2023,June,3.810783404887217,True,103168.0,26694.471512771677
Great Sand Dunes NP & PRES,2023-07-01,2023,July,3.8387893468670025,True,103748.0,26712.45762369677
Great Sand Dunes NP & PRES,2023-08-01,2023,August,2.064463140451841,False,68160.0,26731.043271652656
Great Sand Dunes NP & PRES,2023-09-01,2023,September,1.412539510583339,False,55096.0,26749.6289196086
Great Sand Dunes NP & PRES,2023-10-01,2023,October,0.6621788993017647,False,40056.0,26767.615030533692
Great Sand Dunes NP & PRES,2023-11-01,2023,November,-0.7371659810383849,False,11993.0,26786.200678489637
Great Sand Dunes NP & PRES,2023-12-01,2023,December,-0.9793957508599026,False,7150.0,26804.18678941473
Great Sand Dunes NP & PRES,2024-01-01,2024,January,-1.135397233605671,False,4038.0,26822.772437370615
Great Sand Dunes NP & PRES,2024-02-01,2024,February,-1.0026755531250457,False,6720.0,26841.35808532656
Great Sand Dunes NP & PRES,2024-03-01,2024,March,-0.2824316821487298,False,21191.0,26858.7446592208
Great Sand Dunes NP & PRES,2024-04-01,2024,April,-0.14990932728993828,False,23869.0,26877.330307176744
Great Sand Dunes NP & PRES,2024-05-01,2024,May,1.8290958012000111,False,63601.0,26895.316418101836
Great Sand Dunes NP & PRES,2024-06-01,2024,June,2.8054133446871385,False,83212.0,26913.90206605778
Great Sand Dunes NP & PRES,2024-07-01,2024,July,2.434967368620968,False,75796.0,26931.888176982873
Great Sand Dunes NP & PRES,2024-08-01,2024,August,1.639678785248437,False,59855.0,26950.473824938817
Great Sand Dunes NP & PRES,2024-09-01,2024,September,0.8663658516830955,False,44355.0,26969.059472894704
Great Sand Dunes NP & PRES,2024-10-01,2024,October,0.4548089661136841,False,36114.0,26987.045583819796
Great Sand Dunes NP & PRES,2024-11-01,2024,November,-0.8318671064848564,False,10312.0,27005.63123177574
Great Sand Dunes NP & PRES,2024-12-01,2024,December,-0.9181744086268097,False,8598.0,27023.617342700833
Great Sand Dunes NP & PRES,2025-01-01,2025,January,-1.0747240368326243,False,5475.0,27042.202990656777
Great Sand Dunes NP & PRES,2025-02-01,2025,February,-0.9519188060382322,False,7958.0,27060.788638612663
Great Sand Dunes NP & PRES,2025-03-01,2025,March,0.0025127149603205554,False,27128.0,27077.57567547611
Great Sand Dunes NP & PRES,2025-04-01,2025,April,-0.2453778794508764,False,22172.0,27096.161323432054
Great Sand Dunes NP & PRES,2025-05-01,2025,May,1.736168650717455,False,61955.0,27114.147434357146
Great Sand Dunes NP & PRES,2025-06-01,2025,June,2.385741668613373,False,75009.0,27132.733082313032
Great Sand Dunes NP & PRES,2025-07-01,2025,July,2.3145831137307957,False,73599.0,27150.719193238125
Great Sand Dunes NP & PRES,2025-08-01,2025,August,1.709600667804176,False,61477.0,27169.30484119407
Great Smoky Mountains NP,2016-05-01,2016,May,0.49307203572850156,False,1018224.0,822528.2467673495
Great Smoky Mountains NP,2016-06-01,2016,June,1.3639788596013043,False,1364138.0,822787.3433384141
Great Smoky Mountains NP,2016-07-01,2016,July,1.6161068054804155,False,1464456.0,823038.0819555726
Great Smoky Mountains NP,2016-08-01,2016,August,0.9082619809007597,False,1183778.0,823297.1785266371
Great Smoky Mountains NP,2016-09-01,2016,September,0.8605433219779407,False,1165098.0,823556.2750977008
Great Smoky Mountains NP,2016-10-01,2016,October,1.6195310930956166,False,1466584.0,823807.0137148602
Great Smoky Mountains NP,2016-11-01,2016,November,-0.033188248218137234,False,810894.0,824066.1102859238
Great Smoky Mountains NP,2016-12-01,2016,December,-0.8959538785024279,False,468721.0,824316.8489030832
Great Smoky Mountains NP,2017-01-01,2017,January,-1.1147019503397957,False,382161.0,824575.9454741469
Great Smoky Mountains NP,2017-02-01,2017,February,-0.9244710253549862,False,457921.0,824835.0420452114
Great Smoky Mountains NP,2017-03-01,2017,March,-0.33876841129857055,False,690615.0,825069.0647545597
Great Smoky Mountains NP,2017-04-01,2017,April,0.10594057356204294,False,867375.0,825328.1613256233
Great Smoky Mountains NP,2017-05-01,2017,May,0.20677501388311195,False,907646.0,825578.8999427818
Great Smoky Mountains NP,2017-06-01,2017,June,1.2065611173668764,False,1304711.0,825837.9965138463
Great Smoky Mountains NP,2017-07-01,2017,July,1.6790998177001981,False,1492508.0,826088.7351310048
Great Smoky Mountains NP,2017-08-01,2017,August,1.030107453740136,False,1235188.0,826347.8317020694
Great Smoky Mountains NP,2017-09-01,2017,September,1.1478247295841006,False,1282168.0,826606.928273133
Great Smoky Mountains NP,2017-10-01,2017,October,1.283756985490018,False,1336369.0,826857.6668902924
Great Smoky Mountains NP,2017-11-01,2017,November,-0.024890381778393304,False,817238.0,827116.763461356
Great Smoky Mountains NP,2017-12-01,2017,December,-0.6610747945526733,False,564993.0,827367.5020785155
Great Smoky Mountains NP,2018-01-01,2018,January,-1.2768313160590528,False,320864.0,827626.5986495791
Great Smoky Mountains NP,2018-02-01,2018,February,-1.0802208024840896,False,399156.0,827885.6952206437
Great Smoky Mountains NP,2018-03-01,2018,March,-0.3499318174774473,False,689235.0,828119.7179299919
Great Smoky Mountains NP,2018-04-01,2018,April,-0.01945576606880511,False,820657.0,828378.8145010555
Great Smoky Mountains NP,2018-05-01,2018,May,0.3943539332977315,False,985145.0,828629.553118215
Great Smoky Mountains NP,2018-06-01,2018,June,1.4433500465580753,False,1401741.0,828888.6496892786
Great Smoky Mountains NP,2018-07-01,2018,July,1.6103513020316016,False,1468273.0,829139.388306438
Great Smoky Mountains NP,2018-08-01,2018,August,0.92207105304537,False,1195360.0,829398.4848775016
Great Smoky Mountains NP,2018-09-01,2018,September,1.3605239089686383,False,1369637.0,829657.5814485662
Great Smoky Mountains NP,2018-10-01,2018,October,1.0928867165133027,False,1263665.0,829908.3200657247
Great Smoky Mountains NP,2018-11-01,2018,November,0.09307996971356743,False,867110.0,830167.4166367883
Great Smoky Mountains NP,2018-12-01,2018,December,-0.4788751885819606,False,640357.0,830418.1552539477
Great Smoky Mountains NP,2019-01-01,2019,January,-0.8413756488168926,False,496743.0,830677.2518250113
Great Smoky Mountains NP,2019-02-01,2019,February,-1.0309292921415802,False,421770.0,830936.3483960759
Great Smoky Mountains NP,2019-03-01,2019,March,-0.1130421048961986,False,786305.0,831170.3711054241
Great Smoky Mountains NP,2019-04-01,2019,April,0.4228607304509967,False,999259.0,831429.4676764878
Great Smoky Mountains NP,2019-05-01,2019,May,0.6661172184209699,False,1096056.0,831680.2062936472
Great Smoky Mountains NP,2019-06-01,2019,June,1.60728770225176,False,1469857.0,831939.3028647108
Great Smoky Mountains NP,2019-07-01,2019,July,1.9676519698748758,False,1613133.0,832190.0414818702
Great Smoky Mountains NP,2019-08-01,2019,August,1.4582899536593426,False,1411231.0,832449.1380529338
Great Smoky Mountains NP,2019-09-01,2019,September,1.1101738027692691,False,1273326.0,832708.2346239984
Great Smoky Mountains NP,2019-10-01,2019,October,1.4488973569639392,False,1408013.0,832958.9732411569
Great Smoky Mountains NP,2019-11-01,2019,November,0.04585878615961306,False,851419.0,833218.0698122215
Great Smoky Mountains NP,2019-12-01,2019,December,-0.28430442148263235,False,720631.0,833468.80842938
Great Smoky Mountains NP,2020-01-01,2020,January,-0.9957875264430869,False,438509.0,833727.9050004445
Great Smoky Mountains NP,2020-02-01,2020,February,-1.0258438962596745,False,426839.0,833987.0015715081
Great Smoky Mountains NP,2020-03-01,2020,March,-0.8735258788212038,False,487535.0,834229.3822347615
Great Smoky Mountains NP,2020-04-01,2020,April,-1.8521907899732402,False,99371.0,834488.478805826
Great Smoky Mountains NP,2020-05-01,2020,May,-0.01498451833129255,False,828792.0,834739.2174229845
Great Smoky Mountains NP,2020-06-01,2020,June,1.7653764998426005,False,1535660.0,834998.3139940491
Great Smoky Mountains NP,2020-07-01,2020,July,2.2447936665468227,False,1726187.0,835249.0526112076
Great Smoky Mountains NP,2020-08-01,2020,August,1.7857452382289096,False,1544254.0,835508.1491822721
Great Smoky Mountains NP,2020-09-01,2020,September,1.4220630927456435,False,1400171.0,835767.2457533358
Great Smoky Mountains NP,2020-10-01,2020,October,2.2769538182499818,False,1739720.0,836017.9843704943
Great Smoky Mountains NP,2020-11-01,2020,November,0.642042901958029,False,1091098.0,836277.0809415588
Great Smoky Mountains NP,2020-12-01,2020,December,-0.14851394894031278,False,777584.0,836527.8195587173
Great Smoky Mountains NP,2021-01-01,2021,January,-0.7835553721327282,False,525801.0,836786.9161297819
Great Smoky Mountains NP,2021-02-01,2021,February,-0.8430203351658541,False,502459.0,837046.0127008455
Great Smoky Mountains NP,2021-03-01,2021,March,0.23628656875282578,False,931060.0,837280.0354101937
Great Smoky Mountains NP,2021-04-01,2021,April,0.8363254339429744,False,1169469.0,837539.1319812583
Great Smoky Mountains NP,2021-05-01,2021,May,1.3237725172494161,False,1363183.0,837789.8705984168
Great Smoky Mountains NP,2021-06-01,2021,June,1.7667278711231604,False,1539247.0,838048.9671694813
Great Smoky Mountains NP,2021-07-01,2021,July,2.249201294130643,False,1730987.0,838299.7057866398
Great Smoky Mountains NP,2021-08-01,2021,August,1.409965163943034,False,1398161.0,838558.8023577044
Great Smoky Mountains NP,2021-09-01,2021,September,1.3020737819909685,False,1355599.0,838817.898928768
Great Smoky Mountains NP,2021-10-01,2021,October,2.0017555672338263,False,1633547.0,839068.6375459274
Great Smoky Mountains NP,2021-11-01,2021,November,0.7959349732484977,False,1155227.0,839327.734116991
Great Smoky Mountains NP,2021-12-01,2021,December,0.04341125417020765,False,856808.0,839578.4727341495
Great Smoky Mountains NP,2022-01-01,2022,January,-1.0848590407565364,False,409267.0,839837.5693052141
Great Smoky Mountains NP,2022-02-01,2022,February,-0.7647057280737495,False,536592.0,840096.6658762787
Great Smoky Mountains NP,2022-03-01,2022,March,0.0972214818464706,False,878917.0,840330.688585626
Great Smoky Mountains NP,2022-04-01,2022,April,0.43913392844101407,False,1014878.0,840589.7851566905
Great Smoky Mountains NP,2022-05-01,2022,May,0.974367456139579,False,1227558.0,840840.523773849
Great Smoky Mountains NP,2022-06-01,2022,June,1.626788488308123,False,1486757.0,841099.6203449136
Great Smoky Mountains NP,2022-07-01,2022,July,1.8124523080341275,False,1560696.0,841350.3589620721
Great Smoky Mountains NP,2022-08-01,2022,August,1.0697213129887257,False,1266172.0,841609.4555331366
Great Smoky Mountains NP,2022-09-01,2022,September,1.1941558017795109,False,1315818.0,841868.5521042002
Great Smoky Mountains NP,2022-10-01,2022,October,1.972302495345658,False,1624908.0,842119.2907213597
Great Smoky Mountains NP,2022-11-01,2022,November,0.2596825461557922,False,945444.0,842378.3872924233
Great Smoky Mountains NP,2022-12-01,2022,December,-0.43337645320835366,False,670626.0,842629.1259095827
Great Smoky Mountains NP,2023-01-01,2023,January,-0.965661651490719,False,459626.0,842888.2224806463
Great Smoky Mountains NP,2023-02-01,2023,February,-0.8476017121205874,False,506742.0,843147.3190517109
Great Smoky Mountains NP,2023-03-01,2023,March,0.09224113664714807,False,879991.0,843381.3417610591
Great Smoky Mountains NP,2023-04-01,2023,April,0.46137013772464847,False,1026754.0,843640.4383321228
Great Smoky Mountains NP,2023-05-01,2023,May,0.9718915781829945,False,1229626.0,843891.1769492822
Great Smoky Mountains NP,2023-06-01,2023,June,1.7681330275373888,False,1545906.0,844150.2735203458
Great Smoky Mountains NP,2023-07-01,2023,July,1.9283389629368082,False,1609741.0,844401.0121375043
Great Smoky Mountains NP,2023-08-01,2023,August,1.1205749658770072,False,1289406.0,844660.1087085688
Great Smoky Mountains NP,2023-09-01,2023,September,1.166431165030697,False,1307865.0,844919.2052796325
Great Smoky Mountains NP,2023-10-01,2023,October,2.1662181704096626,False,1704922.0,845169.9438967919
Great Smoky Mountains NP,2023-11-01,2023,November,0.32849579915095206,False,975806.0,845429.0404678555
Great Smoky Mountains NP,2023-12-01,2023,December,-0.2126977489166189,False,761262.0,845679.779085015
Great Smoky Mountains NP,2024-01-01,2024,January,-1.1039179516919244,False,407804.0,845938.8756560786
Great Smoky Mountains NP,2024-02-01,2024,February,-0.9417854358530054,False,472412.0,846197.9722271431
Great Smoky Mountains NP,2024-03-01,2024,March,0.06471212561373035,False,872124.0,846440.3528903965
Great Smoky Mountains NP,2024-04-01,2024,April,0.26327027820140875,False,951189.0,846699.4494614601
Great Smoky Mountains NP,2024-05-01,2024,May,1.057927810642468,False,1266832.0,846950.1880786195
Great Smoky Mountains NP,2024-06-01,2024,June,1.3378307569241095,False,1378182.0,847209.2846496832
Great Smoky Mountains NP,2024-07-01,2024,July,1.356529253939322,False,1385854.0,847460.0232668426
Great Smoky Mountains NP,2024-08-01,2024,August,0.7622446336830572,False,1150247.0,847719.1198379062
Great Smoky Mountains NP,2024-09-01,2024,September,0.42306544990565187,False,1015889.0,847978.2164089708
Great Smoky Mountains NP,2024-10-01,2024,October,1.6691116297018582,False,1510684.0,848228.9550261293
Great Smoky Mountains NP,2024-11-01,2024,November,0.4222167651017222,False,1016062.0,848488.0515971938
Great Smoky Mountains NP,2024-12-01,2024,December,-0.21210819412613616,False,764555.0,848738.7902143523
Great Smoky Mountains NP,2025-01-01,2025,January,-1.409934145695765,False,289408.0,848997.8867854169
Great Smoky Mountains NP,2025-02-01,2025,February,-1.1051125062243052,False,410648.0,849256.9833564805
Great Smoky Mountains NP,2025-03-01,2025,March,-0.009347674710489372,False,845781.0,849491.0060658287
Great Smoky Mountains NP,2025-04-01,2025,April,0.34440682021490826,False,986442.0,849750.1026368933
Great Smoky Mountains NP,2025-05-01,2025,May,0.65869796107675,False,1111432.0,850000.8412540518
Great Smoky Mountains NP,2025-06-01,2025,June,1.2242260739290882,False,1336144.0,850259.9378251163
Great Smoky Mountains NP,2025-07-01,2025,July,1.4735194869630481,False,1435337.0,850510.6764422748
Great Smoky Mountains NP,2025-08-01,2025,August,0.21641778453561863,False,936664.0,850769.7730133384
Guadalupe Mountains NP,2016-05-01,2016,May,0.04061347230871151,False,16276.0,16070.45956603231
Guadalupe Mountains NP,2016-06-01,2016,June,-0.5829924572708369,False,13126.0,16076.46239229414
Guadalupe Mountains NP,2016-07-01,2016,July,-0.48672667528884395,False,13619.0,16082.27157899909
Guadalupe Mountains NP,2016-08-01,2016,August,-0.9585807274835526,False,11237.0,16088.27440526092
Guadalupe Mountains NP,2016-09-01,2016,September,-0.19152296821608591,False,15125.0,16094.27723152272
Guadalupe Mountains NP,2016-10-01,2016,October,0.569842838866645,False,18984.0,16100.0864182277
Guadalupe Mountains NP,2016-11-01,2016,November,1.0980099474071956,False,21663.0,16106.0892444895
Guadalupe Mountains NP,2016-12-01,2016,December,-0.5352609668992333,False,13403.0,16111.89843119448
Guadalupe Mountains NP,2017-01-01,2017,January,-0.7929235671601256,False,12105.0,16117.90125745628
Guadalupe Mountains NP,2017-02-01,2017,February,1.0840173890743277,False,21610.0,16123.90408371808
Guadalupe Mountains NP,2017-03-01,2017,March,6.946535848370076,True,51285.0,16129.325991309393
Guadalupe Mountains NP,2017-04-01,2017,April,0.5375871870838574,False,18856.0,16135.328817571193
Guadalupe Mountains NP,2017-05-01,2017,May,0.3823163285568587,False,18076.0,16141.138004276174
Guadalupe Mountains NP,2017-06-01,2017,June,-0.2794251639592389,False,14733.0,16147.140830537974
Guadalupe Mountains NP,2017-07-01,2017,July,-0.7743594042890237,False,12234.0,16152.950017242954
Guadalupe Mountains NP,2017-08-01,2017,August,-0.3904356167002089,False,14183.0,16158.952843504754
Guadalupe Mountains NP,2017-09-01,2017,September,-1.195630055806663,False,10114.0,16164.955669766554
Guadalupe Mountains NP,2017-10-01,2017,October,0.2909042278416441,False,17643.0,16170.764856471535
Guadalupe Mountains NP,2017-11-01,2017,November,0.8218376466470225,False,20336.0,16176.767682733334
Guadalupe Mountains NP,2017-12-01,2017,December,-0.41506052542765004,False,14082.0,16182.576869438315
Guadalupe Mountains NP,2018-01-01,2018,January,-1.5533977578555105,False,8327.0,16188.579695700115
Guadalupe Mountains NP,2018-02-01,2018,February,-0.5436950696445758,False,13443.0,16194.582521961915
Guadalupe Mountains NP,2018-03-01,2018,March,-0.7755557173548386,False,12275.0,16200.004429553228
Guadalupe Mountains NP,2018-04-01,2018,April,0.6939472555885471,False,19718.0,16206.007255815028
Guadalupe Mountains NP,2018-05-01,2018,May,0.07255311743806225,False,16579.0,16211.816442520008
Guadalupe Mountains NP,2018-06-01,2018,June,0.024339722942704128,False,16341.0,16217.819268781808
Guadalupe Mountains NP,2018-07-01,2018,July,-0.9305923957098767,False,11514.0,16223.628455486789
Guadalupe Mountains NP,2018-08-01,2018,August,-0.45142849757484715,False,13945.0,16229.631281748589
Guadalupe Mountains NP,2018-09-01,2018,September,-0.7733090146978194,False,12322.0,16235.634108010418
Guadalupe Mountains NP,2018-10-01,2018,October,0.6316191161380729,False,19438.0,16241.44329471537
Guadalupe Mountains NP,2018-11-01,2018,November,1.0402421025199873,False,21512.0,16247.446120977198
Guadalupe Mountains NP,2018-12-01,2018,December,-1.8416227091755026,False,6933.0,16253.25530768215
Guadalupe Mountains NP,2019-01-01,2019,January,-3.0054495147578537,True,1049.0,16259.258133943978
Guadalupe Mountains NP,2019-02-01,2019,February,-1.3442807591799697,False,9462.0,16265.260960205778
Guadalupe Mountains NP,2019-03-01,2019,March,2.2842445676769776,False,27831.0,16270.682867797092
Guadalupe Mountains NP,2019-04-01,2019,April,0.9273688243277198,False,20970.0,16276.685694058891
Guadalupe Mountains NP,2019-05-01,2019,May,1.7628322277897672,False,25204.0,16282.494880763872
Guadalupe Mountains NP,2019-06-01,2019,June,-0.37789728845748494,False,14376.0,16288.497707025672
Guadalupe Mountains NP,2019-07-01,2019,July,-0.5442333880437948,False,13540.0,16294.306893730653
Guadalupe Mountains NP,2019-08-01,2019,August,-1.1397810277943698,False,10532.0,16300.309719992452
Guadalupe Mountains NP,2019-09-01,2019,September,-0.8198775634772844,False,12157.0,16306.312546254252
Guadalupe Mountains NP,2019-10-01,2019,October,1.4228473904207393,False,23513.0,16312.121732959233
Guadalupe Mountains NP,2019-11-01,2019,November,-0.22864039613268003,False,15161.0,16318.124559221033
Guadalupe Mountains NP,2019-12-01,2019,December,-0.25409226580311645,False,15038.0,16323.933745926013
Guadalupe Mountains NP,2020-01-01,2020,January,-0.430543900432278,False,14151.0,16329.936572187813
Guadalupe Mountains NP,2020-02-01,2020,February,-0.32008964188072675,False,14716.0,16335.939398449613
Guadalupe Mountains NP,2020-03-01,2020,March,0.6250764661579792,False,19505.0,16341.554945597745
Guadalupe Mountains NP,2020-04-01,2020,April,-2.7715579103211048,False,2321.0,16347.557771859574
Guadalupe Mountains NP,2020-05-01,2020,May,-3.2313204915695017,True,0.0,16353.366958564526
Guadalupe Mountains NP,2020-06-01,2020,June,-2.918727990095181,False,1588.0,16359.369784826355
Guadalupe Mountains NP,2020-07-01,2020,July,-1.5965915736137783,False,8285.0,16365.178971531306
Guadalupe Mountains NP,2020-08-01,2020,August,-1.7001311734056983,False,7767.0,16371.181797793135
Guadalupe Mountains NP,2020-09-01,2020,September,-0.3606447829092198,False,14552.0,16377.184624054935
Guadalupe Mountains NP,2020-10-01,2020,October,1.8318913990412136,False,25654.0,16382.993810759916
Guadalupe Mountains NP,2020-11-01,2020,November,1.7809116942810277,False,25402.0,16388.996637021715
Guadalupe Mountains NP,2020-12-01,2020,December,0.1818244711042565,False,17315.0,16394.805823726696
Guadalupe Mountains NP,2021-01-01,2021,January,-0.5137055253608093,False,13801.0,16400.808649988496
Guadalupe Mountains NP,2021-02-01,2021,February,-0.7541774832617003,False,12590.0,16406.811476250296
Guadalupe Mountains NP,2021-03-01,2021,March,2.94587672330008,False,31321.0,16412.23338384161
Guadalupe Mountains NP,2021-04-01,2021,April,2.0108632953370638,False,26595.0,16418.23621010341
Guadalupe Mountains NP,2021-05-01,2021,May,1.434915682965893,False,23686.0,16424.04539680839
Guadalupe Mountains NP,2021-06-01,2021,June,-0.20669242407028413,False,15384.0,16430.04822307019
Guadalupe Mountains NP,2021-07-01,2021,July,0.06306053023447585,False,16755.0,16435.85740977517
Guadalupe Mountains NP,2021-08-01,2021,August,-0.13986864550089484,False,15734.0,16441.86023603697
Guadalupe Mountains NP,2021-09-01,2021,September,-0.5427625346652473,False,13701.0,16447.86306229877
Guadalupe Mountains NP,2021-10-01,2021,October,1.7183386231348468,False,25150.0,16453.67224900375
Guadalupe Mountains NP,2021-11-01,2021,November,1.2737524864077323,False,22906.0,16459.67507526555
Guadalupe Mountains NP,2021-12-01,2021,December,1.8183581248821699,False,25668.0,16465.48426197053
Guadalupe Mountains NP,2022-01-01,2022,January,-0.620935306376141,False,13329.0,16471.48708823233
Guadalupe Mountains NP,2022-02-01,2022,February,-0.35161580118733554,False,14698.0,16477.48991449413
Guadalupe Mountains NP,2022-03-01,2022,March,3.9177055391579394,True,36310.0,16482.911822085443
Guadalupe Mountains NP,2022-04-01,2022,April,2.006382181301051,False,26643.0,16488.914648347243
Guadalupe Mountains NP,2022-05-01,2022,May,0.3260839924925489,False,18145.0,16494.723835052224
Guadalupe Mountains NP,2022-06-01,2022,June,-1.1155594011146466,False,10855.0,16500.726661314024
Guadalupe Mountains NP,2022-07-01,2022,July,-0.9086412085395469,False,11908.0,16506.535848019004
Guadalupe Mountains NP,2022-08-01,2022,August,-1.3646877735066623,False,9606.0,16512.538674280804
Guadalupe Mountains NP,2022-09-01,2022,September,-0.4573385650943622,False,14204.0,16518.541500542633
Guadalupe Mountains NP,2022-10-01,2022,October,1.2949590975677652,False,23078.0,16524.350687247585
Guadalupe Mountains NP,2022-11-01,2022,November,0.7808200170392601,False,20482.0,16530.353513509413
Guadalupe Mountains NP,2022-12-01,2022,December,0.8284777757964215,False,20729.0,16536.162700214365
Guadalupe Mountains NP,2023-01-01,2023,January,-0.5594201612369821,False,13711.0,16542.165526476194
Guadalupe Mountains NP,2023-02-01,2023,February,0.9460448451491651,False,21336.0,16548.168352737994
Guadalupe Mountains NP,2023-03-01,2023,March,5.532899085178604,True,44555.0,16553.590260329307
Guadalupe Mountains NP,2023-04-01,2023,April,1.466027250249816,False,23979.0,16559.593086591107
Guadalupe Mountains NP,2023-05-01,2023,May,0.4154598338703308,False,18668.0,16565.402273296088
Guadalupe Mountains NP,2023-06-01,2023,June,-0.513823379972685,False,13971.0,16571.405099557887
Guadalupe Mountains NP,2023-07-01,2023,July,-0.6999188385934793,False,13035.0,16577.214286262868
Guadalupe Mountains NP,2023-08-01,2023,August,-1.9623448457579014,False,6652.0,16583.217112524668
Guadalupe Mountains NP,2023-09-01,2023,September,-1.1616961761318114,False,10710.0,16589.219938786468
Guadalupe Mountains NP,2023-10-01,2023,October,1.3535103388517513,False,23445.0,16595.02912549145
Guadalupe Mountains NP,2023-11-01,2023,November,0.20667658203906278,False,17647.0,16601.031951753248
Guadalupe Mountains NP,2023-12-01,2023,December,0.5975544072252119,False,19631.0,16606.84113845823
Guadalupe Mountains NP,2024-01-01,2024,January,-1.1950152028344259,False,10565.0,16612.84396472003
Guadalupe Mountains NP,2024-02-01,2024,February,-0.07485769762072352,False,16240.0,16618.84679098183
Guadalupe Mountains NP,2024-03-01,2024,March,3.314936310164388,True,33401.0,16624.46233812996
Guadalupe Mountains NP,2024-04-01,2024,April,3.0930381497559063,True,32284.0,16630.46516439179
Guadalupe Mountains NP,2024-05-01,2024,May,0.6267126585556223,False,19808.0,16636.27435109674
Guadalupe Mountains NP,2024-06-01,2024,June,-0.7449826040695041,False,12872.0,16642.27717735857
Guadalupe Mountains NP,2024-07-01,2024,July,-0.7002887491675154,False,13104.0,16648.08636406352
Guadalupe Mountains NP,2024-08-01,2024,August,-1.5193147395981144,False,8965.0,16654.08919032535
Guadalupe Mountains NP,2024-09-01,2024,September,-1.3638091424479386,False,9758.0,16660.09201658715
Guadalupe Mountains NP,2024-10-01,2024,October,1.1547564635714866,False,22510.0,16665.90120329213
Guadalupe Mountains NP,2024-11-01,2024,November,0.9156676608030095,False,21306.0,16671.90402955393
Guadalupe Mountains NP,2024-12-01,2024,December,1.7078580679795363,False,25321.0,16677.71321625891
Guadalupe Mountains NP,2025-01-01,2025,January,-1.579111865858154,False,8692.0,16683.71604252071
Guadalupe Mountains NP,2025-02-01,2025,February,-0.005081883622345815,False,16664.0,16689.71886878251
Guadalupe Mountains NP,2025-03-01,2025,March,2.6959391301559053,False,30339.0,16695.140776373824
Guadalupe Mountains NP,2025-04-01,2025,April,2.3778128912494907,False,28735.0,16701.143602635624
Guadalupe Mountains NP,2025-05-01,2025,May,0.1966149509168103,False,17702.0,16706.952789340605
Guadalupe Mountains NP,2025-06-01,2025,June,-0.8239565016655234,False,12543.0,16712.955615602405
Guadalupe Mountains NP,2025-07-01,2025,July,-1.065180571992529,False,11328.0,16718.764802307385
Guadalupe Mountains NP,2025-08-01,2025,August,-1.5828763371472356,False,8714.0,16724.767628569185
Haleakala NP,2016-05-01,2016,May,-0.15579682705691905,False,111482.0,116371.68817759003
Haleakala NP,2016-06-01,2016,June,-0.2510784491307609,False,108549.0,116429.10479772999
Haleakala NP,2016-07-01,2016,July,-0.281684265155457,False,107644.0,116484.66926883301
Haleakala NP,2016-08-01,2016,August,-0.005291882341188604,False,116376.0,116542.08588897274
Haleakala NP,2016-09-01,2016,September,-0.4971319840410337,False,100997.0,116599.5025091127
Haleakala NP,2016-10-01,2016,October,-0.22571483458486177,False,109571.0,116655.06698021572
Haleakala NP,2016-11-01,2016,November,-0.579941560621465,False,98511.0,116712.48360035568
Haleakala NP,2016-12-01,2016,December,-0.7502636656675354,False,93221.0,116768.0480714587
Haleakala NP,2017-01-01,2017,January,-0.34648571306821474,False,105951.0,116825.46469159843
Haleakala NP,2017-02-01,2017,February,-0.9691206531791754,False,86467.0,116882.8813117384
Haleakala NP,2017-03-01,2017,March,-0.4996885842493423,False,101252.0,116934.74148476799
Haleakala NP,2017-04-01,2017,April,-0.8217980880890065,False,91200.0,116992.15810490772
Haleakala NP,2017-05-01,2017,May,-0.36271185258132665,False,105664.0,117047.72257601097
Haleakala NP,2017-06-01,2017,June,-0.5062967572449908,False,101215.0,117105.1391961507
Haleakala NP,2017-07-01,2017,July,-0.33747628980679495,False,106569.0,117160.70366725372
Haleakala NP,2017-08-01,2017,August,-0.4019470449516359,False,104603.0,117218.12028739369
Haleakala NP,2017-09-01,2017,September,-0.7029318282391516,False,95214.0,117275.53690753342
Haleakala NP,2017-10-01,2017,October,-2.048782500481258,False,53030.0,117331.10137863667
Haleakala NP,2017-11-01,2017,November,-2.0524918045055074,False,52971.0,117388.5179987764
Haleakala NP,2017-12-01,2017,December,-0.2928173816401283,False,108254.0,117444.08246987942
Haleakala NP,2018-01-01,2018,January,-0.650102890743106,False,97098.0,117501.49909001938
Haleakala NP,2018-02-01,2018,February,-0.8940541147721817,False,89499.0,117558.91571015911
Haleakala NP,2018-03-01,2018,March,-0.884427237830365,False,89853.0,117610.7758831887
Haleakala NP,2018-04-01,2018,April,-0.7849026133644846,False,93034.0,117668.19250332867
Haleakala NP,2018-05-01,2018,May,-0.4365698147184386,False,104022.0,117723.75697443169
Haleakala NP,2018-06-01,2018,June,-0.48370746582048363,False,102600.0,117781.17359457142
Haleakala NP,2018-07-01,2018,July,0.19226560648730903,False,123871.0,117836.73806567467
Haleakala NP,2018-08-01,2018,August,-1.107698608883935,False,83129.0,117894.1546858144
Haleakala NP,2018-09-01,2018,September,-1.5317675482694213,False,69877.0,117951.57130595436
Haleakala NP,2018-10-01,2018,October,-2.0751337381187414,False,52879.0,118007.13577705738
Haleakala NP,2018-11-01,2018,November,-2.086458137485319,False,52581.0,118064.55239719711
Haleakala NP,2018-12-01,2018,December,-1.0348601321620232,False,85641.0,118120.11686830036
Haleakala NP,2019-01-01,2019,January,-2.0600436687372965,False,53523.0,118177.5334884401
Haleakala NP,2019-02-01,2019,February,-1.1014470751507104,False,83666.0,118234.95010858006
Haleakala NP,2019-03-01,2019,March,-0.8033387202614541,False,93074.0,118286.81028160965
Haleakala NP,2019-04-01,2019,April,-0.9743889478752721,False,87763.0,118344.22690174938
Haleakala NP,2019-05-01,2019,May,-1.0591288517100745,False,85159.0,118399.7913728524
Haleakala NP,2019-06-01,2019,June,-1.0552549227156114,False,85338.0,118457.20799299236
Haleakala NP,2019-07-01,2019,July,-1.0274252372431125,False,86267.0,118512.77246409538
Haleakala NP,2019-08-01,2019,August,-1.0817956358041962,False,84618.0,118570.18908423535
Haleakala NP,2019-09-01,2019,September,-0.6299692992039101,False,98856.0,118627.60570437508
Haleakala NP,2019-10-01,2019,October,-1.4490720375574433,False,73204.0,118683.1701754781
Haleakala NP,2019-11-01,2019,November,-1.486874027842332,False,72075.0,118740.58679561806
Haleakala NP,2019-12-01,2019,December,-0.8903974529366593,False,90851.0,118796.15126672108
Haleakala NP,2020-01-01,2020,January,-1.3199467119827333,False,77427.0,118853.56788686104
Haleakala NP,2020-02-01,2020,February,-1.5760374813064824,False,69447.0,118910.98450700077
Haleakala NP,2020-03-01,2020,March,-2.6533890633786372,False,35688.0,118964.69682906708
Haleakala NP,2020-04-01,2020,April,-3.7923210952347173,True,0.0,119022.11344920704
Haleakala NP,2020-05-01,2020,May,-3.794091508394113,True,0.0,119077.67792031006
Haleakala NP,2020-06-01,2020,June,-3.7202160544327265,True,2376.0,119135.09454045002
Haleakala NP,2020-07-01,2020,July,-3.477538720871031,True,10048.0,119190.65901155304
Haleakala NP,2020-08-01,2020,August,-3.7404480274469063,True,1854.0,119248.07563169277
Haleakala NP,2020-09-01,2020,September,-3.495216997121335,True,9608.0,119305.49225183274
Haleakala NP,2020-10-01,2020,October,-3.357143671964924,True,13997.0,119361.05672293575
Haleakala NP,2020-11-01,2020,November,-2.45653650734502,False,42320.0,119418.47334307572
Haleakala NP,2020-12-01,2020,December,-2.010258925927776,False,56382.0,119474.03781417874
Haleakala NP,2021-01-01,2021,January,-2.3393144163139987,False,46112.0,119531.45443431847
Haleakala NP,2021-02-01,2021,February,-2.1847316966533783,False,51021.0,119588.87105445843
Haleakala NP,2021-03-01,2021,March,-2.1593011072019603,False,51871.0,119640.73122748802
Haleakala NP,2021-04-01,2021,April,-1.7816502599612547,False,63781.0,119698.14784762776
Haleakala NP,2021-05-01,2021,May,-1.2835645403572933,False,79469.0,119753.71231873077
Haleakala NP,2021-06-01,2021,June,-0.9751186599933167,False,89207.0,119811.12893887074
Haleakala NP,2021-07-01,2021,July,-0.9814453854286658,False,89064.0,119866.69340997376
Haleakala NP,2021-08-01,2021,August,-1.2832904514536068,False,79648.0,119924.11003011372
Haleakala NP,2021-09-01,2021,September,-1.2949653363798732,False,79339.0,119981.52665025345
Haleakala NP,2021-10-01,2021,October,-1.4371211473564123,False,74933.0,120037.09112135647
Haleakala NP,2021-11-01,2021,November,-1.5244690508518455,False,72249.0,120094.50774149643
Haleakala NP,2021-12-01,2021,December,-1.3912069365602524,False,76487.0,120150.07221259945
Haleakala NP,2022-01-01,2022,January,-1.546166690752004,False,71681.0,120207.48883273941
Haleakala NP,2022-02-01,2022,February,-1.6338969421307266,False,68985.0,120264.90545287915
Haleakala NP,2022-03-01,2022,March,-1.160418358102669,False,83897.0,120316.76562590874
Haleakala NP,2022-04-01,2022,April,-0.9901275129032713,False,89299.0,120374.1822460487
Haleakala NP,2022-05-01,2022,May,-0.8512576296566585,False,93713.0,120429.74671715172
Haleakala NP,2022-06-01,2022,June,-0.735801843386737,False,97394.0,120487.16333729145
Haleakala NP,2022-07-01,2022,July,-0.5244133116081708,False,104084.0,120542.7278083947
Haleakala NP,2022-08-01,2022,August,-0.46082938817218266,False,106137.0,120600.14442853443
Haleakala NP,2022-09-01,2022,September,-0.7960343070147698,False,95674.0,120657.5610486744
Haleakala NP,2022-10-01,2022,October,-0.7631703744121964,False,96761.0,120713.12551977742
Haleakala NP,2022-11-01,2022,November,-1.2316235305837129,False,82116.0,120770.54213991715
Haleakala NP,2022-12-01,2022,December,-0.7312755860035861,False,97875.0,120826.1066110204
Haleakala NP,2023-01-01,2023,January,-1.4910141046000522,False,74088.0,120883.52323116013
Haleakala NP,2023-02-01,2023,February,-1.6530791569564027,False,69059.0,120940.93985130009
Haleakala NP,2023-03-01,2023,March,-1.3920904090705373,False,77302.0,120992.80002432945
Haleakala NP,2023-04-01,2023,April,-1.2626152004130737,False,81423.0,121050.21664446942
Haleakala NP,2023-05-01,2023,May,-1.1944159509291539,False,83619.0,121105.78111557243
Haleakala NP,2023-06-01,2023,June,-1.226259686699334,False,82677.0,121163.1977357124
Haleakala NP,2023-07-01,2023,July,-1.1182643950289382,False,86122.0,121218.76220681542
Haleakala NP,2023-08-01,2023,August,-3.2363256313609203,True,19704.0,121276.17882695538
Haleakala NP,2023-09-01,2023,September,-2.4881159605583942,False,43244.0,121333.59544709511
Haleakala NP,2023-10-01,2023,October,-2.0460760681810233,False,57173.0,121389.15991819813
Haleakala NP,2023-11-01,2023,November,-2.175641550457145,False,53164.0,121446.5765383381
Haleakala NP,2023-12-01,2023,December,-1.8411688625806084,False,63717.0,121502.14100944111
Haleakala NP,2024-01-01,2024,January,-1.9374700790099084,False,60752.0,121559.55762958108
Haleakala NP,2024-02-01,2024,February,-2.155580958592841,False,53964.0,121616.9742497208
Haleakala NP,2024-03-01,2024,March,-1.675534025026284,False,69084.0,121670.68657178711
Haleakala NP,2024-04-01,2024,April,-1.9850579110407691,False,59427.0,121728.10319192708
Haleakala NP,2024-05-01,2024,May,-1.8793248443465462,False,62801.0,121783.6676630301
Haleakala NP,2024-06-01,2024,June,-1.8195006750963099,False,64736.0,121841.08428316982
Haleakala NP,2024-07-01,2024,July,-2.6723137518271853,False,38026.0,121896.64875427308
Haleakala NP,2024-08-01,2024,August,-1.8911584384139177,False,62600.0,121954.0653744128
Haleakala NP,2024-09-01,2024,September,-1.8578437224056008,False,63703.0,122011.48199455277
Haleakala NP,2024-10-01,2024,October,-1.7611595556160689,False,66793.0,122067.04646565579
Haleakala NP,2024-11-01,2024,November,-1.9763072391034517,False,60098.0,122124.46308579552
Haleakala NP,2024-12-01,2024,December,-1.646868798356997,False,70493.0,122180.02755689877
Haleakala NP,2025-01-01,2025,January,-1.9981004659744346,False,59527.0,122237.4441770385
Haleakala NP,2025-02-01,2025,February,-1.9803664262104623,False,60141.0,122294.86079717847
Haleakala NP,2025-03-01,2025,March,-1.4758858013117553,False,76026.0,122346.72097020806
Haleakala NP,2025-04-01,2025,April,-1.8051006033160186,False,65751.0,122404.13759034779
Haleakala NP,2025-05-01,2025,May,-1.446539998791783,False,77060.0,122459.70206145081
Haleakala NP,2025-06-01,2025,June,-1.5795147496939683,False,72944.0,122517.11868159077
Haleakala NP,2025-07-01,2025,July,-0.981859268814797,False,91757.0,122572.68315269379
Haleakala NP,2025-08-01,2025,August,-1.284118545046643,False,82328.0,122630.09977283375
Hawaii Volcanoes NP,2016-05-01,2016,May,0.5906556405403421,False,138100.0,117064.36070398719
Hawaii Volcanoes NP,2016-06-01,2016,June,1.3714505750412957,False,165905.0,117062.09115638655
Hawaii Volcanoes NP,2016-07-01,2016,July,1.8312465405899279,False,182278.0,117059.89481999884
Hawaii Volcanoes NP,2016-08-01,2016,August,1.7789432930853706,False,180413.0,117057.6252723982
Hawaii Volcanoes NP,2016-09-01,2016,September,0.26446428792139404,False,126474.0,117055.35572479756
Hawaii Volcanoes NP,2016-10-01,2016,October,0.8375863155722918,False,146883.0,117053.15938840985
Hawaii Volcanoes NP,2016-11-01,2016,November,1.2630439567372247,False,162033.0,117050.88984080922
Hawaii Volcanoes NP,2016-12-01,2016,December,1.699955695176504,False,177591.0,117048.6935044215
Hawaii Volcanoes NP,2017-01-01,2017,January,2.268474854282727,False,197836.0,117046.42395682086
Hawaii Volcanoes NP,2017-02-01,2017,February,1.481938901646316,False,169822.0,117044.15440922022
Hawaii Volcanoes NP,2017-03-01,2017,March,1.3636442923588763,False,165607.0,117042.10449525836
Hawaii Volcanoes NP,2017-04-01,2017,April,0.9549367568800711,False,151049.0,117039.83494765771
Hawaii Volcanoes NP,2017-05-01,2017,May,1.0858737434044852,False,155710.0,117037.63861127
Hawaii Volcanoes NP,2017-06-01,2017,June,1.7717623127157307,False,180135.0,117035.36906366938
Hawaii Volcanoes NP,2017-07-01,2017,July,2.373243934698465,False,201554.0,117033.17272728166
Hawaii Volcanoes NP,2017-08-01,2017,August,1.8609536828927862,False,183307.0,117030.90317968102
Hawaii Volcanoes NP,2017-09-01,2017,September,0.6836730622149629,False,141377.0,117028.63363208038
Hawaii Volcanoes NP,2017-10-01,2017,October,0.8479395917808512,False,147225.0,117026.43729569267
Hawaii Volcanoes NP,2017-11-01,2017,November,0.9035151179623463,False,149202.0,117024.16774809203
Hawaii Volcanoes NP,2017-12-01,2017,December,1.5964494119636832,False,173878.0,117021.97141170432
Hawaii Volcanoes NP,2018-01-01,2018,January,1.9958499209108505,False,188100.0,117019.70186410367
Hawaii Volcanoes NP,2018-02-01,2018,February,1.7766462489424992,False,180291.0,117017.43231650305
Hawaii Volcanoes NP,2018-03-01,2018,March,1.619434414166026,False,174690.0,117015.38240254117
Hawaii Volcanoes NP,2018-04-01,2018,April,1.2922958108990843,False,163037.0,117013.11285494054
Hawaii Volcanoes NP,2018-05-01,2018,May,-1.8041171163456768,False,52759.0,117010.91651855283
Hawaii Volcanoes NP,2018-06-01,2018,June,-3.1602878117642184,True,4458.0,117008.64697095219
Hawaii Volcanoes NP,2018-07-01,2018,July,-3.169801014198064,True,4117.0,117006.45063456448
Hawaii Volcanoes NP,2018-08-01,2018,August,-3.1737525573071546,True,3974.0,117004.18108696383
Hawaii Volcanoes NP,2018-09-01,2018,September,-2.3777950674208634,False,32319.0,117001.91153936321
Hawaii Volcanoes NP,2018-10-01,2018,October,-0.8538965806904703,False,86589.0,116999.7152029755
Hawaii Volcanoes NP,2018-11-01,2018,November,-0.30590302896699134,False,106103.0,116997.44565537485
Hawaii Volcanoes NP,2018-12-01,2018,December,0.09711759030543085,False,120454.0,116995.24931898713
Hawaii Volcanoes NP,2019-01-01,2019,January,0.3325378706407951,False,128836.0,116992.9797713865
Hawaii Volcanoes NP,2019-02-01,2019,February,0.11063863327060627,False,120931.0,116990.71022378586
Hawaii Volcanoes NP,2019-03-01,2019,March,-0.0993051996793199,False,113452.0,116988.66030982399
Hawaii Volcanoes NP,2019-04-01,2019,April,-0.3857856914685405,False,103247.0,116986.39076222335
Hawaii Volcanoes NP,2019-05-01,2019,May,-0.3984998778170691,False,102792.0,116984.19442583565
Hawaii Volcanoes NP,2019-06-01,2019,June,-0.11138651514020985,False,113015.0,116981.924878235
Hawaii Volcanoes NP,2019-07-01,2019,July,0.45682172141358823,False,133249.0,116979.72854184729
Hawaii Volcanoes NP,2019-08-01,2019,August,0.2352875085248983,False,125357.0,116977.45899424666
Hawaii Volcanoes NP,2019-09-01,2019,September,-0.6810567654937671,False,92720.0,116975.18944664602
Hawaii Volcanoes NP,2019-10-01,2019,October,-0.5873803548885075,False,96054.0,116972.9931102583
Hawaii Volcanoes NP,2019-11-01,2019,November,-0.26713400081405797,False,107457.0,116970.72356265766
Hawaii Volcanoes NP,2019-12-01,2019,December,0.4014559681519309,False,131266.0,116968.52722626994
Hawaii Volcanoes NP,2020-01-01,2020,January,0.3914955605012428,False,130909.0,116966.25767866932
Hawaii Volcanoes NP,2020-02-01,2020,February,0.19767512940019868,False,124004.0,116963.98813106868
Hawaii Volcanoes NP,2020-03-01,2020,March,-1.551827595603445,False,61695.0,116961.8650058939
Hawaii Volcanoes NP,2020-04-01,2020,April,-3.282401093814756,True,60.0,116959.59545829325
Hawaii Volcanoes NP,2020-05-01,2020,May,-3.2677384440508686,True,580.0,116957.39912190553
Hawaii Volcanoes NP,2020-06-01,2020,June,-2.8374231694013736,False,15903.0,116955.1295743049
Hawaii Volcanoes NP,2020-07-01,2020,July,-2.268456805078309,False,36164.0,116952.93323791718
Hawaii Volcanoes NP,2020-08-01,2020,August,-2.3887950001730025,False,31876.0,116950.66369031655
Hawaii Volcanoes NP,2020-09-01,2020,September,-2.5742198681995725,False,25270.0,116948.3941427159
Hawaii Volcanoes NP,2020-10-01,2020,October,-2.4985700512191036,False,27962.0,116946.19780632819
Hawaii Volcanoes NP,2020-11-01,2020,November,-2.107480868927604,False,41888.0,116943.92825872757
Hawaii Volcanoes NP,2020-12-01,2020,December,-0.6592266862862857,False,93464.0,116941.73192233985
Hawaii Volcanoes NP,2021-01-01,2021,January,-1.1560735946439349,False,75767.0,116939.4623747392
Hawaii Volcanoes NP,2021-02-01,2021,February,-1.442469850014348,False,65565.0,116937.19282713857
Hawaii Volcanoes NP,2021-03-01,2021,March,-1.1631404837244355,False,75511.0,116935.1429131767
Hawaii Volcanoes NP,2021-04-01,2021,April,-1.0800758062054479,False,78467.0,116932.87336557606
Hawaii Volcanoes NP,2021-05-01,2021,May,-0.8238511861081119,False,87590.0,116930.67702918834
Hawaii Volcanoes NP,2021-06-01,2021,June,-0.1399842908482446,False,111943.0,116928.40748158772
Hawaii Volcanoes NP,2021-07-01,2021,July,0.3804338174354699,False,130475.0,116926.21114520001
Hawaii Volcanoes NP,2021-08-01,2021,August,0.2341227265418179,False,125262.0,116923.94159759936
Hawaii Volcanoes NP,2021-09-01,2021,September,-0.48409749044176537,False,99681.0,116921.67204999873
Hawaii Volcanoes NP,2021-10-01,2021,October,0.31699636530831543,False,128209.0,116919.47571361101
Hawaii Volcanoes NP,2021-11-01,2021,November,0.6800348201369404,False,141136.0,116917.20616601038
Hawaii Volcanoes NP,2021-12-01,2021,December,0.7363944972105072,False,143141.0,116915.00982962266
Hawaii Volcanoes NP,2022-01-01,2022,January,0.42020662838853234,False,131878.0,116912.74028202202
Hawaii Volcanoes NP,2022-02-01,2022,February,0.22048964797096712,False,124763.0,116910.4707344214
Hawaii Volcanoes NP,2022-03-01,2022,March,0.2369733087754205,False,125348.0,116908.42082045952
Hawaii Volcanoes NP,2022-04-01,2022,April,0.015635647530614565,False,117463.0,116906.15127285889
Hawaii Volcanoes NP,2022-05-01,2022,May,0.26408243829139744,False,126309.0,116903.95493647117
Hawaii Volcanoes NP,2022-06-01,2022,June,0.6635110260448334,False,140532.0,116901.68538887054
Hawaii Volcanoes NP,2022-07-01,2022,July,1.1530986050450274,False,157966.0,116899.48905248282
Hawaii Volcanoes NP,2022-08-01,2022,August,0.8592053084007532,False,147497.0,116897.21950488217
Hawaii Volcanoes NP,2022-09-01,2022,September,0.04689301160926741,False,118565.0,116894.94995728154
Hawaii Volcanoes NP,2022-10-01,2022,October,0.1317526770460153,False,121585.0,116892.75362089384
Hawaii Volcanoes NP,2022-11-01,2022,November,0.4549192269724558,False,133092.0,116890.48407329319
Hawaii Volcanoes NP,2022-12-01,2022,December,0.5355951502751015,False,135963.0,116888.28773690548
Hawaii Volcanoes NP,2023-01-01,2023,January,1.9521504163220202,False,186410.0,116886.01818930484
Hawaii Volcanoes NP,2023-02-01,2023,February,0.6144274966223066,False,138766.0,116883.74864170421
Hawaii Volcanoes NP,2023-03-01,2023,March,0.06093946896940006,False,119052.0,116881.69872774233
Hawaii Volcanoes NP,2023-04-01,2023,April,-0.27768336606162153,False,106990.0,116879.4291801417
Hawaii Volcanoes NP,2023-05-01,2023,May,-0.21267541665715828,False,109303.0,116877.23284375398
Hawaii Volcanoes NP,2023-06-01,2023,June,1.6606377909699306,False,176017.0,116874.96329615335
Hawaii Volcanoes NP,2023-07-01,2023,July,0.7266298921245091,False,142751.0,116872.76695976563
Hawaii Volcanoes NP,2023-08-01,2023,August,0.6093522869131519,False,138572.0,116870.497412165
Hawaii Volcanoes NP,2023-09-01,2023,September,0.5741209536202344,False,137315.0,116868.22786456437
Hawaii Volcanoes NP,2023-10-01,2023,October,-0.09131316326082184,False,113614.0,116866.03152817665
Hawaii Volcanoes NP,2023-11-01,2023,November,-0.011056366368748542,False,116470.0,116863.761980576
Hawaii Volcanoes NP,2023-12-01,2023,December,0.5102602637155785,False,135034.0,116861.56564418829
Hawaii Volcanoes NP,2024-01-01,2024,January,0.5548569766458381,False,136620.0,116859.29609658766
Hawaii Volcanoes NP,2024-02-01,2024,February,0.42834144417193254,False,132112.0,116857.02654898702
Hawaii Volcanoes NP,2024-03-01,2024,March,-0.09074799011780839,False,113623.0,116854.90342381224
Hawaii Volcanoes NP,2024-04-01,2024,April,-0.49569296555654846,False,99199.0,116852.63387621159
Hawaii Volcanoes NP,2024-05-01,2024,May,-0.5484475296448763,False,97318.0,116850.43753982388
Hawaii Volcanoes NP,2024-06-01,2024,June,0.1984562856892203,False,123916.0,116848.16799222324
Hawaii Volcanoes NP,2024-07-01,2024,July,0.30333613999586845,False,127649.0,116845.97165583553
Hawaii Volcanoes NP,2024-08-01,2024,August,0.3009570100378497,False,127562.0,116843.7021082349
Hawaii Volcanoes NP,2024-09-01,2024,September,-0.5393217777977034,False,97634.0,116841.43256063425
Hawaii Volcanoes NP,2024-10-01,2024,October,-0.5115463255061254,False,98621.0,116839.23622424653
Hawaii Volcanoes NP,2024-11-01,2024,November,-0.1947817434090506,False,109900.0,116836.96667664591
Hawaii Volcanoes NP,2024-12-01,2024,December,1.4770639735534636,False,169439.0,116834.7703402582
Hawaii Volcanoes NP,2025-01-01,2025,January,1.8050319993519277,False,181117.0,116832.50079265755
Hawaii Volcanoes NP,2025-02-01,2025,February,1.1620629831696512,False,158216.0,116830.23124505692
Hawaii Volcanoes NP,2025-03-01,2025,March,1.2737899548390417,False,162193.0,116828.18133109505
Hawaii Volcanoes NP,2025-04-01,2025,April,0.856462225835609,False,147328.0,116825.9117834944
Hawaii Volcanoes NP,2025-05-01,2025,May,0.7451633506761153,False,143362.0,116823.71544710669
Hawaii Volcanoes NP,2025-06-01,2025,June,1.583856783704044,False,173229.0,116821.44589950607
Hawaii Volcanoes NP,2025-07-01,2025,July,1.5445519678186364,False,171827.0,116819.24956311836
Hawaii Volcanoes NP,2025-08-01,2025,August,1.153000582970278,False,157880.0,116816.9800155177
Hot Springs NP,2016-05-01,2016,May,0.4016259450886258,False,137061.0,120470.75970095792
Hot Springs NP,2016-06-01,2016,June,0.6971481368325305,False,149318.0,120520.42042249301
Hot Springs NP,2016-07-01,2016,July,1.6856551336899135,False,190199.0,120568.47918526898
Hot Springs NP,2016-08-01,2016,August,1.4671084035719997,False,181221.0,120618.13990680431
Hot Springs NP,2016-09-01,2016,September,0.6406845541722391,False,147133.0,120667.8006283394
Hot Springs NP,2016-10-01,2016,October,0.9823386387551862,False,161294.0,120715.85939111537
Hot Springs NP,2016-11-01,2016,November,-0.05598279826201944,False,118453.0,120765.52011265047
Hot Springs NP,2016-12-01,2016,December,-0.7871797807923274,False,88297.0,120813.57887542644
Hot Springs NP,2017-01-01,2017,January,-1.0267153385652483,False,78452.0,120863.23959696153
Hot Springs NP,2017-02-01,2017,February,-0.867729465130768,False,85069.0,120912.90031849663
Hot Springs NP,2017-03-01,2017,March,0.08986812812130415,False,124670.0,120957.75516375434
Hot Springs NP,2017-04-01,2017,April,-0.3289318688504266,False,107420.0,121007.41588528943
Hot Springs NP,2017-05-01,2017,May,0.31235165043389373,False,133958.0,121055.4746480654
Hot Springs NP,2017-06-01,2017,June,0.8780172421804344,False,157374.0,121105.1353696005
Hot Springs NP,2017-07-01,2017,July,1.3745819474835954,False,177934.0,121153.19413237646
Hot Springs NP,2017-08-01,2017,August,2.288899322260691,False,215752.0,121202.85485391156
Hot Springs NP,2017-09-01,2017,September,0.5379745047902554,False,143475.0,121252.51557544665
Hot Springs NP,2017-10-01,2017,October,0.1276378702870947,False,126573.0,121300.57433822262
Hot Springs NP,2017-11-01,2017,November,-0.39826082742947533,False,104899.0,121350.23505975772
Hot Springs NP,2017-12-01,2017,December,-0.3718022861778588,False,106040.0,121398.29382253368
Hot Springs NP,2018-01-01,2018,January,-1.171645128928024,False,73050.0,121447.95454406901
Hot Springs NP,2018-02-01,2018,February,-0.6101434107185796,False,96294.0,121497.61526560411
Hot Springs NP,2018-03-01,2018,March,0.2569383502358143,False,132156.0,121542.47011086158
Hot Springs NP,2018-04-01,2018,April,-0.0738877139812271,False,118540.0,121592.13083239668
Hot Springs NP,2018-05-01,2018,May,0.20233061379491613,False,129998.0,121640.18959517265
Hot Springs NP,2018-06-01,2018,June,0.5499012247525198,False,144405.0,121689.85031670774
Hot Springs NP,2018-07-01,2018,July,1.3550525345752256,False,177712.0,121737.90907948371
Hot Springs NP,2018-08-01,2018,August,1.2884871885613127,False,175012.0,121787.56980101904
Hot Springs NP,2018-09-01,2018,September,0.39817693064762116,False,138285.0,121837.23052255413
Hot Springs NP,2018-10-01,2018,October,0.5041364061772783,False,142710.0,121885.2892853301
Hot Springs NP,2018-11-01,2018,November,-0.43856119088917805,False,103819.0,121934.9500068652
Hot Springs NP,2018-12-01,2018,December,-1.139666924543845,False,74906.0,121983.00876964116
Hot Springs NP,2019-01-01,2019,January,-1.1636736096379,False,73964.0,122032.66949117626
Hot Springs NP,2019-02-01,2019,February,-1.0351663221522787,False,79322.0,122082.33021271136
Hot Springs NP,2019-03-01,2019,March,0.07656721767357089,False,125290.0,122127.18505796907
Hot Springs NP,2019-04-01,2019,April,-0.21254748547128285,False,113397.0,122176.84577950416
Hot Springs NP,2019-05-01,2019,May,0.3459185258455657,False,136514.0,122224.90454228013
Hot Springs NP,2019-06-01,2019,June,0.6481706992366371,False,149049.0,122274.56526381522
Hot Springs NP,2019-07-01,2019,July,0.403856417741638,False,139005.0,122322.62402659119
Hot Springs NP,2019-08-01,2019,August,1.443065790064535,False,181982.0,122372.28474812629
Hot Springs NP,2019-09-01,2019,September,0.5203160522688172,False,143915.0,122421.94546966138
Hot Springs NP,2019-10-01,2019,October,0.37259395340761303,False,137861.0,122470.00423243735
Hot Springs NP,2019-11-01,2019,November,-0.33857290814264923,False,108534.0,122519.66495397245
Hot Springs NP,2019-12-01,2019,December,-1.0711739875633732,False,78320.0,122567.72371674841
Hot Springs NP,2020-01-01,2020,January,-1.9797132964853976,False,40840.0,122617.38443828351
Hot Springs NP,2020-02-01,2020,February,-1.7169695045625908,False,51743.0,122667.04515981884
Hot Springs NP,2020-03-01,2020,March,0.1454813363024158,False,128723.0,122713.50196383544
Hot Springs NP,2020-04-01,2020,April,0.25401655595021677,False,133256.0,122763.16268537077
Hot Springs NP,2020-05-01,2020,May,-1.8620557147376973,False,45894.0,122811.2214481465
Hot Springs NP,2020-06-01,2020,June,0.577764514342296,False,146727.0,122860.88216968183
Hot Springs NP,2020-07-01,2020,July,0.8581951327896875,False,158359.0,122908.9409324578
Hot Springs NP,2020-08-01,2020,August,1.3445050416606443,False,178497.0,122958.6016539929
Hot Springs NP,2020-09-01,2020,September,0.43797504380593955,False,141100.0,123008.262375528
Hot Springs NP,2020-10-01,2020,October,0.41710583642370413,False,140286.0,123056.32113830396
Hot Springs NP,2020-11-01,2020,November,-0.4098263928846552,False,106177.0,123105.98185983906
Hot Springs NP,2020-12-01,2020,December,-1.126691903705889,False,76613.0,123154.04062261502
Hot Springs NP,2021-01-01,2021,January,-1.466693014844787,False,62618.0,123203.70134415012
Hot Springs NP,2021-02-01,2021,February,-1.1491168184945195,False,75786.0,123253.36206568521
Hot Springs NP,2021-03-01,2021,March,0.12631505190018247,False,128516.0,123298.21691094292
Hot Springs NP,2021-04-01,2021,April,0.5257888306690284,False,145067.0,123347.87763247802
Hot Springs NP,2021-05-01,2021,May,4.545619971099317,True,311165.0,123395.93639525399
Hot Springs NP,2021-06-01,2021,June,5.8012781416499735,True,363083.0,123445.59711678908
Hot Springs NP,2021-07-01,2021,July,6.26789684947995,True,382406.0,123493.65587956505
Hot Springs NP,2021-08-01,2021,August,1.68108365044228,False,192985.0,123543.31660110014
Hot Springs NP,2021-09-01,2021,September,0.5143841822203089,False,144841.0,123592.97732263524
Hot Springs NP,2021-10-01,2021,October,0.6035671207662017,False,148573.0,123641.03608541121
Hot Springs NP,2021-11-01,2021,November,-0.13350290755553507,False,118176.0,123690.69680694654
Hot Springs NP,2021-12-01,2021,December,-0.8248041715443601,False,89668.0,123738.75556972227
Hot Springs NP,2022-01-01,2022,January,0.6833251450433447,False,152015.0,123788.4162912576
Hot Springs NP,2022-02-01,2022,February,2.8192310230494937,False,240294.0,123838.0770127927
Hot Springs NP,2022-03-01,2022,March,3.929415214582476,True,286198.0,123882.93185805017
Hot Springs NP,2022-04-01,2022,April,4.036110583132496,True,290655.0,123932.59257958527
Hot Springs NP,2022-05-01,2022,May,2.3098204509374916,False,219394.0,123980.65134236123
Hot Springs NP,2022-06-01,2022,June,4.613975870122801,True,314623.0,124030.31206389656
Hot Springs NP,2022-07-01,2022,July,2.4271661664384094,False,224339.0,124078.3708266723
Hot Springs NP,2022-08-01,2022,August,-0.06846259142822161,False,121300.0,124128.03154820763
Hot Springs NP,2022-09-01,2022,September,-0.29361826035791594,False,112049.0,124177.69226974272
Hot Springs NP,2022-10-01,2022,October,2.599812462586698,False,231618.0,124225.75103251869
Hot Springs NP,2022-11-01,2022,November,3.088083265390822,True,251837.0,124275.41175405378
Hot Springs NP,2022-12-01,2022,December,1.8758620550576306,False,201811.0,124323.47051682975
Hot Springs NP,2023-01-01,2023,January,1.1356207044489255,False,171283.0,124373.13123836485
Hot Springs NP,2023-02-01,2023,February,2.9112062700938206,False,244678.0,124422.79195989994
Hot Springs NP,2023-03-01,2023,March,3.8067573059297484,True,281716.0,124467.64680515765
Hot Springs NP,2023-04-01,2023,April,3.5510746339170423,True,271204.0,124517.30752669275
Hot Springs NP,2023-05-01,2023,May,4.471725017260008,True,309282.0,124565.36628946871
Hot Springs NP,2023-06-01,2023,June,5.181939963018174,True,338669.0,124615.02701100381
Hot Springs NP,2023-07-01,2023,July,3.349471055627224,True,263022.0,124663.08577377978
Hot Springs NP,2023-08-01,2023,August,2.928274410514956,False,245673.0,124712.74649531487
Hot Springs NP,2023-09-01,2023,September,-1.1774661435856788,False,76124.0,124762.40721684997
Hot Springs NP,2023-10-01,2023,October,-0.19225151185065084,False,116869.0,124810.46597962594
Hot Springs NP,2023-11-01,2023,November,-0.6807479734345916,False,96740.0,124860.12670116127
Hot Springs NP,2023-12-01,2023,December,-0.9005873936156084,False,87707.0,124908.185463937
Hot Springs NP,2024-01-01,2024,January,0.49954750524544017,False,145593.0,124957.84618547233
Hot Springs NP,2024-02-01,2024,February,2.5524664153145844,False,230444.0,125007.50690700742
Hot Springs NP,2024-03-01,2024,March,4.219723579844682,True,299361.0,125053.96371102403
Hot Springs NP,2024-04-01,2024,April,3.79656604079924,True,281931.0,125103.62443255936
Hot Springs NP,2024-05-01,2024,May,-0.3267837775738263,False,111653.0,125151.68319533532
Hot Springs NP,2024-06-01,2024,June,5.752600842867072,True,362828.0,125201.34391687042
Hot Springs NP,2024-07-01,2024,July,3.7497762489613313,True,280144.0,125249.40267964639
Hot Springs NP,2024-08-01,2024,August,3.33405074000827,True,263021.0,125299.06340118148
Hot Springs NP,2024-09-01,2024,September,0.22015938758412928,False,134443.0,125348.72412271658
Hot Springs NP,2024-10-01,2024,October,-0.5313727912901356,False,103447.0,125396.78288549255
Hot Springs NP,2024-11-01,2024,November,-0.21437760054969546,False,116591.0,125446.44360702764
Hot Springs NP,2024-12-01,2024,December,0.1661070256233787,False,132356.0,125494.50236980361
Hot Springs NP,2025-01-01,2025,January,-0.46865759823458875,False,106185.0,125544.1630913387
Hot Springs NP,2025-02-01,2025,February,2.5629652615887,False,231464.0,125593.82381287403
Hot Springs NP,2025-03-01,2025,March,3.0712034327734843,True,252503.0,125638.67865813151
Hot Springs NP,2025-04-01,2025,April,1.4220756398582142,False,184431.0,125688.3393796666
Hot Springs NP,2025-05-01,2025,May,1.535152434108256,False,189150.0,125736.39814244257
Hot Springs NP,2025-06-01,2025,June,5.465929892273508,True,351571.0,125786.05886397767
Hot Springs NP,2025-07-01,2025,July,4.853040177044291,True,326302.0,125834.11762675364
Hot Springs NP,2025-08-01,2025,August,5.392657350616906,True,348642.0,125883.77834828873
Indiana Dunes NP,2016-05-01,2016,May,0.13364030463948603,False,175447.0,162306.59993694676
Indiana Dunes NP,2016-06-01,2016,June,0.8161194505620516,False,242632.0,162385.72917209077
Indiana Dunes NP,2016-07-01,2016,July,1.488200116435146,False,308792.0,162462.30585126253
Indiana Dunes NP,2016-08-01,2016,August,0.5836421738128516,False,219929.0,162541.43508640677
Indiana Dunes NP,2016-09-01,2016,September,0.1690735927267686,False,179245.0,162620.564321551
Indiana Dunes NP,2016-10-01,2016,October,-0.48325813281658647,False,115180.0,162697.14100072277
Indiana Dunes NP,2016-11-01,2016,November,-0.8136277491221966,False,82775.0,162776.27023586677
Indiana Dunes NP,2016-12-01,2016,December,-1.107409589010824,False,53965.0,162852.84691503854
Indiana Dunes NP,2017-01-01,2017,January,-1.0409792524386925,False,60576.0,162931.97615018277
Indiana Dunes NP,2017-02-01,2017,February,-0.7876819296512712,False,85561.0,163011.10538532678
Indiana Dunes NP,2017-03-01,2017,March,-0.7369578408902316,False,90620.0,163082.57695255382
Indiana Dunes NP,2017-04-01,2017,April,-0.6162288845617344,False,102570.0,163161.70618769783
Indiana Dunes NP,2017-05-01,2017,May,-0.14047347730951298,False,149426.0,163238.2828668696
Indiana Dunes NP,2017-06-01,2017,June,0.8575865210273518,False,247641.0,163317.41210201383
Indiana Dunes NP,2017-07-01,2017,July,1.592162976074983,False,319946.0,163393.9887811856
Indiana Dunes NP,2017-08-01,2017,August,3.039704487570161,True,462357.0,163473.11801632983
Indiana Dunes NP,2017-09-01,2017,September,2.462565493147226,False,405688.0,163552.24725147383
Indiana Dunes NP,2017-10-01,2017,October,-0.8251562003389442,False,82494.0,163628.8239306456
Indiana Dunes NP,2017-11-01,2017,November,-0.7781712582178649,False,87193.0,163707.95316578983
Indiana Dunes NP,2017-12-01,2017,December,-1.0107692628462783,False,64399.0,163784.5298449616
Indiana Dunes NP,2018-01-01,2018,January,-0.9479798526410257,False,70652.0,163863.6590801056
Indiana Dunes NP,2018-02-01,2018,February,-0.9508389890788407,False,70450.0,163942.78831524984
Indiana Dunes NP,2018-03-01,2018,March,-0.35933563298213467,False,128682.0,164014.25988247665
Indiana Dunes NP,2018-04-01,2018,April,-0.7170833883370317,False,93585.0,164093.38911762089
Indiana Dunes NP,2018-05-01,2018,May,-0.20726803023932208,False,143790.0,164169.96579679265
Indiana Dunes NP,2018-06-01,2018,June,0.7734009510937252,False,240295.0,164249.0950319369
Indiana Dunes NP,2018-07-01,2018,July,2.6160496141044716,False,421553.0,164325.6717111084
Indiana Dunes NP,2018-08-01,2018,August,0.40279221648145813,False,204010.0,164404.80094625265
Indiana Dunes NP,2018-09-01,2018,September,0.026494042989155905,False,167089.0,164483.9301813969
Indiana Dunes NP,2018-10-01,2018,October,-0.3223796911156581,False,132862.0,164560.50686056865
Indiana Dunes NP,2018-11-01,2018,November,-1.1366365577280697,False,52878.0,164639.63609571266
Indiana Dunes NP,2018-12-01,2018,December,-1.367719204734513,False,30233.0,164716.21277488442
Indiana Dunes NP,2019-01-01,2019,January,-0.9649404971973228,False,69916.0,164795.34201002866
Indiana Dunes NP,2019-02-01,2019,February,-0.8051987097421334,False,85702.0,164874.47124517267
Indiana Dunes NP,2019-03-01,2019,March,0.5504516952427739,False,219070.0,164945.9428123997
Indiana Dunes NP,2019-04-01,2019,April,-0.581359039748115,False,107862.0,165025.0720475437
Indiana Dunes NP,2019-05-01,2019,May,-0.23084946547952628,False,142403.0,165101.64872671547
Indiana Dunes NP,2019-06-01,2019,June,1.3935413996293258,False,302203.0,165180.7779618597
Indiana Dunes NP,2019-07-01,2019,July,2.8955600436290414,False,449968.0,165257.35464103147
Indiana Dunes NP,2019-08-01,2019,August,1.272620886339116,False,290469.0,165336.4838761757
Indiana Dunes NP,2019-09-01,2019,September,0.4150492001832784,False,206226.0,165415.61311131972
Indiana Dunes NP,2019-10-01,2019,October,-0.6052093219373306,False,105984.0,165492.18979049148
Indiana Dunes NP,2019-11-01,2019,November,-0.8735916583375235,False,79674.0,165571.31902563572
Indiana Dunes NP,2019-12-01,2019,December,-0.9238585794311771,False,74808.0,165647.89570480748
Indiana Dunes NP,2020-01-01,2020,January,-0.8470038028421353,False,82444.0,165727.0249399515
Indiana Dunes NP,2020-02-01,2020,February,-0.7932048365148818,False,87813.0,165806.15417509573
Indiana Dunes NP,2020-03-01,2020,March,-0.7384284633829568,False,93273.0,165880.178298295
Indiana Dunes NP,2020-04-01,2020,April,-0.7595837633236183,False,91272.0,165959.30753343925
Indiana Dunes NP,2020-05-01,2020,May,-0.11805433433910174,False,154428.0,166035.884212611
Indiana Dunes NP,2020-06-01,2020,June,1.783748677444097,False,341505.0,166115.01344775502
Indiana Dunes NP,2020-07-01,2020,July,2.656619313320915,False,427408.0,166191.59012692678
Indiana Dunes NP,2020-08-01,2020,August,2.272205331893498,False,389689.0,166270.71936207102
Indiana Dunes NP,2020-09-01,2020,September,0.6025240025862969,False,225594.0,166349.84859721502
Indiana Dunes NP,2020-10-01,2020,October,0.6239060375112947,False,227773.0,166426.42527638678
Indiana Dunes NP,2020-11-01,2020,November,-0.8910359212034629,False,78893.0,166505.55451153102
Indiana Dunes NP,2020-12-01,2020,December,-0.7482015324424487,False,93014.0,166582.13119070278
Indiana Dunes NP,2021-01-01,2021,January,-0.8196789096549726,False,86065.0,166661.2604258468
Indiana Dunes NP,2021-02-01,2021,February,-0.7455802533045498,False,93430.0,166740.38966099103
Indiana Dunes NP,2021-03-01,2021,March,0.043102656985143796,False,171050.0,166811.86122821807
Indiana Dunes NP,2021-04-01,2021,April,0.6870062897524581,False,234442.0,166890.99046336208
Indiana Dunes NP,2021-05-01,2021,May,2.33298390783933,False,396362.0,166967.56714253384
Indiana Dunes NP,2021-06-01,2021,June,1.5516072505680514,False,319611.0,167046.69637767808
Indiana Dunes NP,2021-07-01,2021,July,4.344181738846375,True,594272.0,167123.27305684984
Indiana Dunes NP,2021-08-01,2021,August,2.747074852427619,False,437313.0,167202.40229199384
Indiana Dunes NP,2021-09-01,2021,September,1.7941678484976364,False,343696.0,167281.53152713808
Indiana Dunes NP,2021-10-01,2021,October,0.8775028346816383,False,253640.0,167358.10820630984
Indiana Dunes NP,2021-11-01,2021,November,-0.22940111630787693,False,144881.0,167437.23744145385
Indiana Dunes NP,2021-12-01,2021,December,-0.66173139166025,False,102448.0,167513.8141206256
Indiana Dunes NP,2022-01-01,2022,January,-0.975930413207927,False,71633.0,167592.94335576985
Indiana Dunes NP,2022-02-01,2022,February,-0.94887903443625,False,74372.0,167672.07259091386
Indiana Dunes NP,2022-03-01,2022,March,-0.40998604732243976,False,127431.0,167743.5441581409
Indiana Dunes NP,2022-04-01,2022,April,-0.2683471898478347,False,141437.0,167822.67339328513
Indiana Dunes NP,2022-05-01,2022,May,0.6763554653845171,False,234403.0,167899.2500724569
Indiana Dunes NP,2022-06-01,2022,June,2.7535636644570953,False,438727.0,167978.3793076009
Indiana Dunes NP,2022-07-01,2022,July,4.143740779807115,True,575495.0,168054.95598677266
Indiana Dunes NP,2022-08-01,2022,August,3.0716595435667617,True,470160.0,168134.0852219169
Indiana Dunes NP,2022-09-01,2022,September,1.0505983092993896,False,271515.0,168213.2144570609
Indiana Dunes NP,2022-10-01,2022,October,0.6486260373133295,False,232067.0,168289.79113623267
Indiana Dunes NP,2022-11-01,2022,November,-0.6111357999728996,False,108278.0,168368.9203713769
Indiana Dunes NP,2022-12-01,2022,December,-0.8114129554562067,False,88662.0,168445.49705054867
Indiana Dunes NP,2023-01-01,2023,January,-0.9812360253160493,False,72043.0,168524.62628569268
Indiana Dunes NP,2023-02-01,2023,February,-0.8442246021904132,False,85594.0,168603.75552083692
Indiana Dunes NP,2023-03-01,2023,March,-0.4564605698583148,False,123793.0,168675.22708806396
Indiana Dunes NP,2023-04-01,2023,April,-0.19127430035892695,False,149947.0,168754.35632320796
Indiana Dunes NP,2023-05-01,2023,May,0.9926921361785765,False,266439.0,168830.93300237972
Indiana Dunes NP,2023-06-01,2023,June,3.8781453079572232,True,550235.0,168910.06223752396
Indiana Dunes NP,2023-07-01,2023,July,3.465982510218049,True,509785.0,168986.63891669572
Indiana Dunes NP,2023-08-01,2023,August,2.365872243063943,False,401694.0,169065.76815183973
Indiana Dunes NP,2023-09-01,2023,September,0.7745928728692711,False,245308.0,169144.89738698397
Indiana Dunes NP,2023-10-01,2023,October,-0.015961842205594455,False,167652.0,169221.47406615573
Indiana Dunes NP,2023-11-01,2023,November,-0.655189818387773,False,104878.0,169300.60330129974
Indiana Dunes NP,2023-12-01,2023,December,-0.8222918291538565,False,88524.0,169377.1799804715
Indiana Dunes NP,2024-01-01,2024,January,-1.096664404744253,False,61625.0,169456.30921561574
Indiana Dunes NP,2024-02-01,2024,February,-0.7849393669352345,False,92355.0,169535.43845075974
Indiana Dunes NP,2024-03-01,2024,March,-0.4745455544033422,False,122949.0,169609.46257395926
Indiana Dunes NP,2024-04-01,2024,April,-0.007694678957348302,False,168932.0,169688.59180910327
Indiana Dunes NP,2024-05-01,2024,May,1.2195865771235812,False,289683.0,169765.16848827503
Indiana Dunes NP,2024-06-01,2024,June,2.919572430179436,False,456916.0,169844.29772341927
Indiana Dunes NP,2024-07-01,2024,July,2.80059573664263,False,445294.0,169920.87440259103
Indiana Dunes NP,2024-08-01,2024,August,2.4914106164884537,False,414972.0,170000.00363773503
Indiana Dunes NP,2024-09-01,2024,September,0.7169153566307576,False,240571.0,170079.13287287927
Indiana Dunes NP,2024-10-01,2024,October,0.367441581588385,False,206285.0,170155.70955205103
Indiana Dunes NP,2024-11-01,2024,November,-0.5521580652144016,False,115943.0,170234.83878719504
Indiana Dunes NP,2024-12-01,2024,December,-0.8199957621926557,False,89684.0,170311.4154663668
Indiana Dunes NP,2025-01-01,2025,January,-0.882421674414891,False,83625.0,170390.54470151104
Indiana Dunes NP,2025-02-01,2025,February,-1.085602952328842,False,63726.0,170469.67393665528
Indiana Dunes NP,2025-03-01,2025,March,-0.060127615781905244,False,164629.0,170541.1455038821
Indiana Dunes NP,2025-04-01,2025,April,-0.30307431854084227,False,140820.0,170620.27473902632
Indiana Dunes NP,2025-05-01,2025,May,1.028786953826786,False,271854.0,170696.8514181981
Indiana Dunes NP,2025-06-01,2025,June,2.59412972260572,False,425848.0,170775.9806533421
Indiana Dunes NP,2025-07-01,2025,July,2.5718206411281446,False,423731.0,170852.55733251385
Indiana Dunes NP,2025-08-01,2025,August,2.2652390884318474,False,393665.0,170931.6865676581
Isle Royale NP,2016-05-01,2016,May,-0.1638302351761426,False,1032.0,1442.5002748171555
Isle Royale NP,2016-06-01,2016,June,1.0369320673580804,False,4040.0,1441.8172032802013
Isle Royale NP,2016-07-01,2016,July,2.444817939215631,False,7567.0,1441.156166308956
Isle Royale NP,2016-08-01,2016,August,2.96830929663843,False,8878.0,1440.4730947720018
Isle Royale NP,2016-09-01,2016,September,0.5871583803305571,False,2911.0,1439.7900232350494
Isle Royale NP,2016-10-01,2016,October,-0.4805666332132868,False,235.0,1439.128986263804
Isle Royale NP,2016-11-01,2016,November,-0.5461453494407313,False,70.0,1438.4459147268499
Isle Royale NP,2016-12-01,2016,December,-0.5494734209620831,False,61.0,1437.7848777556046
Isle Royale NP,2017-01-01,2017,January,-0.5547881933404851,False,47.0,1437.1018062186504
Isle Royale NP,2017-02-01,2017,February,-0.5465336008787061,False,67.0,1436.418734681698
Isle Royale NP,2017-03-01,2017,March,-0.5383053903340903,False,87.0,1435.8017668418688
Isle Royale NP,2017-04-01,2017,April,-0.5216697195886689,False,128.0,1435.1186953049146
Isle Royale NP,2017-05-01,2017,May,-0.022931292023295885,False,1377.0,1434.4576583336693
Isle Royale NP,2017-06-01,2017,June,1.2540589129954776,False,4576.0,1433.774586796715
Isle Royale NP,2017-07-01,2017,July,2.7054465721347873,False,8212.0,1433.1135498254698
Isle Royale NP,2017-08-01,2017,August,3.5194819767238297,True,10251.0,1432.4304782885174
Isle Royale NP,2017-09-01,2017,September,0.6442465406469872,False,3046.0,1431.7474067515632
Isle Royale NP,2017-10-01,2017,October,-0.46937485397394213,False,255.0,1431.086369780318
Isle Royale NP,2017-11-01,2017,November,-0.5433346484850283,False,69.0,1430.4032982433637
Isle Royale NP,2017-12-01,2017,December,-0.5382816417227384,False,81.0,1429.7422612721184
Isle Royale NP,2018-01-01,2018,January,-0.5575648779072105,False,32.0,1429.059189735166
Isle Royale NP,2018-02-01,2018,February,-0.5433238009571154,False,67.0,1428.3761181982118
Isle Royale NP,2018-03-01,2018,March,-0.543875767662029,False,65.0,1427.7591503583826
Isle Royale NP,2018-04-01,2018,April,-0.5436031545180032,False,65.0,1427.0760788214284
Isle Royale NP,2018-05-01,2018,May,-0.1857466619109878,False,961.0,1426.4150418501831
Isle Royale NP,2018-06-01,2018,June,1.3271110319474149,False,4751.0,1425.7319703132307
Isle Royale NP,2018-07-01,2018,July,2.3430817193032456,False,7296.0,1425.0709333419854
Isle Royale NP,2018-08-01,2018,August,2.94878746369891,False,8813.0,1424.3878618050312
Isle Royale NP,2018-09-01,2018,September,0.6961464144068771,False,3168.0,1423.704790268077
Isle Royale NP,2018-10-01,2018,October,-0.3787623805229455,False,474.0,1423.0437532968317
Isle Royale NP,2018-11-01,2018,November,-0.5457122340858661,False,55.0,1422.3606817598793
Isle Royale NP,2018-12-01,2018,December,-0.5470448107777793,False,51.0,1421.699644788634
Isle Royale NP,2019-01-01,2019,January,-0.5655298490304754,False,4.0,1421.0165732516798
Isle Royale NP,2019-02-01,2019,February,-0.5520869700121557,False,37.0,1420.3335017147256
Isle Royale NP,2019-03-01,2019,March,-0.5446569573993153,False,55.0,1419.7165338748964
Isle Royale NP,2019-04-01,2019,April,-0.5419897504599641,False,61.0,1419.033462337944
Isle Royale NP,2019-05-01,2019,May,-0.14502155919595416,False,1055.0,1418.3724253666987
Isle Royale NP,2019-06-01,2019,June,1.3646433429353477,False,4837.0,1417.6893538297445
Isle Royale NP,2019-07-01,2019,July,2.5131148869658944,False,7714.0,1417.0283168584992
Isle Royale NP,2019-08-01,2019,August,2.9460107791321852,False,8798.0,1416.345245321545
Isle Royale NP,2019-09-01,2019,September,0.7687994343929266,False,3342.0,1415.6621737845926
Isle Royale NP,2019-10-01,2019,October,-0.40428770614526977,False,402.0,1415.0011368133473
Isle Royale NP,2019-11-01,2019,November,-0.545695225891377,False,47.0,1414.318065276393
Isle Royale NP,2019-12-01,2019,December,-0.5410413180949748,False,58.0,1413.6570283051478
Isle Royale NP,2020-01-01,2020,January,-0.5451587935757137,False,47.0,1412.9739567681936
Isle Royale NP,2020-02-01,2020,February,-0.5440879824999133,False,49.0,1412.2908852312412
Isle Royale NP,2020-03-01,2020,March,-0.5470257490277649,False,41.0,1411.651882825703
Isle Royale NP,2020-04-01,2020,April,-0.5631161934851348,False,0.0,1410.9688112887488
Isle Royale NP,2020-05-01,2020,May,-0.5628523743134972,False,0.0,1410.3077743175036
Isle Royale NP,2020-06-01,2020,June,-0.4667960093564245,False,240.0,1409.6247027805512
Isle Royale NP,2020-07-01,2020,July,0.2997378243195943,False,2160.0,1408.963665809306
Isle Royale NP,2020-08-01,2020,August,0.4333094920701114,False,2494.0,1408.2805942723517
Isle Royale NP,2020-09-01,2020,September,-0.001435767603454354,False,1404.0,1407.5975227353974
Isle Royale NP,2020-10-01,2020,October,-0.5383591565166591,False,58.0,1406.9364857641522
Isle Royale NP,2020-11-01,2020,November,-0.5612342833941206,False,0.0,1406.2534142271998
Isle Royale NP,2020-12-01,2020,December,-0.5609704642224831,False,0.0,1405.5923772559545
Isle Royale NP,2021-01-01,2021,January,-0.5606978510784574,False,0.0,1404.9093057190003
Isle Royale NP,2021-02-01,2021,February,-0.5604252379344316,False,0.0,1404.226234182046
Isle Royale NP,2021-03-01,2021,March,-0.5601790067075698,False,0.0,1403.6092663422169
Isle Royale NP,2021-04-01,2021,April,-0.5443415338939245,False,39.0,1402.9261948052645
Isle Royale NP,2021-05-01,2021,May,-0.07832922153134275,False,1206.0,1402.2651578340192
Isle Royale NP,2021-06-01,2021,June,1.534702312764873,False,5247.0,1401.582086297065
Isle Royale NP,2021-07-01,2021,July,2.767383738597724,False,8335.0,1400.9210493258197
Isle Royale NP,2021-08-01,2021,August,2.4395970017820616,False,7513.0,1400.2379777888655
Isle Royale NP,2021-09-01,2021,September,0.7472909005963566,False,3272.0,1399.554906251913
Isle Royale NP,2021-10-01,2021,October,-0.4657061365306096,False,232.0,1398.8938692806678
Isle Royale NP,2021-11-01,2021,November,-0.5580244834725299,False,0.0,1398.2107977437136
Isle Royale NP,2021-12-01,2021,December,-0.5577606643008924,False,0.0,1397.5497607724683
Isle Royale NP,2022-01-01,2022,January,-0.5574880511568666,False,0.0,1396.866689235514
Isle Royale NP,2022-02-01,2022,February,-0.5572154380128416,False,0.0,1396.1836176985616
Isle Royale NP,2022-03-01,2022,March,-0.5569692067859798,False,0.0,1395.5666498587325
Isle Royale NP,2022-04-01,2022,April,-0.5419299319041092,False,37.0,1394.8835783217783
Isle Royale NP,2022-05-01,2022,May,-0.07511942160975206,False,1206.0,1394.222541350533
Isle Royale NP,2022-06-01,2022,June,1.5287328364710466,False,5224.0,1393.5394698135788
Isle Royale NP,2022-07-01,2022,July,2.6121512490618986,False,7938.0,1392.8784328423335
Isle Royale NP,2022-08-01,2022,August,2.6295851177390945,False,7981.0,1392.195361305381
Isle Royale NP,2022-09-01,2022,September,0.5816818379474509,False,2849.0,1391.5122897684269
Isle Royale NP,2022-10-01,2022,October,-0.467684623165559,False,219.0,1390.8512527971816
Isle Royale NP,2022-11-01,2022,November,-0.5548146835509392,False,0.0,1390.1681812602274
Isle Royale NP,2022-12-01,2022,December,-0.5545508643793017,False,0.0,1389.507144288982
Isle Royale NP,2023-01-01,2023,January,-0.5542782512352766,False,0.0,1388.8240727520297
Isle Royale NP,2023-02-01,2023,February,-0.5540056380912509,False,0.0,1388.1410012150754
Isle Royale NP,2023-03-01,2023,March,-0.5537594068643892,False,0.0,1387.5240333752463
Isle Royale NP,2023-04-01,2023,April,-0.5331327464600908,False,51.0,1386.840961838292
Isle Royale NP,2023-05-01,2023,May,-0.004062797487252597,False,1376.0,1386.1799248670468
Isle Royale NP,2023-06-01,2023,June,1.9150776436448274,False,6184.0,1385.4968533300944
Isle Royale NP,2023-07-01,2023,July,2.945814992738503,False,8766.0,1384.8358163588491
Isle Royale NP,2023-08-01,2023,August,3.0322929825142713,True,8982.0,1384.1527448218949
Isle Royale NP,2023-09-01,2023,September,0.7676789642456074,False,3307.0,1383.4696732849407
Isle Royale NP,2023-10-01,2023,October,-0.43254690597295237,False,299.0,1382.8086363136954
Isle Royale NP,2023-11-01,2023,November,-0.5516048836293492,False,0.0,1382.125564776743
Isle Royale NP,2023-12-01,2023,December,-0.5513410644577117,False,0.0,1381.4645278054977
Isle Royale NP,2024-01-01,2024,January,-0.551068451313686,False,0.0,1380.7814562685435
Isle Royale NP,2024-02-01,2024,February,-0.5507958381696603,False,0.0,1380.0983847315892
Isle Royale NP,2024-03-01,2024,March,-0.5505408129704109,False,0.0,1379.459382326053
Isle Royale NP,2024-04-01,2024,April,-0.5171429856577062,False,83.0,1378.7763107890987
Isle Royale NP,2024-05-01,2024,May,0.12407377272957527,False,1689.0,1378.1152738178534
Isle Royale NP,2024-06-01,2024,June,1.7486791770365344,False,5759.0,1377.4322022808992
Isle Royale NP,2024-07-01,2024,July,2.894357028305867,False,8629.0,1376.771165309654
Isle Royale NP,2024-08-01,2024,August,3.0159557270797523,True,8933.0,1376.0880937727015
Isle Royale NP,2024-09-01,2024,September,0.8163948402507833,False,3421.0,1375.4050222357473
Isle Royale NP,2024-10-01,2024,October,-0.4321220048401881,False,292.0,1374.743985264502
Isle Royale NP,2024-11-01,2024,November,-0.5483862897353703,False,0.0,1374.0609137275478
Isle Royale NP,2024-12-01,2024,December,-0.5481224705637328,False,0.0,1373.3998767563025
Isle Royale NP,2025-01-01,2025,January,-0.5478498574197077,False,0.0,1372.7168052193501
Isle Royale NP,2025-02-01,2025,February,-0.547577244275682,False,0.0,1372.033733682396
Isle Royale NP,2025-03-01,2025,March,-0.5473310130488203,False,0.0,1371.4167658425667
Isle Royale NP,2025-04-01,2025,April,-0.519520571258544,False,69.0,1370.7336943056143
Isle Royale NP,2025-05-01,2025,May,0.06861602466567428,False,1542.0,1370.0726573343672
Isle Royale NP,2025-06-01,2025,June,1.9925456533884067,False,6362.0,1369.3895857974148
Isle Royale NP,2025-07-01,2025,July,2.8396974781737407,False,8484.0,1368.7285488261696
Isle Royale NP,2025-08-01,2025,August,3.017569131137792,True,8929.0,1368.0454772892153
Joshua Tree NP,2016-05-01,2016,May,1.9187153451150478,False,220378.0,141202.68694268912
Joshua Tree NP,2016-06-01,2016,June,-0.748857509136949,False,110505.0,141406.41946911905
Joshua Tree NP,2016-07-01,2016,July,0.18648894348595668,False,149299.0,141603.57997856755
Joshua Tree NP,2016-08-01,2016,August,0.16041990219013702,False,148427.0,141807.31250499748
Joshua Tree NP,2016-09-01,2016,September,0.3582707811860127,False,156795.0,142011.0450314274
Joshua Tree NP,2016-10-01,2016,October,1.8867626850058377,False,220065.0,142208.2055408759
Joshua Tree NP,2016-11-01,2016,November,2.5765103759152006,False,248731.0,142411.93806730676
Joshua Tree NP,2016-12-01,2016,December,2.612299746154153,False,250405.0,142609.09857675526
Joshua Tree NP,2017-01-01,2017,January,2.358215279531,False,240124.0,142812.8311031852
Joshua Tree NP,2017-02-01,2017,February,2.838316733379405,False,260139.0,143016.56362961512
Joshua Tree NP,2017-03-01,2017,March,6.333357323760297,True,404545.0,143200.58010510076
Joshua Tree NP,2017-04-01,2017,April,5.2972010316335085,True,361992.0,143404.3126315307
Joshua Tree NP,2017-05-01,2017,May,1.893880924786353,False,221752.0,143601.4731409792
Joshua Tree NP,2017-06-01,2017,June,-0.43400734908375077,False,125896.0,143805.2056674091
Joshua Tree NP,2017-07-01,2017,July,-0.47089501790917004,False,124571.0,144002.3661768576
Joshua Tree NP,2017-08-01,2017,August,-0.04522258364681959,False,142340.0,144206.09870328754
Joshua Tree NP,2017-09-01,2017,September,0.3071427338533687,False,157084.0,144409.83122971747
Joshua Tree NP,2017-10-01,2017,October,1.8999510303630378,False,223008.0,144606.99173916597
Joshua Tree NP,2017-11-01,2017,November,3.9491155880129782,True,307770.0,144810.72426559683
Joshua Tree NP,2017-12-01,2017,December,3.3779462652188355,True,284398.0,145007.88477504533
Joshua Tree NP,2018-01-01,2018,January,3.6889445584833176,True,297435.0,145211.61730147526
Joshua Tree NP,2018-02-01,2018,February,3.4648614837780345,True,288392.0,145415.3498279052
Joshua Tree NP,2018-03-01,2018,March,6.279175822969153,True,404708.0,145599.3663033899
Joshua Tree NP,2018-04-01,2018,April,4.35994140363137,True,325715.0,145803.09882982075
Joshua Tree NP,2018-05-01,2018,May,2.4666509670543255,False,247786.0,146000.25933926925
Joshua Tree NP,2018-06-01,2018,June,0.17816678305373423,False,153556.0,146203.99186569918
Joshua Tree NP,2018-07-01,2018,July,-0.3871137366418283,False,130427.0,146401.15237514768
Joshua Tree NP,2018-08-01,2018,August,-0.11123015815036191,False,142015.0,146604.8849015776
Joshua Tree NP,2018-09-01,2018,September,0.05611042001788986,False,149124.0,146808.61742800754
Joshua Tree NP,2018-10-01,2018,October,1.798780273571265,False,221232.0,147005.77793745603
Joshua Tree NP,2018-11-01,2018,November,3.6997796372100344,True,299880.0,147209.51046388596
Joshua Tree NP,2018-12-01,2018,December,3.2644162920473487,True,282112.0,147406.67097333446
Joshua Tree NP,2019-01-01,2019,January,1.172492115999759,False,195993.0,147610.40349976532
Joshua Tree NP,2019-02-01,2019,February,2.7484925563666756,False,261230.0,147814.13602619525
Joshua Tree NP,2019-03-01,2019,March,7.7835157414203575,True,469183.0,147998.15250167996
Joshua Tree NP,2019-04-01,2019,April,5.491057221172142,True,374789.0,148201.88502811082
Joshua Tree NP,2019-05-01,2019,May,2.4846618301753836,False,250928.0,148399.04553755932
Joshua Tree NP,2019-06-01,2019,June,0.9438617696336314,False,187551.0,148602.77806398924
Joshua Tree NP,2019-07-01,2019,July,-0.2382890499564227,False,138967.0,148799.93857343774
Joshua Tree NP,2019-08-01,2019,August,-0.6807909819765381,False,120911.0,149003.67109986767
Joshua Tree NP,2019-09-01,2019,September,0.26866988921056373,False,160294.0,149207.4036262976
Joshua Tree NP,2019-10-01,2019,October,2.0499441186324097,False,233995.0,149404.5641357461
Joshua Tree NP,2019-11-01,2019,November,3.432026030625501,True,291230.0,149608.29666217603
Joshua Tree NP,2019-12-01,2019,December,3.724014686289107,True,303476.0,149805.45717162453
Joshua Tree NP,2020-01-01,2020,January,2.863892409421915,False,268187.0,150009.1896980554
Joshua Tree NP,2020-02-01,2020,February,3.588560945043457,True,298294.0,150212.92222448532
Joshua Tree NP,2020-03-01,2020,March,1.846527251814611,False,226600.0,150403.51071695238
Joshua Tree NP,2020-04-01,2020,April,-3.6497794266677666,True,0.0,150607.2432433823
Joshua Tree NP,2020-05-01,2020,May,-1.4776146870397466,False,89831.0,150804.4037528308
Joshua Tree NP,2020-06-01,2020,June,0.8028853207297536,False,184139.0,151008.13627926074
Joshua Tree NP,2020-07-01,2020,July,-0.10101349401297974,False,147037.0,151205.29678870924
Joshua Tree NP,2020-08-01,2020,August,-0.4093331101613292,False,134518.0,151409.02931513917
Joshua Tree NP,2020-09-01,2020,September,0.4015106675118659,False,168181.0,151612.7618415691
Joshua Tree NP,2020-10-01,2020,October,2.473468819433591,False,253877.0,151809.9223510176
Joshua Tree NP,2020-11-01,2020,November,5.046058307644173,True,360238.0,152013.65487744845
Joshua Tree NP,2020-12-01,2020,December,2.8215166383325845,False,268640.0,152210.81538689695
Joshua Tree NP,2021-01-01,2021,January,1.8800658709352271,False,229995.0,152414.54791332688
Joshua Tree NP,2021-02-01,2021,February,3.2247550949402135,True,285687.0,152618.2804397568
Joshua Tree NP,2021-03-01,2021,March,5.385872731583436,True,375049.0,152802.29691524245
Joshua Tree NP,2021-04-01,2021,April,5.591429945498441,True,383735.0,153006.02944167238
Joshua Tree NP,2021-05-01,2021,May,3.2087387740414406,True,285611.0,153203.18995112088
Joshua Tree NP,2021-06-01,2021,June,0.6698956401995613,False,181050.0,153406.9224775508
Joshua Tree NP,2021-07-01,2021,July,-0.6794196393658299,False,125568.0,153604.0829869993
Joshua Tree NP,2021-08-01,2021,August,-0.7426390310736809,False,123163.0,153807.81551342923
Joshua Tree NP,2021-09-01,2021,September,0.22366430165051265,False,163241.0,154011.54803985916
Joshua Tree NP,2021-10-01,2021,October,1.4268664771071962,False,213088.0,154208.70854930766
Joshua Tree NP,2021-11-01,2021,November,4.371516845863059,True,334802.0,154412.44107573852
Joshua Tree NP,2021-12-01,2021,December,5.0600424772553465,True,363411.0,154609.60158518702
Joshua Tree NP,2022-01-01,2022,January,2.964143964960178,False,277128.0,154813.33411161695
Joshua Tree NP,2022-02-01,2022,February,3.582159733351877,True,302834.0,155017.06663804688
Joshua Tree NP,2022-03-01,2022,March,6.70421856039841,True,431849.0,155201.0831135325
Joshua Tree NP,2022-04-01,2022,April,4.926630454275473,True,358701.0,155404.81563996244
Joshua Tree NP,2022-05-01,2022,May,1.7696707272643961,False,228627.0,155601.97614941094
Joshua Tree NP,2022-06-01,2022,June,0.08169905677335125,False,159177.0,155805.70867584087
Joshua Tree NP,2022-07-01,2022,July,-0.16800947135960784,False,149070.0,156002.86918528937
Joshua Tree NP,2022-08-01,2022,August,-0.5105956207647167,False,135137.0,156206.6017117193
Joshua Tree NP,2022-09-01,2022,September,-0.1424298933045516,False,150533.0,156410.33423814923
Joshua Tree NP,2022-10-01,2022,October,1.5999491551575356,False,222629.0,156607.49474759772
Joshua Tree NP,2022-11-01,2022,November,3.8798190852292227,True,316911.0,156811.22727402858
Joshua Tree NP,2022-12-01,2022,December,4.0879831733290874,True,325698.0,157008.38778347708
Joshua Tree NP,2023-01-01,2023,January,3.111829665038039,True,285621.0,157212.120309907
Joshua Tree NP,2023-02-01,2023,February,3.550661029681167,True,303933.0,157415.85283633694
Joshua Tree NP,2023-03-01,2023,March,6.704441845435691,True,434257.0,157599.86931182258
Joshua Tree NP,2023-04-01,2023,April,5.640440965818084,True,390555.0,157803.6018382525
Joshua Tree NP,2023-05-01,2023,May,2.5683720917054718,False,263984.0,158000.762347701
Joshua Tree NP,2023-06-01,2023,June,1.320630861909117,False,212700.0,158204.49487413093
Joshua Tree NP,2023-07-01,2023,July,-0.33882804751483653,False,144420.0,158401.65538357943
Joshua Tree NP,2023-08-01,2023,August,-0.05897013277576862,False,156172.0,158605.38791000936
Joshua Tree NP,2023-09-01,2023,September,0.740919986458915,False,189383.0,158809.1204364393
Joshua Tree NP,2023-10-01,2023,October,1.8100367810742621,False,233697.0,159006.2809458878
Joshua Tree NP,2023-11-01,2023,November,3.7435820811796483,True,313688.0,159210.01347231865
Joshua Tree NP,2023-12-01,2023,December,4.424764884016915,True,341994.0,159407.17398176715
Joshua Tree NP,2024-01-01,2024,January,2.2307923546848976,False,251664.0,159610.90650819708
Joshua Tree NP,2024-02-01,2024,February,2.9993482253333084,False,283582.0,159814.639034627
Joshua Tree NP,2024-03-01,2024,March,5.849369261116728,True,401378.0,160005.22752709407
Joshua Tree NP,2024-04-01,2024,April,4.449246163485505,True,343806.0,160208.960053524
Joshua Tree NP,2024-05-01,2024,May,2.4087598832015598,False,259803.0,160406.1205629725
Joshua Tree NP,2024-06-01,2024,June,0.2664779588459685,False,171606.0,160609.85308940243
Joshua Tree NP,2024-07-01,2024,July,-0.8971582699320885,False,123786.0,160807.01359885093
Joshua Tree NP,2024-08-01,2024,August,-0.43528060180439254,False,143049.0,161010.74612528086
Joshua Tree NP,2024-09-01,2024,September,-0.09246338480151337,False,157399.0,161214.47865171172
Joshua Tree NP,2024-10-01,2024,October,1.2282967488083103,False,212097.0,161411.63916116022
Joshua Tree NP,2024-11-01,2024,November,3.3936379404277957,True,301653.0,161615.37168759014
Joshua Tree NP,2024-12-01,2024,December,4.367855340252853,True,342051.0,161812.53219703864
Joshua Tree NP,2025-01-01,2025,January,2.813242037874925,False,278104.0,162016.26472346857
Joshua Tree NP,2025-02-01,2025,February,3.309652810593061,True,298792.0,162219.9972498985
Joshua Tree NP,2025-03-01,2025,March,6.048478994837335,True,411993.0,162404.01372538414
Joshua Tree NP,2025-04-01,2025,April,2.0001393333927067,False,245143.0,162607.74625181407
Joshua Tree NP,2025-05-01,2025,May,1.636338274444455,False,230328.0,162804.90676126257
Joshua Tree NP,2025-06-01,2025,June,-0.1852098679781724,False,155366.0,163008.6392876925
Joshua Tree NP,2025-07-01,2025,July,-0.5705062699241223,False,139664.0,163205.799797141
Joshua Tree NP,2025-08-01,2025,August,-0.4126653247379425,False,146381.0,163409.53232357092
Katmai NP & PRES,2016-04-01,2016,April,-0.7523842339190457,False,100.0,4512.664783156535
Katmai NP & PRES,2016-05-01,2016,May,-0.7533055679546015,False,100.0,4518.068323088577
Katmai NP & PRES,2016-06-01,2016,June,0.10509081357348983,False,5140.0,4523.651981018367
Katmai NP & PRES,2016-07-01,2016,July,2.0711225450915185,False,16676.0,4529.055520950409
Katmai NP & PRES,2016-08-01,2016,August,0.9697270979551768,False,10222.0,4534.639178880199
Katmai NP & PRES,2016-09-01,2016,September,0.07498448676292344,False,4980.0,4540.22283680996
Katmai NP & PRES,2016-10-01,2016,October,-0.7580043715359427,False,100.0,4545.626376742031
Katmai NP & PRES,2016-11-01,2016,November,-0.7589564167060143,False,100.0,4551.2100346717925
Katmai NP & PRES,2016-12-01,2016,December,-0.75987775074157,False,100.0,4556.613574603834
Katmai NP & PRES,2017-01-01,2017,January,-0.7608297959116467,False,100.0,4562.197232533625
Katmai NP & PRES,2017-02-01,2017,February,-0.7617818410817232,False,100.0,4567.780890463415
Katmai NP & PRES,2017-03-01,2017,March,-0.7626417528482423,False,100.0,4572.824194399989
Katmai NP & PRES,2017-04-01,2017,April,-0.7635937980183138,False,100.0,4578.40785232975
Katmai NP & PRES,2017-05-01,2017,May,-0.7645151320538746,False,100.0,4583.811392261821
Katmai NP & PRES,2017-06-01,2017,June,0.09388124947422172,False,5140.0,4589.395050191582
Katmai NP & PRES,2017-07-01,2017,July,2.0599129809922503,False,16676.0,4594.798590123624
Katmai NP & PRES,2017-08-01,2017,August,0.9585175338559087,False,10222.0,4600.3822480534145
Katmai NP & PRES,2017-09-01,2017,September,0.06377492266365035,False,4980.0,4605.965905983205
Katmai NP & PRES,2017-10-01,2017,October,-0.7692139356352109,False,100.0,4611.369445915247
Katmai NP & PRES,2017-11-01,2017,November,-0.7701659808052824,False,100.0,4616.953103845008
Katmai NP & PRES,2017-12-01,2017,December,-0.7710873148408431,False,100.0,4622.356643777079
Katmai NP & PRES,2018-01-01,2018,January,-0.7720393600109148,False,100.0,4627.94030170684
Katmai NP & PRES,2018-02-01,2018,February,-0.7729914051809914,False,100.0,4633.52395963663
Katmai NP & PRES,2018-03-01,2018,March,-0.7738513169475104,False,100.0,4638.567263573204
Katmai NP & PRES,2018-04-01,2018,April,-0.7748033621175869,False,100.0,4644.150921502995
Katmai NP & PRES,2018-05-01,2018,May,-0.7757246961531427,False,100.0,4649.5544614350365
Katmai NP & PRES,2018-06-01,2018,June,0.08267168537495362,False,5140.0,4655.138119364798
Katmai NP & PRES,2018-07-01,2018,July,2.048703416892977,False,16676.0,4660.541659296869
Katmai NP & PRES,2018-08-01,2018,August,0.9473079697566406,False,10222.0,4666.12531722663
Katmai NP & PRES,2018-09-01,2018,September,0.05256535856438225,False,4980.0,4671.70897515642
Katmai NP & PRES,2018-10-01,2018,October,-0.780423499734479,False,100.0,4677.112515088462
Katmai NP & PRES,2018-11-01,2018,November,-0.7813755449045555,False,100.0,4682.696173018252
Katmai NP & PRES,2018-12-01,2018,December,-0.7822968789401112,False,100.0,4688.099712950294
Katmai NP & PRES,2019-01-01,2019,January,-0.7832489241101829,False,100.0,4693.683370880055
Katmai NP & PRES,2019-02-01,2019,February,-0.7842009692802595,False,100.0,4699.267028809845
Katmai NP & PRES,2019-03-01,2019,March,-0.7850608810467785,False,100.0,4704.31033274642
Katmai NP & PRES,2019-04-01,2019,April,-0.786012926216855,False,100.0,4709.89399067621
Katmai NP & PRES,2019-05-01,2019,May,-0.7869342602524109,False,100.0,4715.297530608252
Katmai NP & PRES,2019-06-01,2019,June,0.847262784267082,False,9690.0,4720.881188538042
Katmai NP & PRES,2019-07-01,2019,July,5.557071278171404,True,37318.0,4726.284728470084
Katmai NP & PRES,2019-08-01,2019,August,3.246449830609788,True,23772.0,4731.868386399845
Katmai NP & PRES,2019-09-01,2019,September,1.3383921996026067,False,12587.0,4737.452044329635
Katmai NP & PRES,2019-10-01,2019,October,-0.7916330638337471,False,100.0,4742.855584261677
Katmai NP & PRES,2019-11-01,2019,November,-0.7925851090038236,False,100.0,4748.439242191467
Katmai NP & PRES,2019-12-01,2019,December,-0.7935064430393794,False,100.0,4753.842782123509
Katmai NP & PRES,2020-01-01,2020,January,-0.8080989394268873,False,20.0,4759.426440053299
Katmai NP & PRES,2020-02-01,2020,February,-0.8090509845969588,False,20.0,4765.01009798306
Katmai NP & PRES,2020-03-01,2020,March,-0.8099416074979987,False,20.0,4770.233519917383
Katmai NP & PRES,2020-04-01,2020,April,-0.8108936526680752,False,20.0,4775.817177847173
Katmai NP & PRES,2020-05-01,2020,May,-0.8116444810634131,False,21.0,4781.220717779215
Katmai NP & PRES,2020-06-01,2020,June,0.5050710613703727,False,7749.0,4786.804375708976
Katmai NP & PRES,2020-07-01,2020,July,1.7271866846177453,False,14922.0,4792.207915641018
Katmai NP & PRES,2020-08-01,2020,August,1.7004882877747673,False,14771.0,4797.791573570808
Katmai NP & PRES,2020-09-01,2020,September,1.5523898750966512,False,13908.0,4803.375231500599
Katmai NP & PRES,2020-10-01,2020,October,-0.8165137902849673,False,20.0,4808.7787714326405
Katmai NP & PRES,2020-11-01,2020,November,-0.8174658354550438,False,20.0,4814.362429362431
Katmai NP & PRES,2020-12-01,2020,December,-0.8183871694905996,False,20.0,4819.765969294473
Katmai NP & PRES,2021-01-01,2021,January,-0.822749327465029,False,0.0,4825.349627224234
Katmai NP & PRES,2021-02-01,2021,February,-0.8237013726351056,False,0.0,4830.933285154024
Katmai NP & PRES,2021-03-01,2021,March,-0.8245612844016246,False,0.0,4835.976589090598
Katmai NP & PRES,2021-04-01,2021,April,-0.8255133295717012,False,0.0,4841.5602470203885
Katmai NP & PRES,2021-05-01,2021,May,-0.8010293232147913,False,149.0,4846.96378695243
Katmai NP & PRES,2021-06-01,2021,June,-0.24715601511585222,False,3403.0,4852.547444882221
Katmai NP & PRES,2021-07-01,2021,July,0.7186896308840308,False,9073.0,4857.9509848142625
Katmai NP & PRES,2021-08-01,2021,August,0.4575459787414584,False,7547.0,4863.534642744024
Katmai NP & PRES,2021-09-01,2021,September,-0.11016681451288601,False,4223.0,4869.118300673814
Katmai NP & PRES,2021-10-01,2021,October,-0.7682168859481916,False,369.0,4874.521840605856
Katmai NP & PRES,2021-11-01,2021,November,-0.8320855123586698,False,0.0,4880.105498535646
Katmai NP & PRES,2021-12-01,2021,December,-0.8330068463942255,False,0.0,4885.509038467688
Katmai NP & PRES,2022-01-01,2022,January,-0.8305487787599443,False,20.0,4891.092696397478
Katmai NP & PRES,2022-02-01,2022,February,-0.8349109367343737,False,0.0,4896.676354327239
Katmai NP & PRES,2022-03-01,2022,March,-0.8323607356965349,False,20.0,4901.7196582638135
Katmai NP & PRES,2022-04-01,2022,April,-0.8333127808666115,False,20.0,4907.303316193604
Katmai NP & PRES,2022-05-01,2022,May,-0.8130914155151489,False,144.0,4912.706856125646
Katmai NP & PRES,2022-06-01,2022,June,0.02910693019224294,False,5089.0,4918.290514055436
Katmai NP & PRES,2022-07-01,2022,July,1.3088534598332624,False,12600.0,4923.694053987478
Katmai NP & PRES,2022-08-01,2022,August,0.8630521993347096,False,9991.0,4929.277711917268
Katmai NP & PRES,2022-09-01,2022,September,0.13625764375707833,False,5734.0,4934.861369847029
Katmai NP & PRES,2022-10-01,2022,October,-0.7997166212333887,False,250.0,4940.264909779071
Katmai NP & PRES,2022-11-01,2022,November,-0.8398849636535801,False,20.0,4945.848567708861
Katmai NP & PRES,2022-12-01,2022,December,-0.8408062976891358,False,20.0,4951.252107640903
Katmai NP & PRES,2023-01-01,2023,January,-0.8417583428592124,False,20.0,4956.835765570693
Katmai NP & PRES,2023-02-01,2023,February,-0.842710388029284,False,20.0,4962.419423500454
Katmai NP & PRES,2023-03-01,2023,March,-0.843570299795803,False,20.0,4967.462727437029
Katmai NP & PRES,2023-04-01,2023,April,-0.8441813336854438,False,22.0,4973.046385366819
Katmai NP & PRES,2023-05-01,2023,May,-0.8365773857101051,False,72.0,4978.449925298861
Katmai NP & PRES,2023-06-01,2023,June,-0.18705041344892948,False,3887.0,4984.033583228651
Katmai NP & PRES,2023-07-01,2023,July,1.377270029715749,False,13067.0,4989.437123160693
Katmai NP & PRES,2023-08-01,2023,August,0.9072569683062558,False,10316.0,4995.020781090483
Katmai NP & PRES,2023-09-01,2023,September,0.17978039016775307,False,6055.0,5000.604439020244
Katmai NP & PRES,2023-10-01,2023,October,-0.8119492191739641,False,244.0,5006.007978952286
Katmai NP & PRES,2023-11-01,2023,November,-0.8510945277528482,False,20.0,5011.591636882076
Katmai NP & PRES,2023-12-01,2023,December,-0.8520158617884039,False,20.0,5016.995176814118
Katmai NP & PRES,2024-01-01,2024,January,-0.8563780197628383,False,0.0,5022.578834743908
Katmai NP & PRES,2024-02-01,2024,February,-0.8573300649329149,False,0.0,5028.162492673699
Katmai NP & PRES,2024-03-01,2024,March,-0.8582206878339498,False,0.0,5033.385914607992
Katmai NP & PRES,2024-04-01,2024,April,-0.8591727330040264,False,0.0,5038.969572537782
Katmai NP & PRES,2024-05-01,2024,May,-0.8403154127743068,False,116.0,5044.373112469824
Katmai NP & PRES,2024-06-01,2024,June,-0.17339686521090644,False,4033.0,5049.9567703996145
Katmai NP & PRES,2024-07-01,2024,July,1.601327537982649,False,14447.0,5055.360310331656
Katmai NP & PRES,2024-08-01,2024,August,1.0441860944218186,False,11185.0,5060.9439682614175
Katmai NP & PRES,2024-09-01,2024,September,0.17587185746333342,False,6098.0,5066.527626191208
Katmai NP & PRES,2024-10-01,2024,October,-0.8049453909044388,False,351.0,5071.93116612325
Katmai NP & PRES,2024-11-01,2024,November,-0.865744915790995,False,0.0,5077.51482405304
Katmai NP & PRES,2024-12-01,2024,December,-0.8666662498265507,False,0.0,5082.918363985082
Katmai NP & PRES,2025-05-01,2025,May,-0.8179353657506505,False,313.0,5110.116181643039
Katmai NP & PRES,2025-06-01,2025,June,-0.10446877840776606,False,4503.0,5115.69983957283
Katmai NP & PRES,2025-07-01,2025,July,1.590117973883381,False,14447.0,5121.103379504872
Katmai NP & PRES,2025-08-01,2025,August,1.0329765303225455,False,11185.0,5126.687037434662
Kenai Fjords NP,2016-12-01,2016,December,-1.1780780295399724,False,62.0,30404.230699437205
Kenai Fjords NP,2017-01-01,2017,January,-1.1819860077022464,False,27.0,30469.88343380182
Kenai Fjords NP,2017-02-01,2017,February,-1.1837973630345997,False,46.0,30535.536168166436
Kenai Fjords NP,2017-03-01,2017,March,-1.1866821313882183,False,31.0,30594.835412108805
Kenai Fjords NP,2017-04-01,2017,April,-1.1898135825764475,False,16.0,30660.48814647342
Kenai Fjords NP,2017-05-01,2017,May,-0.16019840971981703,False,26598.0,30724.023050697055
Kenai Fjords NP,2017-06-01,2017,June,1.7320171773402018,False,75399.0,30789.67578506167
Kenai Fjords NP,2017-07-01,2017,July,2.7111969232326216,False,100682.0,30853.210689285537
Kenai Fjords NP,2017-08-01,2017,August,1.3139277691932811,False,64760.0,30918.863423650153
Kenai Fjords NP,2017-09-01,2017,September,0.012132606612733889,False,31297.0,30984.51615801477
Kenai Fjords NP,2017-10-01,2017,October,-1.0227268337258233,False,4707.0,31048.051062238635
Kenai Fjords NP,2017-11-01,2017,November,-1.207565596840507,False,12.0,31113.70379660325
Kenai Fjords NP,2017-12-01,2017,December,-1.2096053353509413,False,23.0,31177.238700827118
Kenai Fjords NP,2018-01-01,2018,January,-1.2118826068677213,False,30.0,31242.891435191734
Kenai Fjords NP,2018-02-01,2018,February,-1.214082225687097,False,39.0,31308.54416955635
Kenai Fjords NP,2018-03-01,2018,March,-1.2165787305536844,False,34.0,31367.843413498485
Kenai Fjords NP,2018-04-01,2018,April,-1.2196325290445091,False,21.0,31433.4961478631
Kenai Fjords NP,2018-05-01,2018,May,-0.2596329994109928,False,24810.0,31497.031052086968
Kenai Fjords NP,2018-06-01,2018,June,1.6356110428478001,False,73689.0,31562.683786451584
Kenai Fjords NP,2018-07-01,2018,July,2.6394066938174365,False,99606.0,31626.21869067545
Kenai Fjords NP,2018-08-01,2018,August,2.0718954378935357,False,85055.0,31691.871425040066
Kenai Fjords NP,2018-09-01,2018,September,0.12938786902872526,False,35090.0,31757.524159404682
Kenai Fjords NP,2018-10-01,2018,October,-1.1132313632154762,False,3149.0,31821.059063628316
Kenai Fjords NP,2018-11-01,2018,November,-1.2369186271241417,False,29.0,31886.71179799293
Kenai Fjords NP,2018-12-01,2018,December,-1.238803060239767,False,44.0,31950.2467022168
Kenai Fjords NP,2019-01-01,2019,January,-1.242245122217614,False,21.0,32015.899436581414
Kenai Fjords NP,2019-02-01,2019,February,-1.244172956596074,False,37.0,32081.55217094603
Kenai Fjords NP,2019-03-01,2019,March,-1.2463588506730525,False,40.0,32140.8514148884
Kenai Fjords NP,2019-04-01,2019,April,-1.2496456072560906,False,21.0,32206.504149253014
Kenai Fjords NP,2019-05-01,2019,May,-0.12913795208753065,False,28944.0,32270.03905347665
Kenai Fjords NP,2019-06-01,2019,June,2.288592264657223,False,91280.0,32335.691787841264
Kenai Fjords NP,2019-07-01,2019,July,3.425756423419033,True,120632.0,32399.22669206513
Kenai Fjords NP,2019-08-01,2019,August,1.7729710685702913,False,78129.0,32464.879426429747
Kenai Fjords NP,2019-09-01,2019,September,0.03166163868045681,False,33346.0,32530.532160794362
Kenai Fjords NP,2019-10-01,2019,October,-1.1055052304884865,False,4121.0,32594.06706501823
Kenai Fjords NP,2019-11-01,2019,November,-1.2677858850071724,False,7.0,32659.719799382845
Kenai Fjords NP,2019-12-01,2019,December,-1.2696314917740956,False,23.0,32723.25470360671
Kenai Fjords NP,2020-01-01,2020,January,-1.27198641598828,False,28.0,32788.90743797133
Kenai Fjords NP,2020-02-01,2020,February,-1.2733706814849088,False,58.0,32854.56017233594
Kenai Fjords NP,2020-03-01,2020,March,-1.2752117133376906,False,72.0,32915.97724641883
Kenai Fjords NP,2020-04-01,2020,April,-1.2804786137045427,False,2.0,32981.629980783444
Kenai Fjords NP,2020-05-01,2020,May,-1.1214666577981107,False,4161.0,33045.16488500731
Kenai Fjords NP,2020-06-01,2020,June,-0.4655208397659203,False,21121.0,33110.81761937193
Kenai Fjords NP,2020-07-01,2020,July,-0.053011653182603695,False,31809.0,33174.35252359579
Kenai Fjords NP,2020-08-01,2020,August,-0.021393522282333603,False,32689.0,33240.00525796041
Kenai Fjords NP,2020-09-01,2020,September,-0.4716492051254879,False,21158.0,33305.657992325025
Kenai Fjords NP,2020-10-01,2020,October,-1.1129647750182028,False,4704.0,33369.19289654889
Kenai Fjords NP,2020-11-01,2020,November,-1.2968717057640329,False,33.0,33434.84563091351
Kenai Fjords NP,2020-12-01,2020,December,-1.2987949652283515,False,47.0,33498.38053513714
Kenai Fjords NP,2021-01-01,2021,January,-1.301965242765283,False,31.0,33564.03326950176
Kenai Fjords NP,2021-02-01,2021,February,-1.3048249095125966,False,23.0,33629.68600386637
Kenai Fjords NP,2021-03-01,2021,March,-1.3065448874051482,False,38.0,33688.98524780874
Kenai Fjords NP,2021-04-01,2021,April,-1.3100646020803999,False,13.0,33754.63798217336
Kenai Fjords NP,2021-05-01,2021,May,-0.3057642085776346,False,25943.0,33818.172886397224
Kenai Fjords NP,2021-06-01,2021,June,2.4367095887126036,False,96643.0,33883.82562076184
Kenai Fjords NP,2021-07-01,2021,July,3.3850223873867566,True,121131.0,33947.36052498547
Kenai Fjords NP,2021-08-01,2021,August,2.9787569576232333,False,110733.0,34013.01325935009
Kenai Fjords NP,2021-09-01,2021,September,0.61975914622956,False,50041.0,34078.665993714705
Kenai Fjords NP,2021-10-01,2021,October,-1.0483580414424314,False,7141.0,34142.20089793857
Kenai Fjords NP,2021-11-01,2021,November,-1.327933095390566,False,6.0,34207.85363230319
Kenai Fjords NP,2021-12-01,2021,December,-1.329118654229551,False,39.0,34271.388536527054
Kenai Fjords NP,2022-01-01,2022,January,-1.3323277581151847,False,22.0,34337.04127089167
Kenai Fjords NP,2022-02-01,2022,February,-1.3340614607501335,False,43.0,34402.694005256286
Kenai Fjords NP,2022-03-01,2022,March,-1.3350049116686316,False,78.0,34461.99324919842
Kenai Fjords NP,2022-04-01,2022,April,-1.323925919231843,False,429.0,34527.64598356304
Kenai Fjords NP,2022-05-01,2022,May,-0.11990278800478693,False,31503.0,34591.180887786904
Kenai Fjords NP,2022-06-01,2022,June,2.5908498823957262,False,101386.0,34656.83362215152
Kenai Fjords NP,2022-07-01,2022,July,3.183862764095728,True,116723.0,34720.36852637539
Kenai Fjords NP,2022-08-01,2022,August,2.2544122855696034,False,92850.0,34786.02126074
Kenai Fjords NP,2022-09-01,2022,September,0.2132081383037144,False,40343.0,34851.67399510462
Kenai Fjords NP,2022-10-01,2022,October,-1.1034141145669538,False,6496.0,34915.208899328485
Kenai Fjords NP,2022-11-01,2022,November,-1.3579461736021474,False,6.0,34980.8616336931
Kenai Fjords NP,2022-12-01,2022,December,-1.3581610737235679,False,64.0,35044.396537916735
Kenai Fjords NP,2023-01-01,2023,January,-1.359467686522792,False,96.0,35110.04927228135
Kenai Fjords NP,2023-02-01,2023,February,-1.3619390897830832,False,98.0,35175.702006645966
Kenai Fjords NP,2023-03-01,2023,March,-1.363154325142506,False,126.0,35235.001250588335
Kenai Fjords NP,2023-04-01,2023,April,-1.3702848902470652,False,8.0,35300.65398495295
Kenai Fjords NP,2023-05-01,2023,May,-0.5662508033504132,False,20780.0,35364.188889176585
Kenai Fjords NP,2023-06-01,2023,June,2.2052262764203934,False,92227.0,35429.8416235412
Kenai Fjords NP,2023-07-01,2023,July,3.4015229642557054,True,123102.0,35493.37652776507
Kenai Fjords NP,2023-08-01,2023,August,2.678007439246229,False,104533.0,35559.02926212968
Kenai Fjords NP,2023-09-01,2023,September,0.2548684997964655,False,42189.0,35624.6819964943
Kenai Fjords NP,2023-10-01,2023,October,-1.2172921059753516,False,4336.0,35688.216900718166
Kenai Fjords NP,2023-11-01,2023,November,-1.3881533835572313,False,1.0,35753.86963508278
Kenai Fjords NP,2023-12-01,2023,December,-1.3895330741397276,False,29.0,35817.40453930665
Kenai Fjords NP,2024-01-01,2024,January,-1.3914220821694854,False,46.0,35883.057273671264
Kenai Fjords NP,2024-02-01,2024,February,-1.393621700988861,False,55.0,35948.71000803588
Kenai Fjords NP,2024-03-01,2024,March,-1.3954239064929403,False,70.0,36010.127082118765
Kenai Fjords NP,2024-04-01,2024,April,-1.4001472379779611,False,14.0,36075.77981648338
Kenai Fjords NP,2024-05-01,2024,May,-0.20489886155760992,False,30862.0,36139.31472070725
Kenai Fjords NP,2024-06-01,2024,June,2.5531831279109265,False,101964.0,36204.96745507186
Kenai Fjords NP,2024-07-01,2024,July,3.7136819222427784,True,131917.0,36268.50235929573
Kenai Fjords NP,2024-08-01,2024,August,2.9605418931734975,False,112585.0,36334.155093660345
Kenai Fjords NP,2024-09-01,2024,September,0.04100808556567417,False,37456.0,36399.80782802496
Kenai Fjords NP,2024-10-01,2024,October,-1.2414081540983262,False,4490.0,36463.34273224883
Kenai Fjords NP,2024-11-01,2024,November,-1.4182098630316475,False,2.0,36528.99546661344
Kenai Fjords NP,2024-12-01,2024,December,-1.4204825596342863,False,7.0,36592.53037083708
Kenai Fjords NP,2025-01-01,2025,January,-1.4220221305257237,False,33.0,36658.18310520169
Kenai Fjords NP,2025-02-01,2025,February,-1.4249206236217395,False,24.0,36723.83583956631
Kenai Fjords NP,2025-03-01,2025,March,-1.4270288650013137,False,29.0,36783.13508350868
Kenai Fjords NP,2025-04-01,2025,April,-1.4307038850713742,False,0.0,36848.78781787329
Kenai Fjords NP,2025-05-01,2025,May,0.04048335157575321,False,37955.0,36912.32272209716
Kenai Fjords NP,2025-06-01,2025,June,1.9498990111108614,False,87199.0,36977.975456461776
Kenai Fjords NP,2025-07-01,2025,July,3.7868692788817433,True,134575.0,37041.51036068541
Kenai Fjords NP,2025-08-01,2025,August,2.340523620082779,False,97389.0,37107.163095050026
Kings Canyon NP,2016-05-01,2016,May,0.5242216584245544,False,60356.0,37544.81750407582
Kings Canyon NP,2016-06-01,2016,June,1.0854369989708532,False,84684.0,37451.877722251695
Kings Canyon NP,2016-07-01,2016,July,1.9199872893702639,False,120909.0,37361.935997905675
Kings Canyon NP,2016-08-01,2016,August,1.2486216949025888,False,91602.0,37268.99621608155
Kings Canyon NP,2016-09-01,2016,September,1.0191789377672287,False,81525.0,37176.05643425742
Kings Canyon NP,2016-10-01,2016,October,0.34009180326321065,False,51885.0,37086.1147099114
Kings Canyon NP,2016-11-01,2016,November,-0.26189443364303655,False,25597.0,36993.174928087275
Kings Canyon NP,2016-12-01,2016,December,-0.525463792702146,False,14038.0,36903.233203741256
Kings Canyon NP,2017-01-01,2017,January,-0.4916143008870988,False,15418.0,36810.29342191713
Kings Canyon NP,2017-02-01,2017,February,-0.583700178213023,False,11318.0,36717.35364009254
Kings Canyon NP,2017-03-01,2017,March,-0.35704074461158586,False,21097.0,36633.4080307032
Kings Canyon NP,2017-04-01,2017,April,0.015271542223239724,False,37205.0,36540.46824887907
Kings Canyon NP,2017-05-01,2017,May,0.8988630876859454,False,75564.0,36450.52652453305
Kings Canyon NP,2017-06-01,2017,June,1.5084991988125558,False,101999.0,36357.58674270846
Kings Canyon NP,2017-07-01,2017,July,2.270636651955902,False,135073.0,36267.64501836244
Kings Canyon NP,2017-08-01,2017,August,1.52490484315607,False,102530.0,36174.70523653831
Kings Canyon NP,2017-09-01,2017,September,1.132113800645874,False,85345.0,36081.76545471419
Kings Canyon NP,2017-10-01,2017,October,0.4141199909674612,False,54012.0,35991.82373036817
Kings Canyon NP,2017-11-01,2017,November,-0.1382045063924972,False,29885.0,35898.88394854404
Kings Canyon NP,2017-12-01,2017,December,-0.28319238647944106,False,23486.0,35808.94222419802
Kings Canyon NP,2018-01-01,2018,January,-0.36863678174666353,False,19675.0,35716.002442373894
Kings Canyon NP,2018-02-01,2018,February,-0.4696162699955108,False,15188.0,35623.06266054977
Kings Canyon NP,2018-03-01,2018,March,-0.35937811012913884,False,19901.0,35539.11705115996
Kings Canyon NP,2018-04-01,2018,April,0.07461493049663492,False,38693.0,35446.177269335836
Kings Canyon NP,2018-05-01,2018,May,0.8915158844908861,False,74150.0,35356.23554498982
Kings Canyon NP,2018-06-01,2018,June,1.3402856481746255,False,93585.0,35263.29576316569
Kings Canyon NP,2018-07-01,2018,July,2.007741765394459,False,122539.0,35173.35403881967
Kings Canyon NP,2018-08-01,2018,August,1.8429213181175739,False,115274.0,35080.414256995544
Kings Canyon NP,2018-09-01,2018,September,1.19520307672401,False,86996.0,34987.47447517095
Kings Canyon NP,2018-10-01,2018,October,0.4381876873373149,False,53965.0,34897.53275082493
Kings Canyon NP,2018-11-01,2018,November,-0.12741977414006828,False,29260.0,34804.592969000805
Kings Canyon NP,2018-12-01,2018,December,-0.11301208481791504,False,29797.0,34714.651244654786
Kings Canyon NP,2019-01-01,2019,January,-0.32924082055618303,False,20295.0,34621.71146283066
Kings Canyon NP,2019-02-01,2019,February,-0.5814576563080966,False,9227.0,34528.77168100653
Kings Canyon NP,2019-03-01,2019,March,-0.28445366706056374,False,22067.0,34444.82607161673
Kings Canyon NP,2019-04-01,2019,April,0.15636470287814283,False,41156.0,34351.8862897926
Kings Canyon NP,2019-05-01,2019,May,0.5304695450825319,False,57345.0,34261.94456544658
Kings Canyon NP,2019-06-01,2019,June,1.2971112113133634,False,90612.0,34169.004783622455
Kings Canyon NP,2019-07-01,2019,July,1.5709963190608505,False,102440.0,34079.063059276436
Kings Canyon NP,2019-08-01,2019,August,1.8160173632548184,False,113009.0,33986.12327745231
Kings Canyon NP,2019-09-01,2019,September,1.0872914254703747,False,81206.0,33893.18349562818
Kings Canyon NP,2019-10-01,2019,October,0.48983247184021966,False,55118.0,33803.24177128216
Kings Canyon NP,2019-11-01,2019,November,-0.19008201994869395,False,25439.0,33710.30198945757
Kings Canyon NP,2019-12-01,2019,December,-0.4463894124661079,False,14196.0,33620.360265112016
Kings Canyon NP,2020-01-01,2020,January,-0.31443442961768264,False,19845.0,33527.420483287424
Kings Canyon NP,2020-02-01,2020,February,-0.35527288482967767,False,17975.0,33434.4807014633
Kings Canyon NP,2020-03-01,2020,March,-0.6145677505872481,False,6605.0,33347.537034595385
Kings Canyon NP,2020-04-01,2020,April,-0.7642207993909493,False,0.0,33254.59725277126
Kings Canyon NP,2020-05-01,2020,May,-0.7621538570083413,False,0.0,33164.65552842524
Kings Canyon NP,2020-06-01,2020,June,0.6415645069097725,False,60989.0,33071.71574660111
Kings Canyon NP,2020-07-01,2020,July,1.5814362930707015,False,101797.0,32981.77402225509
Kings Canyon NP,2020-08-01,2020,August,1.4397805998255881,False,95540.0,32888.834240430966
Kings Canyon NP,2020-09-01,2020,September,0.23302882016129606,False,42936.0,32795.89445860684
Kings Canyon NP,2020-10-01,2020,October,0.1683132474483396,False,40030.0,32705.95273426082
Kings Canyon NP,2020-11-01,2020,November,-0.26409687834635526,False,21121.0,32613.012952436693
Kings Canyon NP,2020-12-01,2020,December,-0.5580699770721653,False,8239.0,32523.071228090674
Kings Canyon NP,2021-01-01,2021,January,-0.10867972890542142,False,27701.0,32430.13144626608
Kings Canyon NP,2021-02-01,2021,February,-0.2455324126340266,False,21653.0,32337.191664441954
Kings Canyon NP,2021-03-01,2021,March,-0.31443042109867914,False,18571.0,32253.246055052616
Kings Canyon NP,2021-04-01,2021,April,0.11462172456993178,False,37148.0,32160.306273228023
Kings Canyon NP,2021-05-01,2021,May,1.1520014981880118,False,82199.0,32070.364548882004
Kings Canyon NP,2021-06-01,2021,June,1.6770448914664446,False,104953.0,31977.424767057877
Kings Canyon NP,2021-07-01,2021,July,1.9653390277634564,False,117408.0,31887.483042711858
Kings Canyon NP,2021-08-01,2021,August,1.0550869073431337,False,77706.0,31794.54326088773
Kings Canyon NP,2021-09-01,2021,September,-0.1862970988349286,False,23595.0,31701.603479063604
Kings Canyon NP,2021-10-01,2021,October,-0.4738815054765794,False,10991.0,31611.661754717585
Kings Canyon NP,2021-11-01,2021,November,-0.0952035074643721,False,27376.0,31518.721972893458
Kings Canyon NP,2021-12-01,2021,December,-0.4093308614340949,False,13617.0,31428.78024854744
Kings Canyon NP,2022-01-01,2022,January,-0.21521252575240357,False,21971.0,31335.84046672331
Kings Canyon NP,2022-02-01,2022,February,-0.38662849327443544,False,14419.0,31242.90068489872
Kings Canyon NP,2022-03-01,2022,March,-0.26232601846021264,False,19744.0,31158.95507550938
Kings Canyon NP,2022-04-01,2022,April,0.12814118472887862,False,36642.0,31066.015293685254
Kings Canyon NP,2022-05-01,2022,May,1.1093096603690678,False,79247.0,30976.073569339234
Kings Canyon NP,2022-06-01,2022,June,1.4597211430448869,False,94402.0,30883.133787515108
Kings Canyon NP,2022-07-01,2022,July,2.0655884301008824,False,120676.0,30793.19206316909
Kings Canyon NP,2022-08-01,2022,August,1.3456871605190295,False,89257.0,30700.252281344496
Kings Canyon NP,2022-09-01,2022,September,1.1764773600476317,False,81801.0,30607.31249952037
Kings Canyon NP,2022-10-01,2022,October,0.5232667265751367,False,53287.0,30517.37077517435
Kings Canyon NP,2022-11-01,2022,November,-0.28042292911767985,False,18222.0,30424.430993350223
Kings Canyon NP,2022-12-01,2022,December,-0.4370161671272872,False,11318.0,30334.489269004203
Kings Canyon NP,2023-01-01,2023,January,-0.36490346552761665,False,14363.0,30241.549487180077
Kings Canyon NP,2023-02-01,2023,February,-0.349415718227833,False,14944.0,30148.60970535595
Kings Canyon NP,2023-03-01,2023,March,-0.6568785199502368,False,1481.0,30064.664095966145
Kings Canyon NP,2023-04-01,2023,April,-0.05611303883977195,False,27530.0,29971.72431414202
Kings Canyon NP,2023-05-01,2023,May,0.906877539539374,False,69344.0,29881.782589796
Kings Canyon NP,2023-06-01,2023,June,2.2183275627456185,False,126318.0,29788.842807971872
Kings Canyon NP,2023-07-01,2023,July,1.828363216409976,False,109259.0,29698.901083625853
Kings Canyon NP,2023-08-01,2023,August,1.1827821993467136,False,81074.0,29605.961301801726
Kings Canyon NP,2023-09-01,2023,September,1.344497456472068,False,88018.0,29513.021519977134
Kings Canyon NP,2023-10-01,2023,October,0.6119107709898994,False,56050.0,29423.07979563158
Kings Canyon NP,2023-11-01,2023,November,0.056300003960761805,False,31780.0,29330.140013806988
Kings Canyon NP,2023-12-01,2023,December,-0.14561158221417705,False,22904.0,29240.19828946097
Kings Canyon NP,2024-01-01,2024,January,-0.3106158767452828,False,15631.0,29147.25850763684
Kings Canyon NP,2024-02-01,2024,February,-0.37395263969250075,False,12782.0,29054.318725812715
Kings Canyon NP,2024-03-01,2024,March,-0.22745065357206704,False,19070.0,28967.375058944803
Kings Canyon NP,2024-04-01,2024,April,0.05519013501675263,False,31276.0,28874.435277120676
Kings Canyon NP,2024-05-01,2024,May,1.3816007731760978,False,88904.0,28784.493552774657
Kings Canyon NP,2024-06-01,2024,June,1.6369402445131862,False,99922.0,28691.55377095053
Kings Canyon NP,2024-07-01,2024,July,2.009528346870257,False,116045.0,28601.61204660451
Kings Canyon NP,2024-08-01,2024,August,1.8445010714323737,False,108771.0,28508.672264780384
Kings Canyon NP,2024-09-01,2024,September,1.3896615806227888,False,88886.0,28415.732482956257
Kings Canyon NP,2024-10-01,2024,October,0.8777145811119027,False,66519.0,28325.790758610237
Kings Canyon NP,2024-11-01,2024,November,0.03626729558357965,False,29811.0,28232.850976785645
Kings Canyon NP,2024-12-01,2024,December,-0.14640927161854864,False,21772.0,28142.909252439626
Kings Canyon NP,2025-01-01,2025,January,-0.10568848867701346,False,23451.0,28049.9694706155
Kings Canyon NP,2025-02-01,2025,February,-0.2773342652668316,False,15889.0,27957.029688791372
Kings Canyon NP,2025-03-01,2025,March,-0.11605551144751772,False,22823.0,27873.084079401568
Kings Canyon NP,2025-04-01,2025,April,0.3298416388890277,False,42133.0,27780.14429757744
Kings Canyon NP,2025-05-01,2025,May,1.6254348810596764,False,98420.0,27690.20257323142
Kings Canyon NP,2025-06-01,2025,June,0.9238723750862985,False,67799.0,27597.262791407295
Kings Canyon NP,2025-07-01,2025,July,2.314399743155012,False,128217.0,27507.321067061275
Kings Canyon NP,2025-08-01,2025,August,2.111063296118951,False,119276.0,27414.38128523715
Kobuk Valley NP,2016-12-01,2016,December,1.2466032659396218,False,1400.0,729.9075511723058
Kobuk Valley NP,2017-01-01,2017,January,1.2433611065212227,False,1400.0,731.6503241968312
Kobuk Valley NP,2017-02-01,2017,February,0.12391183139466785,False,800.0,733.3930972213639
Kobuk Valley NP,2017-03-01,2017,March,0.307017948624027,False,900.0,734.9672147919046
Kobuk Valley NP,2017-04-01,2017,April,0.30377578920561443,False,900.0,736.7099878164372
Kobuk Valley NP,2017-05-01,2017,May,0.3006382155748956,False,900.0,738.3965423563059
Kobuk Valley NP,2017-06-01,2017,June,0.8554996140105677,False,1200.0,740.1393153808312
Kobuk Valley NP,2017-07-01,2017,July,1.4104655982339203,False,1500.0,741.8258699206999
Kobuk Valley NP,2017-08-01,2017,August,1.593257958100198,False,1600.0,743.5686429452326
Kobuk Valley NP,2017-09-01,2017,September,1.5900157986817853,False,1600.0,745.3114159697652
Kobuk Valley NP,2017-10-01,2017,October,1.958947263620461,False,1800.0,746.9979705096266
Kobuk Valley NP,2017-11-01,2017,November,1.3976015463479772,False,1500.0,748.7407435341593
Kobuk Valley NP,2017-12-01,2017,December,1.208429453432568,False,1400.0,750.4272980740279
Kobuk Valley NP,2018-01-01,2018,January,0.6266199390387818,False,1089.0,752.1700710985533
Kobuk Valley NP,2018-02-01,2018,February,-0.11703960713269855,False,691.0,753.912844123086
Kobuk Valley NP,2018-03-01,2018,March,0.028859606239722547,False,771.0,755.4869616936267
Kobuk Valley NP,2018-04-01,2018,April,0.18746747859899063,False,858.0,757.2297347181593
Kobuk Valley NP,2018-05-01,2018,May,0.12293851360432399,False,825.0,758.916289258028
Kobuk Valley NP,2018-06-01,2018,June,0.9549913457741848,False,1274.0,760.6590622825534
Kobuk Valley NP,2018-07-01,2018,July,1.3853142020767946,False,1507.0,762.345616822422
Kobuk Valley NP,2018-08-01,2018,August,1.4453237792151767,False,1541.0,764.0883898469547
Kobuk Valley NP,2018-09-01,2018,September,1.1872143283767385,False,1404.0,765.8311628714873
Kobuk Valley NP,2018-10-01,2018,October,2.0696010665411593,False,1880.0,767.5177174113487
Kobuk Valley NP,2018-11-01,2018,November,1.6422002031536527,False,1652.0,769.2604904358814
Kobuk Valley NP,2018-12-01,2018,December,1.2539711746036248,False,1445.0,770.94704497575
Kobuk Valley NP,2019-01-01,2019,January,0.6051892332673501,False,1098.0,772.6898180002754
Kobuk Valley NP,2019-02-01,2019,February,-0.1477720388683648,False,695.0,774.4325910248081
Kobuk Valley NP,2019-03-01,2019,March,-0.022336622617259643,False,764.0,776.0067085953488
Kobuk Valley NP,2019-04-01,2019,April,0.05627640644959155,False,808.0,777.7494816198814
Kobuk Valley NP,2019-05-01,2019,May,-0.002671522966534363,False,778.0,779.4360361597501
Kobuk Valley NP,2019-06-01,2019,June,1.1475003371801336,False,1398.0,781.1788091842827
Kobuk Valley NP,2019-07-01,2019,July,1.7992042714315384,False,1750.0,782.8653637241441
Kobuk Valley NP,2019-08-01,2019,August,1.833169015870064,False,1770.0,784.6081367486768
Kobuk Valley NP,2019-09-01,2019,September,1.3983267717111696,False,1538.0,786.3509097732094
Kobuk Valley NP,2019-10-01,2019,October,2.2304841896687244,False,1987.0,788.0374643130708
Kobuk Valley NP,2019-11-01,2019,November,1.4496177396403058,False,1569.0,789.7802373376035
Kobuk Valley NP,2019-12-01,2019,December,1.524614664109157,False,1611.0,791.4667918774721
Kobuk Valley NP,2020-01-01,2020,January,0.7642120112020545,False,1204.0,793.2095649020048
Kobuk Valley NP,2020-02-01,2020,February,-0.11525273404723631,False,733.0,794.9523379265302
Kobuk Valley NP,2020-03-01,2020,March,-0.9852065817569186,False,267.0,796.5826739817348
Kobuk Valley NP,2020-04-01,2020,April,-0.9605435632826276,False,282.0,798.3254470062675
Kobuk Valley NP,2020-05-01,2020,May,-0.9822845888418155,False,272.0,800.0120015461362
Kobuk Valley NP,2020-06-01,2020,June,-0.5799714962195894,False,490.0,801.7547745706615
Kobuk Valley NP,2020-07-01,2020,July,-0.35614695632298593,False,612.0,803.4413291105302
Kobuk Valley NP,2020-08-01,2020,August,-0.34450635419862324,False,620.0,805.1841021350629
Kobuk Valley NP,2020-09-01,2020,September,1.3600483734164355,False,1538.0,806.9268751595882
Kobuk Valley NP,2020-10-01,2020,October,2.1922057913739765,False,1987.0,808.6134296994569
Kobuk Valley NP,2020-11-01,2020,November,1.4113393413455582,False,1569.0,810.3562027239896
Kobuk Valley NP,2020-12-01,2020,December,1.4863362658144093,False,1611.0,812.0427572638582
Kobuk Valley NP,2021-01-01,2021,January,0.5324577128512423,False,1100.0,813.7855302883836
Kobuk Valley NP,2021-02-01,2021,February,-0.2242242496701663,False,695.0,815.5283033129163
Kobuk Valley NP,2021-03-01,2021,March,-0.09878883341906115,False,764.0,817.102420883457
Kobuk Valley NP,2021-04-01,2021,April,-0.9987173757896814,False,282.0,818.8451939079896
Kobuk Valley NP,2021-05-01,2021,May,-1.0204584013488693,False,272.0,820.5317484478583
Kobuk Valley NP,2021-06-01,2021,June,-0.6181453087266433,False,490.0,822.2745214723836
Kobuk Valley NP,2021-07-01,2021,July,-0.3943207688300398,False,612.0,823.9610760122523
Kobuk Valley NP,2021-08-01,2021,August,-0.3826801667056771,False,620.0,825.703849036785
Kobuk Valley NP,2021-09-01,2021,September,1.3218745609093816,False,1538.0,827.4466220613103
Kobuk Valley NP,2021-10-01,2021,October,2.154031978866923,False,1987.0,829.133176601179
Kobuk Valley NP,2021-11-01,2021,November,1.3731655288385043,False,1569.0,830.8759496257117
Kobuk Valley NP,2021-12-01,2021,December,1.4481624533073554,False,1611.0,832.5625041655803
Kobuk Valley NP,2022-01-01,2022,January,0.4905632099584947,False,1098.0,834.3052771901057
Kobuk Valley NP,2022-02-01,2022,February,-0.26239806217722017,False,695.0,836.0480502146384
Kobuk Valley NP,2022-03-01,2022,March,-0.034643660319535294,False,819.0,837.622167785179
Kobuk Valley NP,2022-04-01,2022,April,0.07559523702571326,False,880.0,839.3649408097117
Kobuk Valley NP,2022-05-01,2022,May,0.15617319707310515,False,925.0,841.0514953495804
Kobuk Valley NP,2022-06-01,2022,June,1.319367473569715,False,1552.0,842.7942683741057
Kobuk Valley NP,2022-07-01,2022,July,1.9915352049424222,False,1915.0,844.4808229139744
Kobuk Valley NP,2022-08-01,2022,August,2.2226965398227194,False,2041.0,846.2235959385071
Kobuk Valley NP,2022-09-01,2022,September,1.492059410001181,False,1650.0,847.9663689630324
Kobuk Valley NP,2022-10-01,2022,October,2.231199568316377,False,2049.0,849.6529235029011
Kobuk Valley NP,2022-11-01,2022,November,1.3852210365383169,False,1596.0,851.3956965274338
Kobuk Valley NP,2022-12-01,2022,December,1.5848610889279107,False,1705.0,853.0822510673024
Kobuk Valley NP,2023-01-01,2023,January,0.7277204859927826,False,1246.0,854.8250240918278
Kobuk Valley NP,2023-02-01,2023,February,-0.22987875735609167,False,733.0,856.5677971163605
Kobuk Valley NP,2023-03-01,2023,March,0.044384274322765795,False,882.0,858.1419146869011
Kobuk Valley NP,2023-04-01,2023,April,0.24578008611751262,False,992.0,859.8846877114338
Kobuk Valley NP,2023-05-01,2023,May,0.3207770105863638,False,1034.0,861.5712422513025
Kobuk Valley NP,2023-06-01,2023,June,1.6774471871390515,False,1765.0,863.3140152758278
Kobuk Valley NP,2023-07-01,2023,July,1.685471684665414,False,1771.0,865.0005698156965
Kobuk Valley NP,2023-08-01,2023,August,2.4040434600716005,False,2159.0,866.7433428402292
Kobuk Valley NP,2023-09-01,2023,September,1.688289091792837,False,1776.0,868.4861158647545
Kobuk Valley NP,2023-10-01,2023,October,2.0107119269103264,False,1951.0,870.1726704046232
Kobuk Valley NP,2023-11-01,2023,November,1.345186878838416,False,1595.0,871.9154434291559
Kobuk Valley NP,2023-12-01,2023,December,1.559709692770785,False,1712.0,873.6019979690245
Kobuk Valley NP,2024-01-01,2024,January,-0.015524154603247825,False,867.0,875.3447709935499
Kobuk Valley NP,2024-02-01,2024,February,-0.279214641020227,False,727.0,877.0875440180826
Kobuk Valley NP,2024-03-01,2024,March,-0.08319069322863325,False,834.0,878.7178800732872
Kobuk Valley NP,2024-04-01,2024,April,0.23354652052262165,False,1006.0,880.4606530978199
Kobuk Valley NP,2024-05-01,2024,May,0.256453779591773,False,1020.0,882.1472076376813
Kobuk Valley NP,2024-06-01,2024,June,1.6614929311584667,False,1777.0,883.8899806622139
Kobuk Valley NP,2024-07-01,2024,July,1.8016019373769596,False,1854.0,885.5765352020826
Kobuk Valley NP,2024-08-01,2024,August,2.1332219126709897,False,2034.0,887.3193082266152
Kobuk Valley NP,2024-09-01,2024,September,1.6555917290766302,False,1779.0,889.0620812511406
Kobuk Valley NP,2024-10-01,2024,October,2.082193894993546,False,2010.0,890.7486357910093
Kobuk Valley NP,2024-11-01,2024,November,1.3645791815219224,False,1626.0,892.491408815542
Kobuk Valley NP,2024-12-01,2024,December,1.4972468069690412,False,1699.0,894.1779633554033
Kobuk Valley NP,2025-01-01,2025,January,-0.025897375005291913,False,882.0,895.920736379936
Kobuk Valley NP,2025-02-01,2025,February,-0.3398171816291375,False,715.0,897.6635094044686
Kobuk Valley NP,2025-03-01,2025,March,-0.09531967303583046,False,848.0,899.2376269750093
Kobuk Valley NP,2025-04-01,2025,April,0.18979167243702708,False,1003.0,900.980399999542
Kobuk Valley NP,2025-05-01,2025,May,0.0824747680068952,False,947.0,902.6669545394034
Kobuk Valley NP,2025-06-01,2025,June,1.5526260013232305,False,1739.0,904.409727563936
Kobuk Valley NP,2025-07-01,2025,July,1.8434229681623227,False,1897.0,906.0962821038047
Kobuk Valley NP,2025-08-01,2025,August,2.070863612656926,False,2021.0,907.8390551283373
Lake Clark NP & PRES,2016-09-01,2016,September,1.9647780480958856,False,2989.0,800.0358379209074
Lake Clark NP & PRES,2016-10-01,2016,October,-0.4476474233224433,False,301.0,799.725119536789
Lake Clark NP & PRES,2016-11-01,2016,November,-0.5137804078871624,False,227.0,799.4040438732009
Lake Clark NP & PRES,2016-12-01,2016,December,-0.524272513840638,False,215.0,799.0933254890824
Lake Clark NP & PRES,2017-01-01,2017,January,-0.5634779943082174,False,171.0,798.7722498254943
Lake Clark NP & PRES,2017-02-01,2017,February,-0.5075396269659027,False,233.0,798.4511741619053
Lake Clark NP & PRES,2017-03-01,2017,March,-0.40405722528718,False,348.0,798.1611703367289
Lake Clark NP & PRES,2017-04-01,2017,April,-0.41454003471781053,False,336.0,797.8400946731408
Lake Clark NP & PRES,2017-05-01,2017,May,-0.12344409478332254,False,660.0,797.5293762890224
Lake Clark NP & PRES,2017-06-01,2017,June,2.867592219147209,False,3992.0,797.2083006254343
Lake Clark NP & PRES,2017-07-01,2017,July,4.971806768289097,True,6336.0,796.8975822413158
Lake Clark NP & PRES,2017-08-01,2017,August,5.3562606856165145,True,6764.0,796.5765065777277
Lake Clark NP & PRES,2017-09-01,2017,September,2.110887050649513,False,3148.0,796.2554309141387
Lake Clark NP & PRES,2017-10-01,2017,October,-0.47746478087012906,False,264.0,795.9447125300212
Lake Clark NP & PRES,2017-11-01,2017,November,-0.48256208948133084,False,258.0,795.6236368664322
Lake Clark NP & PRES,2017-12-01,2017,December,-0.4939517789047119,False,245.0,795.3129184823147
Lake Clark NP & PRES,2018-01-01,2018,January,-0.713571536823126,False,0.0,794.9918428187257
Lake Clark NP & PRES,2018-02-01,2018,February,-0.5804409910690119,False,148.0,794.6707671551376
Lake Clark NP & PRES,2018-03-01,2018,March,-0.5137595116563792,False,222.0,794.3807633299602
Lake Clark NP & PRES,2018-04-01,2018,April,-0.5197544037374864,False,215.0,794.0596876663722
Lake Clark NP & PRES,2018-05-01,2018,May,-0.3067482256847032,False,452.0,793.7489692822537
Lake Clark NP & PRES,2018-06-01,2018,June,1.490502073272639,False,2454.0,793.4278936186656
Lake Clark NP & PRES,2018-07-01,2018,July,2.8111262531877648,False,3925.0,793.1171752345472
Lake Clark NP & PRES,2018-08-01,2018,August,3.290724018325075,True,4459.0,792.7960995709591
Lake Clark NP & PRES,2018-09-01,2018,September,1.1861789736068884,False,2114.0,792.4750239073701
Lake Clark NP & PRES,2018-10-01,2018,October,-0.525233807815907,False,207.0,792.1643055232526
Lake Clark NP & PRES,2018-11-01,2018,November,-0.563541704813581,False,164.0,791.8432298596636
Lake Clark NP & PRES,2018-12-01,2018,December,-0.6036540652739111,False,119.0,791.532511475546
Lake Clark NP & PRES,2019-01-01,2019,January,-0.7101783059843387,False,0.0,791.211435811957
Lake Clark NP & PRES,2019-02-01,2019,February,-0.7098901137761133,False,0.0,790.8903601483689
Lake Clark NP & PRES,2019-03-01,2019,March,-0.7096298111364251,False,0.0,790.6003563231916
Lake Clark NP & PRES,2019-04-01,2019,April,-0.7093416189281997,False,0.0,790.2792806596035
Lake Clark NP & PRES,2019-05-01,2019,May,-0.37964958978781155,False,367.0,789.968562275485
Lake Clark NP & PRES,2019-06-01,2019,June,2.658061064577762,False,3751.0,789.647486611897
Lake Clark NP & PRES,2019-07-01,2019,July,3.881746229743185,True,5114.0,789.3367682277785
Lake Clark NP & PRES,2019-08-01,2019,August,4.300308318926979,True,5580.0,789.0156925641904
Lake Clark NP & PRES,2019-09-01,2019,September,1.3969139859936506,False,2345.0,788.6946169006014
Lake Clark NP & PRES,2019-10-01,2019,October,-0.7076403552473831,False,0.0,788.3838985164839
Lake Clark NP & PRES,2019-11-01,2019,November,-0.7073521630391569,False,0.0,788.0628228528949
Lake Clark NP & PRES,2019-12-01,2019,December,-0.7070732673537775,False,0.0,787.7521044687774
Lake Clark NP & PRES,2020-01-01,2020,January,-0.5748403050695673,False,147.0,787.4310288051884
Lake Clark NP & PRES,2020-02-01,2020,February,-0.5242874385466814,False,203.0,787.1099531416003
Lake Clark NP & PRES,2020-03-01,2020,March,-0.42887399157425377,False,309.0,786.8095920369524
Lake Clark NP & PRES,2020-04-01,2020,April,-0.7059390915665665,False,0.0,786.4885163733643
Lake Clark NP & PRES,2020-05-01,2020,May,-0.7002746950617583,False,6.0,786.1777979892458
Lake Clark NP & PRES,2020-06-01,2020,June,-0.4773858023171789,False,254.0,785.8567223256578
Lake Clark NP & PRES,2020-07-01,2020,July,0.6251255944111161,False,1482.0,785.5460039415393
Lake Clark NP & PRES,2020-08-01,2020,August,0.5679684445454436,False,1418.0,785.2249282779512
Lake Clark NP & PRES,2020-09-01,2020,September,0.10510356628286847,False,902.0,784.9038526143622
Lake Clark NP & PRES,2020-10-01,2020,October,-0.7042378278857498,False,0.0,784.5931342302447
Lake Clark NP & PRES,2020-11-01,2020,November,-0.5001981880091673,False,227.0,784.2720585666557
Lake Clark NP & PRES,2020-12-01,2020,December,-0.7036707399921444,False,0.0,783.9613401825382
Lake Clark NP & PRES,2021-01-01,2021,January,-0.7033825477839182,False,0.0,783.6402645189492
Lake Clark NP & PRES,2021-02-01,2021,February,-0.7030943555756929,False,0.0,783.3191888553611
Lake Clark NP & PRES,2021-03-01,2021,March,-0.7028340529360045,False,0.0,783.0291850301837
Lake Clark NP & PRES,2021-04-01,2021,April,-0.7025458607277792,False,0.0,782.7081093665956
Lake Clark NP & PRES,2021-05-01,2021,May,-0.494925183494424,False,231.0,782.3973909824772
Lake Clark NP & PRES,2021-06-01,2021,June,3.3021410864104865,True,4461.0,782.0763153188891
Lake Clark NP & PRES,2021-07-01,2021,July,3.887644404473701,True,5113.0,781.7655969347707
Lake Clark NP & PRES,2021-08-01,2021,August,4.428277845564528,True,5715.0,781.4445212711826
Lake Clark NP & PRES,2021-09-01,2021,September,1.5060342597632017,False,2459.0,781.1234456075936
Lake Clark NP & PRES,2021-10-01,2021,October,-0.43246713954547106,False,299.0,780.812727223476
Lake Clark NP & PRES,2021-11-01,2021,November,-0.7005564048387365,False,0.0,780.491651559887
Lake Clark NP & PRES,2021-12-01,2021,December,-0.7002775091533571,False,0.0,780.1809331757695
Lake Clark NP & PRES,2022-01-01,2022,January,-0.6999893169451309,False,0.0,779.8598575121805
Lake Clark NP & PRES,2022-02-01,2022,February,-0.6943156239174777,False,6.0,779.5387818485924
Lake Clark NP & PRES,2022-03-01,2022,March,-0.69226015433798,False,8.0,779.2487780234151
Lake Clark NP & PRES,2022-04-01,2022,April,-0.6758154596714709,False,26.0,778.927702359827
Lake Clark NP & PRES,2022-05-01,2022,May,0.008422040081255468,False,788.0,778.6169839757085
Lake Clark NP & PRES,2022-06-01,2022,June,3.3055343172492737,True,4461.0,778.2959083121204
Lake Clark NP & PRES,2022-07-01,2022,July,4.373039958651288,True,5650.0,777.985189928002
Lake Clark NP & PRES,2022-08-01,2022,August,3.7674593086738715,True,4975.0,777.6641142644139
Lake Clark NP & PRES,2022-09-01,2022,September,1.0848705093370878,False,1986.0,777.3430386008249
Lake Clark NP & PRES,2022-10-01,2022,October,-0.43984491034553963,False,287.0,777.0323202167074
Lake Clark NP & PRES,2022-11-01,2022,November,-0.6971631739999492,False,0.0,776.7112445531184
Lake Clark NP & PRES,2022-12-01,2022,December,-0.6968842783145698,False,0.0,776.4005261690008
Lake Clark NP & PRES,2023-01-01,2023,January,-0.6965960861063436,False,0.0,776.0794505054118
Lake Clark NP & PRES,2023-02-01,2023,February,-0.6963078938981183,False,0.0,775.7583748418238
Lake Clark NP & PRES,2023-03-01,2023,March,-0.69604759125843,False,0.0,775.4683710166464
Lake Clark NP & PRES,2023-04-01,2023,April,-0.6903738982307768,False,6.0,775.1472953530583
Lake Clark NP & PRES,2023-05-01,2023,May,-0.40376587564581196,False,325.0,774.8365769689399
Lake Clark NP & PRES,2023-06-01,2023,June,3.138386688806177,True,4271.0,774.5155013053518
Lake Clark NP & PRES,2023-07-01,2023,July,4.363867020911409,True,5636.0,774.2047829212333
Lake Clark NP & PRES,2023-08-01,2023,August,3.611980265339535,True,4798.0,773.8837072576453
Lake Clark NP & PRES,2023-09-01,2023,September,0.7696216083597228,False,1631.0,773.5626315940563
Lake Clark NP & PRES,2023-10-01,2023,October,-0.6393055437052042,False,61.0,773.2519132099387
Lake Clark NP & PRES,2023-11-01,2023,November,-0.6937699431611619,False,0.0,772.9308375463497
Lake Clark NP & PRES,2023-12-01,2023,December,-0.6934910474757825,False,0.0,772.6201191622322
Lake Clark NP & PRES,2024-01-01,2024,January,-0.6932028552675563,False,0.0,772.2990434986432
Lake Clark NP & PRES,2024-02-01,2024,February,-0.692914663059331,False,0.0,771.9779678350551
Lake Clark NP & PRES,2024-03-01,2024,March,-0.6926450638967976,False,0.0,771.6776067304081
Lake Clark NP & PRES,2024-04-01,2024,April,-0.6923568716885714,False,0.0,771.3565310668191
Lake Clark NP & PRES,2024-05-01,2024,May,-0.39767059787446557,False,328.0,771.0458126827016
Lake Clark NP & PRES,2024-06-01,2024,June,3.9083254994663843,True,5125.0,770.7247370191126
Lake Clark NP & PRES,2024-07-01,2024,July,5.177787421596944,True,6539.0,770.414018634995
Lake Clark NP & PRES,2024-08-01,2024,August,3.379318340116244,True,4535.0,770.092942971406
Lake Clark NP & PRES,2024-09-01,2024,September,1.0521725948617036,False,1942.0,769.771867307817
Lake Clark NP & PRES,2024-10-01,2024,October,-0.6583426030911873,False,36.0,769.4611489236995
Lake Clark NP & PRES,2024-11-01,2024,November,-0.6903674157995286,False,0.0,769.1400732601105
Lake Clark NP & PRES,2024-12-01,2024,December,-0.6900885201141493,False,0.0,768.829354875993
Lake Clark NP & PRES,2025-05-01,2025,May,-0.37542811416768057,False,349.0,767.2654056759329
Lake Clark NP & PRES,2025-06-01,2025,June,5.258093935162153,True,6625.0,766.9443300123439
Lake Clark NP & PRES,2025-07-01,2025,July,7.514897674187833,True,9139.0,766.6336116282264
Lake Clark NP & PRES,2025-08-01,2025,August,5.240709353657665,True,6605.0,766.3125359646374
Lassen Volcanic NP,2016-05-01,2016,May,-0.06686086676221702,False,29355.0,31406.6940482223
Lassen Volcanic NP,2016-06-01,2016,June,1.3946749202400939,False,74193.0,31395.974301276205
Lassen Volcanic NP,2016-07-01,2016,July,2.9189967595727255,False,120958.0,31385.60035261867
Lassen Volcanic NP,2016-08-01,2016,August,2.403019807587357,False,105114.0,31374.880605672544
Lassen Volcanic NP,2016-09-01,2016,September,1.8662190422765688,False,88631.0,31364.16085872642
Lassen Volcanic NP,2016-10-01,2016,October,1.0767838454514387,False,64396.0,31353.786910068884
Lassen Volcanic NP,2016-11-01,2016,November,-0.7485514721083338,False,8373.0,31343.06716312276
Lassen Volcanic NP,2016-12-01,2016,December,-0.8441202631042941,False,5430.0,31332.693214465224
Lassen Volcanic NP,2017-01-01,2017,January,-0.7199034548738986,False,9231.0,31321.9734675191
Lassen Volcanic NP,2017-02-01,2017,February,-0.7856428404993284,False,7203.0,31311.253720572975
Lassen Volcanic NP,2017-03-01,2017,March,-0.7918775243586977,False,7002.0,31301.571368492616
Lassen Volcanic NP,2017-04-01,2017,April,-0.6769483324002031,False,10518.0,31290.85162154649
Lassen Volcanic NP,2017-05-01,2017,May,-0.0035024960827710378,False,31173.0,31280.477672888956
Lassen Volcanic NP,2017-06-01,2017,June,0.8997660826601238,False,58880.0,31269.75792594283
Lassen Volcanic NP,2017-07-01,2017,July,2.9842452416338223,False,122834.0,31259.383977285295
Lassen Volcanic NP,2017-08-01,2017,August,2.615696977417154,False,111514.0,31248.66423033917
Lassen Volcanic NP,2017-09-01,2017,September,1.8690612606159458,False,88592.0,31237.944483393047
Lassen Volcanic NP,2017-10-01,2017,October,0.3048107498233941,False,40581.0,31227.57053473551
Lassen Volcanic NP,2017-11-01,2017,November,-0.6805004111020326,False,10335.0,31216.850787789415
Lassen Volcanic NP,2017-12-01,2017,December,-0.7108603594310678,False,9393.0,31206.47683913188
Lassen Volcanic NP,2018-01-01,2018,January,-0.6821593522285372,False,10263.0,31195.757092185755
Lassen Volcanic NP,2018-02-01,2018,February,-0.7818229783418575,False,7194.0,31185.03734523963
Lassen Volcanic NP,2018-03-01,2018,March,-0.7626389229307613,False,7773.0,31175.35499315927
Lassen Volcanic NP,2018-04-01,2018,April,-0.3242073915646878,False,21216.0,31164.635246213147
Lassen Volcanic NP,2018-05-01,2018,May,0.09742998533878622,False,34144.0,31154.26129755561
Lassen Volcanic NP,2018-06-01,2018,June,1.4363692375520065,False,75220.0,31143.541550609487
Lassen Volcanic NP,2018-07-01,2018,July,2.712467311470361,False,114368.0,31133.16760195195
Lassen Volcanic NP,2018-08-01,2018,August,1.965049479614677,False,91422.0,31122.447855005827
Lassen Volcanic NP,2018-09-01,2018,September,1.4469868874840395,False,75514.0,31111.728108059702
Lassen Volcanic NP,2018-10-01,2018,October,0.4606216375673411,False,45236.0,31101.354159402166
Lassen Volcanic NP,2018-11-01,2018,November,-0.704250104614835,False,9480.0,31090.634412456042
Lassen Volcanic NP,2018-12-01,2018,December,-0.7650147756866194,False,7605.0,31080.260463798506
Lassen Volcanic NP,2019-01-01,2019,January,-0.7307411987209481,False,8646.0,31069.54071685238
Lassen Volcanic NP,2019-02-01,2019,February,-0.7983381076007581,False,6561.0,31058.820969906257
Lassen Volcanic NP,2019-03-01,2019,March,-0.7529531978647205,False,7944.0,31049.138617825898
Lassen Volcanic NP,2019-04-01,2019,April,-0.6048818804728111,False,12477.0,31038.418870879774
Lassen Volcanic NP,2019-05-01,2019,May,-0.19090271347774665,False,25170.0,31028.044922222238
Lassen Volcanic NP,2019-06-01,2019,June,1.0684237438152848,False,63803.0,31017.325175276113
Lassen Volcanic NP,2019-07-01,2019,July,2.4287295385988736,False,105535.0,31006.951226618577
Lassen Volcanic NP,2019-08-01,2019,August,2.1870794419709134,False,98109.0,30996.231479672482
Lassen Volcanic NP,2019-09-01,2019,September,1.450708985259701,False,75502.0,30985.511732726358
Lassen Volcanic NP,2019-10-01,2019,October,1.8722811859086352,False,88428.0,30975.137784068822
Lassen Volcanic NP,2019-11-01,2019,November,-0.5893699047217915,False,12879.0,30964.418037122698
Lassen Volcanic NP,2019-12-01,2019,December,-0.6181656229418749,False,11985.0,30954.04408846516
Lassen Volcanic NP,2020-01-01,2020,January,-0.6574108610969349,False,10770.0,30943.324341519037
Lassen Volcanic NP,2020-02-01,2020,February,-0.6282210319853567,False,11655.0,30932.604594572913
Lassen Volcanic NP,2020-03-01,2020,March,-0.7817753703129786,False,6933.0,30922.576444203965
Lassen Volcanic NP,2020-04-01,2020,April,-1.007359520196913,False,0.0,30911.85669725784
Lassen Volcanic NP,2020-05-01,2020,May,-0.9057375530831462,False,3108.0,30901.482748600305
Lassen Volcanic NP,2020-06-01,2020,June,1.709711232416492,False,83355.0,30890.76300165418
Lassen Volcanic NP,2020-07-01,2020,July,3.4148320018421274,True,135668.0,30880.389052996645
Lassen Volcanic NP,2020-08-01,2020,August,2.908240430510469,False,120112.0,30869.66930605052
Lassen Volcanic NP,2020-09-01,2020,September,1.210096573684834,False,67992.0,30858.949559104396
Lassen Volcanic NP,2020-10-01,2020,October,1.352877345540393,False,72363.0,30848.57561044686
Lassen Volcanic NP,2020-11-01,2020,November,-0.45267697876659513,False,16947.0,30837.855863500765
Lassen Volcanic NP,2020-12-01,2020,December,-0.5688740543243563,False,13371.0,30827.48191484323
Lassen Volcanic NP,2021-01-01,2021,January,-0.6635516969653931,False,10455.0,30816.762167897105
Lassen Volcanic NP,2021-02-01,2021,February,-0.7231319265368253,False,8616.0,30806.04242095098
Lassen Volcanic NP,2021-03-01,2021,March,-0.7152885394156292,False,8847.0,30796.36006887062
Lassen Volcanic NP,2021-04-01,2021,April,-0.3882106389305567,False,18873.0,30785.640321924497
Lassen Volcanic NP,2021-05-01,2021,May,0.753787291272457,False,53906.0,30775.26637326696
Lassen Volcanic NP,2021-06-01,2021,June,2.437085284345946,False,105549.0,30764.546626320836
Lassen Volcanic NP,2021-07-01,2021,July,2.912036837462858,False,120113.0,30754.1726776633
Lassen Volcanic NP,2021-08-01,2021,August,-0.9836873818036036,False,558.0,30743.452930717176
Lassen Volcanic NP,2021-09-01,2021,September,-1.0015222203423868,False,0.0,30732.73318377105
Lassen Volcanic NP,2021-10-01,2021,October,-0.517054934062685,False,14856.0,30722.359235113516
Lassen Volcanic NP,2021-11-01,2021,November,-0.6265927627387632,False,11484.0,30711.63948816739
Lassen Volcanic NP,2021-12-01,2021,December,-0.7926496730193606,False,6378.0,30701.265539509855
Lassen Volcanic NP,2022-01-01,2022,January,-0.677720481060866,False,9894.0,30690.54579256373
Lassen Volcanic NP,2022-02-01,2022,February,-0.7330968422144906,False,8184.0,30679.826045617607
Lassen Volcanic NP,2022-03-01,2022,March,-0.7464683259459521,False,7764.0,30670.143693537248
Lassen Volcanic NP,2022-04-01,2022,April,-0.557922554484917,False,13539.0,30659.423946591123
Lassen Volcanic NP,2022-05-01,2022,May,-0.2872007949680147,False,21836.0,30649.049997933587
Lassen Volcanic NP,2022-06-01,2022,June,1.3009072783503075,False,70558.0,30638.330250987463
Lassen Volcanic NP,2022-07-01,2022,July,2.587400964867737,False,110025.0,30627.956302329927
Lassen Volcanic NP,2022-08-01,2022,August,2.091205006135154,False,94788.0,30617.236555383803
Lassen Volcanic NP,2022-09-01,2022,September,0.7364096582244218,False,53204.0,30606.516808437707
Lassen Volcanic NP,2022-10-01,2022,October,0.34533172914566457,False,41193.0,30596.14285978017
Lassen Volcanic NP,2022-11-01,2022,November,-0.7013754635561165,False,9063.0,30585.423112834047
Lassen Volcanic NP,2022-12-01,2022,December,-0.792935914897888,False,6243.0,30575.04916417651
Lassen Volcanic NP,2023-01-01,2023,January,-0.8176142601633349,False,5475.0,30564.329417230387
Lassen Volcanic NP,2023-02-01,2023,February,-0.8074884855046061,False,5775.0,30553.609670284262
Lassen Volcanic NP,2023-03-01,2023,March,-0.80717295578274,False,5775.0,30543.927318203903
Lassen Volcanic NP,2023-04-01,2023,April,-0.7936254277606791,False,6180.0,30533.20757125778
Lassen Volcanic NP,2023-05-01,2023,May,-0.23915884410538774,False,23184.0,30522.833622600243
Lassen Volcanic NP,2023-06-01,2023,June,0.7117209885787252,False,52352.0,30512.11387565412
Lassen Volcanic NP,2023-07-01,2023,July,2.3750637788444413,False,103383.0,30501.739926996583
Lassen Volcanic NP,2023-08-01,2023,August,1.732221247397634,False,83646.0,30491.02018005046
Lassen Volcanic NP,2023-09-01,2023,September,1.2838646594971581,False,69877.0,30480.300433104334
Lassen Volcanic NP,2023-10-01,2023,October,0.4661103800745478,False,44773.0,30469.926484446798
Lassen Volcanic NP,2023-11-01,2023,November,-0.6831842372726507,False,9495.0,30459.206737500674
Lassen Volcanic NP,2023-12-01,2023,December,-0.6969242406940738,False,9063.0,30448.832788843138
Lassen Volcanic NP,2024-01-01,2024,January,-0.7600239880106475,False,7116.0,30438.113041897013
Lassen Volcanic NP,2024-02-01,2024,February,-0.7704287335319109,False,6786.0,30427.393294950918
Lassen Volcanic NP,2024-03-01,2024,March,-0.7933698577620627,False,6072.0,30417.36514458194
Lassen Volcanic NP,2024-04-01,2024,April,-0.7634956779778191,False,6978.0,30406.645397635846
Lassen Volcanic NP,2024-05-01,2024,May,0.12483626955685637,False,34227.0,30396.27144897831
Lassen Volcanic NP,2024-06-01,2024,June,1.3855640163224903,False,72903.0,30385.551702032186
Lassen Volcanic NP,2024-07-01,2024,July,2.010127661735181,False,92058.0,30375.17775337465
Lassen Volcanic NP,2024-08-01,2024,August,-0.44722179609562857,False,16641.0,30364.458006428526
Lassen Volcanic NP,2024-09-01,2024,September,0.852904996539227,False,56526.0,30353.7382594824
Lassen Volcanic NP,2024-10-01,2024,October,0.4012783269931301,False,42657.0,30343.364310824865
Lassen Volcanic NP,2024-11-01,2024,November,-0.6041722965850492,False,11793.0,30332.64456387874
Lassen Volcanic NP,2024-12-01,2024,December,-0.8612478463302752,False,3894.0,30322.270615221205
Lassen Volcanic NP,2025-01-01,2025,January,-0.7425058434812107,False,7527.0,30311.55086827508
Lassen Volcanic NP,2025-02-01,2025,February,-0.7776449776002724,False,6438.0,30300.831121328956
Lassen Volcanic NP,2025-03-01,2025,March,-0.7742987520423125,False,6531.0,30291.148769248597
Lassen Volcanic NP,2025-04-01,2025,April,-0.6233922675779281,False,11151.0,30280.429022302473
Lassen Volcanic NP,2025-05-01,2025,May,0.19758002089001364,False,36333.0,30270.055073644937
Lassen Volcanic NP,2025-06-01,2025,June,1.7710560250641834,False,84606.0,30259.335326698812
Lassen Volcanic NP,2025-07-01,2025,July,2.6987544303408106,False,113063.0,30248.961378041276
Lassen Volcanic NP,2025-08-01,2025,August,2.529971386288186,False,107873.0,30238.241631095152
Mammoth Cave NP,2016-05-01,2016,May,-0.21635562779510165,False,50686.0,67623.0465675015
Mammoth Cave NP,2016-06-01,2016,June,0.1693514386053914,False,80641.0,67383.59952854458
Mammoth Cave NP,2016-07-01,2016,July,0.6676785477024456,False,119420.0,67151.87658761721
Mammoth Cave NP,2016-08-01,2016,August,0.06509135696002606,False,72008.0,66912.4295486603
Mammoth Cave NP,2016-09-01,2016,September,-0.25246720711171056,False,46909.0,66672.98250970244
Mammoth Cave NP,2016-10-01,2016,October,-0.18061640017157332,False,52302.0,66441.259568776
Mammoth Cave NP,2016-11-01,2016,November,-0.5264951571949021,False,24986.0,66201.81252981815
Mammoth Cave NP,2016-12-01,2016,December,-0.6419127438814416,False,15719.0,65970.08958889171
Mammoth Cave NP,2017-01-01,2017,January,-0.7139274428582393,False,9842.0,65730.6425499348
Mammoth Cave NP,2017-02-01,2017,February,-0.6957314054235931,False,11027.0,65491.19551097695
Mammoth Cave NP,2017-03-01,2017,March,-0.25528949581352295,False,45290.0,65274.920766112395
Mammoth Cave NP,2017-04-01,2017,April,-0.055790572243581936,False,60668.0,65035.473727154545
Mammoth Cave NP,2017-05-01,2017,May,-0.18274317662759001,False,50498.0,64803.750786228105
Mammoth Cave NP,2017-06-01,2017,June,0.22351742629033114,False,82062.0,64564.303747270256
Mammoth Cave NP,2017-07-01,2017,July,0.6513570186048359,False,115323.0,64332.580806343816
Mammoth Cave NP,2017-08-01,2017,August,0.26205907536477785,False,84608.0,64093.1337673869
Mammoth Cave NP,2017-09-01,2017,September,-0.28727286755842,False,41365.0,63853.68672842905
Mammoth Cave NP,2017-10-01,2017,October,-0.187561735481872,False,48939.0,63621.96378750261
Mammoth Cave NP,2017-11-01,2017,November,-0.5186736259954847,False,22779.0,63382.51674854476
Mammoth Cave NP,2017-12-01,2017,December,-0.6093094470861339,False,15452.0,63150.79380761832
Mammoth Cave NP,2018-01-01,2018,January,-0.7050328867567198,False,7719.0,62911.34676866047
Mammoth Cave NP,2018-02-01,2018,February,-0.6581717555091072,False,11148.0,62671.89972970355
Mammoth Cave NP,2018-03-01,2018,March,-0.16953314404681158,False,49184.0,62455.62498483807
Mammoth Cave NP,2018-04-01,2018,April,-0.12983828625244356,False,52052.0,62216.17794588115
Mammoth Cave NP,2018-05-01,2018,May,-0.07249886370247723,False,56309.0,61984.45500495471
Mammoth Cave NP,2018-06-01,2018,June,0.16919293191036375,False,74990.0,61745.00796599686
Mammoth Cave NP,2018-07-01,2018,July,0.5094788018567072,False,101397.0,61513.28502507042
Mammoth Cave NP,2018-08-01,2018,August,0.00784537065260971,False,61888.0,61273.83798611257
Mammoth Cave NP,2018-09-01,2018,September,-0.2062940314272169,False,44885.0,61034.390947155654
Mammoth Cave NP,2018-10-01,2018,October,-0.2041515208049924,False,44821.0,60802.66800622828
Mammoth Cave NP,2018-11-01,2018,November,-0.5035964026009818,False,21140.0,60563.220967271365
Mammoth Cave NP,2018-12-01,2018,December,-0.6726652343920263,False,7673.0,60331.498026344925
Mammoth Cave NP,2019-01-01,2019,January,-0.720983966780989,False,3651.0,60092.050987387076
Mammoth Cave NP,2019-02-01,2019,February,-0.6324026054116233,False,10346.0,59852.60394842923
Mammoth Cave NP,2019-03-01,2019,March,-0.1770149918081553,False,45779.0,59636.329203564674
Mammoth Cave NP,2019-04-01,2019,April,-0.053483676485009714,False,55210.0,59396.882164607756
Mammoth Cave NP,2019-05-01,2019,May,-0.07286553443447352,False,53461.0,59165.159223680384
Mammoth Cave NP,2019-06-01,2019,June,0.23081899748601323,False,76995.0,58925.71218472347
Mammoth Cave NP,2019-07-01,2019,July,0.5587650810583207,False,102436.0,58693.98924379703
Mammoth Cave NP,2019-08-01,2019,August,0.17814075577683625,False,72400.0,58454.54220483918
Mammoth Cave NP,2019-09-01,2019,September,-0.18765283246504572,False,43525.0,58215.09516588133
Mammoth Cave NP,2019-10-01,2019,October,-0.11842071725024746,False,48713.0,57983.37222495489
Mammoth Cave NP,2019-11-01,2019,November,-0.4534414841929145,False,22247.0,57743.92518599797
Mammoth Cave NP,2019-12-01,2019,December,-0.5197170851849111,False,16827.0,57512.2022450706
Mammoth Cave NP,2020-01-01,2020,January,-0.5506630334448079,False,14165.0,57272.75520611368
Mammoth Cave NP,2020-02-01,2020,February,-0.6009106558363373,False,9992.0,57033.30816715583
Mammoth Cave NP,2020-03-01,2020,March,-0.39534975723118954,False,25860.0,56809.30932425987
Mammoth Cave NP,2020-04-01,2020,April,-0.6148031873975576,False,8441.0,56569.86228530295
Mammoth Cave NP,2020-05-01,2020,May,-0.5637230767764501,False,12208.0,56338.13934437651
Mammoth Cave NP,2020-06-01,2020,June,-0.30211644994505604,False,32448.0,56098.69230541866
Mammoth Cave NP,2020-07-01,2020,July,-0.19328460620074223,False,40736.0,55866.96936449222
Mammoth Cave NP,2020-08-01,2020,August,-0.22479261512362672,False,38030.0,55627.52232553437
Mammoth Cave NP,2020-09-01,2020,September,-0.3221766885712688,False,30167.0,55388.075286577456
Mammoth Cave NP,2020-10-01,2020,October,-0.23790945062122,False,36532.0,55156.352345650084
Mammoth Cave NP,2020-11-01,2020,November,-0.3614037966863878,False,26625.0,54916.90530669317
Mammoth Cave NP,2020-12-01,2020,December,-0.5045411933435882,False,15188.0,54685.18236576673
Mammoth Cave NP,2021-01-01,2021,January,-0.5767347298040555,False,9297.0,54445.73532680888
Mammoth Cave NP,2021-02-01,2021,February,-0.5457645863921463,False,11482.0,54206.28828785103
Mammoth Cave NP,2021-03-01,2021,March,-0.22133710726757946,False,36663.0,53990.013542986475
Mammoth Cave NP,2021-04-01,2021,April,-0.07757160807643723,False,47678.0,53750.566504028626
Mammoth Cave NP,2021-05-01,2021,May,-0.1455078428454899,False,42128.0,53518.843563102186
Mammoth Cave NP,2021-06-01,2021,June,0.1274166418817474,False,63254.0,53279.39652414527
Mammoth Cave NP,2021-07-01,2021,July,0.5612600640055657,False,96985.0,53047.67358321883
Mammoth Cave NP,2021-08-01,2021,August,-0.07124408293559208,False,47231.0,52808.22654426098
Mammoth Cave NP,2021-09-01,2021,September,-0.03800014865973002,False,49594.0,52568.77950530313
Mammoth Cave NP,2021-10-01,2021,October,0.06447019030790678,False,57384.0,52337.05656437669
Mammoth Cave NP,2021-11-01,2021,November,-0.2325476113523908,False,33893.0,52097.60952541884
Mammoth Cave NP,2021-12-01,2021,December,-0.40469500268395564,False,20185.0,51865.8865844924
Mammoth Cave NP,2022-01-01,2022,January,-0.4606654245533108,False,15564.0,51626.43954553548
Mammoth Cave NP,2022-02-01,2022,February,-0.3832230835961185,False,21387.0,51386.99250657763
Mammoth Cave NP,2022-03-01,2022,March,0.09878576686396573,False,58904.0,51170.71776171308
Mammoth Cave NP,2022-04-01,2022,April,0.2613036536297301,False,71387.0,50931.27072275523
Mammoth Cave NP,2022-05-01,2022,May,0.17552199281044095,False,64440.0,50699.54778182879
Mammoth Cave NP,2022-06-01,2022,June,0.4741479787639435,False,87578.0,50460.10074287094
Mammoth Cave NP,2022-07-01,2022,July,0.6245212151463168,False,99118.0,50228.3778019445
Mammoth Cave NP,2022-08-01,2022,August,0.21216601061729898,False,66598.0,49988.930762987584
Mammoth Cave NP,2022-09-01,2022,September,0.22945508652755944,False,67712.0,49749.483724029735
Mammoth Cave NP,2022-10-01,2022,October,0.1606629866580302,False,62095.0,49517.760783103295
Mammoth Cave NP,2022-11-01,2022,November,-0.2546941327756325,False,29340.0,49278.313744145446
Mammoth Cave NP,2022-12-01,2022,December,-0.383511756632321,False,19024.0,49046.590803219005
Mammoth Cave NP,2023-01-01,2023,January,-0.408875420580142,False,16799.0,48807.143764261156
Mammoth Cave NP,2023-02-01,2023,February,-0.3512073956757648,False,21074.0,48567.69672530424
Mammoth Cave NP,2023-03-01,2023,March,0.081889402997391,False,54762.0,48351.421980438754
Mammoth Cave NP,2023-04-01,2023,April,0.18297661411848537,False,62436.0,48111.974941481836
Mammoth Cave NP,2023-05-01,2023,May,0.21125494557017818,False,64418.0,47880.252000555396
Mammoth Cave NP,2023-06-01,2023,June,0.3880798310304772,False,78021.0,47640.80496159755
Mammoth Cave NP,2023-07-01,2023,July,0.611840306252227,False,95306.0,47409.08202067111
Mammoth Cave NP,2023-08-01,2023,August,0.1827127005750747,False,61473.0,47169.63498171326
Mammoth Cave NP,2023-09-01,2023,September,0.18098113268517854,False,61098.0,46930.18794275634
Mammoth Cave NP,2023-10-01,2023,October,0.3246224152175342,False,72111.0,46698.4650018299
Mammoth Cave NP,2023-11-01,2023,November,-0.10053244350068925,False,38589.0,46459.01796287205
Mammoth Cave NP,2023-12-01,2023,December,-0.2282003978194241,False,28363.0,46227.29502194561
Mammoth Cave NP,2024-01-01,2024,January,-0.355092656074532,False,18190.0,45987.84798298776
Mammoth Cave NP,2024-02-01,2024,February,-0.2329026218789871,False,27516.0,45748.40094402991
Mammoth Cave NP,2024-03-01,2024,March,0.5120321275101051,False,85608.0,45524.40210113488
Mammoth Cave NP,2024-04-01,2024,April,0.2837390160074828,False,67497.0,45284.95506217703
Mammoth Cave NP,2024-05-01,2024,May,0.28981595127069243,False,67741.0,45053.23212125059
Mammoth Cave NP,2024-06-01,2024,June,0.6290124978079825,False,94055.0,44813.78508229274
Mammoth Cave NP,2024-07-01,2024,July,0.7405652261254534,False,102556.0,44582.0621413663
Mammoth Cave NP,2024-08-01,2024,August,0.544207379565977,False,86945.0,44342.615102409385
Mammoth Cave NP,2024-09-01,2024,September,0.07321902860133353,False,49835.0,44103.168063451536
Mammoth Cave NP,2024-10-01,2024,October,0.40699010449927286,False,75732.0,43871.445122525096
Mammoth Cave NP,2024-11-01,2024,November,-0.03671275609793661,False,40758.0,43631.99808356725
Mammoth Cave NP,2024-12-01,2024,December,-0.16339710425642215,False,30609.0,43400.27514264081
Mammoth Cave NP,2025-01-01,2025,January,-0.3437617701323533,False,16250.0,43160.82810368296
Mammoth Cave NP,2025-02-01,2025,February,-0.2793106949540495,False,21056.0,42921.38106472604
Mammoth Cave NP,2025-03-01,2025,March,0.4025873658382593,False,74221.0,42705.106319860555
Mammoth Cave NP,2025-04-01,2025,April,0.2845347889194056,False,64740.0,42465.65928090364
Mammoth Cave NP,2025-05-01,2025,May,0.33463129338026376,False,68430.0,42233.9363399772
Mammoth Cave NP,2025-06-01,2025,June,0.7000019830649659,False,96793.0,41994.48930101935
Mammoth Cave NP,2025-07-01,2025,July,0.7794150607436429,False,102778.0,41762.76636009291
Mammoth Cave NP,2025-08-01,2025,August,0.5802213626572259,False,86945.0,41523.31932113506
Mesa Verde NP,2016-05-01,2016,May,0.352772141182625,False,58043.0,41691.12358976796
Mesa Verde NP,2016-06-01,2016,June,1.3565535929803731,False,104543.0,41663.327523856424
Mesa Verde NP,2016-07-01,2016,July,1.6779147750806003,False,119412.0,41636.42810523242
Mesa Verde NP,2016-08-01,2016,August,1.1210042550711068,False,93570.0,41608.63203932089
Mesa Verde NP,2016-09-01,2016,September,0.6681873288794474,False,72553.0,41580.83597340947
Mesa Verde NP,2016-10-01,2016,October,0.19125312195555055,False,50419.0,41553.93655478535
Mesa Verde NP,2016-11-01,2016,November,-0.5828408610516993,False,14510.0,41526.140488873934
Mesa Verde NP,2016-12-01,2016,December,-0.7354776789041513,False,7408.0,41499.24107024982
Mesa Verde NP,2017-01-01,2017,January,-0.7738618719889417,False,5601.0,41471.4450043384
Mesa Verde NP,2017-02-01,2017,February,-0.7703281681228371,False,5737.0,41443.648938426864
Mesa Verde NP,2017-03-01,2017,March,-0.44016041545509804,False,21016.0,41418.542814377695
Mesa Verde NP,2017-04-01,2017,April,-0.14719258627084114,False,34568.0,41390.74674846628
Mesa Verde NP,2017-05-01,2017,May,0.49350401048050124,False,64239.0,41363.84732984216
Mesa Verde NP,2017-06-01,2017,June,1.5057208187928115,False,111130.0,41336.05126393074
Mesa Verde NP,2017-07-01,2017,July,1.6958917119798256,False,119918.0,41309.151845306624
Mesa Verde NP,2017-08-01,2017,August,1.1906288735454387,False,96470.0,41281.355779395206
Mesa Verde NP,2017-09-01,2017,September,0.7719632756467631,False,77036.0,41253.55971348367
Mesa Verde NP,2017-10-01,2017,October,0.21842049843330155,False,51351.0,41226.66029485967
Mesa Verde NP,2017-11-01,2017,November,-0.5690060941033599,False,14824.0,41198.864228948136
Mesa Verde NP,2017-12-01,2017,December,-0.6315507155240453,False,11898.0,41171.964810324134
Mesa Verde NP,2018-01-01,2018,January,-0.7083794234654933,False,8309.0,41144.1687444126
Mesa Verde NP,2018-02-01,2018,February,-0.7273903425091586,False,7400.0,41116.372678501066
Mesa Verde NP,2018-03-01,2018,March,-0.43240946062212493,False,21048.0,41091.26655445201
Mesa Verde NP,2018-04-01,2018,April,-0.14123225698955055,False,34517.0,41063.47048854048
Mesa Verde NP,2018-05-01,2018,May,0.5088489435567652,False,64623.0,41036.57106991648
Mesa Verde NP,2018-06-01,2018,June,1.2625253107679475,False,99530.0,41008.77500400494
Mesa Verde NP,2018-07-01,2018,July,1.40270970512057,False,106001.0,40981.87558538094
Mesa Verde NP,2018-08-01,2018,August,0.9306489476987556,False,84092.0,40954.07951946941
Mesa Verde NP,2018-09-01,2018,September,0.6472726610605265,False,70929.0,40926.28345355787
Mesa Verde NP,2018-10-01,2018,October,0.09230601292644786,False,45178.0,40899.38403493387
Mesa Verde NP,2018-11-01,2018,November,-0.5930549231641647,False,13382.0,40871.58796902234
Mesa Verde NP,2018-12-01,2018,December,-0.699717969322151,False,8411.0,40844.688550398336
Mesa Verde NP,2019-01-01,2019,January,-0.8785260385023377,False,95.0,40816.8924844868
Mesa Verde NP,2019-02-01,2019,February,-0.8063229234192046,False,3414.0,40789.096418575384
Mesa Verde NP,2019-03-01,2019,March,-0.5559998113151575,False,14992.0,40763.990294526215
Mesa Verde NP,2019-04-01,2019,April,-0.17923933583277046,False,32428.0,40736.1942286148
Mesa Verde NP,2019-05-01,2019,May,0.43052042909789257,False,60665.0,40709.29480999068
Mesa Verde NP,2019-06-01,2019,June,1.457299553643786,False,108231.0,40681.49874407926
Mesa Verde NP,2019-07-01,2019,July,1.5643465883893237,False,113166.0,40654.59932545514
Mesa Verde NP,2019-08-01,2019,August,1.0033154722307693,False,87133.0,40626.803259543725
Mesa Verde NP,2019-09-01,2019,September,0.6529525309180567,False,70865.0,40599.00719363219
Mesa Verde NP,2019-10-01,2019,October,0.1444989995241347,False,47270.0,40572.10777500819
Mesa Verde NP,2019-11-01,2019,November,-0.6546205936030485,False,10201.0,40544.311709096655
Mesa Verde NP,2019-12-01,2019,December,-0.7070686757684495,False,7743.0,40517.412290472654
Mesa Verde NP,2020-01-01,2020,January,-0.7252597903426684,False,6872.0,40489.61622456112
Mesa Verde NP,2020-02-01,2020,February,-0.712794532519966,False,7422.0,40461.820158649585
Mesa Verde NP,2020-03-01,2020,March,-0.6524525490200958,False,10193.0,40435.817387313
Mesa Verde NP,2020-04-01,2020,April,-0.8717546442305605,False,0.0,40408.02132140158
Mesa Verde NP,2020-05-01,2020,May,-0.8058272757682968,False,3029.0,40381.121902777464
Mesa Verde NP,2020-06-01,2020,June,0.1673409512361824,False,48110.0,40353.325836866046
Mesa Verde NP,2020-07-01,2020,July,0.20489877029524292,False,49824.0,40326.42641824193
Mesa Verde NP,2020-08-01,2020,August,0.35865085628644283,False,56923.0,40298.63035233051
Mesa Verde NP,2020-09-01,2020,September,0.0924688897047559,False,44557.0,40270.834286418976
Mesa Verde NP,2020-10-01,2020,October,-0.05285440932816569,False,37794.0,40243.934867794975
Mesa Verde NP,2020-11-01,2020,November,-0.5698318221548995,False,13803.0,40216.13880188344
Mesa Verde NP,2020-12-01,2020,December,-0.673949159697237,False,8950.0,40189.23938325944
Mesa Verde NP,2021-01-01,2021,January,-0.7145986019739158,False,7038.0,40161.443317347905
Mesa Verde NP,2021-02-01,2021,February,-0.7292516130484197,False,6331.0,40133.64725143637
Mesa Verde NP,2021-03-01,2021,March,-0.5301878540865885,False,15533.0,40108.54112738732
Mesa Verde NP,2021-04-01,2021,April,-0.2624397992387127,False,27916.0,40080.74506147578
Mesa Verde NP,2021-05-01,2021,May,0.43260120431617755,False,60106.0,40053.84564285178
Mesa Verde NP,2021-06-01,2021,June,1.5336589285542626,False,111115.0,40026.04957694025
Mesa Verde NP,2021-07-01,2021,July,1.4848999665013694,False,108828.0,39999.150158316246
Mesa Verde NP,2021-08-01,2021,August,0.8364518053376622,False,78743.0,39971.35409240471
Mesa Verde NP,2021-09-01,2021,September,0.5304877481860082,False,64533.0,39943.55802649318
Mesa Verde NP,2021-10-01,2021,October,0.06677828178238532,False,43012.0,39916.658607869176
Mesa Verde NP,2021-11-01,2021,November,-0.49703585481191814,False,16850.0,39888.86254195764
Mesa Verde NP,2021-12-01,2021,December,-0.6772008437963022,False,8472.0,39861.96312333364
Mesa Verde NP,2022-01-01,2022,January,-0.6899769341118109,False,7852.0,39834.167057422106
Mesa Verde NP,2022-02-01,2022,February,-0.7123533662405709,False,6787.0,39806.37099151057
Mesa Verde NP,2022-03-01,2022,March,-0.4501430893295567,False,18916.0,39781.26486746152
Mesa Verde NP,2022-04-01,2022,April,-0.19078724339259046,False,30910.0,39753.468801549985
Mesa Verde NP,2022-05-01,2022,May,0.34471549564770865,False,55705.0,39726.56938292598
Mesa Verde NP,2022-06-01,2022,June,1.0627087946361546,False,88958.0,39698.77331701445
Mesa Verde NP,2022-07-01,2022,July,0.9875866467500187,False,85449.0,39671.87389839045
Mesa Verde NP,2022-08-01,2022,August,0.6371158364281685,False,69176.0,39644.07783247891
Mesa Verde NP,2022-09-01,2022,September,0.5060721644941327,False,63074.0,39616.281766567496
Mesa Verde NP,2022-10-01,2022,October,0.2082436603423976,False,49242.0,39589.38234794338
Mesa Verde NP,2022-11-01,2022,November,-0.5303182710549088,False,14980.0,39561.58628203196
Mesa Verde NP,2022-12-01,2022,December,-0.6643368979302017,False,8741.0,39534.68686340784
Mesa Verde NP,2023-01-01,2023,January,-0.7706354191680594,False,3786.0,39506.890797496424
Mesa Verde NP,2023-02-01,2023,February,-0.743133221471568,False,5033.0,39479.09473158489
Mesa Verde NP,2023-03-01,2023,March,-0.5675417588980904,False,13147.0,39453.98860753584
Mesa Verde NP,2023-04-01,2023,April,-0.31045116215301494,False,25036.0,39426.1925416243
Mesa Verde NP,2023-05-01,2023,May,0.3291667445069484,False,54657.0,39399.2931230003
Mesa Verde NP,2023-06-01,2023,June,1.2331477890505385,False,96531.0,39371.49705708877
Mesa Verde NP,2023-07-01,2023,July,1.165339159983938,False,93361.0,39344.59763846465
Mesa Verde NP,2023-08-01,2023,August,0.7057049124147788,False,72028.0,39316.80157255323
Mesa Verde NP,2023-09-01,2023,September,0.5524833722020438,False,64898.0,39289.0055066417
Mesa Verde NP,2023-10-01,2023,October,0.34707703507944865,False,55350.0,39262.106088017696
Mesa Verde NP,2023-11-01,2023,November,-0.5620257997644872,False,13183.0,39234.31002210616
Mesa Verde NP,2023-12-01,2023,December,-0.6692929123736442,False,8184.0,39207.41060348216
Mesa Verde NP,2024-01-01,2024,January,-0.7289273002585501,False,5392.0,39179.614537570626
Mesa Verde NP,2024-02-01,2024,February,-0.6980811632787913,False,6794.0,39151.81847165909
Mesa Verde NP,2024-03-01,2024,March,-0.5041326250610221,False,15758.0,39125.815700322506
Mesa Verde NP,2024-04-01,2024,April,-0.20898584189218455,False,29411.0,39098.01963441109
Mesa Verde NP,2024-05-01,2024,May,0.38826111797851054,False,57068.0,39071.12021578697
Mesa Verde NP,2024-06-01,2024,June,1.0737642714146924,False,88815.0,39043.32414987555
Mesa Verde NP,2024-07-01,2024,July,0.9012364082772569,False,80791.0,39016.424731251434
Mesa Verde NP,2024-08-01,2024,August,0.5803432802609492,False,65889.0,38988.62866534002
Mesa Verde NP,2024-09-01,2024,September,0.4900525199791218,False,61676.0,38960.83259942848
Mesa Verde NP,2024-10-01,2024,October,0.20972036910951172,False,48655.0,38933.93318080448
Mesa Verde NP,2024-11-01,2024,November,-0.6008764865899179,False,11054.0,38906.13711489295
Mesa Verde NP,2024-12-01,2024,December,-0.6497433176519488,False,8762.0,38879.237696268945
Mesa Verde NP,2025-01-01,2025,January,-0.6950958487270292,False,6632.0,38851.44163035741
Mesa Verde NP,2025-02-01,2025,February,-0.6909796522115812,False,6795.0,38823.64556444588
Mesa Verde NP,2025-03-01,2025,March,-0.4581744671914917,False,17561.0,38798.539440396824
Mesa Verde NP,2025-04-01,2025,April,-0.27052993852923823,False,26231.0,38770.74337448529
Mesa Verde NP,2025-05-01,2025,May,0.3232652130490494,False,53728.0,38743.84395586129
Mesa Verde NP,2025-06-01,2025,June,0.9918976534561047,False,84693.0,38716.047889949754
Mesa Verde NP,2025-07-01,2025,July,0.8607914898275261,False,78589.0,38689.14847132575
Mesa Verde NP,2025-08-01,2025,August,0.5163613440173845,False,62596.0,38661.35240541422
Mount Rainier NP,2016-05-01,2016,May,-0.03657735144069895,False,93828.0,97373.6887095198
Mount Rainier NP,2016-06-01,2016,June,0.9252924868300292,False,187037.0,97342.17535213777
Mount Rainier NP,2016-07-01,2016,July,2.0591815798983424,False,296922.0,97311.67855467123
Mount Rainier NP,2016-08-01,2016,August,2.232578330328787,False,313699.0,97280.16519728908
Mount Rainier NP,2016-09-01,2016,September,1.0143766124424158,False,195579.0,97248.65183990705
Mount Rainier NP,2016-10-01,2016,October,-0.21649333352794659,False,76232.0,97218.15504244051
Mount Rainier NP,2016-11-01,2016,November,-0.7228698995518079,False,27114.0,97186.64168505836
Mount Rainier NP,2016-12-01,2016,December,-0.7354193557543036,False,25867.0,97156.14488759183
Mount Rainier NP,2017-01-01,2017,January,-0.7213017616491412,False,27204.0,97124.63153020968
Mount Rainier NP,2017-02-01,2017,February,-0.7792311641615817,False,21557.0,97093.11817282764
Mount Rainier NP,2017-03-01,2017,March,-0.7664448475249496,False,22768.0,97064.65449519223
Mount Rainier NP,2017-04-01,2017,April,-0.6432457897550502,False,34679.0,97033.14113781007
Mount Rainier NP,2017-05-01,2017,May,0.00831837106011655,False,97809.0,97002.64434034354
Mount Rainier NP,2017-06-01,2017,June,0.9529604767490297,False,189348.0,96971.1309829615
Mount Rainier NP,2017-07-01,2017,July,2.4003014587385674,False,329618.0,96940.63418549497
Mount Rainier NP,2017-08-01,2017,August,2.3336962938900165,False,323130.0,96909.12082811282
Mount Rainier NP,2017-09-01,2017,September,1.0188439014174033,False,195641.0,96877.60747073079
Mount Rainier NP,2017-10-01,2017,October,-0.07558652890799752,False,89520.0,96847.11067326413
Mount Rainier NP,2017-11-01,2017,November,-0.398730169112581,False,58164.0,96815.5973158821
Mount Rainier NP,2017-12-01,2017,December,-0.7257940630123055,False,26429.0,96785.10051841557
Mount Rainier NP,2018-01-01,2018,January,-0.7512693058227152,False,23928.0,96753.58716103341
Mount Rainier NP,2018-02-01,2018,February,-0.8040303885606114,False,18782.0,96722.07380365138
Mount Rainier NP,2018-03-01,2018,March,-0.691890603363824,False,29624.0,96693.61012601596
Mount Rainier NP,2018-04-01,2018,April,-0.6938762970192681,False,29400.0,96662.09676863381
Mount Rainier NP,2018-05-01,2018,May,0.1082190457323314,False,107122.0,96631.59997116728
Mount Rainier NP,2018-06-01,2018,June,1.2713645069993422,False,219842.0,96600.08661378513
Mount Rainier NP,2018-07-01,2018,July,2.605518254325603,False,349140.0,96569.58981631859
Mount Rainier NP,2018-08-01,2018,August,2.3662437553726092,False,325914.0,96538.07645893656
Mount Rainier NP,2018-09-01,2018,September,0.9823256924597272,False,191730.0,96506.5631015544
Mount Rainier NP,2018-10-01,2018,October,0.1235747702565663,False,108455.0,96476.06630408787
Mount Rainier NP,2018-11-01,2018,November,-0.10454812455215085,False,86310.0,96444.55294670584
Mount Rainier NP,2018-12-01,2018,December,-0.7032428128301793,False,28244.0,96414.0561492393
Mount Rainier NP,2019-01-01,2019,January,-0.8608661121513965,False,12933.0,96382.54279185715
Mount Rainier NP,2019-02-01,2019,February,-0.872817069084706,False,11743.0,96351.02943447512
Mount Rainier NP,2019-03-01,2019,March,-0.6625101561941747,False,32101.0,96322.56575683958
Mount Rainier NP,2019-04-01,2019,April,-0.6876552867634969,False,29632.0,96291.05239945755
Mount Rainier NP,2019-05-01,2019,May,0.10187515881166517,False,106136.0,96260.55560199101
Mount Rainier NP,2019-06-01,2019,June,1.2731186859928822,False,219641.0,96229.04224460886
Mount Rainier NP,2019-07-01,2019,July,2.7750210318298567,False,365200.0,96198.54544714233
Mount Rainier NP,2019-08-01,2019,August,2.9105374025953754,False,378305.0,96167.0320897603
Mount Rainier NP,2019-09-01,2019,September,0.9081231079802716,False,184166.0,96135.51873237814
Mount Rainier NP,2019-10-01,2019,October,-0.2243733901456675,False,74355.0,96105.02193491161
Mount Rainier NP,2019-11-01,2019,November,-0.4933683068041742,False,48248.0,96073.50857752946
Mount Rainier NP,2019-12-01,2019,December,-0.5867952620733937,False,39161.0,96043.01178006292
Mount Rainier NP,2020-01-01,2020,January,-0.8649714254371802,False,12164.0,96011.49842268089
Mount Rainier NP,2020-02-01,2020,February,-0.92015676994557,False,6783.0,95979.98506529874
Mount Rainier NP,2020-03-01,2020,March,-0.6897541035465542,False,29088.0,95950.50482774782
Mount Rainier NP,2020-04-01,2020,April,-0.988490069925643,False,98.0,95918.99147036567
Mount Rainier NP,2020-05-01,2020,May,-0.9386379965548465,False,4900.0,95888.49467289913
Mount Rainier NP,2020-06-01,2020,June,0.09989009370119073,False,105540.0,95856.9813155171
Mount Rainier NP,2020-07-01,2020,July,1.90102887007751,False,280106.0,95826.48451805045
Mount Rainier NP,2020-08-01,2020,August,2.575917694759311,False,345496.0,95794.97116066841
Mount Rainier NP,2020-09-01,2020,September,1.0334425960485283,False,195942.0,95763.45780328626
Mount Rainier NP,2020-10-01,2020,October,0.06378427684710873,False,101916.0,95732.96100581973
Mount Rainier NP,2020-11-01,2020,November,-0.6104853117929436,False,36523.0,95701.4476484377
Mount Rainier NP,2020-12-01,2020,December,-0.5516273638449468,False,42198.0,95670.95085097116
Mount Rainier NP,2021-01-01,2021,January,-0.5516839640915291,False,42161.0,95639.43749358901
Mount Rainier NP,2021-02-01,2021,February,-0.861695326705304,False,12078.0,95607.92413620697
Mount Rainier NP,2021-03-01,2021,March,-0.7070020104306804,False,27045.0,95579.46045857156
Mount Rainier NP,2021-04-01,2021,April,-0.5677615609453787,False,40511.0,95547.9471011894
Mount Rainier NP,2021-05-01,2021,May,-0.10941622124242312,False,84911.0,95517.45030372287
Mount Rainier NP,2021-06-01,2021,June,1.4471611353570761,False,235769.0,95485.93694634072
Mount Rainier NP,2021-07-01,2021,July,3.651769282396485,True,449446.0,95455.44014887419
Mount Rainier NP,2021-08-01,2021,August,2.7597184587057177,False,362942.0,95423.92679149215
Mount Rainier NP,2021-09-01,2021,September,1.6773888760499365,False,257993.0,95392.41343411
Mount Rainier NP,2021-10-01,2021,October,0.2646786652773881,False,121019.0,95361.91663664347
Mount Rainier NP,2021-11-01,2021,November,-0.769526742232187,False,20735.0,95330.40327926143
Mount Rainier NP,2021-12-01,2021,December,-0.823701288834457,False,15453.0,95299.9064817949
Mount Rainier NP,2022-01-01,2022,January,-0.7390944152493298,False,23623.0,95268.39312441275
Mount Rainier NP,2022-02-01,2022,February,-0.7680461525987058,False,20785.0,95236.87976703071
Mount Rainier NP,2022-03-01,2022,March,-0.7813593350231453,False,19466.0,95208.41608939518
Mount Rainier NP,2022-04-01,2022,April,-0.7726163808432088,False,20282.0,95176.90273201314
Mount Rainier NP,2022-05-01,2022,May,-0.33898819519176726,False,62286.0,95146.40593454661
Mount Rainier NP,2022-06-01,2022,June,0.9092333802083137,False,183253.0,95114.89257716446
Mount Rainier NP,2022-07-01,2022,July,3.070111971311008,True,392691.0,95084.39577969792
Mount Rainier NP,2022-08-01,2022,August,3.3061887835181625,True,415544.0,95052.88242231589
Mount Rainier NP,2022-09-01,2022,September,2.0702125846506743,False,295701.0,95021.36906493374
Mount Rainier NP,2022-10-01,2022,October,0.589839680462483,False,152168.0,94990.8722674672
Mount Rainier NP,2022-11-01,2022,November,-0.7544752295272927,False,21823.0,94959.35891008505
Mount Rainier NP,2022-12-01,2022,December,-0.8268884774497117,False,14773.0,94928.86211261852
Mount Rainier NP,2023-01-01,2023,January,-0.7800072434165001,False,19286.0,94897.34875523648
Mount Rainier NP,2023-02-01,2023,February,-0.8320152576044115,False,14213.0,94865.83539785433
Mount Rainier NP,2023-03-01,2023,March,-0.7812557172350484,False,19105.0,94837.37172021891
Mount Rainier NP,2023-04-01,2023,April,-0.6853631314077036,False,28369.0,94805.85836283688
Mount Rainier NP,2023-05-01,2023,May,0.014242676493399652,False,96156.0,94775.36156537023
Mount Rainier NP,2023-06-01,2023,June,1.2847777761895667,False,219286.0,94743.8482079882
Mount Rainier NP,2023-07-01,2023,July,3.6132295936748964,True,444968.0,94713.35141052166
Mount Rainier NP,2023-08-01,2023,August,3.1596297221950858,True,400966.0,94681.83805313951
Mount Rainier NP,2023-09-01,2023,September,1.3120277526430322,False,221834.0,94650.32469575747
Mount Rainier NP,2023-10-01,2023,October,0.46358252196635796,False,139558.0,94619.82789829094
Mount Rainier NP,2023-11-01,2023,November,-0.5065501627494122,False,45485.0,94588.31454090879
Mount Rainier NP,2023-12-01,2023,December,-0.7168574833790884,False,25068.0,94557.81774344225
Mount Rainier NP,2024-01-01,2024,January,-0.799039819604012,False,17070.0,94526.30438606022
Mount Rainier NP,2024-02-01,2024,February,-0.7475266981880239,False,22032.0,94494.79102867807
Mount Rainier NP,2024-03-01,2024,March,-0.6692541948932128,False,29590.0,94465.31079112703
Mount Rainier NP,2024-04-01,2024,April,-0.6984122523932691,False,26732.0,94433.797433745
Mount Rainier NP,2024-05-01,2024,May,-0.10690788744117195,False,84040.0,94403.30063627847
Mount Rainier NP,2024-06-01,2024,June,1.4507217019267973,False,235000.0,94371.78727889631
Mount Rainier NP,2024-07-01,2024,July,3.042218573196743,True,389244.0,94341.29048142978
Mount Rainier NP,2024-08-01,2024,August,2.957570711171188,False,381007.0,94309.77712404775
Mount Rainier NP,2024-09-01,2024,September,1.4055945695215721,False,230532.0,94278.2637666656
Mount Rainier NP,2024-10-01,2024,October,0.6857074247338666,False,160718.0,94247.76696919906
Mount Rainier NP,2024-11-01,2024,November,-0.7278175798016565,False,23664.0,94216.25361181702
Mount Rainier NP,2024-12-01,2024,December,-0.7614116913735537,False,20377.0,94185.75681435037
Mount Rainier NP,2025-01-01,2025,January,-0.681911241517768,False,28052.0,94154.24345696834
Mount Rainier NP,2025-02-01,2025,February,-0.8396170688992574,False,12733.0,94122.73009958619
Mount Rainier NP,2025-03-01,2025,March,-0.7272915955668576,False,23593.0,94094.26642195077
Mount Rainier NP,2025-04-01,2025,April,-0.5421964925928342,False,41504.0,94062.75306456874
Mount Rainier NP,2025-05-01,2025,May,0.06129507311379519,False,99974.0,94032.2562671022
Mount Rainier NP,2025-06-01,2025,June,1.458696433463352,False,235402.0,94000.74290972005
Mount Rainier NP,2025-07-01,2025,July,3.070123831289026,True,391578.0,93970.24611225352
Mount Rainier NP,2025-08-01,2025,August,3.059410795259799,True,390508.0,93938.73275487148
National Park of American Samoa,2020-12-01,2020,December,-1.909890052764322,False,148.0,3164.8113636797643
National Park of American Samoa,2021-01-01,2021,January,-1.8671646231315,False,233.0,3182.3234151207143
National Park of American Samoa,2021-02-01,2021,February,-1.4021732604905033,False,985.0,3199.835466561606
National Park of American Samoa,2021-03-01,2021,March,0.1375986758341821,False,3433.0,3215.652803346922
National Park of American Samoa,2021-04-01,2021,April,-1.2998224483156058,False,1180.0,3233.164854787814
National Park of American Samoa,2021-05-01,2021,May,-1.4624911538240701,False,940.0,3250.112001343572
National Park of American Samoa,2021-06-01,2021,June,-1.9388932580243037,False,205.0,3267.624052784464
National Park of American Samoa,2021-07-01,2021,July,-1.9755785742244565,False,164.0,3284.5711993401637
National Park of American Samoa,2021-08-01,2021,August,-1.974003497883245,False,184.0,3302.0832507810555
National Park of American Samoa,2021-09-01,2021,September,-2.0433336456753706,False,92.0,3319.5953022220056
National Park of American Samoa,2021-10-01,2021,October,-2.0414009380172082,False,112.0,3336.5424487777054
National Park of American Samoa,2021-11-01,2021,November,-1.871425954359408,False,398.0,3354.0545002185972
National Park of American Samoa,2021-12-01,2021,December,-1.7738978105929932,False,569.0,3371.0016467743553
National Park of American Samoa,2022-01-01,2022,January,-2.080633842759972,False,102.0,3388.513698215247
National Park of American Samoa,2022-02-01,2022,February,-2.005621212852128,False,238.0,3406.025749656139
National Park of American Samoa,2022-03-01,2022,March,-2.128323549510005,False,60.0,3421.843086441455
National Park of American Samoa,2022-04-01,2022,April,-2.1773950618354734,False,0.0,3439.355137882405
National Park of American Samoa,2022-05-01,2022,May,-2.1881240013439713,False,0.0,3456.302284438105
National Park of American Samoa,2022-06-01,2022,June,-2.109312877286129,False,142.0,3473.8143358789966
National Park of American Samoa,2022-07-01,2022,July,-2.115610240286296,False,149.0,3490.7614824346965
National Park of American Samoa,2022-08-01,2022,August,-2.1836742233617557,False,59.0,3508.2735338756465
National Park of American Samoa,2022-09-01,2022,September,-2.1650059233455523,False,106.0,3525.7855853165383
National Park of American Samoa,2022-10-01,2022,October,-2.092167991554089,False,238.0,3542.732731872238
National Park of American Samoa,2022-11-01,2022,November,-1.9766380907129304,False,438.0,3560.24478331313
National Park of American Samoa,2022-12-01,2022,December,-2.0399128659631076,False,355.0,3577.191929868888
National Park of American Samoa,2023-01-01,2023,January,-1.8104281406220017,False,735.0,3594.70398130978
National Park of American Samoa,2023-02-01,2023,February,-1.7866951817391339,False,790.0,3612.2160327506717
National Park of American Samoa,2023-03-01,2023,March,-1.511821797363862,False,1240.0,3628.0333695359877
National Park of American Samoa,2023-04-01,2023,April,-1.7166315698392582,False,934.0,3645.5454209769377
National Park of American Samoa,2023-05-01,2023,May,-1.993255099847633,False,514.0,3662.4925675326376
National Park of American Samoa,2023-06-01,2023,June,-1.951162752573107,False,598.0,3680.0046189735294
National Park of American Samoa,2023-07-01,2023,July,-1.8042541848566782,False,847.0,3696.9517655292293
National Park of American Samoa,2023-08-01,2023,August,-2.0052654631820763,False,547.0,3714.4638169701793
National Park of American Samoa,2023-09-01,2023,September,-1.3763057697328223,False,1558.0,3731.975868411071
National Park of American Samoa,2023-10-01,2023,October,-0.9495747996331901,False,2249.0,3748.923014966771
National Park of American Samoa,2023-11-01,2023,November,-1.3139213264084755,False,1691.0,3766.435066407663
National Park of American Samoa,2023-12-01,2023,December,-2.1217009550583077,False,432.0,3783.382212963421
National Park of American Samoa,2024-01-01,2024,January,-1.5332585325423682,False,1379.0,3800.8942644043127
National Park of American Samoa,2024-02-01,2024,February,-1.439253431884533,False,1545.0,3818.4063158452045
National Park of American Samoa,2024-03-01,2024,March,-2.0719446983174947,False,562.0,3834.7885575157707
National Park of American Samoa,2024-04-01,2024,April,-0.16542480575216673,False,3591.0,3852.3006089566625
National Park of American Samoa,2024-05-01,2024,May,-1.8557212419182192,False,938.0,3869.2477555123623
National Park of American Samoa,2024-06-01,2024,June,-2.1244723325852157,False,531.0,3886.759806953254
National Park of American Samoa,2024-07-01,2024,July,-1.424249783685747,False,1654.0,3903.7069535090122
National Park of American Samoa,2024-08-01,2024,August,-1.5151047316611592,False,1528.0,3921.219004949904
National Park of American Samoa,2024-09-01,2024,September,-0.3942400457871336,False,3316.0,3938.731056390796
National Park of American Samoa,2024-10-01,2024,October,0.33193887980402653,False,4480.0,3955.6782029464957
National Park of American Samoa,2024-11-01,2024,November,-0.8338899126209242,False,2656.0,3973.1902543874457
National Park of American Samoa,2024-12-01,2024,December,-2.2810827231870894,False,387.0,3990.1374009431456
National Park of American Samoa,2025-07-01,2025,July,3.145218213891896,True,9078.0,4109.897236603545
National Park of American Samoa,2025-08-01,2025,August,-1.7576957397729513,False,1351.0,4127.409288044437
New River Gorge NP & PRES,2017-05-01,2017,May,0.03327929980547167,False,116762.0,114697.20787893375
New River Gorge NP & PRES,2017-06-01,2017,June,0.8216202494666321,False,165850.0,114873.11564475065
New River Gorge NP & PRES,2017-07-01,2017,July,1.3094450489468454,False,196287.0,115043.34896650864
New River Gorge NP & PRES,2017-08-01,2017,August,0.8577695418851953,False,168439.0,115219.25673232554
New River Gorge NP & PRES,2017-09-01,2017,September,-0.23626917463220568,False,100736.0,115395.16449814243
New River Gorge NP & PRES,2017-10-01,2017,October,0.20263899354206863,False,128138.0,115565.39781990042
New River Gorge NP & PRES,2017-11-01,2017,November,-1.1250390927977023,False,45939.0,115741.30558571732
New River Gorge NP & PRES,2017-12-01,2017,December,-1.3891443098960645,False,29723.0,115911.5389074753
New River Gorge NP & PRES,2018-01-01,2018,January,-1.2246314375648457,False,40106.0,116087.4466732922
New River Gorge NP & PRES,2018-02-01,2018,February,-1.1951026796281048,False,42114.0,116263.3544391091
New River Gorge NP & PRES,2018-03-01,2018,March,-0.839435807751621,False,64340.0,116422.2388727502
New River Gorge NP & PRES,2018-04-01,2018,April,0.04025916703049024,False,119096.0,116598.14663856663
New River Gorge NP & PRES,2018-05-01,2018,May,0.6814420379690193,False,159048.0,116768.37996032508
New River Gorge NP & PRES,2018-06-01,2018,June,0.8126883775109602,False,167367.0,116944.28772614198
New River Gorge NP & PRES,2018-07-01,2018,July,0.9838041802327869,False,178154.0,117114.52104789997
New River Gorge NP & PRES,2018-08-01,2018,August,0.6422918280232268,False,157141.0,117290.42881371686
New River Gorge NP & PRES,2018-09-01,2018,September,-0.2539206174400985,False,101712.0,117466.3365795333
New River Gorge NP & PRES,2018-10-01,2018,October,0.19170855081804858,False,129531.0,117636.56990129175
New River Gorge NP & PRES,2018-11-01,2018,November,-1.13368084964184,False,47474.0,117812.47766710864
New River Gorge NP & PRES,2018-12-01,2018,December,-1.4737639909498221,False,26544.0,117982.71098886663
New River Gorge NP & PRES,2019-01-01,2019,January,-1.515893665562078,False,24106.0,118158.61875468353
New River Gorge NP & PRES,2019-02-01,2019,February,-1.4451524442812482,False,28671.0,118334.52652049996
New River Gorge NP & PRES,2019-03-01,2019,March,-1.0930636587803555,False,50675.0,118493.41095414106
New River Gorge NP & PRES,2019-04-01,2019,April,-0.37712254695322417,False,95271.0,118669.31871995796
New River Gorge NP & PRES,2019-05-01,2019,May,-0.12525803818765602,False,111068.0,118839.55204171594
New River Gorge NP & PRES,2019-06-01,2019,June,0.9504258119421313,False,177984.0,119015.45980753284
New River Gorge NP & PRES,2019-07-01,2019,July,1.143574245634376,False,190138.0,119185.69312929083
New River Gorge NP & PRES,2019-08-01,2019,August,0.6183223227863627,False,157725.0,119361.60089510772
New River Gorge NP & PRES,2019-09-01,2019,September,-0.09547218754661804,False,113614.0,119537.50866092462
New River Gorge NP & PRES,2019-10-01,2019,October,0.6321649866291696,False,158930.0,119707.74198268261
New River Gorge NP & PRES,2019-11-01,2019,November,-1.0269857321448497,False,56165.0,119883.6497484995
New River Gorge NP & PRES,2019-12-01,2019,December,-1.4292985648769607,False,31374.0,120053.88307025749
New River Gorge NP & PRES,2020-01-01,2020,January,-1.4513780617809502,False,30180.0,120229.79083607439
New River Gorge NP & PRES,2020-02-01,2020,February,-1.4352268339871843,False,31358.0,120405.69860189129
New River Gorge NP & PRES,2020-03-01,2020,March,-1.031411723952281,False,56577.0,120570.25747959083
New River Gorge NP & PRES,2020-04-01,2020,April,-1.0939139263967304,False,52875.0,120746.16524540773
New River Gorge NP & PRES,2020-05-01,2020,May,-0.1914823975214667,False,109036.0,120916.39856716571
New River Gorge NP & PRES,2020-06-01,2020,June,0.5478774508089692,False,155085.0,121092.30633298261
New River Gorge NP & PRES,2020-07-01,2020,July,0.7950840002837907,False,170593.0,121262.5396547406
New River Gorge NP & PRES,2020-08-01,2020,August,0.38960126598089523,False,145611.0,121438.4474205575
New River Gorge NP & PRES,2020-09-01,2020,September,-0.2144974971796895,False,108306.0,121614.35518637439
New River Gorge NP & PRES,2020-10-01,2020,October,-0.16958176797532667,False,111263.0,121784.58850813238
New River Gorge NP & PRES,2020-11-01,2020,November,-1.14468940626982,False,50939.0,121960.49627394928
New River Gorge NP & PRES,2020-12-01,2020,December,-1.4438018468266665,False,32551.0,122130.72959570726
New River Gorge NP & PRES,2021-01-01,2021,January,-1.4256036957459635,False,33856.0,122306.63736152416
New River Gorge NP & PRES,2021-02-01,2021,February,-1.3880645372296336,False,36361.0,122482.54512734106
New River Gorge NP & PRES,2021-03-01,2021,March,-0.31413711921876103,False,103151.0,122641.42956098216
New River Gorge NP & PRES,2021-04-01,2021,April,0.058613933169379025,False,126454.0,122817.33732679859
New River Gorge NP & PRES,2021-05-01,2021,May,0.4675274223122281,False,151995.0,122987.57064855704
New River Gorge NP & PRES,2021-06-01,2021,June,1.5697568051474204,False,220558.0,123163.47841437347
New River Gorge NP & PRES,2021-07-01,2021,July,2.66733909904815,False,288827.0,123333.71173613193
New River Gorge NP & PRES,2021-08-01,2021,August,1.4340451289942366,False,212484.0,123509.61950194882
New River Gorge NP & PRES,2021-09-01,2021,September,0.8853099996181408,False,178614.0,123685.52726776525
New River Gorge NP & PRES,2021-10-01,2021,October,0.79948051855766,False,173459.0,123855.7605895237
New River Gorge NP & PRES,2021-11-01,2021,November,-0.22022425938214163,False,110368.0,124031.66835534014
New River Gorge NP & PRES,2021-12-01,2021,December,-1.250861953672985,False,46593.0,124201.90167709859
New River Gorge NP & PRES,2022-01-01,2022,January,-1.4944443382334889,False,31656.0,124377.80944291549
New River Gorge NP & PRES,2022-02-01,2022,February,-1.3753828333759852,False,39219.0,124553.71720873192
New River Gorge NP & PRES,2022-03-01,2022,March,-0.8855860749334306,False,69767.0,124712.60164237302
New River Gorge NP & PRES,2022-04-01,2022,April,-0.11386227416071273,False,117824.0,124888.50940818992
New River Gorge NP & PRES,2022-05-01,2022,May,0.8030266577726819,False,174882.0,125058.7427299479
New River Gorge NP & PRES,2022-06-01,2022,June,1.2620547208299056,False,203538.0,125234.6504957648
New River Gorge NP & PRES,2022-07-01,2022,July,2.386827247683894,False,273494.0,125404.88381752279
New River Gorge NP & PRES,2022-08-01,2022,August,1.4453084923026058,False,215254.0,125580.79158333968
New River Gorge NP & PRES,2022-09-01,2022,September,0.8756528398836328,False,180086.0,125756.69934915658
New River Gorge NP & PRES,2022-10-01,2022,October,0.6931022041388298,False,168930.0,125926.93267091457
New River Gorge NP & PRES,2022-11-01,2022,November,-0.7568755192188871,False,79143.0,126102.84043673147
New River Gorge NP & PRES,2022-12-01,2022,December,-1.3948585275541092,False,39730.0,126273.07375848945
New River Gorge NP & PRES,2023-01-01,2023,January,-1.4231754993560881,False,38149.0,126448.98152430635
New River Gorge NP & PRES,2023-02-01,2023,February,-1.3605575011982292,False,42210.0,126624.88929012325
New River Gorge NP & PRES,2023-03-01,2023,March,-0.8365755121131968,False,74879.0,126783.77372376388
New River Gorge NP & PRES,2023-04-01,2023,April,-0.007505624293845931,False,126494.0,126959.68148958078
New River Gorge NP & PRES,2023-05-01,2023,May,1.1343353416220754,False,197509.0,127129.91481133923
New River Gorge NP & PRES,2023-06-01,2023,June,1.7181773726638843,False,233909.0,127305.82257715566
New River Gorge NP & PRES,2023-07-01,2023,July,2.5682431239071812,False,286821.0,127476.05589891411
New River Gorge NP & PRES,2023-08-01,2023,August,1.7436729934866488,False,235837.0,127651.96366473101
New River Gorge NP & PRES,2023-09-01,2023,September,1.0152276700211884,False,190817.0,127827.87143054744
New River Gorge NP & PRES,2023-10-01,2023,October,0.2183260505898933,False,141544.0,127998.1047523059
New River Gorge NP & PRES,2023-11-01,2023,November,-0.44903392439137957,False,100314.0,128174.01251812233
New River Gorge NP & PRES,2023-12-01,2023,December,-1.4441969875440444,False,38740.0,128344.24583988078
New River Gorge NP & PRES,2024-01-01,2024,January,-1.426208364043894,False,40032.0,128520.15360569768
New River Gorge NP & PRES,2024-02-01,2024,February,-1.444709774572285,False,39060.0,128696.06137151411
New River Gorge NP & PRES,2024-03-01,2024,March,-0.5500037783149808,False,94736.0,128860.62024921365
New River Gorge NP & PRES,2024-04-01,2024,April,0.07409978320531653,False,133634.0,129036.52801503055
New River Gorge NP & PRES,2024-05-01,2024,May,1.2268200658037853,False,205324.0,129206.76133678854
New River Gorge NP & PRES,2024-06-01,2024,June,1.6786113685788455,False,233531.0,129382.66910260543
New River Gorge NP & PRES,2024-07-01,2024,July,2.6375186391661316,False,293196.0,129552.90242436389
New River Gorge NP & PRES,2024-08-01,2024,August,1.8463439815844553,False,244284.0,129728.81019018032
New River Gorge NP & PRES,2024-09-01,2024,September,0.775578944014592,False,178025.0,129904.71795599721
New River Gorge NP & PRES,2024-10-01,2024,October,1.3715038575537621,False,215169.0,130074.9512777552
New River Gorge NP & PRES,2024-11-01,2024,November,-0.6845082162931199,False,87781.0,130250.8590435721
New River Gorge NP & PRES,2024-12-01,2024,December,-1.3418805845825577,False,47165.0,130421.09236533009
New River Gorge NP & PRES,2025-01-01,2025,January,-1.4010142282319684,False,43672.0,130597.00013114698
New River Gorge NP & PRES,2025-02-01,2025,February,-1.0384172047475397,False,66345.0,130772.90789696388
New River Gorge NP & PRES,2025-03-01,2025,March,-0.18868429792797306,False,119225.0,130931.79233060498
New River Gorge NP & PRES,2025-04-01,2025,April,-1.1969778814807626,False,56842.0,131107.70009642188
New River Gorge NP & PRES,2025-05-01,2025,May,1.941531987052085,False,251739.0,131277.93341817986
New River Gorge NP & PRES,2025-06-01,2025,June,2.1270459699571553,False,263425.0,131453.84118399676
New River Gorge NP & PRES,2025-07-01,2025,July,2.0653766306850185,False,259769.0,131624.07450575475
New River Gorge NP & PRES,2025-08-01,2025,August,2.229131980225009,False,270105.0,131799.98227157164
North Cascades NP,2016-05-01,2016,May,0.4751571568249093,False,572.0,-17901.262275608256
North Cascades NP,2016-06-01,2016,June,0.5727652327860238,False,4197.0,-18071.090074259322
North Cascades NP,2016-07-01,2016,July,0.6602782384772256,False,7435.0,-18235.43955682451
North Cascades NP,2016-08-01,2016,August,0.7250144352129779,False,9782.0,-18405.267355475575
North Cascades NP,2016-09-01,2016,September,0.6203755734988016,False,5544.0,-18575.09515412664
North Cascades NP,2016-10-01,2016,October,0.5026836868113349,False,804.0,-18739.444636691827
North Cascades NP,2016-11-01,2016,November,0.4890726659254498,False,105.0,-18909.272435342893
North Cascades NP,2016-12-01,2016,December,0.4910621986711674,False,18.0,-19073.62191790808
North Cascades NP,2017-01-01,2017,January,0.4959191036724575,False,37.0,-19243.449716559146
North Cascades NP,2017-02-01,2017,February,0.49948994141140957,False,6.0,-19413.27751521021
North Cascades NP,2017-03-01,2017,March,0.5035125759105281,False,9.0,-19566.670365604572
North Cascades NP,2017-04-01,2017,April,0.5127421096037679,False,198.0,-19736.498164255638
North Cascades NP,2017-05-01,2017,May,0.5409674145011828,False,1131.0,-19900.847646820825
North Cascades NP,2017-06-01,2017,June,0.5929201026492945,False,2981.0,-20070.67544547189
North Cascades NP,2017-07-01,2017,July,0.7406467775631784,False,8560.0,-20235.024928037543
North Cascades NP,2017-08-01,2017,August,0.774440195967064,False,9704.0,-20404.852726688143
North Cascades NP,2017-09-01,2017,September,0.7028789842402239,False,6752.0,-20574.68052533921
North Cascades NP,2017-10-01,2017,October,0.5534212361730179,False,777.0,-20739.03000790486
North Cascades NP,2017-11-01,2017,November,0.5409933971684838,False,124.0,-20908.857806555927
North Cascades NP,2017-12-01,2017,December,0.543240143366669,False,47.0,-21073.207289121114
North Cascades NP,2018-01-01,2018,January,0.5470939159033354,False,27.0,-21243.03508777218
North Cascades NP,2018-02-01,2018,February,0.5516678861069112,False,35.0,-21412.862886423245
North Cascades NP,2018-03-01,2018,March,0.5559991767489909,False,50.0,-21566.255736817606
North Cascades NP,2018-04-01,2018,April,0.5623993624650748,False,129.0,-21736.083535468206
North Cascades NP,2018-05-01,2018,May,0.6056459329866108,False,1646.0,-21900.43301803386
North Cascades NP,2018-06-01,2018,June,0.6499336602511874,False,3198.0,-22070.260816684924
North Cascades NP,2018-07-01,2018,July,0.8360623036184753,False,10270.0,-22234.61029925011
North Cascades NP,2018-08-01,2018,August,0.7603085126164129,False,7155.0,-22404.438097901177
North Cascades NP,2018-09-01,2018,September,0.7322935383923409,False,5896.0,-22574.265896552242
North Cascades NP,2018-10-01,2018,October,0.6275652097092423,False,1660.0,-22738.61537911743
North Cascades NP,2018-11-01,2018,November,0.5897246816009073,False,19.0,-22908.443177768495
North Cascades NP,2018-12-01,2018,December,0.5934632658234167,False,0.0,-23072.792660334148
North Cascades NP,2019-01-01,2019,January,0.5980629573722273,False,9.0,-23242.620458984748
North Cascades NP,2019-02-01,2019,February,0.602199664706608,False,0.0,-23412.448257635813
North Cascades NP,2019-03-01,2019,March,0.6068138901464022,False,26.0,-23565.841108030174
North Cascades NP,2019-04-01,2019,April,0.6116450738024456,False,44.0,-23735.66890668124
North Cascades NP,2019-05-01,2019,May,0.6466608138450177,False,1241.0,-23900.018389246892
North Cascades NP,2019-06-01,2019,June,0.7353693043507405,False,4520.0,-24069.846187897492
North Cascades NP,2019-07-01,2019,July,0.8974227685670709,False,10656.0,-24234.195670463145
North Cascades NP,2019-08-01,2019,August,0.9511759508824559,False,12576.0,-24404.02346911421
North Cascades NP,2019-09-01,2019,September,0.8527873760632307,False,8581.0,-24573.85126776481
North Cascades NP,2019-10-01,2019,October,0.6458938640600049,False,373.0,-24738.200750330463
North Cascades NP,2019-11-01,2019,November,0.6432658575944873,False,101.0,-24908.02854898153
North Cascades NP,2019-12-01,2019,December,0.646978720471738,False,81.0,-25072.378031546716
North Cascades NP,2020-01-01,2020,January,0.6493149336388454,False,2.0,-25242.20583019778
North Cascades NP,2020-02-01,2020,February,0.6536831330804471,False,2.0,-25412.033628848847
North Cascades NP,2020-03-01,2020,March,0.6582067760724242,False,19.0,-25570.90479532862
North Cascades NP,2020-04-01,2020,April,0.6620862699543373,False,0.0,-25740.732593979686
North Cascades NP,2020-05-01,2020,May,0.6663135597365232,False,0.0,-25905.082076544873
North Cascades NP,2020-06-01,2020,June,0.7104984016201127,False,1548.0,-26074.90987519594
North Cascades NP,2020-07-01,2020,July,0.8359246702050539,False,6260.0,-26239.25935776159
North Cascades NP,2020-08-01,2020,August,1.0954743358397827,False,16181.0,-26409.087156412657
North Cascades NP,2020-09-01,2020,September,0.8128437650180004,False,5023.0,-26578.914955063257
North Cascades NP,2020-10-01,2020,October,0.7349427994272867,False,1830.0,-26743.26443762891
North Cascades NP,2020-11-01,2020,November,0.6927039212817554,False,18.0,-26913.092236279976
North Cascades NP,2020-12-01,2020,December,0.6965196695399931,False,2.0,-27077.441718845163
North Cascades NP,2021-01-01,2021,January,0.7085013871746363,False,298.0,-27247.26951749623
North Cascades NP,2021-02-01,2021,February,0.7126123731637704,False,288.0,-27417.097316147294
North Cascades NP,2021-03-01,2021,March,0.7097416871367567,False,23.0,-27570.490166541655
North Cascades NP,2021-04-01,2021,April,0.7140841652331116,False,22.0,-27740.31796519272
North Cascades NP,2021-05-01,2021,May,0.7370623157001871,False,751.0,-27904.667447757907
North Cascades NP,2021-06-01,2021,June,0.7787007444043471,False,2200.0,-28074.495246408973
North Cascades NP,2021-07-01,2021,July,0.9117148098370711,False,7207.0,-28238.84472897416
North Cascades NP,2021-08-01,2021,August,0.8108569858741689,False,3116.0,-28408.672527625225
North Cascades NP,2021-09-01,2021,September,0.8111612127667821,False,2958.0,-28578.50032627629
North Cascades NP,2021-10-01,2021,October,0.7615794482927415,False,866.0,-28742.849808841478
North Cascades NP,2021-11-01,2021,November,0.7469138522517392,False,126.0,-28912.677607492544
North Cascades NP,2021-12-01,2021,December,0.7479002525328451,False,0.0,-29077.027090058196
North Cascades NP,2022-01-01,2022,January,0.752551386772161,False,11.0,-29246.854888709262
North Cascades NP,2022-02-01,2022,February,0.7567395367970234,False,4.0,-29416.682687359862
North Cascades NP,2022-03-01,2022,March,0.7619196318322463,False,52.0,-29570.075537754223
North Cascades NP,2022-04-01,2022,April,0.7666479301073027,False,66.0,-29739.90333640529
North Cascades NP,2022-05-01,2022,May,0.7947189069332491,False,993.0,-29904.25281897094
North Cascades NP,2022-06-01,2022,June,0.8076008716515171,False,1324.0,-30074.08061762154
North Cascades NP,2022-07-01,2022,July,0.9190604497674663,False,5493.0,-30238.430100187194
North Cascades NP,2022-08-01,2022,August,1.0607549114815311,False,10832.0,-30408.25789883826
North Cascades NP,2022-09-01,2022,September,1.0114426633931402,False,8745.0,-30578.085697489325
North Cascades NP,2022-10-01,2022,October,0.857355073181505,False,2590.0,-30742.435180054512
North Cascades NP,2022-11-01,2022,November,0.7962367276248502,False,44.0,-30912.262978705578
North Cascades NP,2022-12-01,2022,December,0.7993322782161786,False,0.0,-31076.612461270764
North Cascades NP,2023-01-01,2023,January,0.8037776416935205,False,3.0,-31246.44025992183
North Cascades NP,2023-02-01,2023,February,0.8081201197898754,False,2.0,-31416.268058572896
North Cascades NP,2023-03-01,2023,March,0.8124256890867084,False,16.0,-31569.660908967257
North Cascades NP,2023-04-01,2023,April,0.8172054300522583,False,32.0,-31739.488707618322
North Cascades NP,2023-05-01,2023,May,0.8500091344035968,False,1143.0,-31903.83819018351
North Cascades NP,2023-06-01,2023,June,0.9158770703302068,False,3534.0,-32073.665988834575
North Cascades NP,2023-07-01,2023,July,1.1538599457149792,False,12622.0,-32238.015471400227
North Cascades NP,2023-08-01,2023,August,1.0971399501955088,False,10247.0,-32407.843270050827
North Cascades NP,2023-09-01,2023,September,1.0910910048121718,False,9842.0,-32577.671068701893
North Cascades NP,2023-10-01,2023,October,0.9135712690807481,False,2776.0,-32742.020551267546
North Cascades NP,2023-11-01,2023,November,0.8484403936655865,False,74.0,-32911.848349918146
North Cascades NP,2023-12-01,2023,December,0.8523075846143298,False,60.0,-33076.1978324838
North Cascades NP,2024-01-01,2024,January,0.8562642425319832,False,44.0,-33246.025631134864
North Cascades NP,2024-02-01,2024,February,0.8611468688785201,False,64.0,-33415.85342978593
North Cascades NP,2024-03-01,2024,March,0.868602745228628,False,195.0,-33574.7245962657
North Cascades NP,2024-04-01,2024,April,0.8969946811307056,False,1129.0,-33744.55239491677
North Cascades NP,2024-05-01,2024,May,0.8998330182695663,False,1075.0,-33908.901877481956
North Cascades NP,2024-06-01,2024,June,0.9538691353826657,False,3006.0,-34078.72967613302
North Cascades NP,2024-07-01,2024,July,1.0336142948093452,False,5942.0,-34243.07915869821
North Cascades NP,2024-08-01,2024,August,0.9252972807248819,False,1561.0,-34412.906957349274
North Cascades NP,2024-09-01,2024,September,0.949625244077971,False,2337.0,-34582.73475600034
North Cascades NP,2024-10-01,2024,October,0.9223181645876385,False,1111.0,-34747.08423856599
North Cascades NP,2024-11-01,2024,November,0.8985986550197639,False,19.0,-34916.91203721659
North Cascades NP,2024-12-01,2024,December,0.9023886819327669,False,2.0,-35081.261519782245
North Cascades NP,2025-01-01,2025,January,0.90714270155307,False,17.0,-35251.08931843331
North Cascades NP,2025-02-01,2025,February,0.9112279661969452,False,6.0,-35420.91711708391
North Cascades NP,2025-03-01,2025,March,0.9152763220413226,False,10.0,-35574.30996747874
North Cascades NP,2025-04-01,2025,April,0.9400672696088415,False,804.0,-35744.13776612934
North Cascades NP,2025-05-01,2025,May,0.9541201132753024,False,1186.0,-35908.48724869499
North Cascades NP,2025-06-01,2025,June,0.9898169112274604,False,2404.0,-36078.315047346056
North Cascades NP,2025-07-01,2025,July,1.3650488848489437,False,16828.0,-36242.66452991124
North Cascades NP,2025-08-01,2025,August,1.3077630197340564,False,14431.0,-36412.49232856231
Olympic NP,2016-05-01,2016,May,0.31195217990091556,False,341524.0,279981.06299202796
Olympic NP,2016-06-01,2016,June,0.9082363335841367,False,459305.0,280125.19274917804
Olympic NP,2016-07-01,2016,July,1.4356380489935616,False,563492.0,280264.67315932317
Olympic NP,2016-08-01,2016,August,2.7009805550350383,False,813267.0,280408.80291647324
Olympic NP,2016-09-01,2016,September,0.6545262883937065,False,409680.0,280552.9326736233
Olympic NP,2016-10-01,2016,October,-0.8443718404850521,False,114112.0,280692.41308376845
Olympic NP,2016-11-01,2016,November,-0.8283042301249551,False,117426.0,280836.5428409185
Olympic NP,2016-12-01,2016,December,-1.05704378367238,False,72439.0,280976.02325106366
Olympic NP,2017-01-01,2017,January,-0.9380632247848503,False,96056.0,281120.15300821327
Olympic NP,2017-02-01,2017,February,-0.9470205480247101,False,94433.0,281264.28276536334
Olympic NP,2017-03-01,2017,March,-0.8443568944498071,False,114817.0,281394.46448149905
Olympic NP,2017-04-01,2017,April,-0.4029718588304066,False,202039.0,281538.5942386491
Olympic NP,2017-05-01,2017,May,0.35079982004680726,False,350885.0,281678.07464879425
Olympic NP,2017-06-01,2017,June,1.1068796050321656,False,500191.0,281822.20440594386
Olympic NP,2017-07-01,2017,July,1.1568256600173779,False,510184.0,281961.684816089
Olympic NP,2017-08-01,2017,August,2.4440808231284543,False,764282.0,282105.81457323907
Olympic NP,2017-09-01,2017,September,0.6559505773610544,False,411658.0,282249.94433038915
Olympic NP,2017-10-01,2017,October,-0.44738936975958477,False,194127.0,282389.4247405343
Olympic NP,2017-11-01,2017,November,-0.9658425813526279,False,91989.0,282533.55449768435
Olympic NP,2017-12-01,2017,December,-1.0712417036082256,False,71335.0,282673.0349078295
Olympic NP,2018-01-01,2018,January,-0.804767622765757,False,124050.0,282817.16466497956
Olympic NP,2018-02-01,2018,February,-0.9479431385908423,False,95948.0,282961.29442212963
Olympic NP,2018-03-01,2018,March,-0.857520768111723,False,113917.0,283091.4761382649
Olympic NP,2018-04-01,2018,April,-0.6189304546853699,False,161131.0,283235.60589541495
Olympic NP,2018-05-01,2018,May,0.11354189849060461,False,305775.0,283375.0863055601
Olympic NP,2018-06-01,2018,June,0.9070298280916548,False,462461.0,283519.21606271015
Olympic NP,2018-07-01,2018,July,1.0579373227049693,False,492372.0,283658.6964728553
Olympic NP,2018-08-01,2018,August,1.8855639859085533,False,655793.0,283802.82623000536
Olympic NP,2018-09-01,2018,September,0.31134952863323206,False,345371.0,283946.955987155
Olympic NP,2018-10-01,2018,October,-0.4582722589937168,False,193677.0,284086.43639730057
Olympic NP,2018-11-01,2018,November,-0.9834771844930048,False,90207.0,284230.5661544502
Olympic NP,2018-12-01,2018,December,-1.118275661595625,False,63753.0,284370.0465645953
Olympic NP,2019-01-01,2019,January,-1.0735284736968294,False,72725.0,284514.1763217454
Olympic NP,2019-02-01,2019,February,-1.0690330576670346,False,73756.0,284658.30607889546
Olympic NP,2019-03-01,2019,March,-0.8671212372120107,False,113720.0,284788.48779503116
Olympic NP,2019-04-01,2019,April,-0.6333514042097101,False,159983.0,284932.6175521808
Olympic NP,2019-05-01,2019,May,0.11330867210709462,False,307426.0,285072.0979623259
Olympic NP,2019-06-01,2019,June,1.0873289158859987,False,499728.0,285216.227719476
Olympic NP,2019-07-01,2019,July,1.174465154752694,False,517058.0,285355.7081296211
Olympic NP,2019-08-01,2019,August,2.2936371098073454,False,737996.0,285499.8378867712
Olympic NP,2019-09-01,2019,September,0.579182661057441,False,399907.0,285643.96764392126
Olympic NP,2019-10-01,2019,October,-0.5212781768299037,False,182944.0,285783.4480540664
Olympic NP,2019-11-01,2019,November,-0.9008549187507535,False,108204.0,285927.57781121647
Olympic NP,2019-12-01,2019,December,-1.0832550064341302,False,72359.0,286067.0582213616
Olympic NP,2020-01-01,2020,January,-1.0711664466869493,False,74888.0,286211.1879785117
Olympic NP,2020-02-01,2020,February,-1.0650033775977263,False,76248.0,286355.3177356613
Olympic NP,2020-03-01,2020,March,-0.8625981008682213,False,116314.0,286490.14879880194
Olympic NP,2020-04-01,2020,April,-1.2486477697097,False,40297.0,286634.278555952
Olympic NP,2020-05-01,2020,May,-1.1190041188176372,False,66013.0,286773.75896609714
Olympic NP,2020-06-01,2020,June,-0.5113657315383223,False,186034.0,286917.88872324675
Olympic NP,2020-07-01,2020,July,1.130433735910341,False,510073.0,287057.3691333919
Olympic NP,2020-08-01,2020,August,2.1895853873885107,False,719170.0,287201.49889054196
Olympic NP,2020-09-01,2020,September,0.23774635481175158,False,334249.0,287345.62864769204
Olympic NP,2020-10-01,2020,October,-0.5026636255766793,False,188318.0,287485.10905783717
Olympic NP,2020-11-01,2020,November,-0.9134036836353729,False,107430.0,287629.23881498724
Olympic NP,2020-12-01,2020,December,-1.0524245163565398,False,80143.0,287768.7192251324
Olympic NP,2021-01-01,2021,January,-1.0794168231387626,False,74962.0,287912.84898228245
Olympic NP,2021-02-01,2021,February,-1.0753167777431176,False,75915.0,288056.9787394325
Olympic NP,2021-03-01,2021,March,-0.869501939489435,False,116649.0,288187.16045556776
Olympic NP,2021-04-01,2021,April,-0.9934715664325604,False,92336.0,288331.29021271784
Olympic NP,2021-05-01,2021,May,-0.9010941322362405,False,110700.0,288470.77062286297
Olympic NP,2021-06-01,2021,June,-0.3667564467574093,False,216260.0,288614.90038001304
Olympic NP,2021-07-01,2021,July,1.2448630622845,False,534345.0,288754.3807901582
Olympic NP,2021-08-01,2021,August,2.5656740407554537,False,795063.0,288898.51054730825
Olympic NP,2021-09-01,2021,September,0.23052824722493176,False,334522.0,289042.64030445786
Olympic NP,2021-10-01,2021,October,-0.5388096845621124,False,182884.0,289182.120714603
Olympic NP,2021-11-01,2021,November,-0.9403953917839574,False,103802.0,289326.25047175307
Olympic NP,2021-12-01,2021,December,-1.0542138810052282,False,81487.0,289465.7308818982
Olympic NP,2022-01-01,2022,January,-1.135711577902974,False,65553.0,289609.8606390483
Olympic NP,2022-02-01,2022,February,-1.080907783104783,False,76509.0,289753.99039619835
Olympic NP,2022-03-01,2022,March,-0.9004017342909598,False,112250.0,289884.1721123336
Olympic NP,2022-04-01,2022,April,-1.0016476874790503,False,92420.0,290028.30186948366
Olympic NP,2022-05-01,2022,May,-0.7950740351191841,False,133313.0,290167.7822796288
Olympic NP,2022-06-01,2022,June,-0.33242008692424807,False,224731.0,290311.9120367789
Olympic NP,2022-07-01,2022,July,0.7176007805795568,False,432022.0,290451.392446924
Olympic NP,2022-08-01,2022,August,1.7432827872206766,False,634516.0,290595.5222040741
Olympic NP,2022-09-01,2022,September,0.1629198096988983,False,322881.0,290739.65196122415
Olympic NP,2022-10-01,2022,October,-0.7053165380226727,False,151732.0,290879.1323713693
Olympic NP,2022-11-01,2022,November,-0.928493781011647,False,107847.0,291023.26212851936
Olympic NP,2022-12-01,2022,December,-1.07441839326758,False,79198.0,291162.7425386645
Olympic NP,2023-01-01,2023,January,-1.1272060995009232,False,68928.0,291306.87229581457
Olympic NP,2023-02-01,2023,February,-1.0696093659922628,False,80435.0,291451.0020529642
Olympic NP,2023-03-01,2023,March,-0.7749020301606114,False,138706.0,291581.1837690999
Olympic NP,2023-04-01,2023,April,-0.9801760798186059,False,98353.0,291725.31352624996
Olympic NP,2023-05-01,2023,May,-0.2868403505691591,False,235276.0,291864.7939363951
Olympic NP,2023-06-01,2023,June,0.15168078237979873,False,321933.0,292008.92369354516
Olympic NP,2023-07-01,2023,July,0.7392548669942243,False,437991.0,292148.4041036903
Olympic NP,2023-08-01,2023,August,1.146191968899771,False,518417.0,292292.5338608399
Olympic NP,2023-09-01,2023,September,0.4922584200047941,False,389551.0,292436.66361799
Olympic NP,2023-10-01,2023,October,0.15073685863905026,False,322314.0,292576.1440281351
Olympic NP,2023-11-01,2023,November,-0.3456871122358619,False,224522.0,292720.2737852852
Olympic NP,2023-12-01,2023,December,-0.9214302923552633,False,111077.0,292859.7541954303
Olympic NP,2024-01-01,2024,January,-0.9747096774541516,False,100710.0,293003.8839525804
Olympic NP,2024-02-01,2024,February,-0.8884789860953504,False,117866.0,293148.01370973047
Olympic NP,2024-03-01,2024,March,-0.6411180407213185,False,166801.0,293282.84477287065
Olympic NP,2024-04-01,2024,April,-0.3898707981478938,False,216512.0,293426.9745300207
Olympic NP,2024-05-01,2024,May,0.1382760388412745,False,320846.0,293566.45494016586
Olympic NP,2024-06-01,2024,June,0.4269973211360849,False,377950.0,293710.58469731594
Olympic NP,2024-07-01,2024,July,1.3971229074159641,False,569479.0,293850.06510746107
Olympic NP,2024-08-01,2024,August,1.6303959926984335,False,615644.0,293994.19486461114
Olympic NP,2024-09-01,2024,September,1.232763991818087,False,537342.0,294138.32462176075
Olympic NP,2024-10-01,2024,October,0.2279220211435409,False,339243.0,294277.8050319059
Olympic NP,2024-11-01,2024,November,-0.300506695680354,False,235137.0,294421.93478905596
Olympic NP,2024-12-01,2024,December,-0.8861594859249156,False,119737.0,294561.4151992011
Olympic NP,2025-01-01,2025,January,-0.9889869216496046,False,99595.0,294705.54495635116
Olympic NP,2025-02-01,2025,February,-0.9071002384121651,False,115894.0,294849.67471350124
Olympic NP,2025-03-01,2025,March,-0.8243115624847036,False,132357.0,294979.8564296365
Olympic NP,2025-04-01,2025,April,-0.626875276989898,False,171452.0,295123.98618678655
Olympic NP,2025-05-01,2025,May,0.6768924359694145,False,428803.0,295263.4665969317
Olympic NP,2025-06-01,2025,June,0.37143755024304903,False,368686.0,295407.59635408176
Olympic NP,2025-07-01,2025,July,1.2383612633013115,False,539855.0,295547.0767642269
Olympic NP,2025-08-01,2025,August,1.366121077808674,False,565204.0,295691.20652137697
Petrified Forest NP,2016-05-01,2016,May,0.1658535093629662,False,59516.0,53334.43863907142
Petrified Forest NP,2016-06-01,2016,June,1.1367660094971064,False,95672.0,53303.35270568263
Petrified Forest NP,2016-07-01,2016,July,1.5277402294270093,False,110214.0,53273.26954433869
Petrified Forest NP,2016-08-01,2016,August,0.4901857292387696,False,71512.0,53242.183610950015
Petrified Forest NP,2016-09-01,2016,September,0.015210192725215203,False,53778.0,53211.09767756134
Petrified Forest NP,2016-10-01,2016,October,-0.04944874077503765,False,51338.0,53181.0145162174
Petrified Forest NP,2016-11-01,2016,November,-0.597295531835542,False,30888.0,53149.928582828725
Petrified Forest NP,2016-12-01,2016,December,-0.7660830879045402,False,24567.0,53119.84542148479
Petrified Forest NP,2017-01-01,2017,January,-0.7645782821871361,False,24592.0,53088.75948809611
Petrified Forest NP,2017-02-01,2017,February,-0.8357837488637768,False,21907.0,53057.67355470732
Petrified Forest NP,2017-03-01,2017,March,0.05208856760689909,False,54971.0,53029.595937453094
Petrified Forest NP,2017-04-01,2017,April,-0.09456386806312275,False,49474.0,52998.5100040643
Petrified Forest NP,2017-05-01,2017,May,0.23115891922385287,False,61584.0,52968.42684272048
Petrified Forest NP,2017-06-01,2017,June,0.7825519288955083,False,82104.0,52937.34090933169
Petrified Forest NP,2017-07-01,2017,July,0.7801394278506735,False,81984.0,52907.25774798787
Petrified Forest NP,2017-08-01,2017,August,0.6236670808536325,False,76121.0,52876.171814599074
Petrified Forest NP,2017-09-01,2017,September,-0.14984985821659028,False,47260.0,52845.0858812104
Petrified Forest NP,2017-10-01,2017,October,0.3277059296157454,False,65029.0,52815.00271986646
Petrified Forest NP,2017-11-01,2017,November,-0.5244507911470806,False,33237.0,52783.916786477785
Petrified Forest NP,2017-12-01,2017,December,-0.6240696821858738,False,29494.0,52753.83362513385
Petrified Forest NP,2018-01-01,2018,January,-0.7380427408168027,False,25215.0,52722.74769174517
Petrified Forest NP,2018-02-01,2018,February,-0.6835211460770226,False,27216.0,52691.661758356495
Petrified Forest NP,2018-03-01,2018,March,0.05233035733658047,False,54614.0,52663.584141102154
Petrified Forest NP,2018-04-01,2018,April,-0.08034346138979173,False,49638.0,52632.49820771348
Petrified Forest NP,2018-05-01,2018,May,0.5674777834951743,False,73753.0,52602.41504636954
Petrified Forest NP,2018-06-01,2018,June,1.3954917925700157,False,104583.0,52571.32911298075
Petrified Forest NP,2018-07-01,2018,July,0.7775103691869367,False,81520.0,52541.24595163693
Petrified Forest NP,2018-08-01,2018,August,0.3261187180735213,False,64665.0,52510.160018248134
Petrified Forest NP,2018-09-01,2018,September,0.1167637338481863,False,56831.0,52479.07408485946
Petrified Forest NP,2018-10-01,2018,October,-0.0007778368803575068,False,52420.0,52448.99092351552
Petrified Forest NP,2018-11-01,2018,November,-0.6065782029855642,False,29810.0,52417.904990126844
Petrified Forest NP,2018-12-01,2018,December,-0.7440278999563159,False,24657.0,52387.82182878291
Petrified Forest NP,2019-01-01,2019,January,-0.9931454759484329,False,15341.0,52356.73589539423
Petrified Forest NP,2019-02-01,2019,February,-0.8313024459406854,False,21342.0,52325.649962005555
Petrified Forest NP,2019-03-01,2019,March,0.07752438076606429,False,55187.0,52297.572344751214
Petrified Forest NP,2019-04-01,2019,April,0.11538432268049234,False,56567.0,52266.48641136254
Petrified Forest NP,2019-05-01,2019,May,0.5517823400875626,False,72802.0,52236.4032500186
Petrified Forest NP,2019-06-01,2019,June,1.1602971836805904,False,95451.0,52205.317316629924
Petrified Forest NP,2019-07-01,2019,July,1.0295014156964526,False,90546.0,52175.23415528599
Petrified Forest NP,2019-08-01,2019,August,0.27184121868707517,False,62276.0,52144.148221897194
Petrified Forest NP,2019-09-01,2019,September,0.011052436609566832,False,52525.0,52113.06228850852
Petrified Forest NP,2019-10-01,2019,October,0.13243521114633552,False,57019.0,52082.97912716458
Petrified Forest NP,2019-11-01,2019,November,-0.5355310963378412,False,32092.0,52051.893193775904
Petrified Forest NP,2019-12-01,2019,December,-0.5253869894563208,False,32440.0,52021.81003243197
Petrified Forest NP,2020-01-01,2020,January,-0.6810275953300381,False,26608.0,51990.72409904329
Petrified Forest NP,2020-02-01,2020,February,-0.6139225623050889,False,29078.0,51959.638165654615
Petrified Forest NP,2020-03-01,2020,March,-0.16405577914684386,False,45816.0,51930.55777635542
Petrified Forest NP,2020-04-01,2020,April,-1.3924814519591637,False,0.0,51899.47184296674
Petrified Forest NP,2020-05-01,2020,May,-1.3675269870106639,False,900.0,51869.388681622804
Petrified Forest NP,2020-06-01,2020,June,-0.296698230642049,False,40780.0,51838.30274823413
Petrified Forest NP,2020-07-01,2020,July,-0.1310185336984267,False,46925.0,51808.21958689019
Petrified Forest NP,2020-08-01,2020,August,-0.2768123978863079,False,41460.0,51777.133653501514
Petrified Forest NP,2020-09-01,2020,September,-0.3995589838503931,False,36854.0,51746.04772011284
Petrified Forest NP,2020-10-01,2020,October,-0.0860440098251457,False,48509.0,51715.9645587689
Petrified Forest NP,2020-11-01,2020,November,-0.40575225986476815,False,36562.0,51684.878625380225
Petrified Forest NP,2020-12-01,2020,December,-0.5544170468210226,False,30991.0,51654.79546403629
Petrified Forest NP,2021-01-01,2021,January,-0.7245728768147324,False,24618.0,51623.70953064761
Petrified Forest NP,2021-02-01,2021,February,-0.7723286098853223,False,22807.0,51592.62359725882
Petrified Forest NP,2021-03-01,2021,March,0.17532174602961154,False,58099.0,51564.545980004594
Petrified Forest NP,2021-04-01,2021,April,-0.37265919682497456,False,37644.0,51533.4600466158
Petrified Forest NP,2021-05-01,2021,May,0.31342213973301875,False,63185.0,51503.37688527198
Petrified Forest NP,2021-06-01,2021,June,0.7414223292053286,False,79106.0,51472.29095188319
Petrified Forest NP,2021-07-01,2021,July,0.6053141501754264,False,74003.0,51442.20779053925
Petrified Forest NP,2021-08-01,2021,August,0.1260725866099703,False,56110.0,51411.121857150574
Petrified Forest NP,2021-09-01,2021,September,0.07778024636303753,False,54279.0,51380.0359237619
Petrified Forest NP,2021-10-01,2021,October,0.21228306636131525,False,59262.0,51349.95276241796
Petrified Forest NP,2021-11-01,2021,November,-0.4752425727004486,False,33606.0,51318.866829029284
Petrified Forest NP,2021-12-01,2021,December,-0.6351761103598396,False,27615.0,51288.78366768535
Petrified Forest NP,2022-01-01,2022,January,-0.6624871100118848,False,26566.0,51257.69773429667
Petrified Forest NP,2022-02-01,2022,February,-0.7063792714128277,False,24899.0,51226.61180090788
Petrified Forest NP,2022-03-01,2022,March,-0.16512836049886973,False,45044.0,51198.53418365365
Petrified Forest NP,2022-04-01,2022,April,-0.10964087284167488,False,47081.0,51167.44825026486
Petrified Forest NP,2022-05-01,2022,May,0.304273303876753,False,62478.0,51137.36508892104
Petrified Forest NP,2022-06-01,2022,June,0.26040797283462697,False,60812.0,51106.27915553225
Petrified Forest NP,2022-07-01,2022,July,0.08341032696762604,False,54185.0,51076.19599418843
Petrified Forest NP,2022-08-01,2022,August,-0.26433564803574977,False,41193.0,51045.110060799634
Petrified Forest NP,2022-09-01,2022,September,-0.3916702253575406,False,36416.0,51014.02412741096
Petrified Forest NP,2022-10-01,2022,October,0.02023167444961596,False,51738.0,50983.94096606702
Petrified Forest NP,2022-11-01,2022,November,-0.6157796756835235,False,28002.0,50952.855032678344
Petrified Forest NP,2022-12-01,2022,December,-0.6473567767624254,False,26795.0,50922.77187133441
Petrified Forest NP,2023-01-01,2023,January,-0.7731351932728308,False,22076.0,50891.68593794573
Petrified Forest NP,2023-02-01,2023,February,-0.7389778408751475,False,23318.0,50860.600004557054
Petrified Forest NP,2023-03-01,2023,March,0.10907822311111555,False,54898.0,50832.52238730271
Petrified Forest NP,2023-04-01,2023,April,-0.08745184959969728,False,47542.0,50801.43645391404
Petrified Forest NP,2023-05-01,2023,May,0.3700079994787115,False,64562.0,50771.3532925701
Petrified Forest NP,2023-06-01,2023,June,0.251929895948786,False,60130.0,50740.26735918131
Petrified Forest NP,2023-07-01,2023,July,0.037718542402617364,False,52116.0,50710.18419783749
Petrified Forest NP,2023-08-01,2023,August,-0.3069956020544384,False,39237.0,50679.098264448694
Petrified Forest NP,2023-09-01,2023,September,-0.3053834749017663,False,39266.0,50648.01233106002
Petrified Forest NP,2023-10-01,2023,October,0.10198409426531863,False,54419.0,50617.92916971608
Petrified Forest NP,2023-11-01,2023,November,-0.497269664288542,False,32053.0,50586.843236327404
Petrified Forest NP,2023-12-01,2023,December,-0.5280955153205682,False,30874.0,50556.76007498347
Petrified Forest NP,2024-01-01,2024,January,-0.7770521091597831,False,21564.0,50525.67414159479
Petrified Forest NP,2024-02-01,2024,February,-0.7351139527051722,False,23096.0,50494.588208206114
Petrified Forest NP,2024-03-01,2024,March,0.1880403599848092,False,57474.0,50465.50781890692
Petrified Forest NP,2024-04-01,2024,April,0.03516328106924213,False,51745.0,50434.42188551824
Petrified Forest NP,2024-05-01,2024,May,0.24924494531871774,False,59694.0,50404.338724174304
Petrified Forest NP,2024-06-01,2024,June,0.6904993320466184,False,76109.0,50373.25279078563
Petrified Forest NP,2024-07-01,2024,July,-0.031986338928640896,False,49151.0,50343.16962944169
Petrified Forest NP,2024-08-01,2024,August,-0.18553417681463277,False,43397.0,50312.083696053014
Petrified Forest NP,2024-09-01,2024,September,0.11545109401803447,False,54584.0,50280.99776266434
Petrified Forest NP,2024-10-01,2024,October,0.22129909079976492,False,58499.0,50250.9146013204
Petrified Forest NP,2024-11-01,2024,November,-0.4539114135649997,False,33302.0,50219.828667931724
Petrified Forest NP,2024-12-01,2024,December,-0.5245535170814417,False,30639.0,50189.74550658779
Petrified Forest NP,2025-01-01,2025,January,-0.7565264937895009,False,21962.0,50158.65957319911
Petrified Forest NP,2025-02-01,2025,February,-0.7252668201440496,False,23096.0,50127.57363981032
Petrified Forest NP,2025-03-01,2025,March,0.19786058781215668,False,57474.0,50099.49602255598
Petrified Forest NP,2025-04-01,2025,April,0.04498350889658961,False,51745.0,50068.4100891673
Petrified Forest NP,2025-05-01,2025,May,0.2590651731460652,False,59694.0,50038.326927823364
Petrified Forest NP,2025-06-01,2025,June,0.7003195598739659,False,76109.0,50007.24099443469
Petrified Forest NP,2025-07-01,2025,July,-0.02216611110129342,False,49151.0,49977.15783309075
Petrified Forest NP,2025-08-01,2025,August,-0.1757139489872853,False,43397.0,49946.071899702074
Pinnacles NP,2016-05-01,2016,May,0.8429907017595981,False,23360.0,17446.593904011068
Pinnacles NP,2016-06-01,2016,June,0.016252293068521106,False,17569.0,17454.99351249711
Pinnacles NP,2016-07-01,2016,July,0.19314577718008122,False,18818.0,17463.12216587065
Pinnacles NP,2016-08-01,2016,August,-0.09801025899998585,False,16784.0,17471.52177435669
Pinnacles NP,2016-09-01,2016,September,-0.578908147139632,False,13419.0,17479.921382842702
Pinnacles NP,2016-10-01,2016,October,-0.9729508892475586,False,10663.0,17488.05003621627
Pinnacles NP,2016-11-01,2016,November,-0.5012905093226401,False,13980.0,17496.449644702283
Pinnacles NP,2016-12-01,2016,December,-0.17756448763154178,False,16259.0,17504.578298075852
Pinnacles NP,2017-01-01,2017,January,-0.6866884363932789,False,12696.0,17512.977906561893
Pinnacles NP,2017-02-01,2017,February,-0.5766922776715632,False,13476.0,17521.377515047905
Pinnacles NP,2017-03-01,2017,March,1.5808070459021728,False,28618.0,17528.96425819656
Pinnacles NP,2017-04-01,2017,April,2.457040961410335,False,34773.0,17537.363866682572
Pinnacles NP,2017-05-01,2017,May,1.0307512245320534,False,24776.0,17545.49252005614
Pinnacles NP,2017-06-01,2017,June,0.4279680746152103,False,20556.0,17553.892128542182
Pinnacles NP,2017-07-01,2017,July,0.4480501108262842,False,20705.0,17562.02078191575
Pinnacles NP,2017-08-01,2017,August,-0.24867735196911636,False,15826.0,17570.420390401763
Pinnacles NP,2017-09-01,2017,September,-0.6839573643558952,False,12781.0,17578.819998887775
Pinnacles NP,2017-10-01,2017,October,-0.2506058849961871,False,15829.0,17586.948652261344
Pinnacles NP,2017-11-01,2017,November,-0.30255318519715513,False,15473.0,17595.348260747385
Pinnacles NP,2017-12-01,2017,December,0.03157941440007016,False,17825.0,17603.476914120925
Pinnacles NP,2018-01-01,2018,January,-0.242755030096127,False,15909.0,17611.876522606966
Pinnacles NP,2018-02-01,2018,February,0.1671786617006926,False,18793.0,17620.276131092978
Pinnacles NP,2018-03-01,2018,March,0.6733108830206248,False,22351.0,17627.862874241633
Pinnacles NP,2018-04-01,2018,April,1.1783293345898234,False,25902.0,17636.262482727674
Pinnacles NP,2018-05-01,2018,May,1.0262038898338226,False,24843.0,17644.391136101243
Pinnacles NP,2018-06-01,2018,June,1.3558786314779407,False,27164.0,17652.790744587255
Pinnacles NP,2018-07-01,2018,July,-0.6933802211504375,False,12797.0,17660.919397960824
Pinnacles NP,2018-08-01,2018,August,-0.3631352560594083,False,15122.0,17669.319006446836
Pinnacles NP,2018-09-01,2018,September,-0.6394654826197893,False,13192.0,17677.718614932848
Pinnacles NP,2018-10-01,2018,October,-0.5540928617374238,False,13799.0,17685.847268306417
Pinnacles NP,2018-11-01,2018,November,-0.2627656468980638,False,15851.0,17694.24687679246
Pinnacles NP,2018-12-01,2018,December,-0.18152714600580191,False,16429.0,17702.375530166028
Pinnacles NP,2019-01-01,2019,January,-2.3602653473224855,False,1154.0,17710.77513865204
Pinnacles NP,2019-02-01,2019,February,-0.8530791878074748,False,11735.0,17719.17474713805
Pinnacles NP,2019-03-01,2019,March,0.9913674634122037,False,24681.0,17726.761490286735
Pinnacles NP,2019-04-01,2019,April,-0.21399931402766945,False,16234.0,17735.161098772747
Pinnacles NP,2019-05-01,2019,May,0.235888645292453,False,19398.0,17743.289752146316
Pinnacles NP,2019-06-01,2019,June,0.1866499064643156,False,19061.0,17751.68936063233
Pinnacles NP,2019-07-01,2019,July,-0.6762590648660523,False,13016.0,17759.818014005898
Pinnacles NP,2019-08-01,2019,August,-0.1387378768229313,False,16795.0,17768.21762249191
Pinnacles NP,2019-09-01,2019,September,-0.5148572065927141,False,14165.0,17776.61723097795
Pinnacles NP,2019-10-01,2019,October,-0.5275630185790137,False,14084.0,17784.74588435152
Pinnacles NP,2019-11-01,2019,November,-0.4286862170720594,False,14786.0,17793.14549283753
Pinnacles NP,2019-12-01,2019,December,-0.8106117109331304,False,12115.0,17801.2741462111
Pinnacles NP,2020-01-01,2020,January,0.8766225019439793,False,23959.0,17809.673754697113
Pinnacles NP,2020-02-01,2020,February,0.5991518284897767,False,22021.0,17818.073363183124
Pinnacles NP,2020-03-01,2020,March,0.10136704528362049,False,18537.0,17825.93106144425
Pinnacles NP,2020-04-01,2020,April,-2.309309543064049,False,1635.0,17834.330669930263
Pinnacles NP,2020-05-01,2020,May,-1.8820879657586327,False,4640.0,17842.459323303832
Pinnacles NP,2020-06-01,2020,June,-1.0672956266551181,False,10364.0,17850.858931789873
Pinnacles NP,2020-07-01,2020,July,-1.0479263697526826,False,10508.0,17858.987585163442
Pinnacles NP,2020-08-01,2020,August,-1.3316695011229047,False,8526.0,17867.387193649454
Pinnacles NP,2020-09-01,2020,September,-1.714346400532158,False,5850.0,17875.786802135466
Pinnacles NP,2020-10-01,2020,October,-0.30819372074255036,False,15722.0,17883.915455509035
Pinnacles NP,2020-11-01,2020,November,0.747945692265983,False,23139.0,17892.315063995047
Pinnacles NP,2020-12-01,2020,December,0.41890842310589277,False,20839.0,17900.443717368616
Pinnacles NP,2021-01-01,2021,January,1.2664886104067807,False,26793.0,17908.843325854657
Pinnacles NP,2021-02-01,2021,February,1.9100713595753187,False,31316.0,17917.24293434067
Pinnacles NP,2021-03-01,2021,March,2.919140661070615,False,38402.0,17924.829677489324
Pinnacles NP,2021-04-01,2021,April,3.088297502409327,True,39597.0,17933.229285975365
Pinnacles NP,2021-05-01,2021,May,3.153712302649813,True,40064.0,17941.357939348934
Pinnacles NP,2021-06-01,2021,June,2.719857848880311,False,37029.0,17949.757547834946
Pinnacles NP,2021-07-01,2021,July,1.6456810904694759,False,29502.0,17957.886201208516
Pinnacles NP,2021-08-01,2021,August,0.11386138967314452,False,18765.0,17966.285809694527
Pinnacles NP,2021-09-01,2021,September,0.5340591035143593,False,21721.0,17974.68541818054
Pinnacles NP,2021-10-01,2021,October,0.7790942895317611,False,23448.0,17982.81407155411
Pinnacles NP,2021-11-01,2021,November,0.7406897961949255,False,23187.0,17991.21368004015
Pinnacles NP,2021-12-01,2021,December,0.1473539593916592,False,19033.0,17999.34233341372
Pinnacles NP,2022-01-01,2022,January,1.3851095402412963,False,27724.0,18007.74194189973
Pinnacles NP,2022-02-01,2022,February,1.804309363050417,False,30673.0,18016.141550385742
Pinnacles NP,2022-03-01,2022,March,2.3790109538613784,False,34712.0,18023.728293534397
Pinnacles NP,2022-04-01,2022,April,0.7997201511097151,False,23642.0,18032.12790202044
Pinnacles NP,2022-05-01,2022,May,1.4124069045228833,False,27948.0,18040.256555394008
Pinnacles NP,2022-06-01,2022,June,0.5997815261428538,False,22256.0,18048.65616388002
Pinnacles NP,2022-07-01,2022,July,0.21300913298304072,False,19551.0,18056.78481725359
Pinnacles NP,2022-08-01,2022,August,0.1803068741153178,False,19330.0,18065.1844257396
Pinnacles NP,2022-09-01,2022,September,-0.5952539802155111,False,13898.0,18073.58403422564
Pinnacles NP,2022-10-01,2022,October,-0.1279742057646079,False,17184.0,18081.71268759921
Pinnacles NP,2022-11-01,2022,November,0.5141829847866528,False,21697.0,18090.112296085223
Pinnacles NP,2022-12-01,2022,December,-0.24095375507756547,False,16408.0,18098.240949458792
Pinnacles NP,2023-01-01,2023,January,-0.9897141074035806,False,11164.0,18106.640557944804
Pinnacles NP,2023-02-01,2023,February,0.5392830989557701,False,21898.0,18115.040166430816
Pinnacles NP,2023-03-01,2023,March,1.1385042979838933,False,26109.0,18122.6269095795
Pinnacles NP,2023-04-01,2023,April,5.446770584586697,True,56339.0,18131.02651806551
Pinnacles NP,2023-05-01,2023,May,3.6449887079176246,True,43708.0,18139.15517143908
Pinnacles NP,2023-06-01,2023,June,1.186128238305989,False,26468.0,18147.554779925093
Pinnacles NP,2023-07-01,2023,July,2.9462471227655027,False,38823.0,18155.683433298662
Pinnacles NP,2023-08-01,2023,August,0.5516793467930647,False,22034.0,18164.083041784674
Pinnacles NP,2023-09-01,2023,September,0.4762103294070244,False,21513.0,18172.482650270715
Pinnacles NP,2023-10-01,2023,October,0.6923066754937008,False,23037.0,18180.611303644284
Pinnacles NP,2023-11-01,2023,November,0.8071497335141588,False,23851.0,18189.010912130296
Pinnacles NP,2023-12-01,2023,December,1.1516889110175028,False,26276.0,18197.139565503865
Pinnacles NP,2024-01-01,2024,January,0.47206815162942756,False,21517.0,18205.539173989877
Pinnacles NP,2024-02-01,2024,February,0.2554688311329534,False,20006.0,18213.938782475918
Pinnacles NP,2024-03-01,2024,March,3.752812072845901,True,44547.0,18221.796480737015
Pinnacles NP,2024-04-01,2024,April,2.511663774112368,False,35849.0,18230.196089223056
Pinnacles NP,2024-05-01,2024,May,2.6544864072710053,False,36859.0,18238.324742596596
Pinnacles NP,2024-06-01,2024,June,2.0219090822530705,False,32430.0,18246.724351082637
Pinnacles NP,2024-07-01,2024,July,0.8630541419759746,False,24309.0,18254.853004456207
Pinnacles NP,2024-08-01,2024,August,0.9518094773002614,False,24940.0,18263.25261294222
Pinnacles NP,2024-09-01,2024,September,0.8114775428281167,False,23964.0,18271.65222142823
Pinnacles NP,2024-10-01,2024,October,1.0456784833542125,False,25615.0,18279.7808748018
Pinnacles NP,2024-11-01,2024,November,2.2034602257745997,False,33745.0,18288.18048328784
Pinnacles NP,2024-12-01,2024,December,1.7104837156276418,False,30295.0,18296.30913666141
Pinnacles NP,2025-01-01,2025,January,1.7159864277029453,False,30342.0,18304.70874514742
Pinnacles NP,2025-02-01,2025,February,1.2229712913164437,False,26892.0,18313.108353633434
Pinnacles NP,2025-03-01,2025,March,3.7562478664044257,True,44670.0,18320.69509678209
Pinnacles NP,2025-04-01,2025,April,3.0006448327154764,True,39378.0,18329.09470526813
Pinnacles NP,2025-05-01,2025,May,2.681016250429415,False,37144.0,18337.2233586417
Pinnacles NP,2025-06-01,2025,June,2.1912798988626507,False,33717.0,18345.62296712771
Pinnacles NP,2025-07-01,2025,July,1.3823995991270857,False,28051.0,18353.75162050128
Pinnacles NP,2025-08-01,2025,August,0.7938720353830176,False,23931.0,18362.15122898729
Redwood NP,2016-05-01,2016,May,1.0687346097759396,False,57045.0,31735.488901938195
Redwood NP,2016-06-01,2016,June,1.7374709095575753,False,72858.0,31711.639747639187
Redwood NP,2016-07-01,2016,July,2.3036907642423174,False,86244.0,31688.559920898173
Redwood NP,2016-08-01,2016,August,1.3555705372515203,False,63767.0,31664.710766599164
Redwood NP,2016-09-01,2016,September,0.7475433493473088,False,49344.0,31640.86161230004
Redwood NP,2016-10-01,2016,October,0.63488615046923,False,46653.0,31617.781785559026
Redwood NP,2016-11-01,2016,November,-0.5353882208764843,False,18915.0,31593.932631260017
Redwood NP,2016-12-01,2016,December,-0.34570296136619466,False,23384.0,31570.852804519003
Redwood NP,2017-01-01,2017,January,-0.2836362285769731,False,24830.0,31547.003650219995
Redwood NP,2017-02-01,2017,February,-0.6424842479127824,False,16308.0,31523.15449592087
Redwood NP,2017-03-01,2017,March,-0.5151904226694826,False,19301.0,31501.613324295962
Redwood NP,2017-04-01,2017,April,0.027415021915776976,False,32127.0,31477.764169996954
Redwood NP,2017-05-01,2017,May,0.7480575540203883,False,49170.0,31454.68434325594
Redwood NP,2017-06-01,2017,June,1.2005514334938123,False,59862.0,31430.835188956815
Redwood NP,2017-07-01,2017,July,1.5631968479704086,False,68427.0,31407.7553622158
Redwood NP,2017-08-01,2017,August,0.8598642231133223,False,51747.0,31383.906207916792
Redwood NP,2017-09-01,2017,September,0.5201026271282823,False,43677.0,31360.057053617784
Redwood NP,2017-10-01,2017,October,0.004603661067936306,False,31446.0,31336.97722687677
Redwood NP,2017-11-01,2017,November,-0.4314345836776407,False,21096.0,31313.128072577645
Redwood NP,2017-12-01,2017,December,-0.1807741132856745,False,27009.0,31290.04824583663
Redwood NP,2018-01-01,2018,January,-0.3278557319486301,False,23502.0,31266.199091537623
Redwood NP,2018-02-01,2018,February,-0.6147496243160393,False,16684.0,31242.349937238614
Redwood NP,2018-03-01,2018,March,-0.29992746699135064,False,24118.0,31220.808765613707
Redwood NP,2018-04-01,2018,April,0.05840109373820993,False,32580.0,31196.95961131458
Redwood NP,2018-05-01,2018,May,0.8567827970569255,False,51464.0,31173.879784573568
Redwood NP,2018-06-01,2018,June,1.66503578434068,False,70581.0,31150.03063027456
Redwood NP,2018-07-01,2018,July,1.7591622472960984,False,72787.0,31126.950803533546
Redwood NP,2018-08-01,2018,August,1.1068815822422997,False,57316.0,31103.101649234537
Redwood NP,2018-09-01,2018,September,0.8820607923652448,False,51968.0,31079.252494935412
Redwood NP,2018-10-01,2018,October,0.17814673561650496,False,35275.0,31056.1726681944
Redwood NP,2018-11-01,2018,November,-0.3612622267456588,False,22477.0,31032.32351389539
Redwood NP,2018-12-01,2018,December,-0.30509747749012056,False,23784.0,31009.243687154376
Redwood NP,2019-01-01,2019,January,-0.5851084340031577,False,17129.0,30985.394532855367
Redwood NP,2019-02-01,2019,February,-0.557118567683123,False,17768.0,30961.545378556242
Redwood NP,2019-03-01,2019,March,-8.463084507115958e-05,False,30938.0,30940.004206931335
Redwood NP,2019-04-01,2019,April,0.09555224920933934,False,33179.0,30916.155052632326
Redwood NP,2019-05-01,2019,May,1.3471520539082724,False,62796.0,30893.075225891313
Redwood NP,2019-06-01,2019,June,1.9115041976653258,False,76137.0,30869.226071592188
Redwood NP,2019-07-01,2019,July,1.6427774839543685,False,69750.0,30846.146244851174
Redwood NP,2019-08-01,2019,August,1.0305276360167952,False,55227.0,30822.297090552165
Redwood NP,2019-09-01,2019,September,1.0459339754374208,False,55568.0,30798.447936253157
Redwood NP,2019-10-01,2019,October,0.47600492154710167,False,42048.0,30775.368109512143
Redwood NP,2019-11-01,2019,November,-0.2669362544228693,False,24430.0,30751.518955213018
Redwood NP,2019-12-01,2019,December,-0.4634977081637536,False,19752.0,30728.439128472004
Redwood NP,2020-01-01,2020,January,-0.277707036397169,False,24128.0,30704.589974172995
Redwood NP,2020-02-01,2020,February,-0.40029722686665337,False,21201.0,30680.740819873987
Redwood NP,2020-03-01,2020,March,-0.9112259795779571,False,9079.0,30658.430320690968
Redwood NP,2020-04-01,2020,April,-1.0735091743609984,False,5212.0,30634.58116639196
Redwood NP,2020-05-01,2020,May,-0.22606016145467328,False,25258.0,30611.501339650946
Redwood NP,2020-06-01,2020,June,-0.04981270136347577,False,29408.0,30587.652185351937
Redwood NP,2020-07-01,2020,July,0.361519983297728,False,39126.0,30564.572358610923
Redwood NP,2020-08-01,2020,August,0.33558648099179256,False,38488.0,30540.7232043118
Redwood NP,2020-09-01,2020,September,-0.3873815130204043,False,21343.0,30516.87405001279
Redwood NP,2020-10-01,2020,October,-0.36571589623739365,False,21833.0,30493.794223271776
Redwood NP,2020-11-01,2020,November,-0.6118188926825732,False,15981.0,30469.945068972767
Redwood NP,2020-12-01,2020,December,-0.689428013283788,False,14120.0,30446.865242231754
Redwood NP,2021-01-01,2021,January,-0.4489961206855576,False,19790.0,30423.01608793263
Redwood NP,2021-02-01,2021,February,-0.45145163320603254,False,19708.0,30399.16693363362
Redwood NP,2021-03-01,2021,March,-0.4109756982485547,False,20645.0,30377.625762008713
Redwood NP,2021-04-01,2021,April,-0.25605267132580556,False,24290.0,30353.776607709588
Redwood NP,2021-05-01,2021,May,0.5495920072502841,False,43346.0,30330.696780968574
Redwood NP,2021-06-01,2021,June,0.9592681139854622,False,53024.0,30306.847626669565
Redwood NP,2021-07-01,2021,July,1.1101049011888664,False,56573.0,30283.76779992855
Redwood NP,2021-08-01,2021,August,1.1764787472121123,False,58121.0,30259.918645629543
Redwood NP,2021-09-01,2021,September,1.1692938554542824,False,57927.0,30236.069491330418
Redwood NP,2021-10-01,2021,October,0.3587154062629422,False,38708.0,30212.989664589404
Redwood NP,2021-11-01,2021,November,-0.2686093379937163,False,23828.0,30189.140510290395
Redwood NP,2021-12-01,2021,December,-0.4326985360780845,False,19919.0,30166.06068354938
Redwood NP,2022-01-01,2022,January,-0.4016683545340376,False,20630.0,30142.211529250373
Redwood NP,2022-02-01,2022,February,-0.4187342707699281,False,20202.0,30118.362374951364
Redwood NP,2022-03-01,2022,March,-0.11429985712729301,False,27390.0,30096.82120332634
Redwood NP,2022-04-01,2022,April,0.16806304960216842,False,34053.0,30072.972049027332
Redwood NP,2022-05-01,2022,May,0.6265206202356374,False,44887.0,30049.89222228632
Redwood NP,2022-06-01,2022,June,1.254550477295711,False,59736.0,30026.04306798731
Redwood NP,2022-07-01,2022,July,1.6274569556533651,False,68544.0,30002.963241246296
Redwood NP,2022-08-01,2022,August,1.2678066309112181,False,60003.0,29979.11408694717
Redwood NP,2022-09-01,2022,September,0.8444785928660412,False,49954.0,29955.264932648162
Redwood NP,2022-10-01,2022,October,0.34084530149942865,False,38004.0,29932.18510590715
Redwood NP,2022-11-01,2022,November,-0.4224490958313285,False,19904.0,29908.33595160814
Redwood NP,2022-12-01,2022,December,-0.6246266874165777,False,15093.0,29885.256124867126
Redwood NP,2023-01-01,2023,January,-0.6147098060393115,False,15304.0,29861.406970568
Redwood NP,2023-02-01,2023,February,-0.4347464051187596,False,19542.0,29837.557816268993
Redwood NP,2023-03-01,2023,March,-0.3210917717832032,False,22212.0,29816.016644644085
Redwood NP,2023-04-01,2023,April,0.111977871536778,False,32444.0,29792.16749034496
Redwood NP,2023-05-01,2023,May,0.8455839699437957,False,49794.0,29769.087663603947
Redwood NP,2023-06-01,2023,June,1.0918009067877203,False,55601.0,29745.238509304938
Redwood NP,2023-07-01,2023,July,0.7993428436892963,False,48652.0,29722.158682563924
Redwood NP,2023-08-01,2023,August,0.6880693821092089,False,45993.0,29698.309528264916
Redwood NP,2023-09-01,2023,September,0.7183817114475901,False,46687.0,29674.46037396579
Redwood NP,2023-10-01,2023,October,0.4615206724303663,False,40581.0,29651.380547224777
Redwood NP,2023-11-01,2023,November,-0.4135053093830196,False,19835.0,29627.531392925768
Redwood NP,2023-12-01,2023,December,-0.7239519042235447,False,12460.0,29604.451566184754
Redwood NP,2024-01-01,2024,January,-0.45641053421116684,False,18772.0,29580.602411885746
Redwood NP,2024-02-01,2024,February,-0.35329954589771423,False,21190.0,29556.753257586737
Redwood NP,2024-03-01,2024,March,0.2175749753367373,False,34687.0,29534.44275840372
Redwood NP,2024-04-01,2024,April,0.6645371701664584,False,45248.0,29510.59360410471
Redwood NP,2024-05-01,2024,May,1.5871073050662061,False,67073.0,29487.513777363696
Redwood NP,2024-06-01,2024,June,2.3531336920163946,False,85190.0,29463.66462306457
Redwood NP,2024-07-01,2024,July,2.3335016936731727,False,84702.0,29440.584796323557
Redwood NP,2024-08-01,2024,August,1.8115745438491075,False,72318.0,29416.73564202455
Redwood NP,2024-09-01,2024,September,1.942175048979715,False,75387.0,29392.88648772554
Redwood NP,2024-10-01,2024,October,0.9470241297303361,False,51797.0,29369.806660984526
Redwood NP,2024-11-01,2024,November,0.11798291568021385,False,32140.0,29345.9575066854
Redwood NP,2024-12-01,2024,December,0.2135028564466402,False,34379.0,29322.877679944388
Redwood NP,2025-01-01,2025,January,0.8063157288285157,False,48394.0,29299.02852564538
Redwood NP,2025-02-01,2025,February,0.5210686738741157,False,41615.0,29275.17937134637
Redwood NP,2025-03-01,2025,March,1.0719797536638047,False,54640.0,29253.638199721347
Redwood NP,2025-04-01,2025,April,1.5931340852796099,False,66958.0,29229.789045422338
Redwood NP,2025-05-01,2025,May,3.824686603919725,True,119782.0,29206.709218681324
Redwood NP,2025-06-01,2025,June,8.143236876933235,True,222029.0,29182.860064382316
Redwood NP,2025-07-01,2025,July,7.187356695994079,True,199369.0,29159.780237641302
Redwood NP,2025-08-01,2025,August,6.274833493084486,True,177735.0,29135.931083342177
Rocky Mountain NP,2016-05-01,2016,May,0.06759971720289706,False,285868.0,270982.11573966267
Rocky Mountain NP,2016-06-01,2016,June,1.9520550504098895,False,700990.0,271135.1610663966
Rocky Mountain NP,2016-07-01,2016,July,2.9119226033926022,False,912507.0,271283.2694471064
Rocky Mountain NP,2016-08-01,2016,August,2.2770132516444606,False,772849.0,271436.3147738399
Rocky Mountain NP,2016-09-01,2016,September,1.9959493465364606,False,711110.0,271589.36010057386
Rocky Mountain NP,2016-10-01,2016,October,0.5757670236866689,False,398525.0,271737.46848128363
Rocky Mountain NP,2016-11-01,2016,November,-0.5146878578328974,False,158553.0,271890.5138080176
Rocky Mountain NP,2016-12-01,2016,December,-0.8183581226828969,False,91831.0,272038.6221887274
Rocky Mountain NP,2017-01-01,2017,January,-0.8019282816006733,False,95602.0,272191.66751546087
Rocky Mountain NP,2017-02-01,2017,February,-0.7879552275233198,False,98832.0,272344.71284219483
Rocky Mountain NP,2017-03-01,2017,March,-0.5784255115974121,False,145110.0,272482.94733085716
Rocky Mountain NP,2017-04-01,2017,April,-0.5189496741766605,False,158360.0,272635.9926575911
Rocky Mountain NP,2017-05-01,2017,May,-0.04342337443647624,False,263222.0,272784.1010383009
Rocky Mountain NP,2017-06-01,2017,June,2.1266868071387575,False,741247.0,272937.14636503486
Rocky Mountain NP,2017-07-01,2017,July,2.780995449937449,False,885478.0,273085.25474574463
Rocky Mountain NP,2017-08-01,2017,August,2.31322481485136,False,782625.0,273238.30007247813
Rocky Mountain NP,2017-09-01,2017,September,1.8517573597333965,False,681160.0,273391.3453992121
Rocky Mountain NP,2017-10-01,2017,October,0.2678694643540477,False,332526.0,273539.45377992187
Rocky Mountain NP,2017-11-01,2017,November,-0.6061111477846332,False,140223.0,273692.49910665536
Rocky Mountain NP,2017-12-01,2017,December,-0.7311807174138255,False,112830.0,273840.6074873656
Rocky Mountain NP,2018-01-01,2018,January,-0.7382697301175759,False,111422.0,273993.6528140991
Rocky Mountain NP,2018-02-01,2018,February,-0.8623808210624491,False,84245.0,274146.69814083306
Rocky Mountain NP,2018-03-01,2018,March,-0.535184177071592,False,156434.0,274284.9326294954
Rocky Mountain NP,2018-04-01,2018,April,-0.5561283785957745,False,151975.0,274437.97795622936
Rocky Mountain NP,2018-05-01,2018,May,0.1426249488917235,False,305993.0,274586.08633693913
Rocky Mountain NP,2018-06-01,2018,June,2.0257497116875767,False,720822.0,274739.1316636731
Rocky Mountain NP,2018-07-01,2018,July,2.983755374333883,False,931929.0,274887.24004438287
Rocky Mountain NP,2018-08-01,2018,August,2.3762521400984564,False,798306.0,275040.28537111636
Rocky Mountain NP,2018-09-01,2018,September,2.312770556181299,False,784480.0,275193.3306978503
Rocky Mountain NP,2018-10-01,2018,October,0.1699113934411172,False,312757.0,275341.4390785601
Rocky Mountain NP,2018-11-01,2018,November,-0.681840064559247,False,125349.0,275494.4844052936
Rocky Mountain NP,2018-12-01,2018,December,-0.7668335799962747,False,106781.0,275642.59278600384
Rocky Mountain NP,2019-01-01,2019,January,-0.7158906497513937,False,118152.0,275795.63811273733
Rocky Mountain NP,2019-02-01,2019,February,-0.799594179200303,False,99873.0,275948.6834394713
Rocky Mountain NP,2019-03-01,2019,March,-0.5888701287415296,False,146414.0,276086.9179281336
Rocky Mountain NP,2019-04-01,2019,April,-0.5266922797350173,False,160259.0,276239.9632548676
Rocky Mountain NP,2019-05-01,2019,May,0.01799643420875528,False,280351.0,276388.07163557736
Rocky Mountain NP,2019-06-01,2019,June,1.9149445974534431,False,698224.0,276541.11696231086
Rocky Mountain NP,2019-07-01,2019,July,3.1665885309348245,True,973992.0,276689.2253430211
Rocky Mountain NP,2019-08-01,2019,August,2.5121747426138388,False,830039.0,276842.2706697546
Rocky Mountain NP,2019-09-01,2019,September,2.1585425263454097,False,752320.0,276995.31599648856
Rocky Mountain NP,2019-10-01,2019,October,0.43985831180617146,False,374003.0,277143.42437719833
Rocky Mountain NP,2019-11-01,2019,November,-0.6989830124802499,False,123376.0,277296.4697039318
Rocky Mountain NP,2019-12-01,2019,December,-0.7465479909595641,False,113050.0,277444.57808464207
Rocky Mountain NP,2020-01-01,2020,January,-0.6845018366353809,False,126866.0,277597.62341137556
Rocky Mountain NP,2020-02-01,2020,February,-0.758759678523984,False,110667.0,277750.6687381095
Rocky Mountain NP,2020-03-01,2020,March,-0.8183409478074931,False,97690.0,277893.8401727956
Rocky Mountain NP,2020-04-01,2020,April,-1.2626653882426895,False,0.0,278046.88549952954
Rocky Mountain NP,2020-05-01,2020,May,-0.9770110320524876,False,63051.0,278194.9938802393
Rocky Mountain NP,2020-06-01,2020,June,0.9673063460679475,False,491355.0,278348.0392069728
Rocky Mountain NP,2020-07-01,2020,July,2.0207497826408845,False,723478.0,278496.14758768305
Rocky Mountain NP,2020-08-01,2020,August,1.370164222499388,False,580368.0,278649.19291441655
Rocky Mountain NP,2020-09-01,2020,September,1.0045886609023043,False,500019.0,278802.23824115004
Rocky Mountain NP,2020-10-01,2020,October,0.08498690798525792,False,297665.0,278950.3466218603
Rocky Mountain NP,2020-11-01,2020,November,-0.5505218816272882,False,157875.0,279103.3919485938
Rocky Mountain NP,2020-12-01,2020,December,-0.5589599158664109,False,156165.0,279251.500329304
Rocky Mountain NP,2021-01-01,2021,January,-0.6298164019941133,False,140715.0,279404.5456560375
Rocky Mountain NP,2021-02-01,2021,February,-0.662045475435294,False,133771.0,279557.590982771
Rocky Mountain NP,2021-03-01,2021,March,-0.5625489371950709,False,155819.0,279695.8254714338
Rocky Mountain NP,2021-04-01,2021,April,-0.4362130719135556,False,183792.0,279848.8707981678
Rocky Mountain NP,2021-05-01,2021,May,0.2500519667321914,False,335060.0,279996.97917887755
Rocky Mountain NP,2021-06-01,2021,June,1.7759798802823705,False,671232.0,280150.02450561104
Rocky Mountain NP,2021-07-01,2021,July,2.8358354855260535,False,904767.0,280298.1328863213
Rocky Mountain NP,2021-08-01,2021,August,2.1157060507218026,False,746343.0,280451.1782130548
Rocky Mountain NP,2021-09-01,2021,September,1.0927424232990035,False,521233.0,280604.2235397883
Rocky Mountain NP,2021-10-01,2021,October,0.3268919414056531,False,352736.0,280752.3319204985
Rocky Mountain NP,2021-11-01,2021,November,-0.5263853584313759,False,164992.0,280905.377247232
Rocky Mountain NP,2021-12-01,2021,December,-0.7114486676563401,False,124388.0,281053.48562794225
Rocky Mountain NP,2022-01-01,2022,January,-0.6851553489871044,False,130331.0,281206.53095467575
Rocky Mountain NP,2022-02-01,2022,February,-0.8185531856342957,False,101109.0,281359.57628140924
Rocky Mountain NP,2022-03-01,2022,March,-0.6164483250743038,False,145752.0,281497.81077007204
Rocky Mountain NP,2022-04-01,2022,April,-0.5812043092024894,False,153666.0,281650.85609680554
Rocky Mountain NP,2022-05-01,2022,May,0.021184840386113086,False,286464.0,281798.9644775158
Rocky Mountain NP,2022-06-01,2022,June,1.5708359615396768,False,627860.0,281952.0098042493
Rocky Mountain NP,2022-07-01,2022,July,2.405747966969798,False,811861.0,282100.1181849595
Rocky Mountain NP,2022-08-01,2022,August,1.7405397558935969,False,665531.0,282253.163511693
Rocky Mountain NP,2022-09-01,2022,September,1.6732344849928944,False,650863.0,282406.2088384265
Rocky Mountain NP,2022-10-01,2022,October,0.8737382823618957,False,474957.0,282554.31721913675
Rocky Mountain NP,2022-11-01,2022,November,-0.6859583758915346,False,131655.0,282707.36254587024
Rocky Mountain NP,2022-12-01,2022,December,-0.737855655299951,False,120375.0,282855.4709265805
Rocky Mountain NP,2023-01-01,2023,January,-0.7535320695308836,False,117076.0,283008.516253314
Rocky Mountain NP,2023-02-01,2023,February,-0.7566112062174463,False,116551.0,283161.5615800475
Rocky Mountain NP,2023-03-01,2023,March,-0.5798371366244679,False,155616.0,283299.7960687103
Rocky Mountain NP,2023-04-01,2023,April,-0.5387849311422538,False,164809.0,283452.8413954438
Rocky Mountain NP,2023-05-01,2023,May,0.23233689488420356,False,334763.0,283600.949776154
Rocky Mountain NP,2023-06-01,2023,June,1.3285268952039317,False,576304.0,283753.9951028875
Rocky Mountain NP,2023-07-01,2023,July,2.04544954765719,False,734323.0,283902.10348359775
Rocky Mountain NP,2023-08-01,2023,August,1.692030767598058,False,656651.0,284055.14881033124
Rocky Mountain NP,2023-09-01,2023,September,1.4121248674553863,False,595167.0,284208.19413706474
Rocky Mountain NP,2023-10-01,2023,October,0.4949163248000137,False,393340.0,284356.302517775
Rocky Mountain NP,2023-11-01,2023,November,-0.6189302570191357,False,148217.0,284509.3478445085
Rocky Mountain NP,2023-12-01,2023,December,-0.7340273603586971,False,123020.0,284657.4562252187
Rocky Mountain NP,2024-01-01,2024,January,-0.7898025347615065,False,110891.0,284810.5015519522
Rocky Mountain NP,2024-02-01,2024,February,-0.8139028674656931,False,105737.0,284963.5468786857
Rocky Mountain NP,2024-03-01,2024,March,-0.6335046371701745,False,145605.0,285106.7183133722
Rocky Mountain NP,2024-04-01,2024,April,-0.5738199047360677,False,158901.0,285259.7636401057
Rocky Mountain NP,2024-05-01,2024,May,0.1788964541356198,False,324802.0,285407.87202081596
Rocky Mountain NP,2024-06-01,2024,June,1.6153809724032069,False,641278.0,285560.91734754946
Rocky Mountain NP,2024-07-01,2024,July,2.147136360302866,False,758522.0,285709.0257282597
Rocky Mountain NP,2024-08-01,2024,August,1.5361545699755188,False,624133.0,285862.0710549932
Rocky Mountain NP,2024-09-01,2024,September,1.497227232519217,False,615714.0,286015.1163817267
Rocky Mountain NP,2024-10-01,2024,October,0.5107699929373495,False,398638.0,286163.22476243693
Rocky Mountain NP,2024-11-01,2024,November,-0.66401035603766,False,140097.0,286316.27008917043
Rocky Mountain NP,2024-12-01,2024,December,-0.7103946235719361,False,130031.0,286464.37846988067
Rocky Mountain NP,2025-01-01,2025,January,-0.8629018127449777,False,96601.0,286617.42379661417
Rocky Mountain NP,2025-02-01,2025,February,-0.8430161215505458,False,101133.0,286770.46912334766
Rocky Mountain NP,2025-03-01,2025,March,-0.5654047960553561,False,162403.0,286908.70361201046
Rocky Mountain NP,2025-04-01,2025,April,-0.5168051229167819,False,173258.0,287061.74893874396
Rocky Mountain NP,2025-05-01,2025,May,0.1458911087876219,False,319336.0,287209.8573194542
Rocky Mountain NP,2025-06-01,2025,June,1.5095530089220022,False,619776.0,287362.9026461877
Rocky Mountain NP,2025-07-01,2025,July,2.1602559421423826,False,763213.0,287511.01102689793
Rocky Mountain NP,2025-08-01,2025,August,1.7622244531445737,False,675717.0,287664.05635363143
Saguaro NP,2016-05-01,2016,May,-0.11927967201894983,False,57396.0,60127.1400521358
Saguaro NP,2016-06-01,2016,June,-0.9850521601223504,False,37587.0,60141.68482111191
Saguaro NP,2016-07-01,2016,July,-0.8780979594233294,False,40050.0,60155.76040399197
Saguaro NP,2016-08-01,2016,August,-0.7827378464840742,False,42248.0,60170.305172968074
Saguaro NP,2016-09-01,2016,September,-0.9311220442831754,False,38865.0,60184.84994194412
Saguaro NP,2016-10-01,2016,October,-0.3979974468479258,False,51086.0,60198.92552482424
Saguaro NP,2016-11-01,2016,November,0.3192797033452701,False,67524.0,60213.47029380029
Saguaro NP,2016-12-01,2016,December,1.3857068950156233,False,91956.0,60227.54587668035
Saguaro NP,2017-01-01,2017,January,2.036337598660396,False,106868.0,60242.090645656455
Saguaro NP,2017-02-01,2017,February,3.0205062526919892,True,129417.0,60256.63541463256
Saguaro NP,2017-03-01,2017,March,3.4670227172439336,True,139654.0,60269.77262532059
Saguaro NP,2017-04-01,2017,April,1.7054975301181823,False,99335.0,60284.3173942967
Saguaro NP,2017-05-01,2017,May,0.058287559377285664,False,61633.0,60298.39297717676
Saguaro NP,2017-06-01,2017,June,-0.6549754979613149,False,45316.0,60312.937746152864
Saguaro NP,2017-07-01,2017,July,-0.37799861285010417,False,51672.0,60327.013329032925
Saguaro NP,2017-08-01,2017,August,-0.17948063179330417,False,56232.0,60341.55809800897
Saguaro NP,2017-09-01,2017,September,-0.7547340095165646,False,43075.0,60356.10286698508
Saguaro NP,2017-10-01,2017,October,-0.026299511056058895,False,59768.0,60370.17844986514
Saguaro NP,2017-11-01,2017,November,0.9355517549111552,False,81806.0,60384.723218841245
Saguaro NP,2017-12-01,2017,December,1.2921025755474134,False,89984.0,60398.79880172131
Saguaro NP,2018-01-01,2018,January,1.9244775684076252,False,104478.0,60413.34357069741
Saguaro NP,2018-02-01,2018,February,3.093605397493324,True,131262.0,60427.88833967346
Saguaro NP,2018-03-01,2018,March,4.042372278366916,True,152999.0,60441.02555036155
Saguaro NP,2018-04-01,2018,April,1.6805923328129275,False,98936.0,60455.570319337596
Saguaro NP,2018-05-01,2018,May,0.07295096008832526,False,62140.0,60469.645902217715
Saguaro NP,2018-06-01,2018,June,-0.7757013399108914,False,42723.0,60484.19067119376
Saguaro NP,2018-07-01,2018,July,-0.46369794750490123,False,49881.0,60498.266254073824
Saguaro NP,2018-08-01,2018,August,-0.48534034459396774,False,49400.0,60512.81102304993
Saguaro NP,2018-09-01,2018,September,-0.7376685415970301,False,43637.0,60527.355792026035
Saguaro NP,2018-10-01,2018,October,0.10104267870801165,False,62855.0,60541.4313749061
Saguaro NP,2018-11-01,2018,November,1.56117003161555,False,96302.0,60555.976143882144
Saguaro NP,2018-12-01,2018,December,0.0970412561112033,False,62792.0,60570.05172676226
Saguaro NP,2019-01-01,2019,January,-0.5073426457587102,False,48968.0,60584.59649573831
Saguaro NP,2019-02-01,2019,February,3.8770176528212055,True,149371.0,60599.14126471442
Saguaro NP,2019-03-01,2019,March,5.488187321899186,True,186275.0,60612.27847540245
Saguaro NP,2019-04-01,2019,April,2.4970657677195467,False,117802.0,60626.82324437855
Saguaro NP,2019-05-01,2019,May,0.6637174252949222,False,75838.0,60640.898827258614
Saguaro NP,2019-06-01,2019,June,-0.4880320824671012,False,49481.0,60655.44359623472
Saguaro NP,2019-07-01,2019,July,-0.5291762436590988,False,48553.0,60669.51917911478
Saguaro NP,2019-08-01,2019,August,-0.4094460670409322,False,51309.0,60684.06394809089
Saguaro NP,2019-09-01,2019,September,-0.693830942790087,False,44812.0,60698.608717066934
Saguaro NP,2019-10-01,2019,October,0.16667357818838988,False,64529.0,60712.684299946995
Saguaro NP,2019-11-01,2019,November,1.1497503834888492,False,87053.0,60727.2290689231
Saguaro NP,2019-12-01,2019,December,1.5501498491674497,False,96235.0,60741.30465180316
Saguaro NP,2020-01-01,2020,January,2.765135324960775,False,124069.0,60755.84942077927
Saguaro NP,2020-02-01,2020,February,3.732096442989699,True,146224.0,60770.394189755316
Saguaro NP,2020-03-01,2020,March,1.6647198977689284,False,98901.0,60784.00058653939
Saguaro NP,2020-04-01,2020,April,-1.6586730622694168,False,22820.0,60798.545355515496
Saguaro NP,2020-05-01,2020,May,-1.681998252169307,False,22300.0,60812.62093839556
Saguaro NP,2020-06-01,2020,June,-1.7672735933088644,False,20362.0,60827.16570737166
Saguaro NP,2020-07-01,2020,July,-1.5369841599409442,False,25649.0,60841.241290251724
Saguaro NP,2020-08-01,2020,August,-1.596491871025736,False,24301.0,60855.78605922777
Saguaro NP,2020-09-01,2020,September,-1.6131554379008315,False,23934.0,60870.33082820388
Saguaro NP,2020-10-01,2020,October,-1.0016361015701567,False,37950.0,60884.40641108394
Saguaro NP,2020-11-01,2020,November,-0.37218726330938395,False,52377.0,60898.951180060045
Saguaro NP,2020-12-01,2020,December,4.473346756562042,True,163339.0,60913.026762940106
Saguaro NP,2021-01-01,2021,January,5.484462237278023,True,186505.0,60927.57153191621
Saguaro NP,2021-02-01,2021,February,5.1004134093509546,True,177726.0,60942.11630089226
Saguaro NP,2021-03-01,2021,March,6.116743889707119,True,201010.0,60955.25351158035
Saguaro NP,2021-04-01,2021,April,2.7644387752683475,False,124267.0,60969.798280556395
Saguaro NP,2021-05-01,2021,May,-1.0199559017942839,False,37630.0,60983.873863436515
Saguaro NP,2021-06-01,2021,June,-1.79894825274715,False,19808.0,60998.41863241256
Saguaro NP,2021-07-01,2021,July,-0.9920753414419763,False,38297.0,61012.49421529262
Saguaro NP,2021-08-01,2021,August,-1.039878434129014,False,37217.0,61027.03898426873
Saguaro NP,2021-09-01,2021,September,-0.9551310908563789,False,39172.0,61041.58375324478
Saguaro NP,2021-10-01,2021,October,-0.19394113046185515,False,56615.0,61055.659336124896
Saguaro NP,2021-11-01,2021,November,0.5085305509371635,False,72714.0,61070.204105100944
Saguaro NP,2021-12-01,2021,December,1.2115468109368666,False,88825.0,61084.27968798106
Saguaro NP,2022-01-01,2022,January,1.6999287931351263,False,100022.0,61098.82445695711
Saguaro NP,2022-02-01,2022,February,2.318197100389087,False,114193.0,61113.36922593322
Saguaro NP,2022-03-01,2022,March,3.115721095025996,True,132467.0,61126.50643662125
Saguaro NP,2022-04-01,2022,April,2.112026275205746,False,109500.0,61141.05120559735
Saguaro NP,2022-05-01,2022,May,0.19141738218889034,False,65538.0,61155.12678847741
Saguaro NP,2022-06-01,2022,June,-1.0190735873081433,False,37836.0,61169.67155745352
Saguaro NP,2022-07-01,2022,July,-1.0361970764151924,False,37458.0,61183.74714033358
Saguaro NP,2022-08-01,2022,August,-0.9826766068529929,False,38698.0,61198.291909309686
Saguaro NP,2022-09-01,2022,September,-1.0534958707923332,False,37091.0,61212.836678285734
Saguaro NP,2022-10-01,2022,October,0.08844357912324888,False,63252.0,61226.912261165795
Saguaro NP,2022-11-01,2022,November,1.0946675775237495,False,86306.0,61241.4570301419
Saguaro NP,2022-12-01,2022,December,1.073395063238391,False,85833.0,61255.53261302196
Saguaro NP,2023-01-01,2023,January,1.9727489078354938,False,106440.0,61270.07738199807
Saguaro NP,2023-02-01,2023,February,2.714003056164393,False,123427.0,61284.622150974115
Saguaro NP,2023-03-01,2023,March,4.238043196497877,True,158336.0,61297.7593616622
Saguaro NP,2023-04-01,2023,April,2.3522219498198313,False,115171.0,61312.30413063825
Saguaro NP,2023-05-01,2023,May,0.705841784114594,False,77488.0,61326.37971351837
Saguaro NP,2023-06-01,2023,June,-0.09721491287246602,False,59115.0,61340.92448249442
Saguaro NP,2023-07-01,2023,July,-1.1249972614664125,False,35596.0,61355.00006537454
Saguaro NP,2023-08-01,2023,August,-1.1340615611728126,False,35403.0,61369.544834350585
Saguaro NP,2023-09-01,2023,September,-0.9412648674671574,False,39832.0,61384.08960332669
Saguaro NP,2023-10-01,2023,October,0.12433251916753384,False,64245.0,61398.16518620675
Saguaro NP,2023-11-01,2023,November,0.910745531016136,False,82266.0,61412.7099551828
Saguaro NP,2023-12-01,2023,December,2.2780425590377775,False,113587.0,61426.78553806292
Saguaro NP,2024-01-01,2024,January,1.5555206244591628,False,97058.0,61441.33030703897
Saguaro NP,2024-02-01,2024,February,2.53833538606415,False,119576.0,61455.87507601507
Saguaro NP,2024-03-01,2024,March,4.113278860007982,True,155651.0,61469.48147279915
Saguaro NP,2024-04-01,2024,April,1.9182023787235363,False,105405.0,61484.026241775195
Saguaro NP,2024-05-01,2024,May,0.6651061259727733,False,76727.0,61498.101824655314
Saguaro NP,2024-06-01,2024,June,-0.7094678708390785,False,45268.0,61512.64659363136
Saguaro NP,2024-07-01,2024,July,-1.1530674743270761,False,35125.0,61526.72217651142
Saguaro NP,2024-08-01,2024,August,-1.1606468597591364,False,34966.0,61541.26694548753
Saguaro NP,2024-09-01,2024,September,-0.7891800396907075,False,43486.0,61555.811714463576
Saguaro NP,2024-10-01,2024,October,-0.31335566366537143,False,54395.0,61569.887297343696
Saguaro NP,2024-11-01,2024,November,0.9598035125227772,False,83561.0,61584.43206631974
Saguaro NP,2024-12-01,2024,December,1.4653698479842039,False,95151.0,61598.50764919986
Saguaro NP,2025-01-01,2025,January,2.0300502195141092,False,108095.0,61613.05241817591
Saguaro NP,2025-02-01,2025,February,1.7456216698157065,False,101597.0,61627.597187152016
Saguaro NP,2025-03-01,2025,March,0.2981299774440876,False,68467.0,61640.734397840046
Saguaro NP,2025-04-01,2025,April,0.7540185414037964,False,78920.0,61655.27916681615
Saguaro NP,2025-05-01,2025,May,0.1527123071908009,False,65166.0,61669.35474969621
Saguaro NP,2025-06-01,2025,June,-0.8114139146131524,False,43105.0,61683.89951867232
Saguaro NP,2025-07-01,2025,July,-1.1814229136227168,False,34647.0,61697.97510155238
Saguaro NP,2025-08-01,2025,August,-1.3150889905261314,False,31601.0,61712.51987052843
Sequoia NP,2016-05-01,2016,May,0.8058679314195316,False,127056.0,81735.58293474918
Sequoia NP,2016-06-01,2016,June,1.3974223322082033,False,160327.0,81738.73455008598
Sequoia NP,2016-07-01,2016,July,2.484693003399679,False,221476.0,81741.78450041193
Sequoia NP,2016-08-01,2016,August,1.9544084828903105,False,191657.0,81744.93611574873
Sequoia NP,2016-09-01,2016,September,1.223939106207645,False,150580.0,81748.08773108553
Sequoia NP,2016-10-01,2016,October,0.19431449160847736,False,92679.0,81751.13768141148
Sequoia NP,2016-11-01,2016,November,-0.43104805572258387,False,57513.0,81754.28929674828
Sequoia NP,2016-12-01,2016,December,-0.6399467668278167,False,45768.0,81757.33924707421
Sequoia NP,2017-01-01,2017,January,-0.9403512179990798,False,28877.0,81760.49086241102
Sequoia NP,2017-02-01,2017,February,-0.9683420969039618,False,27306.0,81763.64247774782
Sequoia NP,2017-03-01,2017,March,-0.41177639229243646,False,58609.0,81766.48909805203
Sequoia NP,2017-04-01,2017,April,0.2199821264397267,False,94141.0,81769.64071338883
Sequoia NP,2017-05-01,2017,May,0.8857230232090854,False,131584.0,81772.69066371478
Sequoia NP,2017-06-01,2017,June,1.561971016994152,False,169618.0,81775.84227905158
Sequoia NP,2017-07-01,2017,July,2.6783323281482776,False,232403.0,81778.89222937751
Sequoia NP,2017-08-01,2017,August,2.108092631602189,False,200337.0,81782.04384471432
Sequoia NP,2017-09-01,2017,September,1.1636043413556747,False,147224.0,81785.19546005112
Sequoia NP,2017-10-01,2017,October,0.13271723565788376,False,89252.0,81788.24541037706
Sequoia NP,2017-11-01,2017,November,-0.41588229656391074,False,58403.0,81791.39702571386
Sequoia NP,2017-12-01,2017,December,-0.5030839783877397,False,53502.0,81794.4469760398
Sequoia NP,2018-01-01,2018,January,-0.7489523704114184,False,39678.0,81797.5985913766
Sequoia NP,2018-02-01,2018,February,-0.7211624806348619,False,41244.0,81800.7502067134
Sequoia NP,2018-03-01,2018,March,-0.28218626384302203,False,65934.0,81803.59682701762
Sequoia NP,2018-04-01,2018,April,0.042004529073763175,False,84169.0,81806.74844235442
Sequoia NP,2018-05-01,2018,May,0.8868946908942832,False,131687.0,81809.79839268036
Sequoia NP,2018-06-01,2018,June,1.3198553155051576,False,156039.0,81812.95000801717
Sequoia NP,2018-07-01,2018,July,1.9927444013117936,False,193884.0,81815.9999583431
Sequoia NP,2018-08-01,2018,August,1.824279160729078,False,184413.0,81819.1515736799
Sequoia NP,2018-09-01,2018,September,0.9558248414362875,False,135576.0,81822.3031890167
Sequoia NP,2018-10-01,2018,October,0.02874651086193836,False,83442.0,81825.35313934265
Sequoia NP,2018-11-01,2018,November,-0.4843432365154722,False,54590.0,81828.50475467945
Sequoia NP,2018-12-01,2018,December,-0.4070832257876196,False,58938.0,81831.55470500539
Sequoia NP,2019-01-01,2019,January,-0.8145860415646538,False,36024.0,81834.7063203422
Sequoia NP,2019-02-01,2019,February,-0.9442163446911175,False,28737.0,81837.857935679
Sequoia NP,2019-03-01,2019,March,-0.3289181316464423,False,63343.0,81840.7045559832
Sequoia NP,2019-04-01,2019,April,0.1993338985633577,False,93054.0,81843.85617132
Sequoia NP,2019-05-01,2019,May,0.6751499020313316,False,119816.0,81846.90612164595
Sequoia NP,2019-06-01,2019,June,1.2808406468116333,False,153882.0,81850.05773698275
Sequoia NP,2019-07-01,2019,July,1.9876213950686428,False,193633.0,81853.10768730869
Sequoia NP,2019-08-01,2019,August,1.9254365671123084,False,190139.0,81856.2593026455
Sequoia NP,2019-09-01,2019,September,1.1163193294548255,False,144639.0,81859.4109179823
Sequoia NP,2019-10-01,2019,October,0.6459071452868208,False,118187.0,81862.46086830823
Sequoia NP,2019-11-01,2019,November,-0.3976600238544896,False,59502.0,81865.61248364505
Sequoia NP,2019-12-01,2019,December,-0.6538576972461828,False,45097.0,81868.66243397098
Sequoia NP,2020-01-01,2020,January,-0.6313133690765834,False,46368.0,81871.81404930778
Sequoia NP,2020-02-01,2020,February,-0.5877512313496169,False,48821.0,81874.96566464458
Sequoia NP,2020-03-01,2020,March,-1.1602989157897698,False,16625.0,81877.91394995966
Sequoia NP,2020-04-01,2020,April,-1.4559734707323868,False,0.0,81881.06556529646
Sequoia NP,2020-05-01,2020,May,-1.4560277036216507,False,0.0,81884.1155156224
Sequoia NP,2020-06-01,2020,June,-0.5154211864107168,False,52901.0,81887.26713095921
Sequoia NP,2020-07-01,2020,July,2.009346743864229,False,194892.0,81890.31708128515
Sequoia NP,2020-08-01,2020,August,1.8814412525203918,False,187702.0,81893.46869662195
Sequoia NP,2020-09-01,2020,September,0.1140932710076216,False,88313.0,81896.62031195874
Sequoia NP,2020-10-01,2020,October,-0.2939234023847481,False,65370.0,81899.6702622847
Sequoia NP,2020-11-01,2020,November,-0.2819946683824483,False,66044.0,81902.82187762149
Sequoia NP,2020-12-01,2020,December,-0.9398601083488985,False,29050.0,81905.87182794743
Sequoia NP,2021-01-01,2021,January,-0.2975215585789748,False,65177.0,81909.02344328424
Sequoia NP,2021-02-01,2021,February,-0.49344153516556044,False,54162.0,81912.17505862104
Sequoia NP,2021-03-01,2021,March,-0.04416979237226902,False,79431.0,81915.02167892524
Sequoia NP,2021-04-01,2021,April,0.3766638050659115,False,103101.0,81918.17329426206
Sequoia NP,2021-05-01,2021,May,0.9324435053016347,False,134360.0,81921.22324458799
Sequoia NP,2021-06-01,2021,June,1.4274440093927576,False,162201.0,81924.37485992479
Sequoia NP,2021-07-01,2021,July,1.7869685792692087,False,182423.0,81927.42481025073
Sequoia NP,2021-08-01,2021,August,1.3093708351714126,False,155567.0,81930.57642558754
Sequoia NP,2021-09-01,2021,September,-0.5572160593190777,False,50597.0,81933.72804092434
Sequoia NP,2021-10-01,2021,October,-1.056078747118036,False,22545.0,81936.77799125027
Sequoia NP,2021-11-01,2021,November,-1.0052617309651766,False,25406.0,81939.92960658709
Sequoia NP,2021-12-01,2021,December,-1.020039099483459,False,24578.0,81942.97955691302
Sequoia NP,2022-01-01,2022,January,-0.878091563887701,False,32564.0,81946.13117224982
Sequoia NP,2022-02-01,2022,February,-0.7604692088964086,False,39182.0,81949.28278758662
Sequoia NP,2022-03-01,2022,March,-0.41941606928935715,False,58365.0,81952.12940789084
Sequoia NP,2022-04-01,2022,April,0.07924743714425107,False,86412.0,81955.28102322764
Sequoia NP,2022-05-01,2022,May,0.7108299479916963,False,121934.0,81958.33097355357
Sequoia NP,2022-06-01,2022,June,0.9585600124002934,False,135869.0,81961.48258889039
Sequoia NP,2022-07-01,2022,July,1.8858321637971933,False,188020.0,81964.53253921632
Sequoia NP,2022-08-01,2022,August,1.570402290395833,False,170284.0,81967.68415455312
Sequoia NP,2022-09-01,2022,September,0.8014180444227642,False,127041.0,81970.83576988992
Sequoia NP,2022-10-01,2022,October,0.2611954369703068,False,96663.0,81973.88572021587
Sequoia NP,2022-11-01,2022,November,-0.46546868485171866,False,55800.0,81977.03733555267
Sequoia NP,2022-12-01,2022,December,-0.7275520561820654,False,41064.0,81980.0872858786
Sequoia NP,2023-01-01,2023,January,-0.9953628991311173,False,26006.0,81983.23890121542
Sequoia NP,2023-02-01,2023,February,-0.9032393080190669,False,31190.0,81986.39051655222
Sequoia NP,2023-03-01,2023,March,-1.365183851830912,False,5214.0,81989.23713685642
Sequoia NP,2023-04-01,2023,April,-0.9417719275011762,False,29029.0,81992.38875219323
Sequoia NP,2023-05-01,2023,May,-0.1497107946103833,False,73576.0,81995.43870251917
Sequoia NP,2023-06-01,2023,June,0.09302265009802779,False,87230.0,81998.59031785597
Sequoia NP,2023-07-01,2023,July,1.8658259878421,False,186932.0,82001.6402681819
Sequoia NP,2023-08-01,2023,August,1.5978906739396628,False,171867.0,82004.79188351872
Sequoia NP,2023-09-01,2023,September,1.0764258095558903,False,142544.0,82007.94349885551
Sequoia NP,2023-10-01,2023,October,0.43278562140491683,False,106350.0,82010.99344918145
Sequoia NP,2023-11-01,2023,November,-0.23594616239857963,False,68745.0,82014.14506451826
Sequoia NP,2023-12-01,2023,December,-0.5358153588637866,False,51884.0,82017.1950148442
Sequoia NP,2024-01-01,2024,January,-0.6033880009452328,False,48087.0,82020.346630181
Sequoia NP,2024-02-01,2024,February,-0.7783612942335288,False,38250.0,82023.4982455178
Sequoia NP,2024-03-01,2024,March,-0.25360861675733937,False,67764.0,82026.44653083288
Sequoia NP,2024-04-01,2024,April,0.111959877377714,False,88326.0,82029.59814616968
Sequoia NP,2024-05-01,2024,May,0.9874698937310479,False,137566.0,82032.64809649561
Sequoia NP,2024-06-01,2024,June,0.7432551872309181,False,123835.0,82035.79971183243
Sequoia NP,2024-07-01,2024,July,2.32574243724868,False,212834.0,82038.84966215836
Sequoia NP,2024-08-01,2024,August,2.0830569453187144,False,199189.0,82042.00127749516
Sequoia NP,2024-09-01,2024,September,1.1831292563841809,False,148582.0,82045.15289283197
Sequoia NP,2024-10-01,2024,October,0.6326111229302726,False,117625.0,82048.20284315791
Sequoia NP,2024-11-01,2024,November,-0.1874417770603582,False,71510.0,82051.35445849471
Sequoia NP,2024-12-01,2024,December,-0.46319917169833197,False,56005.0,82054.40440882064
Sequoia NP,2025-01-01,2025,January,-0.537226521791051,False,51845.0,82057.55602415746
Sequoia NP,2025-02-01,2025,February,-0.7426774170940061,False,40294.0,82060.70763949426
Sequoia NP,2025-03-01,2025,March,-0.13602104452723318,False,74414.0,82063.55425979846
Sequoia NP,2025-04-01,2025,April,0.40165521501032003,False,104655.0,82066.70587513527
Sequoia NP,2025-05-01,2025,May,1.0078456513671392,False,138749.0,82069.75582546121
Sequoia NP,2025-06-01,2025,June,1.417227921093861,False,161775.0,82072.90744079801
Sequoia NP,2025-07-01,2025,July,2.103844374902432,False,200392.0,82075.95739112394
Sequoia NP,2025-08-01,2025,August,2.014080339988842,False,195347.0,82079.10900646076
Shenandoah NP,2016-05-01,2016,May,0.5271927056961735,False,137816.0,90286.22146682162
Shenandoah NP,2016-06-01,2016,June,0.753085367453954,False,158017.0,90121.55997414328
Shenandoah NP,2016-07-01,2016,July,1.175632898117424,False,195953.0,89962.21014251933
Shenandoah NP,2016-08-01,2016,August,0.9576190253657234,False,176133.0,89797.54864984052
Shenandoah NP,2016-09-01,2016,September,0.6414312754759285,False,147462.0,89632.88715716219
Shenandoah NP,2016-10-01,2016,October,1.9256373160925464,False,263082.0,89473.53732553823
Shenandoah NP,2016-11-01,2016,November,0.5906307732115758,False,142558.0,89308.87583285989
Shenandoah NP,2016-12-01,2016,December,-0.6605470987355274,False,29597.0,89149.52600123547
Shenandoah NP,2017-01-01,2017,January,-0.7656016714336461,False,19961.0,88984.86450855713
Shenandoah NP,2017-02-01,2017,February,-0.49794823152369017,False,43927.0,88820.2030158788
Shenandoah NP,2017-03-01,2017,March,-0.49158454879224117,False,44352.0,88671.47650636313
Shenandoah NP,2017-04-01,2017,April,0.3788882194084064,False,122666.0,88506.81501368433
Shenandoah NP,2017-05-01,2017,May,0.5311276056977683,False,136232.0,88347.46518206038
Shenandoah NP,2017-06-01,2017,June,0.8320011068469715,False,163193.0,88182.80368938204
Shenandoah NP,2017-07-01,2017,July,1.2312779568827537,False,199031.0,88023.45385775762
Shenandoah NP,2017-08-01,2017,August,1.106601918965193,False,187626.0,87858.79236507928
Shenandoah NP,2017-09-01,2017,September,0.7663781514775856,False,156788.0,87694.13087240094
Shenandoah NP,2017-10-01,2017,October,1.7408556478388653,False,244484.0,87534.78104077699
Shenandoah NP,2017-11-01,2017,November,0.3040038287312609,False,114778.0,87370.11954809865
Shenandoah NP,2017-12-01,2017,December,-0.6807591347332118,False,25836.0,87210.76971647423
Shenandoah NP,2018-01-01,2018,January,-0.7015379059970066,False,23798.0,87046.10822379589
Shenandoah NP,2018-02-01,2018,February,-0.7492143896164523,False,19335.0,86881.44673111755
Shenandoah NP,2018-03-01,2018,March,-0.44528991127054607,False,46587.0,86732.72022160143
Shenandoah NP,2018-04-01,2018,April,-0.029948619807810023,False,83868.0,86568.05872892309
Shenandoah NP,2018-05-01,2018,May,0.5151859281565481,False,132856.0,86408.70889729913
Shenandoah NP,2018-06-01,2018,June,0.7007153836206321,False,149418.0,86244.0474046208
Shenandoah NP,2018-07-01,2018,July,1.0280394666250299,False,178769.0,86084.69757299637
Shenandoah NP,2018-08-01,2018,August,0.9986534274074268,False,175955.0,85920.03608031804
Shenandoah NP,2018-09-01,2018,September,0.2665438556981692,False,109786.0,85755.3745876397
Shenandoah NP,2018-10-01,2018,October,1.2951495319751556,False,202362.0,85596.02475601528
Shenandoah NP,2018-11-01,2018,November,0.375887341471301,False,119320.0,85431.36326333694
Shenandoah NP,2018-12-01,2018,December,-0.6926411987807545,False,22826.0,85272.01343171299
Shenandoah NP,2019-01-01,2019,January,-0.7194428392441857,False,20245.0,85107.35193903465
Shenandoah NP,2019-02-01,2019,February,-0.8283240967929022,False,10264.0,84942.69044635631
Shenandoah NP,2019-03-01,2019,March,-0.5123649718878697,False,38601.0,84793.96393684018
Shenandoah NP,2019-04-01,2019,April,0.2001267171038921,False,102672.0,84629.30244416185
Shenandoah NP,2019-05-01,2019,May,0.7301430869483576,False,150297.0,84469.95261253743
Shenandoah NP,2019-06-01,2019,June,0.9559691976652581,False,170492.0,84305.29111985909
Shenandoah NP,2019-07-01,2019,July,0.9227197411820222,False,167335.0,84145.94128823513
Shenandoah NP,2019-08-01,2019,August,1.2378240732393904,False,195579.0,83981.2797955568
Shenandoah NP,2019-09-01,2019,September,1.0254892226427745,False,176271.0,83816.61830287846
Shenandoah NP,2019-10-01,2019,October,1.6959061050636641,False,236554.0,83657.26847125404
Shenandoah NP,2019-11-01,2019,November,0.4827323343536087,False,127014.0,83492.6069785757
Shenandoah NP,2019-12-01,2019,December,-0.5895341560278661,False,30183.0,83333.25714695128
Shenandoah NP,2020-01-01,2020,January,-0.620395409984975,False,27236.0,83168.59565427294
Shenandoah NP,2020-02-01,2020,February,-0.5272055237418366,False,35473.0,83003.9341615946
Shenandoah NP,2020-03-01,2020,March,0.5599505197747735,False,133333.0,82849.89599102456
Shenandoah NP,2020-04-01,2020,April,-0.7894199560961219,False,11514.0,82685.23449834622
Shenandoah NP,2020-05-01,2020,May,-0.39512334228619544,False,46903.0,82525.88466672227
Shenandoah NP,2020-06-01,2020,June,1.0864432669545419,False,180311.0,82361.22317404393
Shenandoah NP,2020-07-01,2020,July,1.8021481326942452,False,244677.0,82201.87334241951
Shenandoah NP,2020-08-01,2020,August,1.5590112420103541,False,222592.0,82037.21184974117
Shenandoah NP,2020-09-01,2020,September,1.3335436526800926,False,202100.0,81872.55035706284
Shenandoah NP,2020-10-01,2020,October,3.1465864478091787,True,365398.0,81713.20052543841
Shenandoah NP,2020-11-01,2020,November,0.7889122434061414,False,152674.0,81548.53903276008
Shenandoah NP,2020-12-01,2020,December,-0.4141159504643152,False,44054.0,81389.18920113612
Shenandoah NP,2021-01-01,2021,January,-0.4840093898975213,False,37588.0,81224.52770845778
Shenandoah NP,2021-02-01,2021,February,-0.788284503469803,False,9991.0,81059.86621577945
Shenandoah NP,2021-03-01,2021,March,-0.04690894157976673,False,76682.0,80911.13970626332
Shenandoah NP,2021-04-01,2021,April,0.4113244957301041,False,117830.0,80746.47821358498
Shenandoah NP,2021-05-01,2021,May,0.8023490166967712,False,152924.0,80587.12838196056
Shenandoah NP,2021-06-01,2021,June,0.9147166945534849,False,162890.0,80422.46688928222
Shenandoah NP,2021-07-01,2021,July,1.3071831547392125,False,198114.0,80263.11705765827
Shenandoah NP,2021-08-01,2021,August,0.9423355021260195,False,165056.0,80098.45556497993
Shenandoah NP,2021-09-01,2021,September,0.899350866888611,False,161016.0,79933.79407230159
Shenandoah NP,2021-10-01,2021,October,2.3908633998463125,False,295326.0,79774.44424067717
Shenandoah NP,2021-11-01,2021,November,0.9910139594679666,False,168956.0,79609.78274799883
Shenandoah NP,2021-12-01,2021,December,-0.37170345699395124,False,45939.0,79450.43291637441
Shenandoah NP,2022-01-01,2022,January,-0.7286648112628688,False,13592.0,79285.77142369607
Shenandoah NP,2022-02-01,2022,February,-0.4962279638185589,False,34383.0,79121.10993101774
Shenandoah NP,2022-03-01,2022,March,-0.24789578828771844,False,56623.0,78972.38342150208
Shenandoah NP,2022-04-01,2022,April,0.4112330577584612,False,115883.0,78807.72192882374
Shenandoah NP,2022-05-01,2022,May,0.6343160270645467,False,135836.0,78648.37209719932
Shenandoah NP,2022-06-01,2022,June,0.964527445401666,False,165442.0,78483.71060452098
Shenandoah NP,2022-07-01,2022,July,1.1775168401742908,False,184485.0,78324.36077289656
Shenandoah NP,2022-08-01,2022,August,0.9562863337800536,False,164375.0,78159.69928021822
Shenandoah NP,2022-09-01,2022,September,0.7510169853568602,False,145704.0,77995.03778753988
Shenandoah NP,2022-10-01,2022,October,2.4494810717709417,False,298672.0,77835.68795591593
Shenandoah NP,2022-11-01,2022,November,0.4082016075513854,False,114473.0,77671.02646323759
Shenandoah NP,2022-12-01,2022,December,-0.6397737529089036,False,19832.0,77511.67663161317
Shenandoah NP,2023-01-01,2023,January,-0.48883974686225246,False,33275.0,77347.01513893483
Shenandoah NP,2023-02-01,2023,February,-0.4252872574909901,False,38840.0,77182.3536462565
Shenandoah NP,2023-03-01,2023,March,-0.26024370962141563,False,53571.0,77033.62713674037
Shenandoah NP,2023-04-01,2023,April,0.5924488388241305,False,130282.0,76868.96564406203
Shenandoah NP,2023-05-01,2023,May,1.0004660588954757,False,166908.0,76709.61581243807
Shenandoah NP,2023-06-01,2023,June,0.9320589260419222,False,160576.0,76544.95431975974
Shenandoah NP,2023-07-01,2023,July,1.297694224912884,False,193381.0,76385.60448813532
Shenandoah NP,2023-08-01,2023,August,1.0010392055213577,False,166471.0,76220.94299545698
Shenandoah NP,2023-09-01,2023,September,0.7847667516726775,False,146808.0,76056.28150277864
Shenandoah NP,2023-10-01,2023,October,2.576912519965451,False,308222.0,75896.93167115469
Shenandoah NP,2023-11-01,2023,November,0.6956883090622057,False,138453.0,75732.27017847588
Shenandoah NP,2023-12-01,2023,December,-0.4032096895114053,False,39221.0,75572.92034685193
Shenandoah NP,2024-01-01,2024,January,-0.5607508497835199,False,24853.0,75408.25885417359
Shenandoah NP,2024-02-01,2024,February,-0.3853149688528965,False,40505.0,75243.59736149525
Shenandoah NP,2024-03-01,2024,March,0.201843104532567,False,93287.0,75089.55919092521
Shenandoah NP,2024-04-01,2024,April,0.6014339829870455,False,129148.0,74924.89769824687
Shenandoah NP,2024-05-01,2024,May,0.9729479571357375,False,162483.0,74765.54786662245
Shenandoah NP,2024-06-01,2024,June,1.2731004886754076,False,189379.0,74600.88637394411
Shenandoah NP,2024-07-01,2024,July,1.065786784770639,False,170529.0,74441.53654231969
Shenandoah NP,2024-08-01,2024,August,1.2409786452180358,False,186159.0,74276.87504964136
Shenandoah NP,2024-09-01,2024,September,0.9059680425993586,False,155791.0,74112.21355696302
Shenandoah NP,2024-10-01,2024,October,3.1853894403750593,True,361136.0,73952.86372533906
Shenandoah NP,2024-11-01,2024,November,1.0715693415963456,False,170397.0,73788.20223266073
Shenandoah NP,2024-12-01,2024,December,-0.41133925469478166,False,36544.0,73628.8524010363
Shenandoah NP,2025-01-01,2025,January,-0.6818729905409233,False,11989.0,73464.19090835797
Shenandoah NP,2025-02-01,2025,February,-0.6509305112008419,False,14614.0,73299.52941567963
Shenandoah NP,2025-03-01,2025,March,0.21600468114938762,False,92625.0,73150.8029061635
Shenandoah NP,2025-04-01,2025,April,0.7403898530939397,False,139737.0,72986.14141348517
Shenandoah NP,2025-05-01,2025,May,1.1123807763689326,False,173115.0,72826.79158186121
Shenandoah NP,2025-06-01,2025,June,1.0473788384404037,False,167090.0,72662.13008918287
Shenandoah NP,2025-07-01,2025,July,1.282673923747962,False,188144.0,72502.78025755845
Shenandoah NP,2025-08-01,2025,August,1.5836472514584852,False,215114.0,72338.11876488011
Theodore Roosevelt NP,2016-05-01,2016,May,0.6761187902018069,False,71977.0,42608.28502703726
Theodore Roosevelt NP,2016-06-01,2016,June,1.828567000054885,False,122044.0,42616.148249942344
Theodore Roosevelt NP,2016-07-01,2016,July,2.769727560344009,False,162933.0,42623.757820495695
Theodore Roosevelt NP,2016-08-01,2016,August,2.7049015018189055,False,160125.0,42631.62104340081
Theodore Roosevelt NP,2016-09-01,2016,September,1.3550482071267427,False,101499.0,42639.484266305895
Theodore Roosevelt NP,2016-10-01,2016,October,0.8292407550219931,False,78667.0,42647.09383685925
Theodore Roosevelt NP,2016-11-01,2016,November,-0.4504653113817865,False,23088.0,42654.95705976436
Theodore Roosevelt NP,2016-12-01,2016,December,-0.9328767919330059,False,2141.0,42662.566630317684
Theodore Roosevelt NP,2017-01-01,2017,January,-0.9384909465665031,False,1905.0,42670.4298532228
Theodore Roosevelt NP,2017-02-01,2017,February,-0.9028961945258265,False,3459.0,42678.29307612791
Theodore Roosevelt NP,2017-03-01,2017,March,-0.7995079344085886,False,7957.0,42685.39534197768
Theodore Roosevelt NP,2017-04-01,2017,April,-0.4732407490337671,False,22137.0,42693.258564882795
Theodore Roosevelt NP,2017-05-01,2017,May,0.8528202082863707,False,79745.0,42700.86813543612
Theodore Roosevelt NP,2017-06-01,2017,June,1.5329775128765,False,109297.0,42708.73135834123
Theodore Roosevelt NP,2017-07-01,2017,July,2.6108181172575637,False,156123.0,42716.340928894555
Theodore Roosevelt NP,2017-08-01,2017,August,2.7081801858383567,False,160360.0,42724.20415179967
Theodore Roosevelt NP,2017-09-01,2017,September,1.1396434249462055,False,92235.0,42732.067374704784
Theodore Roosevelt NP,2017-10-01,2017,October,0.27900785067990064,False,54859.0,42739.67694525811
Theodore Roosevelt NP,2017-11-01,2017,November,-0.5648046744005223,False,18214.0,42747.54016816322
Theodore Roosevelt NP,2017-12-01,2017,December,-0.9448845403334718,False,1712.0,42755.149738716544
Theodore Roosevelt NP,2018-01-01,2018,January,-0.9165646567335991,False,2950.0,42763.01296162166
Theodore Roosevelt NP,2018-02-01,2018,February,-0.9351860919653692,False,2149.0,42770.87618452677
Theodore Roosevelt NP,2018-03-01,2018,March,-0.7744046450667259,False,9140.0,42777.97845037654
Theodore Roosevelt NP,2018-04-01,2018,April,-0.5953384369403222,False,16926.0,42785.841673281655
Theodore Roosevelt NP,2018-05-01,2018,May,0.9455383350036797,False,83865.0,42793.45124383498
Theodore Roosevelt NP,2018-06-01,2018,June,2.064766180426124,False,132489.0,42801.31446674009
Theodore Roosevelt NP,2018-07-01,2018,July,3.0725286217255197,True,176271.0,42808.924037293444
Theodore Roosevelt NP,2018-08-01,2018,August,2.2108742515766697,False,138851.0,42816.78726019853
Theodore Roosevelt NP,2018-09-01,2018,September,1.402975633988823,False,103766.0,42824.65048310364
Theodore Roosevelt NP,2018-10-01,2018,October,0.45377544297640265,False,62543.0,42832.260053656966
Theodore Roosevelt NP,2018-11-01,2018,November,-0.6118054608706778,False,16265.0,42840.12327656208
Theodore Roosevelt NP,2018-12-01,2018,December,-0.8903364511948119,False,4174.0,42847.73284711543
Theodore Roosevelt NP,2019-01-01,2019,January,-0.928710535547498,False,2515.0,42855.59607002052
Theodore Roosevelt NP,2019-02-01,2019,February,-0.9594644254257987,False,1187.0,42863.45929292563
Theodore Roosevelt NP,2019-03-01,2019,March,-0.8503207314155203,False,5935.0,42870.56155877543
Theodore Roosevelt NP,2019-04-01,2019,April,-0.7450391857979022,False,10516.0,42878.424781680515
Theodore Roosevelt NP,2019-05-01,2019,May,0.755020048976652,False,75682.0,42886.034352233866
Theodore Roosevelt NP,2019-06-01,2019,June,2.1110034230232326,False,134590.0,42893.89757513898
Theodore Roosevelt NP,2019-07-01,2019,July,2.452355684715192,False,149425.0,42901.5071456923
Theodore Roosevelt NP,2019-08-01,2019,August,2.1335308176224013,False,135584.0,42909.37036859742
Theodore Roosevelt NP,2019-09-01,2019,September,1.5576222293952529,False,110576.0,42917.23359150253
Theodore Roosevelt NP,2019-10-01,2019,October,0.07178538219568546,False,46043.0,42924.843162055855
Theodore Roosevelt NP,2019-11-01,2019,November,-0.5950360398059392,False,17086.0,42932.70638496097
Theodore Roosevelt NP,2019-12-01,2019,December,-0.9305688474067512,False,2519.0,42940.31595551429
Theodore Roosevelt NP,2020-01-01,2020,January,-0.9403269144432379,False,2103.0,42948.17917841941
Theodore Roosevelt NP,2020-02-01,2020,February,-0.8924615773425978,False,4190.0,42956.04240132452
Theodore Roosevelt NP,2020-03-01,2020,March,-0.7081347344710003,False,12204.0,42963.39831952605
Theodore Roosevelt NP,2020-04-01,2020,April,-0.9138077712266042,False,3278.0,42971.261542431166
Theodore Roosevelt NP,2020-05-01,2020,May,-0.5378077974985386,False,19618.0,42978.87111298452
Theodore Roosevelt NP,2020-06-01,2020,June,1.4570978038823157,False,106279.0,42986.7343358896
Theodore Roosevelt NP,2020-07-01,2020,July,1.8809599658649105,False,124698.0,42994.343906442955
Theodore Roosevelt NP,2020-08-01,2020,August,1.7458255269024177,False,118836.0,43002.20712934807
Theodore Roosevelt NP,2020-09-01,2020,September,1.0274584389547181,False,87640.0,43010.070352253155
Theodore Roosevelt NP,2020-10-01,2020,October,0.16562573443866016,False,50212.0,43017.67992280651
Theodore Roosevelt NP,2020-11-01,2020,November,-0.6366555796695786,False,15371.0,43025.54314571162
Theodore Roosevelt NP,2020-12-01,2020,December,-0.8324464523473539,False,6874.0,43033.15271626494
Theodore Roosevelt NP,2021-01-01,2021,January,-0.8328116512703977,False,6866.0,43041.01593917006
Theodore Roosevelt NP,2021-02-01,2021,February,-0.8722217137238321,False,5162.0,43048.87916207517
Theodore Roosevelt NP,2021-03-01,2021,March,-0.6430196687047169,False,15125.0,43055.98142792494
Theodore Roosevelt NP,2021-04-01,2021,April,-0.7153047695552017,False,11993.0,43063.844650830055
Theodore Roosevelt NP,2021-05-01,2021,May,0.775062314543472,False,76738.0,43071.45422138338
Theodore Roosevelt NP,2021-06-01,2021,June,2.4668407236456398,False,150232.0,43079.31744428849
Theodore Roosevelt NP,2021-07-01,2021,July,3.0624910764677247,True,176113.0,43086.927014841815
Theodore Roosevelt NP,2021-08-01,2021,August,2.637006508469097,False,157639.0,43094.79023774693
Theodore Roosevelt NP,2021-09-01,2021,September,2.0009421251918833,False,130018.0,43102.65346065204
Theodore Roosevelt NP,2021-10-01,2021,October,0.2916102690577463,False,55777.0,43110.263031205366
Theodore Roosevelt NP,2021-11-01,2021,November,-0.8030701085525497,False,8235.0,43118.12625411048
Theodore Roosevelt NP,2021-12-01,2021,December,-0.942480750814095,False,2187.0,43125.7358246638
Theodore Roosevelt NP,2022-01-01,2022,January,-0.9366300811326544,False,2449.0,43133.59904756892
Theodore Roosevelt NP,2022-02-01,2022,February,-0.9340715196380335,False,2568.0,43141.46227047403
Theodore Roosevelt NP,2022-03-01,2022,March,-0.8403754101966767,False,6645.0,43148.5645363238
Theodore Roosevelt NP,2022-04-01,2022,April,-0.8239577638876128,False,7366.0,43156.427759228915
Theodore Roosevelt NP,2022-05-01,2022,May,0.5413322308474927,False,66678.0,43164.03732978224
Theodore Roosevelt NP,2022-06-01,2022,June,1.8628520667425439,False,124089.0,43171.90055268735
Theodore Roosevelt NP,2022-07-01,2022,July,2.4820766767905242,False,150994.0,43179.5101232407
Theodore Roosevelt NP,2022-08-01,2022,August,2.1701813521049553,False,137454.0,43187.37334614579
Theodore Roosevelt NP,2022-09-01,2022,September,1.636494626917156,False,114280.0,43195.2365690509
Theodore Roosevelt NP,2022-10-01,2022,October,0.16143195196536086,False,50215.0,43202.846139604255
Theodore Roosevelt NP,2022-11-01,2022,November,-0.8885632368993638,False,4614.0,43210.70936250934
Theodore Roosevelt NP,2022-12-01,2022,December,-0.9644108672461644,False,1327.0,43218.31893306269
Theodore Roosevelt NP,2023-01-01,2023,January,-0.9192851166786111,False,3295.0,43226.18215596778
Theodore Roosevelt NP,2023-02-01,2023,February,-0.9518116801959683,False,1890.0,43234.04537887289
Theodore Roosevelt NP,2023-03-01,2023,March,-0.8636407872919316,False,5727.0,43241.14764472269
Theodore Roosevelt NP,2023-04-01,2023,April,-0.7386986794956852,False,11162.0,43249.010867627774
Theodore Roosevelt NP,2023-05-01,2023,May,0.7324682771358028,False,75073.0,43256.620438181126
Theodore Roosevelt NP,2023-06-01,2023,June,2.208348850042215,False,139189.0,43264.48366108624
Theodore Roosevelt NP,2023-07-01,2023,July,2.845046957389468,False,166853.0,43272.09323163956
Theodore Roosevelt NP,2023-08-01,2023,August,2.4211048456741757,False,148446.0,43279.95645454468
Theodore Roosevelt NP,2023-09-01,2023,September,1.6991003235060735,False,117092.0,43287.81967744979
Theodore Roosevelt NP,2023-10-01,2023,October,0.35466297619073855,False,58701.0,43295.429248003114
Theodore Roosevelt NP,2023-11-01,2023,November,-0.5960624888868149,False,17412.0,43303.29247090823
Theodore Roosevelt NP,2023-12-01,2023,December,-0.9505421848635178,False,2022.0,43310.90204146155
Theodore Roosevelt NP,2024-01-01,2024,January,-0.9752643800219114,False,956.0,43318.765264366666
Theodore Roosevelt NP,2024-02-01,2024,February,-0.9359861502896885,False,2670.0,43326.62848727178
Theodore Roosevelt NP,2024-03-01,2024,March,-0.7765227818360289,False,9604.0,43333.98440547334
Theodore Roosevelt NP,2024-04-01,2024,April,-0.717975359429904,False,12155.0,43341.847628378426
Theodore Roosevelt NP,2024-05-01,2024,May,0.6043560767275425,False,69601.0,43349.45719893178
Theodore Roosevelt NP,2024-06-01,2024,June,2.234919690943326,False,140436.0,43357.32042183686
Theodore Roosevelt NP,2024-07-01,2024,July,2.55345741268327,False,154280.0,43364.929992390214
Theodore Roosevelt NP,2024-08-01,2024,August,2.544205823829371,False,153886.0,43372.79321529533
Theodore Roosevelt NP,2024-09-01,2024,September,1.6136473991130342,False,113473.0,43380.656438200414
Theodore Roosevelt NP,2024-10-01,2024,October,0.2940274827444916,False,56160.0,43388.266008753766
Theodore Roosevelt NP,2024-11-01,2024,November,-0.5799665376710386,False,18204.0,43396.12923165888
Theodore Roosevelt NP,2024-12-01,2024,December,-0.964098229064689,False,1526.0,43403.7388022122
Theodore Roosevelt NP,2025-01-01,2025,January,-0.9798189256143663,False,851.0,43411.60202511732
Theodore Roosevelt NP,2025-02-01,2025,February,-0.9526961722642462,False,2037.0,43419.46524802243
Theodore Roosevelt NP,2025-03-01,2025,March,-0.7797362272479281,False,9557.0,43426.5675138722
Theodore Roosevelt NP,2025-04-01,2025,April,-0.7353932156898292,False,11491.0,43434.430736777314
Theodore Roosevelt NP,2025-05-01,2025,May,0.7739668002558799,False,77061.0,43442.04030733064
Theodore Roosevelt NP,2025-06-01,2025,June,2.0604935980812416,False,132952.0,43449.90353023575
Theodore Roosevelt NP,2025-07-01,2025,July,2.5850988749276276,False,155747.0,43457.513100789074
Theodore Roosevelt NP,2025-08-01,2025,August,2.489032321231097,False,151582.0,43465.37632369419
Virgin Islands NP,2016-05-01,2016,May,-0.22619603641695027,False,38334.0,42772.194974680315
Virgin Islands NP,2016-06-01,2016,June,-0.36720012137028873,False,35527.0,42731.83771149535
Virgin Islands NP,2016-07-01,2016,July,-0.4351856378753896,False,34154.0,42692.78229551006
Virgin Islands NP,2016-08-01,2016,August,-1.1438464995104434,False,20209.0,42652.425032325205
Virgin Islands NP,2016-09-01,2016,September,-1.6987436248150263,False,9281.0,42612.06776914024
Virgin Islands NP,2016-10-01,2016,October,-1.5972679469884083,False,11233.0,42573.01235315495
Virgin Islands NP,2016-11-01,2016,November,-0.6333340791262152,False,30106.0,42532.655089970096
Virgin Islands NP,2016-12-01,2016,December,0.21351602489631438,False,46683.0,42493.59967398469
Virgin Islands NP,2017-01-01,2017,January,0.054724885259730904,False,43527.0,42453.24241079984
Virgin Islands NP,2017-02-01,2017,February,0.25824942397027184,False,47480.0,42412.88514761499
Virgin Islands NP,2017-03-01,2017,March,0.49674129691994084,False,52123.0,42376.43342602858
Virgin Islands NP,2017-04-01,2017,April,-0.3226681888603234,False,36005.0,42336.07616284373
Virgin Islands NP,2017-05-01,2017,May,-0.35772981618097005,False,35278.0,42297.020746858325
Virgin Islands NP,2017-06-01,2017,June,-0.7275192549253177,False,27982.0,42256.663483673474
Virgin Islands NP,2017-07-01,2017,July,-0.6829213794668796,False,28818.0,42217.60806768818
Virgin Islands NP,2017-08-01,2017,August,-0.47231259834667594,False,32910.0,42177.250804503215
Virgin Islands NP,2017-09-01,2017,September,-2.1475393398316682,False,0.0,42136.893541318364
Virgin Islands NP,2017-10-01,2017,October,-2.145548850376634,False,0.0,42097.83812533307
Virgin Islands NP,2017-11-01,2017,November,-2.1434920112730897,False,0.0,42057.480862148106
Virgin Islands NP,2017-12-01,2017,December,-2.1269762765896223,False,285.0,42018.425446162815
Virgin Islands NP,2018-01-01,2018,January,-2.081802393755367,False,1131.0,41978.068182977964
Virgin Islands NP,2018-02-01,2018,February,-2.057473511968226,False,1568.0,41937.710919793
Virgin Islands NP,2018-03-01,2018,March,-1.7906956351526668,False,6766.0,41901.25919820671
Virgin Islands NP,2018-04-01,2018,April,-1.3384581255131673,False,15599.0,41860.90193502186
Virgin Islands NP,2018-05-01,2018,May,-1.2890185016452456,False,16530.0,41821.84651903645
Virgin Islands NP,2018-06-01,2018,June,-1.2362507186740201,False,17525.0,41781.4892558516
Virgin Islands NP,2018-07-01,2018,July,-1.1033801248448885,False,20093.0,41742.43383986619
Virgin Islands NP,2018-08-01,2018,August,-1.2785312775282334,False,16616.0,41702.07657668134
Virgin Islands NP,2018-09-01,2018,September,-1.71768513295994,False,7959.0,41661.71931349649
Virgin Islands NP,2018-10-01,2018,October,-1.9765374683439183,False,2841.0,41622.66389751108
Virgin Islands NP,2018-11-01,2018,November,-1.943187644783335,False,3455.0,41582.30663432623
Virgin Islands NP,2018-12-01,2018,December,-2.004955337015206,False,2204.0,41543.251218340825
Virgin Islands NP,2019-01-01,2019,January,-2.0973890405555795,False,350.0,41502.893955155974
Virgin Islands NP,2019-02-01,2019,February,-1.8199641313845898,False,5753.0,41462.53669197112
Virgin Islands NP,2019-03-01,2019,March,-1.8267705225908852,False,5583.0,41426.084970384836
Virgin Islands NP,2019-04-01,2019,April,-1.4120438216816489,False,13680.0,41385.72770719987
Virgin Islands NP,2019-05-01,2019,May,-1.5753353331943631,False,10437.0,41346.67229121458
Virgin Islands NP,2019-06-01,2019,June,-1.593155145456049,False,10047.0,41306.31502802973
Virgin Islands NP,2019-07-01,2019,July,-1.685757130190383,False,8191.0,41267.25961204432
Virgin Islands NP,2019-08-01,2019,August,-1.1532485284990168,False,18599.0,41226.90234885947
Virgin Islands NP,2019-09-01,2019,September,-1.7231805567593521,False,7376.0,41186.54508567462
Virgin Islands NP,2019-10-01,2019,October,-1.4092795381884866,False,13496.0,41147.48966968921
Virgin Islands NP,2019-11-01,2019,November,-1.240462690707991,False,16768.0,41107.13240650436
Virgin Islands NP,2019-12-01,2019,December,-0.9148395444089162,False,23118.0,41068.07699051895
Virgin Islands NP,2020-01-01,2020,January,-0.5806387644152093,False,29635.0,41027.7197273341
Virgin Islands NP,2020-02-01,2020,February,-0.33552615515589174,False,34404.0,40987.36246414925
Virgin Islands NP,2020-03-01,2020,March,-1.2585288588777856,False,16256.0,40949.6088953634
Virgin Islands NP,2020-04-01,2020,April,-1.5471807874338277,False,10552.0,40909.251632178435
Virgin Islands NP,2020-05-01,2020,May,-2.082981131839935,False,0.0,40870.196216193144
Virgin Islands NP,2020-06-01,2020,June,-1.895154051130648,False,3645.0,40829.83895300829
Virgin Islands NP,2020-07-01,2020,July,-1.3838116289985558,False,13639.0,40790.783537022886
Virgin Islands NP,2020-08-01,2020,August,-1.3174359847080617,False,14901.0,40750.426273838035
Virgin Islands NP,2020-09-01,2020,September,-1.8672874985122474,False,4072.0,40710.069010653184
Virgin Islands NP,2020-10-01,2020,October,-1.6273887819472934,False,8740.0,40671.01359466778
Virgin Islands NP,2020-11-01,2020,November,-1.3850283244154684,False,13455.0,40630.656331482925
Virgin Islands NP,2020-12-01,2020,December,-1.1391156466682157,False,18241.0,40591.60091549752
Virgin Islands NP,2021-01-01,2021,January,-0.9533781626409138,False,21845.0,40551.24365231267
Virgin Islands NP,2021-02-01,2021,February,-0.914473069852614,False,22568.0,40510.886389127816
Virgin Islands NP,2021-03-01,2021,March,-0.7195059668155127,False,26357.0,40474.43466754141
Virgin Islands NP,2021-04-01,2021,April,-0.3760294161847012,False,33056.0,40434.07740435656
Virgin Islands NP,2021-05-01,2021,May,-0.4148625106874733,False,32255.0,40395.02198837127
Virgin Islands NP,2021-06-01,2021,June,-0.1938567119300755,False,36551.0,40354.6647251863
Virgin Islands NP,2021-07-01,2021,July,-0.24492159188837012,False,35510.0,40315.60930920101
Virgin Islands NP,2021-08-01,2021,August,-0.5723584734929709,False,29045.0,40275.25204601616
Virgin Islands NP,2021-09-01,2021,September,-1.172768033846644,False,17224.0,40234.894782831194
Virgin Islands NP,2021-10-01,2021,October,-1.1318396940248627,False,17988.0,40195.8393668459
Virgin Islands NP,2021-11-01,2021,November,-0.8600719856270522,False,23280.0,40155.48210366105
Virgin Islands NP,2021-12-01,2021,December,-0.6012140016060382,False,28320.0,40116.426687675645
Virgin Islands NP,2022-01-01,2022,January,-0.7033312019653671,False,26276.0,40076.06942449079
Virgin Islands NP,2022-02-01,2022,February,-0.8992254241503631,False,22392.0,40035.712161305826
Virgin Islands NP,2022-03-01,2022,March,-0.5876486331039528,False,28469.0,39999.26043971954
Virgin Islands NP,2022-04-01,2022,April,-1.1660409796376912,False,17080.0,39958.90317653469
Virgin Islands NP,2022-05-01,2022,May,-1.5135227938014766,False,10223.0,39919.84776054928
Virgin Islands NP,2022-06-01,2022,June,-1.548161311064506,False,9503.0,39879.49049736443
Virgin Islands NP,2022-07-01,2022,July,-1.5875040632945856,False,8692.0,39840.43508137902
Virgin Islands NP,2022-08-01,2022,August,-1.5204148981858527,False,9968.0,39800.07781819417
Virgin Islands NP,2022-09-01,2022,September,-1.5877224757696737,False,8607.0,39759.72055500932
Virgin Islands NP,2022-10-01,2022,October,-1.4225905478016012,False,11808.0,39720.66513902391
Virgin Islands NP,2022-11-01,2022,November,-1.053376281941461,False,19012.0,39680.30787583906
Virgin Islands NP,2022-12-01,2022,December,-0.7603712301904524,False,24722.0,39641.25245985377
Virgin Islands NP,2023-01-01,2023,January,-0.6116858629388316,False,27599.0,39600.895196668804
Virgin Islands NP,2023-02-01,2023,February,-0.5302753156925909,False,29156.0,39560.53793348395
Virgin Islands NP,2023-03-01,2023,March,-0.055964812314999245,False,38426.0,39524.086211897666
Virgin Islands NP,2023-04-01,2023,April,-0.0737336588039539,False,38037.0,39483.728948712815
Virgin Islands NP,2023-05-01,2023,May,-0.2585327264092892,False,34372.0,39444.67353272741
Virgin Islands NP,2023-06-01,2023,June,-0.45559916136711204,False,30465.0,39404.316269542556
Virgin Islands NP,2023-07-01,2023,July,-0.6872867398852838,False,25880.0,39365.26085355715
Virgin Islands NP,2023-08-01,2023,August,-0.7454714441501943,False,24698.0,39324.9035903723
Virgin Islands NP,2023-09-01,2023,September,-1.4092824257816652,False,11633.0,39284.54632718745
Virgin Islands NP,2023-10-01,2023,October,-1.2130104106747417,False,15445.0,39245.49091120204
Virgin Islands NP,2023-11-01,2023,November,-0.3295005321826093,False,32740.0,39205.13364801719
Virgin Islands NP,2023-12-01,2023,December,-0.20040140553559702,False,35234.0,39166.07823203178
Virgin Islands NP,2024-01-01,2024,January,0.3303233941101723,False,45607.0,39125.72096884693
Virgin Islands NP,2024-02-01,2024,February,0.08392209114840853,False,40732.0,39085.36370566208
Virgin Islands NP,2024-03-01,2024,March,0.5807748499490266,False,50443.0,39047.61013687623
Virgin Islands NP,2024-04-01,2024,April,0.1250571183796331,False,41461.0,39007.25287369138
Virgin Islands NP,2024-05-01,2024,May,0.23713367693437648,False,43621.0,38968.197457705974
Virgin Islands NP,2024-06-01,2024,June,0.14887916675797308,False,41849.0,38927.84019452112
Virgin Islands NP,2024-07-01,2024,July,0.22894922003743245,False,43381.0,38888.784778535715
Virgin Islands NP,2024-08-01,2024,August,-1.5570261455927703,False,8298.0,38848.427515350864
Virgin Islands NP,2024-09-01,2024,September,-1.1976482738697796,False,15309.0,38808.07025216601
Virgin Islands NP,2024-10-01,2024,October,-0.9309415608481385,False,20503.0,38769.014836180606
Virgin Islands NP,2024-11-01,2024,November,-0.40944156606674253,False,30695.0,38728.657572995755
Virgin Islands NP,2024-12-01,2024,December,0.12437676183987231,False,41130.0,38689.60215701035
Virgin Islands NP,2025-01-01,2025,January,-1.3535614734020875,False,12091.0,38649.2448938255
Virgin Islands NP,2025-02-01,2025,February,0.3972839254320568,False,46404.0,38608.887630640646
Virgin Islands NP,2025-03-01,2025,March,0.6693112768389442,False,51705.0,38572.43590905436
Virgin Islands NP,2025-04-01,2025,April,0.5242808958398295,False,48819.0,38532.07864586939
Virgin Islands NP,2025-05-01,2025,May,0.005350222207797111,False,38598.0,38493.0232298841
Virgin Islands NP,2025-06-01,2025,June,0.07886107468067953,False,40000.0,38452.66596669925
Virgin Islands NP,2025-07-01,2025,July,0.25189269742211035,False,43356.0,38413.61055071384
Virgin Islands NP,2025-08-01,2025,August,-0.6764816104577673,False,25100.0,38373.25328752899
Voyageurs NP,2016-05-01,2016,May,0.5559981621599978,False,28844.0,19419.415443093792
Voyageurs NP,2016-06-01,2016,June,1.7217949241464288,False,48611.0,19425.288685363936
Voyageurs NP,2016-07-01,2016,July,2.078788983149627,False,54668.0,19430.972468206004
Voyageurs NP,2016-08-01,2016,August,1.9074765845925281,False,51770.0,19436.845710476147
Voyageurs NP,2016-09-01,2016,September,0.47940546346499796,False,27569.0,19442.71895274629
Voyageurs NP,2016-10-01,2016,October,-0.49829086571344156,False,11002.0,19448.40273558836
Voyageurs NP,2016-11-01,2016,November,-1.0125379896285611,False,2291.0,19454.275977858502
Voyageurs NP,2016-12-01,2016,December,-1.1364666695069376,False,196.0,19459.9597607006
Voyageurs NP,2017-01-01,2017,January,-0.9179437566644496,False,3906.0,19465.833002970743
Voyageurs NP,2017-02-01,2017,February,-0.6927544712147953,False,7729.0,19471.706245240886
Voyageurs NP,2017-03-01,2017,March,-1.0770032953510538,False,1221.0,19477.011109226805
Voyageurs NP,2017-04-01,2017,April,-1.1298548426232904,False,331.0,19482.88435149695
Voyageurs NP,2017-05-01,2017,May,0.5876101782724429,False,29449.0,19488.568134339046
Voyageurs NP,2017-06-01,2017,June,1.7545278347680433,False,49235.0,19494.44137660919
Voyageurs NP,2017-07-01,2017,July,1.996954676044547,False,53350.0,19500.125159451258
Voyageurs NP,2017-08-01,2017,August,1.9495306179746048,False,52552.0,19505.9984017214
Voyageurs NP,2017-09-01,2017,September,0.3805807553788221,False,25963.0,19511.871643991544
Voyageurs NP,2017-10-01,2017,October,-0.5030784239250802,False,10990.0,19517.555426833613
Voyageurs NP,2017-11-01,2017,November,-1.0093612973803112,False,2414.0,19523.428669103756
Voyageurs NP,2017-12-01,2017,December,-1.1456198168595524,False,110.0,19529.112451945854
Voyageurs NP,2018-01-01,2018,January,-0.8947089521468503,False,4369.0,19534.985694215997
Voyageurs NP,2018-02-01,2018,February,-0.7424957986889166,False,6955.0,19540.85893648614
Voyageurs NP,2018-03-01,2018,March,-0.8428633397660327,False,5259.0,19546.16380047206
Voyageurs NP,2018-04-01,2018,April,-1.1365892176140129,False,286.0,19552.037042742202
Voyageurs NP,2018-05-01,2018,May,0.5477799180372941,False,28843.0,19557.7208255843
Voyageurs NP,2018-06-01,2018,June,1.7126327688581087,False,48594.0,19563.594067854443
Voyageurs NP,2018-07-01,2018,July,1.9597791659626942,False,52789.0,19569.27785069651
Voyageurs NP,2018-08-01,2018,August,1.9404954595176922,False,52468.0,19575.151092966655
Voyageurs NP,2018-09-01,2018,September,0.4038745543442724,False,26427.0,19581.024335236798
Voyageurs NP,2018-10-01,2018,October,-0.5003146928117873,False,11106.0,19586.708118078866
Voyageurs NP,2018-11-01,2018,November,-1.0137948889048436,False,2408.0,19592.58136034901
Voyageurs NP,2018-12-01,2018,December,-1.1472216748872355,False,152.0,19598.265143191107
Voyageurs NP,2019-01-01,2019,January,-0.8935380711255352,False,4458.0,19604.13838546125
Voyageurs NP,2019-02-01,2019,February,-0.7084060157667283,False,7602.0,19610.011627731394
Voyageurs NP,2019-03-01,2019,March,-0.9675866104588093,False,3214.0,19615.316491717313
Voyageurs NP,2019-04-01,2019,April,-1.1449754371445642,False,213.0,19621.189733987456
Voyageurs NP,2019-05-01,2019,May,0.5056488743359553,False,28198.0,19626.873516829553
Voyageurs NP,2019-06-01,2019,June,1.6373468454644926,False,47387.0,19632.746759099697
Voyageurs NP,2019-07-01,2019,July,1.9109817496541897,False,52031.0,19638.430541941765
Voyageurs NP,2019-08-01,2019,August,1.825388283824633,False,50586.0,19644.30378421191
Voyageurs NP,2019-09-01,2019,September,0.3461099819624114,False,25517.0,19650.17702648205
Voyageurs NP,2019-10-01,2019,October,-0.5078749900724242,False,11047.0,19655.86080932412
Voyageurs NP,2019-11-01,2019,November,-1.014098869079804,False,2472.0,19661.734051594263
Voyageurs NP,2019-12-01,2019,December,-1.1455788382831122,False,249.0,19667.41783443636
Voyageurs NP,2020-01-01,2020,January,-1.0081142967879353,False,2585.0,19673.291076706504
Voyageurs NP,2020-02-01,2020,February,-0.8473469483916026,False,5316.0,19679.164318976647
Voyageurs NP,2020-03-01,2020,March,-1.034506499311929,False,2149.0,19684.65864239064
Voyageurs NP,2020-04-01,2020,April,-1.1616320564286087,False,0.0,19690.531884660784
Voyageurs NP,2020-05-01,2020,May,0.5890468386072545,False,29681.0,19696.215667502853
Voyageurs NP,2020-06-01,2020,June,2.017191910187203,False,53895.0,19702.088909772996
Voyageurs NP,2020-07-01,2020,July,2.5045047044933186,False,62161.0,19707.772692615094
Voyageurs NP,2020-08-01,2020,August,2.482684236790722,False,61797.0,19713.645934885237
Voyageurs NP,2020-09-01,2020,September,0.6895554723610364,False,31408.0,19719.51917715538
Voyageurs NP,2020-10-01,2020,October,-0.47928286785473084,False,11601.0,19725.20295999745
Voyageurs NP,2020-11-01,2020,November,-1.0177767098366226,False,2479.0,19731.07620226759
Voyageurs NP,2020-12-01,2020,December,-1.1632383631806225,False,19.0,19736.75998510966
Voyageurs NP,2021-01-01,2021,January,-0.8886707248796585,False,4679.0,19742.633227379803
Voyageurs NP,2021-02-01,2021,February,-0.6997630248583876,False,7887.0,19748.506469649976
Voyageurs NP,2021-03-01,2021,March,-1.0734518428293123,False,1558.0,19753.811333635895
Voyageurs NP,2021-04-01,2021,April,-1.1595762586895282,False,104.0,19759.684575906038
Voyageurs NP,2021-05-01,2021,May,0.5911026363463351,False,29785.0,19765.368358748106
Voyageurs NP,2021-06-01,2021,June,1.7341275414622697,False,49166.0,19771.24160101825
Voyageurs NP,2021-07-01,2021,July,1.9750205270946446,False,53255.0,19776.925383860347
Voyageurs NP,2021-08-01,2021,August,2.1118361296634602,False,55580.0,19782.79862613049
Voyageurs NP,2021-09-01,2021,September,0.4352213997395531,False,27166.0,19788.671868400634
Voyageurs NP,2021-10-01,2021,October,-0.5169893279672426,False,11031.0,19794.355651242702
Voyageurs NP,2021-11-01,2021,November,-1.0221513069133041,False,2474.0,19800.228893512845
Voyageurs NP,2021-12-01,2021,December,-1.1473778646444015,False,357.0,19805.912676354914
Voyageurs NP,2022-01-01,2022,January,-0.9054341560050556,False,4464.0,19811.785918625057
Voyageurs NP,2022-02-01,2022,February,-0.8585850864090581,False,5264.0,19817.65916089523
Voyageurs NP,2022-03-01,2022,March,-0.9766509618414821,False,3268.0,19822.96402488115
Voyageurs NP,2022-04-01,2022,April,-1.1596442610730846,False,172.0,19828.83726715129
Voyageurs NP,2022-05-01,2022,May,0.48938720031545885,False,28130.0,19834.52104999336
Voyageurs NP,2022-06-01,2022,June,1.4623901067247331,False,44629.0,19840.394292263503
Voyageurs NP,2022-07-01,2022,July,1.699979403277451,False,48662.0,19846.0780751056
Voyageurs NP,2022-08-01,2022,August,1.6900758140407621,False,48500.0,19851.951317375744
Voyageurs NP,2022-09-01,2022,September,0.2762813492931806,False,24541.0,19857.824559645887
Voyageurs NP,2022-10-01,2022,October,-0.5346376758104052,False,10801.0,19863.508342487956
Voyageurs NP,2022-11-01,2022,November,-1.0262899261985814,False,2473.0,19869.3815847581
Voyageurs NP,2022-12-01,2022,December,-1.1412514500036002,False,530.0,19875.065367600168
Voyageurs NP,2023-01-01,2023,January,-1.0170606592749043,False,2641.0,19880.93860987031
Voyageurs NP,2023-02-01,2023,February,-0.7330539093177778,False,7461.0,19886.811852140483
Voyageurs NP,2023-03-01,2023,March,-0.7842790753349883,False,6598.0,19892.116716126402
Voyageurs NP,2023-04-01,2023,April,-1.144491695911076,False,498.0,19897.989958396545
Voyageurs NP,2023-05-01,2023,May,0.4980503762138544,False,28346.0,19903.673741238614
Voyageurs NP,2023-06-01,2023,June,1.469283449187598,False,44815.0,19909.546983508757
Voyageurs NP,2023-07-01,2023,July,1.5451099697327992,False,46106.0,19915.230766350855
Voyageurs NP,2023-08-01,2023,August,1.677677972056341,False,48359.0,19921.104008620998
Voyageurs NP,2023-09-01,2023,September,0.15462578988865722,False,22548.0,19926.97725089114
Voyageurs NP,2023-10-01,2023,October,-0.530989027979347,False,10932.0,19932.66103373321
Voyageurs NP,2023-11-01,2023,November,-1.0300745787967527,False,2478.0,19938.534276003353
Voyageurs NP,2023-12-01,2023,December,-1.1740613709444767,False,43.0,19944.21805884542
Voyageurs NP,2024-01-01,2024,January,-1.1147644728519106,False,1054.0,19950.091301115564
Voyageurs NP,2024-02-01,2024,February,-1.1198895118126662,False,973.0,19955.964543385708
Voyageurs NP,2024-03-01,2024,March,-1.1564362373693222,False,359.0,19961.45886679973
Voyageurs NP,2024-04-01,2024,April,-1.1775487716977062,False,7.0,19967.332109069874
Voyageurs NP,2024-05-01,2024,May,0.40529091920198496,False,26843.0,19973.015891911942
Voyageurs NP,2024-06-01,2024,June,1.3718634307954973,False,43233.0,19978.889134182085
Voyageurs NP,2024-07-01,2024,July,1.4879241647750991,False,45206.0,19984.572917024183
Voyageurs NP,2024-08-01,2024,August,1.5975433268845913,False,47070.0,19990.446159294326
Voyageurs NP,2024-09-01,2024,September,0.09395931250774646,False,21589.0,19996.31940156447
Voyageurs NP,2024-10-01,2024,October,-0.5754910266490763,False,10247.0,20002.003184406538
Voyageurs NP,2024-11-01,2024,November,-1.042424603387672,False,2338.0,20007.87642667668
Voyageurs NP,2024-12-01,2024,December,-1.1741405503823825,False,111.0,20013.56020951875
Voyageurs NP,2025-01-01,2025,January,-1.0186237078447913,False,2753.0,20019.433451788893
Voyageurs NP,2025-02-01,2025,February,-0.6553284199758825,False,8917.0,20025.306694059036
Voyageurs NP,2025-03-01,2025,March,-0.8943329135029141,False,4871.0,20030.611558044984
Voyageurs NP,2025-04-01,2025,April,-1.1817463854308345,False,5.0,20036.484800315127
Voyageurs NP,2025-05-01,2025,May,0.4291156681980945,False,27316.0,20042.168583157196
Voyageurs NP,2025-06-01,2025,June,1.2319785870050064,False,40931.0,20048.04182542734
Voyageurs NP,2025-07-01,2025,July,1.3052093518447627,False,42178.0,20053.725608269437
Voyageurs NP,2025-08-01,2025,August,1.3406724930055136,False,42785.0,20059.59885053958
White Sands NP,2016-05-01,2016,May,1.182251443325935,False,57795.0,38707.175073071965
White Sands NP,2016-06-01,2016,June,0.8162278729438002,False,51861.0,38682.74183234654
White Sands NP,2016-07-01,2016,July,1.5124449071407355,False,63078.0,38659.09676067671
White Sands NP,2016-08-01,2016,August,0.41766515131449944,False,45378.0,38634.66351995128
White Sands NP,2016-09-01,2016,September,0.4378216605043493,False,45679.0,38610.230279225856
White Sands NP,2016-10-01,2016,October,0.3273651812537189,False,43872.0,38586.58520755614
White Sands NP,2016-11-01,2016,November,-0.15615375576002063,False,36041.0,38562.151966830716
White Sands NP,2016-12-01,2016,December,-0.1094129548256082,False,36772.0,38538.506895160885
White Sands NP,2017-01-01,2017,January,-0.606310383769989,False,28725.0,38514.07365443546
White Sands NP,2017-02-01,2017,February,-0.25516007422204995,False,34370.0,38489.64041371003
White Sands NP,2017-03-01,2017,March,2.6214057604359677,False,80791.0,38467.571680151625
White Sands NP,2017-04-01,2017,April,1.3899919620218,False,60885.0,38443.13843942608
White Sands NP,2017-05-01,2017,May,1.4709841797971526,False,62169.0,38419.49336775637
White Sands NP,2017-06-01,2017,June,1.0990765504640414,False,56140.0,38395.06012703094
White Sands NP,2017-07-01,2017,July,1.7905863375001956,False,67281.0,38371.41505536111
White Sands NP,2017-08-01,2017,August,0.6558569182699611,False,48936.0,38346.981814635685
White Sands NP,2017-09-01,2017,September,0.18348672453175602,False,41285.0,38322.54857391026
White Sands NP,2017-10-01,2017,October,0.38240787117720637,False,44473.0,38298.903502240544
White Sands NP,2017-11-01,2017,November,0.24505741286881128,False,42231.0,38274.47026151512
White Sands NP,2017-12-01,2017,December,0.4292993808681485,False,45182.0,38250.82518984529
White Sands NP,2018-01-01,2018,January,-0.3060572792473857,False,33285.0,38226.39194911986
White Sands NP,2018-02-01,2018,February,-0.18097870834222837,False,35280.0,38201.958708394435
White Sands NP,2018-03-01,2018,March,3.194741137746523,True,89760.0,38179.88997483603
White Sands NP,2018-04-01,2018,April,1.225714096730461,False,57945.0,38155.4567341106
White Sands NP,2018-05-01,2018,May,1.5419447976195977,False,63027.0,38131.81166244077
White Sands NP,2018-06-01,2018,June,1.2922397820788722,False,58971.0,38107.378421715344
White Sands NP,2018-07-01,2018,July,1.8450096527972573,False,67872.0,38083.73335004563
White Sands NP,2018-08-01,2018,August,0.5885731194757718,False,47562.0,38059.300109320204
White Sands NP,2018-09-01,2018,September,0.4779796450286666,False,45752.0,38034.86686859466
White Sands NP,2018-10-01,2018,October,0.4581996110857163,False,45409.0,38011.22179692495
White Sands NP,2018-11-01,2018,November,0.19245279272074953,False,41094.0,37986.78855619952
White Sands NP,2018-12-01,2018,December,-1.2952451058342285,False,17051.0,37963.14348452969
White Sands NP,2019-01-01,2019,January,-2.0591549362276593,False,4693.0,37938.710243804264
White Sands NP,2019-02-01,2019,February,-0.1476141303433912,False,35531.0,37914.27700307884
White Sands NP,2019-03-01,2019,March,2.8379616385642965,False,83712.0,37892.20826952043
White Sands NP,2019-04-01,2019,April,1.544920064821473,False,62811.0,37867.775028795004
White Sands NP,2019-05-01,2019,May,1.6413347107946554,False,64344.0,37844.12995712517
White Sands NP,2019-06-01,2019,June,1.5055326890523069,False,62127.0,37819.69671639975
White Sands NP,2019-07-01,2019,July,1.7693642965464245,False,66363.0,37796.05164473003
White Sands NP,2019-08-01,2019,August,0.665108108935984,False,48510.0,37771.61840400461
White Sands NP,2019-09-01,2019,September,0.32590345987777364,False,43009.0,37747.18516327918
White Sands NP,2019-10-01,2019,October,0.7636554624702357,False,50053.0,37723.54009160935
White Sands NP,2019-11-01,2019,November,0.05425059920164003,False,38575.0,37699.10685088392
White Sands NP,2019-12-01,2019,December,0.7049435983568028,False,49057.0,37675.46177921421
White Sands NP,2020-01-01,2020,January,0.16184082228160301,False,40264.0,37651.02853848867
White Sands NP,2020-02-01,2020,February,0.25991465947491027,False,41823.0,37626.59529776324
White Sands NP,2020-03-01,2020,March,0.6688169247474648,False,48402.0,37603.73839514912
White Sands NP,2020-04-01,2020,April,-2.327566809109096,False,0.0,37579.305154423695
White Sands NP,2020-05-01,2020,May,-2.326102293365889,False,0.0,37555.66008275398
White Sands NP,2020-06-01,2020,June,-2.2348415770631864,False,1449.0,37531.226842028555
White Sands NP,2020-07-01,2020,July,0.3557327520349765,False,43251.0,37507.58177035872
White Sands NP,2020-08-01,2020,August,0.4893586927847102,False,45384.0,37483.1485296333
White Sands NP,2020-09-01,2020,September,0.6695616054411213,False,48269.0,37458.71528890787
White Sands NP,2020-10-01,2020,October,1.2526808328540167,False,57660.0,37435.07021723816
White Sands NP,2020-11-01,2020,November,0.298622992150082,False,42232.0,37410.63697651273
White Sands NP,2020-12-01,2020,December,0.5736652803823831,False,46649.0,37386.9919048429
White Sands NP,2021-01-01,2021,January,0.4763264229406282,False,45053.0,37362.558664117474
White Sands NP,2021-02-01,2021,February,-0.09737345967965652,False,35766.0,37338.12542339205
White Sands NP,2021-03-01,2021,March,3.7659180923258013,True,98118.0,37316.05668983364
White Sands NP,2021-04-01,2021,April,2.5661543373216156,False,78723.0,37291.623449108214
White Sands NP,2021-05-01,2021,May,2.9686019862082187,False,85197.0,37267.97837743838
White Sands NP,2021-06-01,2021,June,2.2079129038721645,False,72891.0,37243.54513671296
White Sands NP,2021-07-01,2021,July,3.0483203510993455,True,86436.0,37219.900065043126
White Sands NP,2021-08-01,2021,August,0.8830754284338774,False,51453.0,37195.4668243177
White Sands NP,2021-09-01,2021,September,0.6181337970832548,False,47151.0,37171.033583592274
White Sands NP,2021-10-01,2021,October,1.6426813207446724,False,63669.0,37147.38851192256
White Sands NP,2021-11-01,2021,November,1.1945906123620755,False,56410.0,37122.955271197134
White Sands NP,2021-12-01,2021,December,1.5176344341418166,False,61602.0,37099.3101995273
White Sands NP,2022-01-01,2022,January,0.49600282169561477,False,45083.0,37074.87695880188
White Sands NP,2022-02-01,2022,February,0.44195825064051875,False,44186.0,37050.44371807645
White Sands NP,2022-03-01,2022,March,3.878562622506217,True,99649.0,37028.37498451804
White Sands NP,2022-04-01,2022,April,2.3792073607033637,False,75417.0,37003.94174379262
White Sands NP,2022-05-01,2022,May,1.6939092906736564,False,64329.0,36980.296672122786
White Sands NP,2022-06-01,2022,June,1.2292193423030418,False,56802.0,36955.86343139736
White Sands NP,2022-07-01,2022,July,1.6054674444921315,False,62853.0,36932.218359727645
White Sands NP,2022-08-01,2022,August,0.5840835818964972,False,46338.0,36907.78511900222
White Sands NP,2022-09-01,2022,September,0.8329132031600869,False,50331.0,36883.35187827679
White Sands NP,2022-10-01,2022,October,1.2870166958899993,False,57639.0,36859.70680660696
White Sands NP,2022-11-01,2022,November,0.7975517624626416,False,49712.0,36835.273565881536
White Sands NP,2022-12-01,2022,December,0.989535913292211,False,52788.0,36811.628494211705
White Sands NP,2023-01-01,2023,January,0.3812129890551276,False,42942.0,36787.19525348628
White Sands NP,2023-02-01,2023,February,0.4180306756956373,False,43512.0,36762.76201276085
White Sands NP,2023-03-01,2023,March,4.004957269393125,True,101402.0,36740.693279202445
White Sands NP,2023-04-01,2023,April,2.701757951777036,False,80337.0,36716.26003847702
White Sands NP,2023-05-01,2023,May,2.163437480596458,False,71622.0,36692.61496680719
White Sands NP,2023-06-01,2023,June,1.7080381516221217,False,64245.0,36668.18172608176
White Sands NP,2023-07-01,2023,July,1.4633012533639431,False,60270.0,36644.53665441205
White Sands NP,2023-08-01,2023,August,0.40475491318319395,False,43155.0,36620.10341368662
White Sands NP,2023-09-01,2023,September,0.99981495061477,False,52738.0,36595.670172961196
White Sands NP,2023-10-01,2023,October,1.6907053630245057,False,63869.0,36572.025101291365
White Sands NP,2023-11-01,2023,November,0.8756351884889002,False,50685.0,36547.59186056594
White Sands NP,2023-12-01,2023,December,1.1021804434726192,False,54319.0,36523.946788896224
White Sands NP,2024-01-01,2024,January,0.06048109313045532,False,37476.0,36499.5135481708
White Sands NP,2024-02-01,2024,February,0.39261660164734397,False,42814.0,36475.08030744537
White Sands NP,2024-03-01,2024,March,4.263389466361268,True,105286.0,36452.22340483125
White Sands NP,2024-04-01,2024,April,3.1557267183055258,True,87378.0,36427.79016410583
White Sands NP,2024-05-01,2024,May,1.585404244586309,False,62001.0,36404.145092435996
White Sands NP,2024-06-01,2024,June,1.240005849263913,False,56400.0,36379.71185171057
White Sands NP,2024-07-01,2024,July,1.0435801718663908,False,53205.0,36356.06678004074
White Sands NP,2024-08-01,2024,August,0.3443949899337017,False,41892.0,36331.63353931531
White Sands NP,2024-09-01,2024,September,0.42717027385447004,False,43204.0,36307.20029858989
White Sands NP,2024-10-01,2024,October,1.3523701074383474,False,58118.0,36283.55522692017
White Sands NP,2024-11-01,2024,November,0.9885762857113195,False,52220.0,36259.12198619475
White Sands NP,2024-12-01,2024,December,1.6107780520512347,False,62242.0,36235.476914524916
White Sands NP,2025-01-01,2025,January,0.2847857481829425,False,40809.0,36211.04367379949
White Sands NP,2025-02-01,2025,February,0.43104693131161526,False,43146.0,36186.61043307406
White Sands NP,2025-03-01,2025,March,3.4370001254284746,True,91656.0,36164.541699515656
White Sands NP,2025-04-01,2025,April,1.9083484437960228,False,66951.0,36140.10845879023
White Sands NP,2025-05-01,2025,May,2.044526940785278,False,69126.0,36116.4633871204
White Sands NP,2025-06-01,2025,June,1.6129115974654158,False,62133.0,36092.03014639497
White Sands NP,2025-07-01,2025,July,2.1069647535993195,False,70086.0,36068.38507472526
White Sands NP,2025-08-01,2025,August,0.8237712364165513,False,49344.0,36043.95183399983
Wind Cave NP,2016-05-01,2016,May,-0.05947281537591885,False,51752.0,54748.66532977653
Wind Cave NP,2016-06-01,2016,June,1.1882088762817555,False,114636.0,54765.54790218361
Wind Cave NP,2016-07-01,2016,July,1.3878165771764353,False,124710.0,54781.88587548083
Wind Cave NP,2016-08-01,2016,August,0.9872405402495751,False,104543.0,54798.76844788791
Wind Cave NP,2016-09-01,2016,September,0.46292262257805605,False,78141.0,54815.651020295045
Wind Cave NP,2016-10-01,2016,October,-0.5187035177528102,False,28696.0,54831.98899359221
Wind Cave NP,2016-11-01,2016,November,-0.7711266854320569,False,15994.0,54848.87156599929
Wind Cave NP,2016-12-01,2016,December,-0.8552024558066856,False,11774.0,54865.20953929651
Wind Cave NP,2017-01-01,2017,January,-0.8527193337851489,False,11916.0,54882.09211170359
Wind Cave NP,2017-02-01,2017,February,-0.781071744338572,False,15543.0,54898.974684110726
Wind Cave NP,2017-03-01,2017,March,-0.5957516323100777,False,24896.0,54914.22345918807
Wind Cave NP,2017-04-01,2017,April,-0.3359806607338118,False,38002.0,54931.106031595205
Wind Cave NP,2017-05-01,2017,May,-0.17352529356070265,False,46204.0,54947.44400489237
Wind Cave NP,2017-06-01,2017,June,1.2276677770159656,False,116823.0,54964.32657729945
Wind Cave NP,2017-07-01,2017,July,1.4686947730372053,False,128984.0,54980.66455059667
Wind Cave NP,2017-08-01,2017,August,0.9629530222264733,False,103518.0,54997.54712300375
Wind Cave NP,2017-09-01,2017,September,0.4477247246641849,False,77574.0,55014.42969541089
Wind Cave NP,2017-10-01,2017,October,-0.5226485453567822,False,28696.0,55030.76766870805
Wind Cave NP,2017-11-01,2017,November,-0.7750717130360288,False,15994.0,55047.65024111513
Wind Cave NP,2017-12-01,2017,December,-0.8591474834106576,False,11774.0,55063.988214412355
Wind Cave NP,2018-01-01,2018,January,-0.8566643613891208,False,11916.0,55080.87078681943
Wind Cave NP,2018-02-01,2018,February,-0.785016771942544,False,15543.0,55097.75335922657
Wind Cave NP,2018-03-01,2018,March,-0.5996966599140497,False,24896.0,55113.00213430391
Wind Cave NP,2018-04-01,2018,April,-0.3399256883377838,False,38002.0,55129.88470671105
Wind Cave NP,2018-05-01,2018,May,-0.17747032116467468,False,46204.0,55146.22268000821
Wind Cave NP,2018-06-01,2018,June,1.2237227494119938,False,116823.0,55163.10525241529
Wind Cave NP,2018-07-01,2018,July,1.620444220885012,False,136829.0,55179.443225712515
Wind Cave NP,2018-08-01,2018,August,1.4644146882942661,False,128984.0,55196.32579811959
Wind Cave NP,2018-09-01,2018,September,0.4751567481359633,False,79155.0,55213.20837052673
Wind Cave NP,2018-10-01,2018,October,-0.478327293254097,False,31128.0,55229.546343823895
Wind Cave NP,2018-11-01,2018,November,-0.7854469522456575,False,15670.0,55246.42891623097
Wind Cave NP,2018-12-01,2018,December,-0.8735515280398798,False,11247.0,55262.7668895282
Wind Cave NP,2019-01-01,2019,January,-0.8702348600694616,False,11431.0,55279.649461935274
Wind Cave NP,2019-02-01,2019,February,-0.8170642058230895,False,14127.0,55296.53203434241
Wind Cave NP,2019-03-01,2019,March,-0.6735206228992472,False,21375.0,55311.78080941975
Wind Cave NP,2019-04-01,2019,April,-0.008070776535242706,False,54922.0,55328.66338182689
Wind Cave NP,2019-05-01,2019,May,-0.1302911972372532,False,48780.0,55345.001355124055
Wind Cave NP,2019-06-01,2019,June,1.3841648907267066,False,125106.0,55361.88392753113
Wind Cave NP,2019-07-01,2019,July,1.8090483074726469,False,146531.0,55378.22190082836
Wind Cave NP,2019-08-01,2019,August,0.7311764944154042,False,92237.0,55395.104473235435
Wind Cave NP,2019-09-01,2019,September,-0.004286550640623903,False,55196.0,55411.98704564257
Wind Cave NP,2019-10-01,2019,October,-0.6329258279523268,False,23537.0,55428.32501893974
Wind Cave NP,2019-11-01,2019,November,-0.8830666674382077,False,10950.0,55445.207591346814
Wind Cave NP,2019-12-01,2019,December,-0.8792628792021958,False,11158.0,55461.54556464404
Wind Cave NP,2020-01-01,2020,January,-0.8303194936965782,False,13641.0,55478.428137051116
Wind Cave NP,2020-02-01,2020,February,-0.8694342837906485,False,11687.0,55495.31070945825
Wind Cave NP,2020-03-01,2020,March,-0.824994245417919,False,13942.0,55511.10408364551
Wind Cave NP,2020-04-01,2020,April,-0.5222361184779103,False,29214.0,55527.986656052584
Wind Cave NP,2020-05-01,2020,May,-0.3704580779833309,False,36878.0,55544.32462934981
Wind Cave NP,2020-06-01,2020,June,-0.0012544311182037281,False,55498.0,55561.207201756886
Wind Cave NP,2020-07-01,2020,July,0.665258079142766,False,89098.0,55577.54517505411
Wind Cave NP,2020-08-01,2020,August,0.5020243279938309,False,80890.0,55594.42774746119
Wind Cave NP,2020-09-01,2020,September,0.23862613865431231,False,67635.0,55611.310319868266
Wind Cave NP,2020-10-01,2020,October,-0.6289034383403822,False,23939.0,55627.64829316549
Wind Cave NP,2020-11-01,2020,November,-0.8730903781913959,False,11652.0,55644.53086557257
Wind Cave NP,2020-12-01,2020,December,-0.820246303296194,False,14331.0,55660.86883886979
Wind Cave NP,2021-01-01,2021,January,-0.8104795773880029,False,14840.0,55677.75141127687
Wind Cave NP,2021-02-01,2021,February,-0.8902793483203316,False,10836.0,55694.63398368395
Wind Cave NP,2021-03-01,2021,March,-0.7795615987167253,False,16430.0,55709.88275876135
Wind Cave NP,2021-04-01,2021,April,-0.247816491819722,False,43240.0,55726.765331168426
Wind Cave NP,2021-05-01,2021,May,0.42665439761985374,False,77241.0,55743.10330446565
Wind Cave NP,2021-06-01,2021,June,1.306841557481405,False,121608.0,55759.98587687273
Wind Cave NP,2021-07-01,2021,July,1.9594814815931338,False,154509.0,55776.32385016995
Wind Cave NP,2021-08-01,2021,August,1.2598013733426592,False,119271.0,55793.20642257703
Wind Cave NP,2021-09-01,2021,September,0.6679860801438628,False,89468.0,55810.08899498411
Wind Cave NP,2021-10-01,2021,October,-0.479674474671336,False,31657.0,55826.42696828133
Wind Cave NP,2021-11-01,2021,November,-0.7833210255425573,False,16374.0,55843.30954068841
Wind Cave NP,2021-12-01,2021,December,-0.8401477819216102,False,13527.0,55859.647513985634
Wind Cave NP,2022-01-01,2022,January,-0.8621947263957266,False,12433.0,55876.53008639271
Wind Cave NP,2022-02-01,2022,February,-0.8719567912899001,False,11958.0,55893.41265879979
Wind Cave NP,2022-03-01,2022,March,-0.7095591928556461,False,20156.0,55908.66143387719
Wind Cave NP,2022-04-01,2022,April,-0.40338749679164676,False,35600.0,55925.54400628427
Wind Cave NP,2022-05-01,2022,May,0.26673704591447583,False,69382.0,55941.88197958149
Wind Cave NP,2022-06-01,2022,June,0.7819501581586643,False,95359.0,55958.76455198857
Wind Cave NP,2022-07-01,2022,July,1.2833213388805327,False,120638.0,55975.102525285794
Wind Cave NP,2022-08-01,2022,August,0.9109072472265947,False,101890.0,55991.98509769287
Wind Cave NP,2022-09-01,2022,September,0.5419067246966472,False,83314.0,56008.86767009995
Wind Cave NP,2022-10-01,2022,October,-0.48232949068775344,False,31722.0,56025.205643397174
Wind Cave NP,2022-11-01,2022,November,-0.8352544842035594,False,13956.0,56042.08821580425
Wind Cave NP,2022-12-01,2022,December,-0.8940460274621186,False,11010.0,56058.426189101476
Wind Cave NP,2023-01-01,2023,January,-0.8988663556593522,False,10784.0,56075.30876150855
Wind Cave NP,2023-02-01,2023,February,-0.8964626189662804,False,10922.0,56092.19133391563
Wind Cave NP,2023-03-01,2023,March,-0.7705822716258788,False,17280.0,56107.44010899303
Wind Cave NP,2023-04-01,2023,April,-0.3688306400901439,False,37540.0,56124.32268140011
Wind Cave NP,2023-05-01,2023,May,0.26741621369358404,False,69615.0,56140.660654697334
Wind Cave NP,2023-06-01,2023,June,0.8611612621216715,False,99549.0,56157.54322710441
Wind Cave NP,2023-07-01,2023,July,1.3358192798151023,False,123482.0,56173.881200401636
Wind Cave NP,2023-08-01,2023,August,0.7320366483502226,False,93076.0,56190.763772808714
Wind Cave NP,2023-09-01,2023,September,0.3619247312217667,False,74444.0,56207.64634521579
Wind Cave NP,2023-10-01,2023,October,-0.5493660080892021,False,28543.0,56223.984318513016
Wind Cave NP,2023-11-01,2023,November,-0.8315388276106689,False,14342.0,56240.86689092009
Wind Cave NP,2023-12-01,2023,December,-0.8608387213445189,False,12882.0,56257.20486421732
Wind Cave NP,2024-01-01,2024,January,-0.8987428851794984,False,10989.0,56274.087436624395
Wind Cave NP,2024-02-01,2024,February,-0.8760958897278778,False,12147.0,56290.97000903147
Wind Cave NP,2024-03-01,2024,March,-0.75344145648511,False,18343.0,56306.763383218786
Wind Cave NP,2024-04-01,2024,April,-0.4050764583420181,False,35913.0,56323.64595562586
Wind Cave NP,2024-05-01,2024,May,-0.052433690499133795,False,53698.0,56339.98392892309
Wind Cave NP,2024-06-01,2024,June,0.2903743346514152,False,70988.0,56356.866501330165
Wind Cave NP,2024-07-01,2024,July,0.6513327156509975,False,89192.0,56373.20447462739
Wind Cave NP,2024-08-01,2024,August,0.4521374107074642,False,79172.0,56390.08704703447
Wind Cave NP,2024-09-01,2024,September,0.17651388078435146,False,65301.0,56406.969619441545
Wind Cave NP,2024-10-01,2024,October,-0.5727117104655307,False,27566.0,56423.30759273877
Wind Cave NP,2024-11-01,2024,November,-0.850240488271801,False,13599.0,56440.19016514585
Wind Cave NP,2024-12-01,2024,December,-0.8725544731007401,False,12491.0,56456.52813844307
Wind Cave NP,2025-01-01,2025,January,-0.9037108840162034,False,10938.0,56473.41071085015
Wind Cave NP,2025-02-01,2025,February,-0.9188711512459898,False,10191.0,56490.293283257226
Wind Cave NP,2025-03-01,2025,March,-0.7373019959874632,False,19355.0,56505.54205833463
Wind Cave NP,2025-04-01,2025,April,-0.3121118462224675,False,40796.0,56522.424630741705
Wind Cave NP,2025-05-01,2025,May,0.22520104196188287,False,67886.0,56538.76260403893
Wind Cave NP,2025-06-01,2025,June,0.8421266063017202,False,98988.0,56555.64517644601
Wind Cave NP,2025-07-01,2025,July,1.0928783050599096,False,111639.0,56571.98314974323
Wind Cave NP,2025-08-01,2025,August,1.040069545805646,False,108995.0,56588.86572215031
Wrangell-St. Elias NP & PRES,2016-12-01,2016,December,-1.1061177753962326,False,35.0,6394.3354020142
Wrangell-St. Elias NP & PRES,2017-01-01,2017,January,-1.1100150801380861,False,25.0,6406.741938251653
Wrangell-St. Elias NP & PRES,2017-02-01,2017,February,-1.0999974996855415,False,95.0,6419.148474489106
Wrangell-St. Elias NP & PRES,2017-03-01,2017,March,-1.0784652417132583,False,230.0,6430.354378187389
Wrangell-St. Elias NP & PRES,2017-04-01,2017,April,-1.0301817269761189,False,520.0,6442.760914424842
Wrangell-St. Elias NP & PRES,2017-05-01,2017,May,-0.3026082675876584,False,4715.0,6454.767239815905
Wrangell-St. Elias NP & PRES,2017-06-01,2017,June,1.3944152066207371,False,14484.0,6467.1737760533
Wrangell-St. Elias NP & PRES,2017-07-01,2017,July,2.5895288085409742,False,21367.0,6479.180101444363
Wrangell-St. Elias NP & PRES,2017-08-01,2017,August,2.1325280546565324,False,18752.0,6491.586637681816
Wrangell-St. Elias NP & PRES,2017-09-01,2017,September,0.1695888506083649,False,7479.0,6503.993173919211
Wrangell-St. Elias NP & PRES,2017-10-01,2017,October,-1.0411811975828311,False,530.0,6515.999499310274
Wrangell-St. Elias NP & PRES,2017-11-01,2017,November,-1.1250890921924739,False,60.0,6528.406035547727
Wrangell-St. Elias NP & PRES,2017-12-01,2017,December,-1.1315258268085135,False,35.0,6540.41236093879
Wrangell-St. Elias NP & PRES,2018-01-01,2018,January,-1.135423131550357,False,25.0,6552.818897176185
Wrangell-St. Elias NP & PRES,2018-02-01,2018,February,-1.1254055510978123,False,95.0,6565.225433413638
Wrangell-St. Elias NP & PRES,2018-03-01,2018,March,-1.1038732931255393,False,230.0,6576.431337111979
Wrangell-St. Elias NP & PRES,2018-04-01,2018,April,-1.0555897783883896,False,520.0,6588.837873349374
Wrangell-St. Elias NP & PRES,2018-05-01,2018,May,-0.7602474403509205,False,2230.0,6600.844198740437
Wrangell-St. Elias NP & PRES,2018-06-01,2018,June,2.055358867422143,False,18430.0,6613.25073497789
Wrangell-St. Elias NP & PRES,2018-07-01,2018,July,3.129586904216046,True,24618.0,6625.257060368953
Wrangell-St. Elias NP & PRES,2018-08-01,2018,August,3.1343864027207013,True,24658.0,6637.663596606348
Wrangell-St. Elias NP & PRES,2018-09-01,2018,September,0.23810627425827116,False,8019.0,6650.070132843801
Wrangell-St. Elias NP & PRES,2018-10-01,2018,October,-1.066589248995112,False,530.0,6662.076458234864
Wrangell-St. Elias NP & PRES,2018-11-01,2018,November,-1.1504971436047446,False,60.0,6674.482994472259
Wrangell-St. Elias NP & PRES,2018-12-01,2018,December,-1.1569338782207845,False,35.0,6686.489319863322
Wrangell-St. Elias NP & PRES,2019-01-01,2019,January,-1.1608311829626379,False,25.0,6698.895856100775
Wrangell-St. Elias NP & PRES,2019-02-01,2019,February,-1.1508136025100832,False,95.0,6711.30239233817
Wrangell-St. Elias NP & PRES,2019-03-01,2019,March,-1.12928134453781,False,230.0,6722.508296036511
Wrangell-St. Elias NP & PRES,2019-04-01,2019,April,-1.0809978298006706,False,520.0,6734.914832273964
Wrangell-St. Elias NP & PRES,2019-05-01,2019,May,-0.3782972276971969,False,4572.0,6746.921157665027
Wrangell-St. Elias NP & PRES,2019-06-01,2019,June,1.684687727123869,False,16445.0,6759.327693902422
Wrangell-St. Elias NP & PRES,2019-07-01,2019,July,2.8874545159010245,False,23372.0,6771.334019293485
Wrangell-St. Elias NP & PRES,2019-08-01,2019,August,2.4342803554450425,False,20779.0,6783.740555530938
Wrangell-St. Elias NP & PRES,2019-09-01,2019,September,0.18417270819748416,False,7855.0,6796.147091768333
Wrangell-St. Elias NP & PRES,2019-10-01,2019,October,-1.091997300407383,False,530.0,6808.153417159396
Wrangell-St. Elias NP & PRES,2019-11-01,2019,November,-1.1759051950170256,False,60.0,6820.559953396849
Wrangell-St. Elias NP & PRES,2019-12-01,2019,December,-1.1823419296330655,False,35.0,6832.566278787912
Wrangell-St. Elias NP & PRES,2020-01-01,2020,January,-1.1862392343749089,False,25.0,6844.972815025307
Wrangell-St. Elias NP & PRES,2020-02-01,2020,February,-1.1762216539223642,False,95.0,6857.37935126276
Wrangell-St. Elias NP & PRES,2020-03-01,2020,March,-1.1547590070498444,False,230.0,6868.985465807433
Wrangell-St. Elias NP & PRES,2020-04-01,2020,April,-1.106475492312705,False,520.0,6881.392002044886
Wrangell-St. Elias NP & PRES,2020-05-01,2020,May,-1.1497866726938997,False,283.0,6893.398327435949
Wrangell-St. Elias NP & PRES,2020-06-01,2020,June,-1.1889929986165284,False,70.0,6905.804863673344
Wrangell-St. Elias NP & PRES,2020-07-01,2020,July,-0.26226274488324497,False,5410.0,6917.811189064407
Wrangell-St. Elias NP & PRES,2020-08-01,2020,August,-0.14840533366750447,False,6077.0,6930.21772530186
Wrangell-St. Elias NP & PRES,2020-09-01,2020,September,-0.6301050087719929,False,3320.0,6942.624261539255
Wrangell-St. Elias NP & PRES,2020-10-01,2020,October,-1.1174749629194174,False,530.0,6954.630586930318
Wrangell-St. Elias NP & PRES,2020-11-01,2020,November,-1.20138285752906,False,60.0,6967.037123167771
Wrangell-St. Elias NP & PRES,2020-12-01,2020,December,-1.2078195921450996,False,35.0,6979.043448558834
Wrangell-St. Elias NP & PRES,2021-01-01,2021,January,-1.2117168968869432,False,25.0,6991.449984796229
Wrangell-St. Elias NP & PRES,2021-02-01,2021,February,-1.2016993164343985,False,95.0,7003.856521033682
Wrangell-St. Elias NP & PRES,2021-03-01,2021,March,-1.1801670584621253,False,230.0,7015.062424732023
Wrangell-St. Elias NP & PRES,2021-04-01,2021,April,-1.131883543724976,False,520.0,7027.468960969418
Wrangell-St. Elias NP & PRES,2021-05-01,2021,May,-0.8760246924266113,False,2003.0,7039.475286360481
Wrangell-St. Elias NP & PRES,2021-06-01,2021,June,0.5348739549719629,False,10127.0,7051.881822597934
Wrangell-St. Elias NP & PRES,2021-07-01,2021,July,1.4793456873281041,False,15569.0,7063.888147988997
Wrangell-St. Elias NP & PRES,2021-08-01,2021,August,0.920940207589496,False,12371.0,7076.294684226392
Wrangell-St. Elias NP & PRES,2021-09-01,2021,September,0.2670438282043207,False,8624.0,7088.701220463845
Wrangell-St. Elias NP & PRES,2021-10-01,2021,October,-1.1428830143316984,False,530.0,7100.707545854908
Wrangell-St. Elias NP & PRES,2021-11-01,2021,November,-1.226790908941331,False,60.0,7113.114082092303
Wrangell-St. Elias NP & PRES,2021-12-01,2021,December,-1.2332276435573706,False,35.0,7125.120407483366
Wrangell-St. Elias NP & PRES,2022-01-01,2022,January,-1.2371249482992241,False,25.0,7137.526943720819
Wrangell-St. Elias NP & PRES,2022-02-01,2022,February,-1.2271073678466693,False,95.0,7149.933479958214
Wrangell-St. Elias NP & PRES,2022-03-01,2022,March,-1.2055751098743963,False,230.0,7161.139383656555
Wrangell-St. Elias NP & PRES,2022-04-01,2022,April,-1.1572915951372569,False,520.0,7173.545919894008
Wrangell-St. Elias NP & PRES,2022-05-01,2022,May,-0.395974539152381,False,4909.0,7185.552245285071
Wrangell-St. Elias NP & PRES,2022-06-01,2022,June,1.6336146912021294,False,16590.0,7197.958781522466
Wrangell-St. Elias NP & PRES,2022-07-01,2022,July,2.234040887126777,False,20054.0,7209.965106913529
Wrangell-St. Elias NP & PRES,2022-08-01,2022,August,1.6709391336350496,False,16829.0,7222.371643150982
Wrangell-St. Elias NP & PRES,2022-09-01,2022,September,-0.32626547520432303,False,5359.0,7234.778179388377
Wrangell-St. Elias NP & PRES,2022-10-01,2022,October,-1.1682910657439691,False,530.0,7246.78450477944
Wrangell-St. Elias NP & PRES,2022-11-01,2022,November,-1.252198960353612,False,60.0,7259.191041016893
Wrangell-St. Elias NP & PRES,2022-12-01,2022,December,-1.2586356949696516,False,35.0,7271.197366407956
Wrangell-St. Elias NP & PRES,2023-01-01,2023,January,-1.262532999711495,False,25.0,7283.603902645351
Wrangell-St. Elias NP & PRES,2023-02-01,2023,February,-1.2525154192589503,False,95.0,7296.010438882804
Wrangell-St. Elias NP & PRES,2023-03-01,2023,March,-1.230983161286667,False,230.0,7307.216342581087
Wrangell-St. Elias NP & PRES,2023-04-01,2023,April,-1.1826996465495276,False,520.0,7319.62287881854
Wrangell-St. Elias NP & PRES,2023-05-01,2023,May,-0.5570527212100335,False,4129.0,7331.629204209603
Wrangell-St. Elias NP & PRES,2023-06-01,2023,June,1.7012624345273857,False,17125.0,7344.035740447056
Wrangell-St. Elias NP & PRES,2023-07-01,2023,July,3.6683042926068676,True,28446.0,7356.042065838061
Wrangell-St. Elias NP & PRES,2023-08-01,2023,August,2.2454365701662673,False,20278.0,7368.448602075514
Wrangell-St. Elias NP & PRES,2023-09-01,2023,September,-0.09546570297474882,False,6832.0,7380.855138312967
Wrangell-St. Elias NP & PRES,2023-10-01,2023,October,-1.19369911715625,False,530.0,7392.86146370403
Wrangell-St. Elias NP & PRES,2023-11-01,2023,November,-1.2776070117658826,False,60.0,7405.267999941425
Wrangell-St. Elias NP & PRES,2023-12-01,2023,December,-1.2840437463819225,False,35.0,7417.274325332488
Wrangell-St. Elias NP & PRES,2024-01-01,2024,January,-1.2879410511237759,False,25.0,7429.680861569941
Wrangell-St. Elias NP & PRES,2024-02-01,2024,February,-1.2779234706712213,False,95.0,7442.087397807336
Wrangell-St. Elias NP & PRES,2024-03-01,2024,March,-1.2564608237987116,False,230.0,7453.693512352067
Wrangell-St. Elias NP & PRES,2024-04-01,2024,April,-1.208177309061562,False,520.0,7466.100048589462
Wrangell-St. Elias NP & PRES,2024-05-01,2024,May,-0.359544348481838,False,5411.0,7478.106373980525
Wrangell-St. Elias NP & PRES,2024-06-01,2024,June,2.3743120087741367,False,21141.0,7490.512910217978
Wrangell-St. Elias NP & PRES,2024-07-01,2024,July,3.5991686777973992,True,28195.0,7502.519235609041
Wrangell-St. Elias NP & PRES,2024-08-01,2024,August,2.175083402902299,False,20020.0,7514.925771846436
Wrangell-St. Elias NP & PRES,2024-09-01,2024,September,-0.36862832194706946,False,5408.0,7527.332308083889
Wrangell-St. Elias NP & PRES,2024-10-01,2024,October,-1.2191767796682844,False,530.0,7539.338633474952
Wrangell-St. Elias NP & PRES,2024-11-01,2024,November,-1.303084674277917,False,60.0,7551.745169712347
Wrangell-St. Elias NP & PRES,2024-12-01,2024,December,-1.3095214088939566,False,35.0,7563.75149510341
Wrangell-St. Elias NP & PRES,2025-01-01,2025,January,-1.3134187136358102,False,25.0,7576.158031340863
Wrangell-St. Elias NP & PRES,2025-02-01,2025,February,-1.3034011331832556,False,95.0,7588.564567578258
Wrangell-St. Elias NP & PRES,2025-03-01,2025,March,-1.2818688752109824,False,230.0,7599.770471276599
Wrangell-St. Elias NP & PRES,2025-04-01,2025,April,-1.233585360473843,False,520.0,7612.177007514052
Wrangell-St. Elias NP & PRES,2025-05-01,2025,May,-0.3849523998941089,False,5411.0,7624.183332905057
Wrangell-St. Elias NP & PRES,2025-06-01,2025,June,2.3489039573618657,False,21141.0,7636.58986914251
Wrangell-St. Elias NP & PRES,2025-07-01,2025,July,3.5737606263851283,True,28195.0,7648.596194533573
Wrangell-St. Elias NP & PRES,2025-08-01,2025,August,2.149675351490018,False,20020.0,7661.002730771026
Yellowstone NP,2016-05-01,2016,May,0.5552857487430587,False,444630.0,291653.3933814522
Yellowstone NP,2016-06-01,2016,June,1.9834308416743383,False,838316.0,291897.295200306
Yellowstone NP,2016-07-01,2016,July,2.5546457803021485,False,995917.0,292133.3292185515
Yellowstone NP,2016-08-01,2016,August,1.9915619914849165,False,841036.0,292377.2310374044
Yellowstone NP,2016-09-01,2016,September,1.4851006012559937,False,701754.0,292621.1328562582
Yellowstone NP,2016-10-01,2016,October,-0.18459056889839986,False,242004.0,292857.1668745037
Yellowstone NP,2016-11-01,2016,November,-0.9742256599204162,False,24710.0,293101.0686933575
Yellowstone NP,2016-12-01,2016,December,-0.9933225485137696,False,19685.0,293337.1027116021
Yellowstone NP,2017-01-01,2017,January,-0.9585153339926255,False,29518.0,293581.0045304559
Yellowstone NP,2017-02-01,2017,February,-0.9493931052020348,False,32275.0,293824.9063493097
Yellowstone NP,2017-03-01,2017,March,-0.9806038417973469,False,23897.0,294045.2047663387
Yellowstone NP,2017-04-01,2017,April,-0.904307171806976,False,45160.0,294289.10658519156
Yellowstone NP,2017-05-01,2017,May,0.45413297814475173,False,419635.0,294525.1406034371
Yellowstone NP,2017-06-01,2017,June,1.847180823050491,False,803652.0,294769.0424222909
Yellowstone NP,2017-07-01,2017,July,2.4225737462141788,False,962404.0,295005.0764405364
Yellowstone NP,2017-08-01,2017,August,2.2538503170244923,False,916166.0,295248.9782593893
Yellowstone NP,2017-09-01,2017,September,1.2507641376899457,False,640068.0,295492.8800782431
Yellowstone NP,2017-10-01,2017,October,-0.3039725648131059,False,211987.0,295728.9140964886
Yellowstone NP,2017-11-01,2017,November,-1.036346399489803,False,10468.0,295972.8159153424
Yellowstone NP,2017-12-01,2017,December,-0.9979061613427659,False,21294.0,296208.849933587
Yellowstone NP,2018-01-01,2018,January,-0.9701699406321247,False,29179.0,296452.7517524408
Yellowstone NP,2018-02-01,2018,February,-0.9526009959292957,False,34263.0,296696.6535712946
Yellowstone NP,2018-03-01,2018,March,-0.9952240551838589,False,22741.0,296916.9519883236
Yellowstone NP,2018-04-01,2018,April,-0.9415705368310255,False,37766.0,297160.8538071774
Yellowstone NP,2018-05-01,2018,May,0.542586656053434,False,446875.0,297396.887825422
Yellowstone NP,2018-06-01,2018,June,1.8630079895831257,False,810884.0,297640.7896442758
Yellowstone NP,2018-07-01,2018,July,2.332869597011316,False,940563.0,297876.8236625213
Yellowstone NP,2018-08-01,2018,August,1.8724676731383845,False,813970.0,298120.7254813751
Yellowstone NP,2018-09-01,2018,September,1.546650573450268,False,724454.0,298364.627300228
Yellowstone NP,2018-10-01,2018,October,-0.29229434382739344,False,218076.0,298600.6613184735
Yellowstone NP,2018-11-01,2018,November,-1.0344978762653028,False,13849.0,298844.5631373273
Yellowstone NP,2018-12-01,2018,December,-1.004388198074688,False,22380.0,299080.59715557285
Yellowstone NP,2019-01-01,2019,January,-0.9634719062521668,False,33896.0,299324.4989744257
Yellowstone NP,2019-02-01,2019,February,-0.9725099351792074,False,31650.0,299568.4007932795
Yellowstone NP,2019-03-01,2019,March,-0.9840358671367594,False,28695.0,299788.6992103085
Yellowstone NP,2019-04-01,2019,April,-0.914302008650185,False,48150.0,300032.6010291623
Yellowstone NP,2019-05-01,2019,May,0.48682545506515323,False,434385.0,300268.6350474078
Yellowstone NP,2019-06-01,2019,June,1.7472050490571034,False,781853.0,300512.5368662607
Yellowstone NP,2019-07-01,2019,July,2.306107456368063,False,936062.0,300748.5708845062
Yellowstone NP,2019-08-01,2019,August,1.883953510822271,False,820006.0,300992.47270336
Yellowstone NP,2019-09-01,2019,September,1.4224807742316332,False,693118.0,301236.3745222129
Yellowstone NP,2019-10-01,2019,October,-0.47236782665770904,False,171339.0,301472.4085404584
Yellowstone NP,2019-11-01,2019,November,-1.0384644105790088,False,15628.0,301716.3103593122
Yellowstone NP,2019-12-01,2019,December,-1.0034652926231236,False,25506.0,301952.34437755775
Yellowstone NP,2020-01-01,2020,January,-1.0053379510255547,False,25234.0,302196.2461964106
Yellowstone NP,2020-02-01,2020,February,-0.9458004075357473,False,41880.0,302440.1480152644
Yellowstone NP,2020-03-01,2020,March,-0.9806187586416135,False,32516.0,302668.31423290167
Yellowstone NP,2020-04-01,2020,April,-1.099533062026519,False,0.0,302912.2160517555
Yellowstone NP,2020-05-01,2020,May,-0.9326207068696667,False,46219.0,303148.250070001
Yellowstone NP,2020-06-01,2020,June,0.9793865395215889,False,573205.0,303392.15188885387
Yellowstone NP,2020-07-01,2020,July,2.3667386328514763,False,955645.0,303628.1859070994
Yellowstone NP,2020-08-01,2020,August,2.0979105489872247,False,881829.0,303872.0877259532
Yellowstone NP,2020-09-01,2020,September,1.9347154173198153,False,837114.0,304115.98954480607
Yellowstone NP,2020-10-01,2020,October,0.2015922056671993,False,359889.0,304352.0235630516
Yellowstone NP,2020-11-01,2020,November,-1.0180486039244254,False,24132.0,304595.9253819054
Yellowstone NP,2020-12-01,2020,December,-1.0025310176836162,False,28643.0,304831.9594001509
Yellowstone NP,2021-01-01,2021,January,-0.9791143465800036,False,35338.0,305075.8612190038
Yellowstone NP,2021-02-01,2021,February,-0.9743407063853998,False,36897.0,305319.7630378576
Yellowstone NP,2021-03-01,2021,March,-0.979808379272249,False,35611.0,305540.06145488657
Yellowstone NP,2021-04-01,2021,April,-0.8649116332136642,False,67508.0,305783.9632737404
Yellowstone NP,2021-05-01,2021,May,0.6090165758114506,False,473799.0,306019.9972919859
Yellowstone NP,2021-06-01,2021,June,2.2961894502198805,False,938845.0,306263.89911083877
Yellowstone NP,2021-07-01,2021,July,2.8104916003698293,False,1080767.0,306499.9331290843
Yellowstone NP,2021-08-01,2021,August,2.2327358623831626,False,921844.0,306743.8349479381
Yellowstone NP,2021-09-01,2021,September,2.0875049752579358,False,882078.0,306987.7367667919
Yellowstone NP,2021-10-01,2021,October,0.03425957924081849,False,316662.0,307223.7707850365
Yellowstone NP,2021-11-01,2021,November,-0.9957602623493393,False,33144.0,307467.6726038903
Yellowstone NP,2021-12-01,2021,December,-0.9799014679883109,False,37749.0,307703.7066221358
Yellowstone NP,2022-01-01,2022,January,-0.9486043412570827,False,46615.0,307947.6084409896
Yellowstone NP,2022-02-01,2022,February,-0.9470032106057915,False,47300.0,308191.5102598425
Yellowstone NP,2022-03-01,2022,March,-0.9902977964799352,False,35593.0,308411.8086768715
Yellowstone NP,2022-04-01,2022,April,-0.8289640772089466,False,80283.0,308655.7104957253
Yellowstone NP,2022-05-01,2022,May,0.7796542223359413,False,523680.0,308891.7445139708
Yellowstone NP,2022-06-01,2022,June,0.7848779668593451,False,525363.0,309135.6463328246
Yellowstone NP,2022-07-01,2022,July,1.0424645650276796,False,596562.0,309371.6803510692
Yellowstone NP,2022-08-01,2022,August,0.9894869159383511,False,582211.0,309615.582169923
Yellowstone NP,2022-09-01,2022,September,0.9355183113509389,False,567587.0,309859.4839887768
Yellowstone NP,2022-10-01,2022,October,-0.26689922778393244,False,236567.0,310095.5180070223
Yellowstone NP,2022-11-01,2022,November,-1.0622912983662418,False,17687.0,310339.4198258752
Yellowstone NP,2022-12-01,2022,December,-1.0155713184934603,False,30794.0,310575.4538441207
Yellowstone NP,2023-01-01,2023,January,-0.962317086238756,False,45709.0,310819.3556629745
Yellowstone NP,2023-02-01,2023,February,-0.9631733800277679,False,45717.0,311063.2574818274
Yellowstone NP,2023-03-01,2023,March,-1.0208640446762756,False,30044.0,311283.5558988573
Yellowstone NP,2023-04-01,2023,April,-0.8794474419546823,False,69247.0,311527.4577177102
Yellowstone NP,2023-05-01,2023,May,0.5172515759450432,False,454262.0,311763.4917359557
Yellowstone NP,2023-06-01,2023,June,1.945091759492297,False,847864.0,312007.3935548095
Yellowstone NP,2023-07-01,2023,July,2.386455229134934,False,969692.0,312243.427573055
Yellowstone NP,2023-08-01,2023,August,1.9379955894696825,False,846389.0,312487.3293919079
Yellowstone NP,2023-09-01,2023,September,1.9083217290166108,False,838458.0,312731.2312107617
Yellowstone NP,2023-10-01,2023,October,-0.05023841363964434,False,299127.0,312967.26522900723
Yellowstone NP,2023-11-01,2023,November,-1.063923823942703,False,20109.0,313211.1670478601
Yellowstone NP,2023-12-01,2023,December,-1.0115847997071603,False,34764.0,313447.2010661056
Yellowstone NP,2024-01-01,2024,January,-0.9835182604971578,False,42740.0,313691.10288495943
Yellowstone NP,2024-02-01,2024,February,-0.9606242911947357,False,49291.0,313935.00470381323
Yellowstone NP,2024-03-01,2024,March,-1.0210876994213425,False,32862.0,314163.1709214505
Yellowstone NP,2024-04-01,2024,April,-0.8806910911867879,False,71784.0,314407.07274030335
Yellowstone NP,2024-05-01,2024,May,0.7543127596971889,False,522450.0,314643.1067585489
Yellowstone NP,2024-06-01,2024,June,2.1769259252325717,False,914612.0,314887.0085774027
Yellowstone NP,2024-07-01,2024,July,2.4582555267451016,False,992352.0,315123.0425956482
Yellowstone NP,2024-08-01,2024,August,2.00692828692056,False,868259.0,315366.9444145011
Yellowstone NP,2024-09-01,2024,September,1.9486038339899223,False,852435.0,315610.8462333549
Yellowstone NP,2024-10-01,2024,October,0.10954276075644111,False,346025.0,315846.8802516004
Yellowstone NP,2024-11-01,2024,November,-1.070659471960892,False,21133.0,316090.7820704533
Yellowstone NP,2024-12-01,2024,December,-1.0378419080502388,False,30410.0,316326.8160886988
Yellowstone NP,2025-01-01,2025,January,-1.002599108694772,False,40363.0,316570.7179075526
Yellowstone NP,2025-02-01,2025,February,-0.9897998179277752,False,44133.0,316814.6197264064
Yellowstone NP,2025-03-01,2025,March,-1.0299799722365126,False,33284.0,317034.9181434354
Yellowstone NP,2025-04-01,2025,April,-0.8666316731067788,False,78529.0,317278.81996228825
Yellowstone NP,2025-05-01,2025,May,0.9032873204613711,False,566363.0,317514.8539805338
Yellowstone NP,2025-06-01,2025,June,2.2160060621707927,False,928250.0,317758.7557993876
Yellowstone NP,2025-07-01,2025,July,2.3852415364440316,False,975109.0,317994.7898176331
Yellowstone NP,2025-08-01,2025,August,2.0461499889299355,False,881936.0,318238.691636486
Yosemite NP,2016-05-01,2016,May,0.7148680133919553,False,457309.0,334146.24434515927
Yosemite NP,2016-06-01,2016,June,2.1430758116877664,False,703614.0,334389.02755745687
Yosemite NP,2016-07-01,2016,July,2.589301396552884,False,780728.0,334623.9790532291
Yosemite NP,2016-08-01,2016,August,2.075504217345423,False,692450.0,334866.7622655267
Yosemite NP,2016-09-01,2016,September,1.5283673986739703,False,598428.0,335109.5454778252
Yosemite NP,2016-10-01,2016,October,0.8583767465406384,False,483232.0,335344.4969735965
Yosemite NP,2016-11-01,2016,November,-0.676713886971338,False,218998.0,335587.28018589504
Yosemite NP,2016-12-01,2016,December,-1.016767480314492,False,160646.0,335822.23168166727
Yosemite NP,2017-01-01,2017,January,-1.2539512894078906,False,120025.0,336065.01489396486
Yosemite NP,2017-02-01,2017,February,-1.2588662349166226,False,119421.0,336307.79810626246
Yosemite NP,2017-03-01,2017,March,-0.9851798812017757,False,166793.0,336527.086168983
Yosemite NP,2017-04-01,2017,April,-0.19860342770859749,False,302553.0,336769.8693812806
Yosemite NP,2017-05-01,2017,May,0.7826409501355995,False,471844.0,337004.82087705284
Yosemite NP,2017-06-01,2017,June,1.3260075197812957,False,565702.0,337247.60408935044
Yosemite NP,2017-07-01,2017,July,1.717295833141082,False,633351.0,337482.55558512267
Yosemite NP,2017-08-01,2017,August,1.614550173292955,False,615892.0,337725.33879742026
Yosemite NP,2017-09-01,2017,September,1.3251745052057906,False,566279.0,337968.1220097188
Yosemite NP,2017-10-01,2017,October,0.5318086134404049,False,429827.0,338203.073505491
Yosemite NP,2017-11-01,2017,November,-0.6995221503452016,False,217927.0,338445.8567177886
Yosemite NP,2017-12-01,2017,December,-1.2270473688706813,False,127276.0,338680.80821356084
Yosemite NP,2018-01-01,2018,January,-1.2159425711829301,False,129432.0,338923.59142585844
Yosemite NP,2018-02-01,2018,February,-1.1367364521457801,False,143321.0,339166.37463815603
Yosemite NP,2018-03-01,2018,March,-0.9792048451150009,False,170681.0,339385.6627008766
Yosemite NP,2018-04-01,2018,April,-0.3556815169390741,False,278349.0,339628.4459131742
Yosemite NP,2018-05-01,2018,May,0.2658731921058181,False,385670.0,339863.3974089464
Yosemite NP,2018-06-01,2018,June,1.1816523570315045,False,543690.0,340106.180621244
Yosemite NP,2018-07-01,2018,July,0.9512527450173238,False,504230.0,340341.13211701624
Yosemite NP,2018-08-01,2018,August,0.5878728284681484,False,441867.0,340583.91532931384
Yosemite NP,2018-09-01,2018,September,1.0654307574030677,False,524387.0,340826.69854161236
Yosemite NP,2018-10-01,2018,October,0.11442711003141574,False,360776.0,341061.6500373846
Yosemite NP,2018-11-01,2018,November,-0.7281462770099624,False,215854.0,341304.4332496822
Yosemite NP,2018-12-01,2018,December,-0.17621940832195984,False,311179.0,341539.3847454544
Yosemite NP,2019-01-01,2019,January,-1.3061672538419948,False,116746.0,341782.167957752
Yosemite NP,2019-02-01,2019,February,-1.3370678480067621,False,111665.0,342024.9511700496
Yosemite NP,2019-03-01,2019,March,-0.978796089363526,False,173610.0,342244.23923277017
Yosemite NP,2019-04-01,2019,April,-0.2628167867757205,False,297207.0,342487.02244506776
Yosemite NP,2019-05-01,2019,May,0.29184969016907186,False,393004.0,342721.97394084
Yosemite NP,2019-06-01,2019,June,0.8918831992449378,False,496625.0,342964.7571531376
Yosemite NP,2019-07-01,2019,July,2.1723136940478076,False,717462.0,343199.7086489098
Yosemite NP,2019-08-01,2019,August,2.0878514367608796,False,703153.0,343442.49186120834
Yosemite NP,2019-09-01,2019,September,1.398701916354519,False,584664.0,343685.27507350594
Yosemite NP,2019-10-01,2019,October,0.6095557178151634,False,448939.0,343920.22656927817
Yosemite NP,2019-11-01,2019,November,-0.6591602510170192,False,230598.0,344163.00978157576
Yosemite NP,2019-12-01,2019,December,-1.1330483511081861,False,149188.0,344397.961277348
Yosemite NP,2020-01-01,2020,January,-1.2299143008628208,False,132742.0,344640.7444896456
Yosemite NP,2020-02-01,2020,February,-1.0279656059647881,False,167778.0,344883.5277019432
Yosemite NP,2020-03-01,2020,March,-1.4672381073002378,False,92324.0,345110.64748119004
Yosemite NP,2020-04-01,2020,April,-2.004519301352979,False,0.0,345353.43069348764
Yosemite NP,2020-05-01,2020,May,-2.005883019695697,False,0.0,345588.38218925986
Yosemite NP,2020-06-01,2020,June,-0.634388594868306,False,236534.0,345831.16540155746
Yosemite NP,2020-07-01,2020,July,0.8996704211145418,False,501068.0,346066.1168973297
Yosemite NP,2020-08-01,2020,August,0.1678422153010277,False,375226.0,346308.9001096273
Yosemite NP,2020-09-01,2020,September,-0.5107203443841788,False,258561.0,346551.6833219249
Yosemite NP,2020-10-01,2020,October,-0.5627784239870728,False,249827.0,346786.6348176971
Yosemite NP,2020-11-01,2020,November,-1.2202309090325651,False,136799.0,347029.4180299947
Yosemite NP,2020-12-01,2020,December,-1.3338779361202007,False,117454.0,347264.36952576693
Yosemite NP,2021-01-01,2021,January,-1.6264865741205634,False,67284.0,347507.1527380645
Yosemite NP,2021-02-01,2021,February,-1.2741960718764074,False,128222.0,347749.93595036305
Yosemite NP,2021-03-01,2021,March,-1.0915668671711374,False,159906.0,347969.2240130836
Yosemite NP,2021-04-01,2021,April,-0.5285006567975917,False,257158.0,348212.0072253812
Yosemite NP,2021-05-01,2021,May,-0.002559436765624245,False,348006.0,348446.95872115344
Yosemite NP,2021-06-01,2021,June,0.4718293690586916,False,429980.0,348689.74193345103
Yosemite NP,2021-07-01,2021,July,0.93419078221592,False,509874.0,348924.69342922326
Yosemite NP,2021-08-01,2021,August,0.48100163143515445,False,432038.0,349167.47664152086
Yosemite NP,2021-09-01,2021,September,0.03842265839466858,False,356030.0,349410.25985381845
Yosemite NP,2021-10-01,2021,October,-0.37747513217618445,False,284611.0,349645.2113495907
Yosemite NP,2021-11-01,2021,November,-0.9558156245520864,False,185213.0,349887.9945618883
Yosemite NP,2021-12-01,2021,December,-1.2818693553626612,False,129273.0,350122.9460576605
Yosemite NP,2022-01-01,2022,January,-1.2380982117655588,False,137057.0,350365.7292699581
Yosemite NP,2022-02-01,2022,February,-1.0471601881877233,False,170196.0,350608.5124822566
Yosemite NP,2022-03-01,2022,March,-0.918197123190673,False,192634.0,350827.8005449772
Yosemite NP,2022-04-01,2022,April,-0.380002144555146,False,285601.0,351070.5837572748
Yosemite NP,2022-05-01,2022,May,0.17180283478244843,False,380905.0,351305.535253047
Yosemite NP,2022-06-01,2022,June,0.6877849303698079,False,470045.0,351548.3184653446
Yosemite NP,2022-07-01,2022,July,0.26148011097602203,False,396833.0,351783.26996111684
Yosemite NP,2022-08-01,2022,August,0.965717406141188,False,518407.0,352026.05317341443
Yosemite NP,2022-09-01,2022,September,0.4185167406671459,False,424374.0,352268.836385712
Yosemite NP,2022-10-01,2022,October,0.16895147936499835,False,381612.0,352503.78788148426
Yosemite NP,2022-11-01,2022,November,-1.0097114765347779,False,178786.0,352746.57109378185
Yosemite NP,2022-12-01,2022,December,-1.287856888380217,False,131100.0,352981.5225895541
Yosemite NP,2023-01-01,2023,January,-1.4276627150071706,False,107256.0,353224.3058018526
Yosemite NP,2023-02-01,2023,February,-1.4304881287946223,False,107012.0,353467.0890141502
Yosemite NP,2023-03-01,2023,March,-1.9077504544340638,False,25005.0,353686.37707687076
Yosemite NP,2023-04-01,2023,April,-0.8597677783539193,False,205802.0,353929.16028916836
Yosemite NP,2023-05-01,2023,May,-0.18490098914246889,False,322308.0,354164.1117849406
Yosemite NP,2023-06-01,2023,June,0.7731911931391467,False,487618.0,354406.8949972382
Yosemite NP,2023-07-01,2023,July,1.3101082589626178,False,580357.0,354641.8464930104
Yosemite NP,2023-08-01,2023,August,1.3842762848495695,False,593378.0,354884.629705308
Yosemite NP,2023-09-01,2023,September,1.1860216125745822,False,559464.0,355127.4129176056
Yosemite NP,2023-10-01,2023,October,0.7731478387448044,False,488566.0,355362.3644133778
Yosemite NP,2023-11-01,2023,November,-0.5999054140366543,False,252249.0,355605.14762567636
Yosemite NP,2023-12-01,2023,December,-1.0899525594390513,False,168055.0,355840.09912144765
Yosemite NP,2024-01-01,2024,January,-1.3250758580850814,False,127789.0,356082.8823337462
Yosemite NP,2024-02-01,2024,February,-1.365733404537272,False,121027.0,356325.6655460438
Yosemite NP,2024-03-01,2024,March,-1.2157057221785965,False,147102.0,356552.7853252897
Yosemite NP,2024-04-01,2024,April,-0.7113901787017248,False,234232.0,356795.56853758823
Yosemite NP,2024-05-01,2024,May,0.3059856851562854,False,409748.0,357030.5200333595
Yosemite NP,2024-06-01,2024,June,1.212147199909295,False,566111.0,357273.30324565805
Yosemite NP,2024-07-01,2024,July,1.2581403963274918,False,574270.0,357508.25474142935
Yosemite NP,2024-08-01,2024,August,1.0997087161072354,False,547217.0,357751.0379537279
Yosemite NP,2024-09-01,2024,September,1.0408142011320916,False,537313.0,357993.8211660255
Yosemite NP,2024-10-01,2024,October,0.6050252294256048,False,462467.0,358228.7726617977
Yosemite NP,2024-11-01,2024,November,-0.7413400598712719,False,230748.0,358471.5558740953
Yosemite NP,2024-12-01,2024,December,-1.1313856996460605,False,163783.0,358706.5073698675
Yosemite NP,2025-01-01,2025,January,-1.2958886303675874,False,135684.0,358949.2905821651
Yosemite NP,2025-02-01,2025,February,-1.3848433808552632,False,120601.0,359192.0737944627
Yosemite NP,2025-03-01,2025,March,-1.1894274028667133,False,154488.0,359411.3618571833
Yosemite NP,2025-04-01,2025,April,-0.39691900098701643,False,291270.0,359654.1450694818
Yosemite NP,2025-05-01,2025,May,0.47536790610197294,False,441789.0,359889.0965652531
Yosemite NP,2025-06-01,2025,June,1.3013204240317198,False,584333.0,360131.8797775516
Yosemite NP,2025-07-01,2025,July,1.4193734435601855,False,604907.0,360366.8312733229
Yosemite NP,2025-08-01,2025,August,1.3119959883965484,False,586650.0,360609.61448562145
Zion NP,2016-05-01,2016,May,1.6276005898177106,False,447976.0,270680.2519259285
Zion NP,2016-06-01,2016,June,2.513868950049451,False,544890.0,271052.3773992881
Zion NP,2016-07-01,2016,July,3.0161227220889177,True,599961.0,271412.4988251198
Zion NP,2016-08-01,2016,August,1.8885611396084356,False,477507.0,271784.62429847755
Zion NP,2016-09-01,2016,September,2.0716671503088557,False,497825.0,272156.74977183715
Zion NP,2016-10-01,2016,October,1.2888842926627737,False,412916.0,272516.87119766884
Zion NP,2016-11-01,2016,November,-0.3728790794879056,False,232271.0,272888.99667102844
Zion NP,2016-12-01,2016,December,-1.3661075700737757,False,124438.0,273249.1180968601
Zion NP,2017-01-01,2017,January,-1.69887978058481,False,88561.0,273621.2435702197
Zion NP,2017-02-01,2017,February,-1.5002593256482948,False,110569.0,273993.3690435793
Zion NP,2017-03-01,2017,March,0.6531353137842711,False,345476.0,274329.4823743552
Zion NP,2017-04-01,2017,April,2.211959421722989,False,515652.0,274701.6078477148
Zion NP,2017-05-01,2017,May,2.1477431961101026,False,509017.0,275061.7292735465
Zion NP,2017-06-01,2017,June,2.3668078328891102,False,533252.0,275433.8547469042
Zion NP,2017-07-01,2017,July,2.7591385544652622,False,576349.0,275793.9761727359
Zion NP,2017-08-01,2017,August,2.3273309448897352,False,529684.0,276166.1016460955
Zion NP,2017-09-01,2017,September,2.1702024394492367,False,512940.0,276538.2271194551
Zion NP,2017-10-01,2017,October,1.3355150446961244,False,422377.0,276898.3485452868
Zion NP,2017-11-01,2017,November,-0.5067575091198426,False,222069.0,277270.4740186464
Zion NP,2017-12-01,2017,December,-1.2738790402175353,False,138866.0,277630.5954444781
Zion NP,2018-01-01,2018,January,-1.5610167523276062,False,107960.0,278002.7209178377
Zion NP,2018-02-01,2018,February,-1.3823906521521478,False,127790.0,278374.84639119543
Zion NP,2018-03-01,2018,March,0.870388231836593,False,373523.0,278710.95972197317
Zion NP,2018-04-01,2018,April,1.8764574780334633,False,483487.0,279083.0851953309
Zion NP,2018-05-01,2018,May,2.025826494785657,False,500118.0,279443.2066211626
Zion NP,2018-06-01,2018,June,2.4019725844189797,False,541464.0,279815.3320945222
Zion NP,2018-07-01,2018,July,2.0212341559561997,False,500350.0,280175.4535203539
Zion NP,2018-08-01,2018,August,1.642028774471101,False,459415.0,280547.5789937135
Zion NP,2018-09-01,2018,September,1.8414203615471618,False,481507.0,280919.7044670731
Zion NP,2018-10-01,2018,October,0.8863078310016862,False,377826.0,281279.8258929048
Zion NP,2018-11-01,2018,November,-0.576999176950235,False,218799.0,281651.9513662644
Zion NP,2018-12-01,2018,December,-1.2321413052124746,False,147794.0,282012.0727920942
Zion NP,2019-01-01,2019,January,-1.6850724273248388,False,98828.0,282384.1982654538
Zion NP,2019-02-01,2019,February,-1.6568997156614453,False,102269.0,282756.3237388134
Zion NP,2019-03-01,2019,March,0.12139421874932095,False,296316.0,283092.4370695893
Zion NP,2019-04-01,2019,April,0.815971981292364,False,372349.0,283464.5625429489
Zion NP,2019-05-01,2019,May,2.255821453429517,False,529553.0,283824.68396878056
Zion NP,2019-06-01,2019,June,2.85226347107087,False,594896.0,284196.80944214016
Zion NP,2019-07-01,2019,July,3.1693996288968127,True,629802.0,284556.93086797185
Zion NP,2019-08-01,2019,August,2.2986434091740184,False,535322.0,284929.05634133145
Zion NP,2019-09-01,2019,September,1.9474925493371655,False,497443.0,285301.1818146892
Zion NP,2019-10-01,2019,October,1.3214147586201614,False,429604.0,285661.3032405209
Zion NP,2019-11-01,2019,November,-0.5127425474415405,False,230180.0,286033.4287138805
Zion NP,2019-12-01,2019,December,-1.0528482847437342,False,171706.0,286393.55013971217
Zion NP,2020-01-01,2020,January,-1.4667270720748273,False,126994.0,286765.67561307177
Zion NP,2020-02-01,2020,February,-1.4084159459575287,False,133718.0,287137.80108643137
Zion NP,2020-03-01,2020,March,-0.7352003053950188,False,207400.0,287485.91846473515
Zion NP,2020-04-01,2020,April,-2.271737326170212,False,40396.0,287858.04393809475
Zion NP,2020-05-01,2020,May,-1.0100377385571178,False,178194.0,288218.16536392644
Zion NP,2020-06-01,2020,June,0.8155154683636953,False,377425.0,288590.29083728604
Zion NP,2020-07-01,2020,July,1.4740336603953736,False,449518.0,288950.41226311587
Zion NP,2020-08-01,2020,August,1.4767222908756905,False,450183.0,289322.53773647547
Zion NP,2020-09-01,2020,September,2.123297077732023,False,520987.0,289694.66320983507
Zion NP,2020-10-01,2020,October,2.4720955540019247,False,559342.0,290054.78463566676
Zion NP,2020-11-01,2020,November,0.27013575781055116,False,319853.0,290426.91010902636
Zion NP,2020-12-01,2020,December,-0.5833342126272063,False,227244.0,290787.03153485805
Zion NP,2021-01-01,2021,January,-1.0870407140708376,False,172747.0,291159.15700821765
Zion NP,2021-02-01,2021,February,-1.205346388343025,False,160232.0,291531.28248157725
Zion NP,2021-03-01,2021,March,1.263074090382935,False,429455.0,291867.3958123531
Zion NP,2021-04-01,2021,April,1.629801351740397,False,469775.0,292239.52128571086
Zion NP,2021-05-01,2021,May,2.9165443735996845,False,610301.0,292599.64271154255
Zion NP,2021-06-01,2021,June,3.51440931364139,True,675799.0,292971.76818490215
Zion NP,2021-07-01,2021,July,2.6453881783894637,False,581496.0,293331.88961073384
Zion NP,2021-08-01,2021,August,1.5902212155810622,False,466928.0,293704.01508409344
Zion NP,2021-09-01,2021,September,1.7360007586696704,False,483180.0,294076.14055745304
Zion NP,2021-10-01,2021,October,1.6059996174379332,False,469379.0,294436.2619832847
Zion NP,2021-11-01,2021,November,0.1262417905090404,False,308560.0,294808.3874566443
Zion NP,2021-12-01,2021,December,-0.7636549933777259,False,211983.0,295168.508882476
Zion NP,2022-01-01,2022,January,-1.4294736668717551,False,139827.0,295540.63435583375
Zion NP,2022-02-01,2022,February,-1.1696767288646264,False,168499.0,295912.75982919335
Zion NP,2022-03-01,2022,March,1.3775644706963108,False,446308.0,296248.8731599692
Zion NP,2022-04-01,2022,April,1.7901649142121978,False,491625.0,296620.9986333288
Zion NP,2022-05-01,2022,May,2.2233472788952273,False,539172.0,296981.1200591605
Zion NP,2022-06-01,2022,June,2.502707104871065,False,569975.0,297353.2455325201
Zion NP,2022-07-01,2022,July,2.3035060342596334,False,548636.0,297713.3669583518
Zion NP,2022-08-01,2022,August,1.2764853945446442,False,437134.0,298085.4924317114
Zion NP,2022-09-01,2022,September,1.149320880812201,False,423654.0,298457.617905071
Zion NP,2022-10-01,2022,October,1.476894862955564,False,459697.0,298817.7393309027
Zion NP,2022-11-01,2022,November,-0.07478021613045271,False,291044.0,299189.86480426043
Zion NP,2022-12-01,2022,December,-1.1264403265759348,False,176846.0,299549.9862300921
Zion NP,2023-01-01,2023,January,-1.70571777769503,False,114117.0,299922.1117034517
Zion NP,2023-02-01,2023,February,-1.5589375988539165,False,130478.0,300294.2371768113
Zion NP,2023-03-01,2023,March,0.3267732065666413,False,336226.0,300630.3505075872
Zion NP,2023-04-01,2023,April,1.3753373417391654,False,450819.0,301002.4759809468
Zion NP,2023-05-01,2023,May,1.9546400667215582,False,514283.0,301362.5974067785
Zion NP,2023-06-01,2023,June,2.407963631321065,False,564036.0,301734.7228801381
Zion NP,2023-07-01,2023,July,2.3770254295873756,False,561026.0,302094.8443059698
Zion NP,2023-08-01,2023,August,1.4319375796991183,False,458449.0,302466.9697793275
Zion NP,2023-09-01,2023,September,1.7346792337633195,False,491799.0,302839.0952526871
Zion NP,2023-10-01,2023,October,1.8487414146977488,False,504584.0,303199.2166785188
Zion NP,2023-11-01,2023,November,-0.17068956803428978,False,284978.0,303571.3421518784
Zion NP,2023-12-01,2023,December,-0.8398773174096976,False,212443.0,303931.4635777101
Zion NP,2024-01-01,2024,January,-1.6835796512367693,False,120910.0,304303.5890510697
Zion NP,2024-02-01,2024,February,-1.4730250084263348,False,144218.0,304675.7145244293
Zion NP,2024-03-01,2024,March,1.028609196010303,False,417071.0,305023.8319027331
Zion NP,2024-04-01,2024,April,1.5438620155309322,False,473570.0,305395.9573760927
Zion NP,2024-05-01,2024,May,2.60485610353826,False,589505.0,305756.07880192436
Zion NP,2024-06-01,2024,June,2.8221948731478084,False,613552.0,306128.2042752821
Zion NP,2024-07-01,2024,July,2.2029012092299016,False,546452.0,306488.3257011138
Zion NP,2024-08-01,2024,August,1.5067788786806189,False,470995.0,306860.4511744734
Zion NP,2024-09-01,2024,September,1.825787748831424,False,506117.0,307232.576647833
Zion NP,2024-10-01,2024,October,1.926988547295576,False,517501.0,307592.6980736647
Zion NP,2024-11-01,2024,November,0.030589861399125968,False,311297.0,307964.8235470243
Zion NP,2024-12-01,2024,December,-0.669424813269067,False,235404.0,308324.94497285597
Zion NP,2025-01-01,2025,January,-1.4589918348711375,False,149768.0,308697.07044621557
Zion NP,2025-02-01,2025,February,-1.3460955694474188,False,162438.0,309069.1959195733
Zion NP,2025-03-01,2025,March,1.0683364793658343,False,425780.0,309405.3092503492
Zion NP,2025-04-01,2025,April,2.1000825897806505,False,538541.0,309777.4347237088
Zion NP,2025-05-01,2025,May,2.5625587956218925,False,589279.0,310137.55614954047
Zion NP,2025-06-01,2025,June,2.5202279973839783,False,585040.0,310509.68162290007
Zion NP,2025-07-01,2025,July,2.0097924871652517,False,529798.0,310869.80304873176
Zion NP,2025-08-01,2025,August,1.5185342616885702,False,476657.0,311241.92852209136
