ParkName,UnitCode,ParkType,Region,State,Year,Total
Acadia NP,ACAD,National Park,Northeast ,ME,1919,"64,000"
Acadia NP,ACAD,National Park,Northeast ,ME,1920,"66,500"
Acadia NP,ACAD,National Park,Northeast ,ME,1921,"69,836"
Acadia NP,ACAD,National Park,Northeast ,ME,1922,"73,779"
Acadia NP,ACAD,National Park,Northeast ,ME,1923,"64,200"
Acadia NP,ACAD,National Park,Northeast ,ME,1924,"71,758"
Acadia NP,ACAD,National Park,Northeast ,ME,1925,"73,673"
Acadia NP,ACAD,National Park,Northeast ,ME,1926,"101,256"
Acadia NP,ACAD,National Park,Northeast ,ME,1927,"123,699"
Acadia NP,ACAD,National Park,Northeast ,ME,1928,"134,897"
Acadia NP,ACAD,National Park,Northeast ,ME,1929,"149,554"
Acadia NP,ACAD,National Park,Northeast ,ME,1930,"154,734"
Acadia NP,ACAD,National Park,Northeast ,ME,1931,"162,238"
Acadia NP,ACAD,National Park,Northeast ,ME,1932,"237,596"
Acadia NP,ACAD,National Park,Northeast ,ME,1933,"262,712"
Acadia NP,ACAD,National Park,Northeast ,ME,1934,"275,956"
Acadia NP,ACAD,National Park,Northeast ,ME,1935,"316,114"
Acadia NP,ACAD,National Park,Northeast ,ME,1936,"340,393"
Acadia NP,ACAD,National Park,Northeast ,ME,1937,"383,036"
Acadia NP,ACAD,National Park,Northeast ,ME,1938,"394,319"
Acadia NP,ACAD,National Park,Northeast ,ME,1939,"396,468"
Acadia NP,ACAD,National Park,Northeast ,ME,1940,"382,084"
Acadia NP,ACAD,National Park,Northeast ,ME,1941,"409,961"
Acadia NP,ACAD,National Park,Northeast ,ME,1942,"36,544"
Acadia NP,ACAD,National Park,Northeast ,ME,1943,"8,246"
Acadia NP,ACAD,National Park,Northeast ,ME,1944,"12,916"
Acadia NP,ACAD,National Park,Northeast ,ME,1945,"20,200"
Acadia NP,ACAD,National Park,Northeast ,ME,1946,"382,390"
Acadia NP,ACAD,National Park,Northeast ,ME,1947,"434,069"
Acadia NP,ACAD,National Park,Northeast ,ME,1948,"420,846"
Acadia NP,ACAD,National Park,Northeast ,ME,1949,"438,584"
Acadia NP,ACAD,National Park,Northeast ,ME,1950,"485,220"
Acadia NP,ACAD,National Park,Northeast ,ME,1951,"518,556"
Acadia NP,ACAD,National Park,Northeast ,ME,1952,"549,075"
Acadia NP,ACAD,National Park,Northeast ,ME,1953,"556,195"
Acadia NP,ACAD,National Park,Northeast ,ME,1954,"553,800"
Acadia NP,ACAD,National Park,Northeast ,ME,1955,"655,000"
Acadia NP,ACAD,National Park,Northeast ,ME,1956,"735,500"
Acadia NP,ACAD,National Park,Northeast ,ME,1957,"858,900"
Acadia NP,ACAD,National Park,Northeast ,ME,1958,"816,500"
Acadia NP,ACAD,National Park,Northeast ,ME,1959,"755,900"
Acadia NP,ACAD,National Park,Northeast ,ME,1960,"1,638,200"
Acadia NP,ACAD,National Park,Northeast ,ME,1961,"1,574,600"
Acadia NP,ACAD,National Park,Northeast ,ME,1962,"1,601,500"
Acadia NP,ACAD,National Park,Northeast ,ME,1963,"1,864,800"
Acadia NP,ACAD,National Park,Northeast ,ME,1964,"2,011,600"
Acadia NP,ACAD,National Park,Northeast ,ME,1965,"1,733,600"
Acadia NP,ACAD,National Park,Northeast ,ME,1966,"2,158,400"
Acadia NP,ACAD,National Park,Northeast ,ME,1967,"2,102,000"
Acadia NP,ACAD,National Park,Northeast ,ME,1968,"2,303,300"
Acadia NP,ACAD,National Park,Northeast ,ME,1969,"2,489,800"
Acadia NP,ACAD,National Park,Northeast ,ME,1970,"2,776,300"
Acadia NP,ACAD,National Park,Northeast ,ME,1971,"2,101,100"
Acadia NP,ACAD,National Park,Northeast ,ME,1972,"2,285,881"
Acadia NP,ACAD,National Park,Northeast ,ME,1973,"2,394,000"
Acadia NP,ACAD,National Park,Northeast ,ME,1974,"2,335,800"
Acadia NP,ACAD,National Park,Northeast ,ME,1975,"2,380,500"
Acadia NP,ACAD,National Park,Northeast ,ME,1976,"2,353,300"
Acadia NP,ACAD,National Park,Northeast ,ME,1977,"2,734,600"
Acadia NP,ACAD,National Park,Northeast ,ME,1978,"2,684,933"
Acadia NP,ACAD,National Park,Northeast ,ME,1979,"3,397,266"
Acadia NP,ACAD,National Park,Northeast ,ME,1980,"3,504,923"
Acadia NP,ACAD,National Park,Northeast ,ME,1981,"3,645,839"
Acadia NP,ACAD,National Park,Northeast ,ME,1982,"4,012,761"
Acadia NP,ACAD,National Park,Northeast ,ME,1983,"4,544,427"
Acadia NP,ACAD,National Park,Northeast ,ME,1984,"4,108,686"
Acadia NP,ACAD,National Park,Northeast ,ME,1985,"4,136,120"
Acadia NP,ACAD,National Park,Northeast ,ME,1986,"4,317,827"
Acadia NP,ACAD,National Park,Northeast ,ME,1987,"4,688,035"
Acadia NP,ACAD,National Park,Northeast ,ME,1988,"4,912,165"
Acadia NP,ACAD,National Park,Northeast ,ME,1989,"5,849,626"
Acadia NP,ACAD,National Park,Northeast ,ME,1990,"2,757,744"
Acadia NP,ACAD,National Park,Northeast ,ME,1991,"2,908,996"
Acadia NP,ACAD,National Park,Northeast ,ME,1992,"2,804,400"
Acadia NP,ACAD,National Park,Northeast ,ME,1993,"3,081,509"
Acadia NP,ACAD,National Park,Northeast ,ME,1994,"3,132,344"
Acadia NP,ACAD,National Park,Northeast ,ME,1995,"3,267,397"
Acadia NP,ACAD,National Park,Northeast ,ME,1996,"3,111,384"
Acadia NP,ACAD,National Park,Northeast ,ME,1997,"3,167,615"
Acadia NP,ACAD,National Park,Northeast ,ME,1998,"3,017,235"
Acadia NP,ACAD,National Park,Northeast ,ME,1999,"3,013,749"
Acadia NP,ACAD,National Park,Northeast ,ME,2000,"2,868,286"
Acadia NP,ACAD,National Park,Northeast ,ME,2001,"2,922,801"
Acadia NP,ACAD,National Park,Northeast ,ME,2002,"2,967,295"
Acadia NP,ACAD,National Park,Northeast ,ME,2003,"2,614,500"
Acadia NP,ACAD,National Park,Northeast ,ME,2004,"2,372,420"
Acadia NP,ACAD,National Park,Northeast ,ME,2005,"2,210,236"
Acadia NP,ACAD,National Park,Northeast ,ME,2006,"2,257,845"
Acadia NP,ACAD,National Park,Northeast ,ME,2007,"2,379,637"
Acadia NP,ACAD,National Park,Northeast ,ME,2008,"2,253,110"
Acadia NP,ACAD,National Park,Northeast ,ME,2009,"2,410,844"
Acadia NP,ACAD,National Park,Northeast ,ME,2010,"2,710,939"
Acadia NP,ACAD,National Park,Northeast ,ME,2011,"2,575,543"
Acadia NP,ACAD,National Park,Northeast ,ME,2012,"2,638,793"
Acadia NP,ACAD,National Park,Northeast ,ME,2013,"2,454,013"
Acadia NP,ACAD,National Park,Northeast ,ME,2014,"2,779,776"
Acadia NP,ACAD,National Park,Northeast ,ME,2015,"3,034,954"
Acadia NP,ACAD,National Park,Northeast ,ME,2016,"3,560,797"
Acadia NP,ACAD,National Park,Northeast ,ME,2017,"3,778,912"
Acadia NP,ACAD,National Park,Northeast ,ME,2018,"3,802,168"
Acadia NP,ACAD,National Park,Northeast ,ME,2019,"3,697,115"
Acadia NP,ACAD,National Park,Northeast ,ME,2020,"2,716,441"
Acadia NP,ACAD,National Park,Northeast ,ME,2021,"4,267,847"
Acadia NP,ACAD,National Park,Northeast ,ME,2022,"4,216,036"
Acadia NP,ACAD,National Park,Northeast ,ME,2023,"4,109,452"
Acadia NP,ACAD,National Park,Northeast ,ME,2024,"4,217,500"
Arches NP,ARCH,National Park,Intermountain ,UT,1929,500
Arches NP,ARCH,National Park,Intermountain ,UT,1930,400
Arches NP,ARCH,National Park,Intermountain ,UT,1931,405
Arches NP,ARCH,National Park,Intermountain ,UT,1932,480
Arches NP,ARCH,National Park,Intermountain ,UT,1933,425
Arches NP,ARCH,National Park,Intermountain ,UT,1934,275
Arches NP,ARCH,National Park,Intermountain ,UT,1935,300
Arches NP,ARCH,National Park,Intermountain ,UT,1936,400
Arches NP,ARCH,National Park,Intermountain ,UT,1937,"1,000"
Arches NP,ARCH,National Park,Intermountain ,UT,1938,"1,448"
Arches NP,ARCH,National Park,Intermountain ,UT,1939,"1,775"
Arches NP,ARCH,National Park,Intermountain ,UT,1940,"2,512"
Arches NP,ARCH,National Park,Intermountain ,UT,1941,"3,737"
Arches NP,ARCH,National Park,Intermountain ,UT,1942,"1,205"
Arches NP,ARCH,National Park,Intermountain ,UT,1943,776
Arches NP,ARCH,National Park,Intermountain ,UT,1944,642
Arches NP,ARCH,National Park,Intermountain ,UT,1945,682
Arches NP,ARCH,National Park,Intermountain ,UT,1946,"2,301"
Arches NP,ARCH,National Park,Intermountain ,UT,1947,"5,028"
Arches NP,ARCH,National Park,Intermountain ,UT,1948,"8,870"
Arches NP,ARCH,National Park,Intermountain ,UT,1949,"13,270"
Arches NP,ARCH,National Park,Intermountain ,UT,1950,"16,257"
Arches NP,ARCH,National Park,Intermountain ,UT,1951,"18,603"
Arches NP,ARCH,National Park,Intermountain ,UT,1952,"28,683"
Arches NP,ARCH,National Park,Intermountain ,UT,1953,"30,853"
Arches NP,ARCH,National Park,Intermountain ,UT,1954,"31,300"
Arches NP,ARCH,National Park,Intermountain ,UT,1955,"31,800"
Arches NP,ARCH,National Park,Intermountain ,UT,1956,"28,500"
Arches NP,ARCH,National Park,Intermountain ,UT,1957,"25,400"
Arches NP,ARCH,National Park,Intermountain ,UT,1958,"40,100"
Arches NP,ARCH,National Park,Intermountain ,UT,1959,"59,800"
Arches NP,ARCH,National Park,Intermountain ,UT,1960,"71,600"
Arches NP,ARCH,National Park,Intermountain ,UT,1961,"90,700"
Arches NP,ARCH,National Park,Intermountain ,UT,1962,"105,700"
Arches NP,ARCH,National Park,Intermountain ,UT,1963,"118,200"
Arches NP,ARCH,National Park,Intermountain ,UT,1964,"99,700"
Arches NP,ARCH,National Park,Intermountain ,UT,1965,"143,900"
Arches NP,ARCH,National Park,Intermountain ,UT,1966,"128,000"
Arches NP,ARCH,National Park,Intermountain ,UT,1967,"120,300"
Arches NP,ARCH,National Park,Intermountain ,UT,1968,"135,600"
Arches NP,ARCH,National Park,Intermountain ,UT,1969,"162,600"
Arches NP,ARCH,National Park,Intermountain ,UT,1970,"178,500"
Arches NP,ARCH,National Park,Intermountain ,UT,1971,"202,100"
Arches NP,ARCH,National Park,Intermountain ,UT,1972,"225,128"
Arches NP,ARCH,National Park,Intermountain ,UT,1973,"274,900"
Arches NP,ARCH,National Park,Intermountain ,UT,1974,"166,900"
Arches NP,ARCH,National Park,Intermountain ,UT,1975,"236,100"
Arches NP,ARCH,National Park,Intermountain ,UT,1976,"294,800"
Arches NP,ARCH,National Park,Intermountain ,UT,1977,"313,400"
Arches NP,ARCH,National Park,Intermountain ,UT,1978,"326,948"
Arches NP,ARCH,National Park,Intermountain ,UT,1979,"312,308"
Arches NP,ARCH,National Park,Intermountain ,UT,1980,"332,931"
Arches NP,ARCH,National Park,Intermountain ,UT,1981,"372,935"
Arches NP,ARCH,National Park,Intermountain ,UT,1982,"383,289"
Arches NP,ARCH,National Park,Intermountain ,UT,1983,"324,318"
Arches NP,ARCH,National Park,Intermountain ,UT,1984,"379,344"
Arches NP,ARCH,National Park,Intermountain ,UT,1985,"405,251"
Arches NP,ARCH,National Park,Intermountain ,UT,1986,"466,521"
Arches NP,ARCH,National Park,Intermountain ,UT,1987,"519,626"
Arches NP,ARCH,National Park,Intermountain ,UT,1988,"574,661"
Arches NP,ARCH,National Park,Intermountain ,UT,1989,"607,934"
Arches NP,ARCH,National Park,Intermountain ,UT,1990,"679,156"
Arches NP,ARCH,National Park,Intermountain ,UT,1991,"764,136"
Arches NP,ARCH,National Park,Intermountain ,UT,1992,"858,001"
Arches NP,ARCH,National Park,Intermountain ,UT,1993,"823,087"
Arches NP,ARCH,National Park,Intermountain ,UT,1994,"829,156"
Arches NP,ARCH,National Park,Intermountain ,UT,1995,"906,365"
Arches NP,ARCH,National Park,Intermountain ,UT,1996,"901,673"
Arches NP,ARCH,National Park,Intermountain ,UT,1997,"906,030"
Arches NP,ARCH,National Park,Intermountain ,UT,1998,"887,116"
Arches NP,ARCH,National Park,Intermountain ,UT,1999,"919,055"
Arches NP,ARCH,National Park,Intermountain ,UT,2000,"832,187"
Arches NP,ARCH,National Park,Intermountain ,UT,2001,"800,939"
Arches NP,ARCH,National Park,Intermountain ,UT,2002,"816,519"
Arches NP,ARCH,National Park,Intermountain ,UT,2003,"802,412"
Arches NP,ARCH,National Park,Intermountain ,UT,2004,"781,532"
Arches NP,ARCH,National Park,Intermountain ,UT,2005,"834,258"
Arches NP,ARCH,National Park,Intermountain ,UT,2006,"884,904"
Arches NP,ARCH,National Park,Intermountain ,UT,2007,"910,974"
Arches NP,ARCH,National Park,Intermountain ,UT,2008,"979,650"
Arches NP,ARCH,National Park,Intermountain ,UT,2009,"1,050,586"
Arches NP,ARCH,National Park,Intermountain ,UT,2010,"1,061,517"
Arches NP,ARCH,National Park,Intermountain ,UT,2011,"1,091,673"
Arches NP,ARCH,National Park,Intermountain ,UT,2012,"1,120,004"
Arches NP,ARCH,National Park,Intermountain ,UT,2013,"1,132,196"
Arches NP,ARCH,National Park,Intermountain ,UT,2014,"1,332,751"
Arches NP,ARCH,National Park,Intermountain ,UT,2015,"1,450,183"
Arches NP,ARCH,National Park,Intermountain ,UT,2016,"1,639,555"
Arches NP,ARCH,National Park,Intermountain ,UT,2017,"1,541,345"
Arches NP,ARCH,National Park,Intermountain ,UT,2018,"1,701,731"
Arches NP,ARCH,National Park,Intermountain ,UT,2019,"1,698,608"
Arches NP,ARCH,National Park,Intermountain ,UT,2020,"1,262,024"
Arches NP,ARCH,National Park,Intermountain ,UT,2021,"1,842,349"
Arches NP,ARCH,National Park,Intermountain ,UT,2022,"1,503,638"
Arches NP,ARCH,National Park,Intermountain ,UT,2023,"1,524,415"
Arches NP,ARCH,National Park,Intermountain ,UT,2024,"1,522,944"
Badlands NP,BADL,National Park,Midwest ,SD,1939,"205,100"
Badlands NP,BADL,National Park,Midwest ,SD,1940,"181,993"
Badlands NP,BADL,National Park,Midwest ,SD,1941,"252,248"
Badlands NP,BADL,National Park,Midwest ,SD,1942,"86,256"
Badlands NP,BADL,National Park,Midwest ,SD,1943,"10,149"
Badlands NP,BADL,National Park,Midwest ,SD,1944,"10,349"
Badlands NP,BADL,National Park,Midwest ,SD,1945,"31,377"
Badlands NP,BADL,National Park,Midwest ,SD,1946,"230,403"
Badlands NP,BADL,National Park,Midwest ,SD,1947,"339,843"
Badlands NP,BADL,National Park,Midwest ,SD,1948,"384,133"
Badlands NP,BADL,National Park,Midwest ,SD,1949,"373,076"
Badlands NP,BADL,National Park,Midwest ,SD,1950,"447,654"
Badlands NP,BADL,National Park,Midwest ,SD,1951,"607,965"
Badlands NP,BADL,National Park,Midwest ,SD,1952,"580,902"
Badlands NP,BADL,National Park,Midwest ,SD,1953,"658,691"
Badlands NP,BADL,National Park,Midwest ,SD,1954,"665,000"
Badlands NP,BADL,National Park,Midwest ,SD,1955,"630,900"
Badlands NP,BADL,National Park,Midwest ,SD,1956,"663,200"
Badlands NP,BADL,National Park,Midwest ,SD,1957,"701,100"
Badlands NP,BADL,National Park,Midwest ,SD,1958,"810,800"
Badlands NP,BADL,National Park,Midwest ,SD,1959,"825,200"
Badlands NP,BADL,National Park,Midwest ,SD,1960,"878,600"
Badlands NP,BADL,National Park,Midwest ,SD,1961,"833,300"
Badlands NP,BADL,National Park,Midwest ,SD,1962,"1,044,800"
Badlands NP,BADL,National Park,Midwest ,SD,1963,"1,074,000"
Badlands NP,BADL,National Park,Midwest ,SD,1964,"1,079,800"
Badlands NP,BADL,National Park,Midwest ,SD,1965,"1,091,300"
Badlands NP,BADL,National Park,Midwest ,SD,1966,"1,094,800"
Badlands NP,BADL,National Park,Midwest ,SD,1967,"1,188,700"
Badlands NP,BADL,National Park,Midwest ,SD,1968,"1,194,600"
Badlands NP,BADL,National Park,Midwest ,SD,1969,"1,221,300"
Badlands NP,BADL,National Park,Midwest ,SD,1970,"1,303,100"
Badlands NP,BADL,National Park,Midwest ,SD,1971,"1,282,000"
Badlands NP,BADL,National Park,Midwest ,SD,1972,"1,274,600"
Badlands NP,BADL,National Park,Midwest ,SD,1973,"1,387,900"
Badlands NP,BADL,National Park,Midwest ,SD,1974,"1,205,300"
Badlands NP,BADL,National Park,Midwest ,SD,1975,"1,153,200"
Badlands NP,BADL,National Park,Midwest ,SD,1976,"1,210,100"
Badlands NP,BADL,National Park,Midwest ,SD,1977,"1,305,400"
Badlands NP,BADL,National Park,Midwest ,SD,1978,"1,234,915"
Badlands NP,BADL,National Park,Midwest ,SD,1979,"881,744"
Badlands NP,BADL,National Park,Midwest ,SD,1980,"996,587"
Badlands NP,BADL,National Park,Midwest ,SD,1981,"1,222,162"
Badlands NP,BADL,National Park,Midwest ,SD,1982,"1,066,744"
Badlands NP,BADL,National Park,Midwest ,SD,1983,"1,064,060"
Badlands NP,BADL,National Park,Midwest ,SD,1984,"1,153,599"
Badlands NP,BADL,National Park,Midwest ,SD,1985,"988,483"
Badlands NP,BADL,National Park,Midwest ,SD,1986,"1,065,999"
Badlands NP,BADL,National Park,Midwest ,SD,1987,"1,215,400"
Badlands NP,BADL,National Park,Midwest ,SD,1988,"1,152,811"
Badlands NP,BADL,National Park,Midwest ,SD,1989,"1,285,618"
Badlands NP,BADL,National Park,Midwest ,SD,1990,"1,373,898"
Badlands NP,BADL,National Park,Midwest ,SD,1991,"1,548,906"
Badlands NP,BADL,National Park,Midwest ,SD,1992,"1,279,176"
Badlands NP,BADL,National Park,Midwest ,SD,1993,"1,254,275"
Badlands NP,BADL,National Park,Midwest ,SD,1994,"1,210,733"
Badlands NP,BADL,National Park,Midwest ,SD,1995,"1,151,126"
Badlands NP,BADL,National Park,Midwest ,SD,1996,"1,091,574"
Badlands NP,BADL,National Park,Midwest ,SD,1997,"1,033,427"
Badlands NP,BADL,National Park,Midwest ,SD,1998,"1,078,386"
Badlands NP,BADL,National Park,Midwest ,SD,1999,"1,019,182"
Badlands NP,BADL,National Park,Midwest ,SD,2000,"1,178,984"
Badlands NP,BADL,National Park,Midwest ,SD,2001,"1,021,897"
Badlands NP,BADL,National Park,Midwest ,SD,2002,"968,762"
Badlands NP,BADL,National Park,Midwest ,SD,2003,"935,052"
Badlands NP,BADL,National Park,Midwest ,SD,2004,"998,884"
Badlands NP,BADL,National Park,Midwest ,SD,2005,"965,523"
Badlands NP,BADL,National Park,Midwest ,SD,2006,"893,885"
Badlands NP,BADL,National Park,Midwest ,SD,2007,"956,828"
Badlands NP,BADL,National Park,Midwest ,SD,2008,"897,195"
Badlands NP,BADL,National Park,Midwest ,SD,2009,"999,037"
Badlands NP,BADL,National Park,Midwest ,SD,2010,"1,033,148"
Badlands NP,BADL,National Park,Midwest ,SD,2011,"934,181"
Badlands NP,BADL,National Park,Midwest ,SD,2012,"944,761"
Badlands NP,BADL,National Park,Midwest ,SD,2013,"1,004,561"
Badlands NP,BADL,National Park,Midwest ,SD,2014,"988,069"
Badlands NP,BADL,National Park,Midwest ,SD,2015,"1,111,326"
Badlands NP,BADL,National Park,Midwest ,SD,2016,"1,135,152"
Badlands NP,BADL,National Park,Midwest ,SD,2017,"1,188,147"
Badlands NP,BADL,National Park,Midwest ,SD,2018,"1,143,880"
Badlands NP,BADL,National Park,Midwest ,SD,2019,"1,060,807"
Badlands NP,BADL,National Park,Midwest ,SD,2020,"1,002,292"
Badlands NP,BADL,National Park,Midwest ,SD,2021,"1,314,901"
Badlands NP,BADL,National Park,Midwest ,SD,2022,"1,093,716"
Badlands NP,BADL,National Park,Midwest ,SD,2023,"1,130,548"
Badlands NP,BADL,National Park,Midwest ,SD,2024,"1,189,667"
Big Bend NP,BIBE,National Park,Intermountain ,TX,1944,"1,409"
Big Bend NP,BIBE,National Park,Intermountain ,TX,1945,"3,205"
Big Bend NP,BIBE,National Park,Intermountain ,TX,1946,"10,037"
Big Bend NP,BIBE,National Park,Intermountain ,TX,1947,"28,652"
Big Bend NP,BIBE,National Park,Intermountain ,TX,1948,"45,670"
Big Bend NP,BIBE,National Park,Intermountain ,TX,1949,"62,150"
Big Bend NP,BIBE,National Park,Intermountain ,TX,1950,"70,325"
Big Bend NP,BIBE,National Park,Intermountain ,TX,1951,"84,051"
Big Bend NP,BIBE,National Park,Intermountain ,TX,1952,"94,367"
Big Bend NP,BIBE,National Park,Intermountain ,TX,1953,"86,635"
Big Bend NP,BIBE,National Park,Intermountain ,TX,1954,"67,300"
Big Bend NP,BIBE,National Park,Intermountain ,TX,1955,"81,000"
Big Bend NP,BIBE,National Park,Intermountain ,TX,1956,"89,700"
Big Bend NP,BIBE,National Park,Intermountain ,TX,1957,"75,000"
Big Bend NP,BIBE,National Park,Intermountain ,TX,1958,"72,600"
Big Bend NP,BIBE,National Park,Intermountain ,TX,1959,"70,400"
Big Bend NP,BIBE,National Park,Intermountain ,TX,1960,"75,900"
Big Bend NP,BIBE,National Park,Intermountain ,TX,1961,"90,600"
Big Bend NP,BIBE,National Park,Intermountain ,TX,1962,"91,000"
Big Bend NP,BIBE,National Park,Intermountain ,TX,1963,"114,200"
Big Bend NP,BIBE,National Park,Intermountain ,TX,1964,"119,700"
Big Bend NP,BIBE,National Park,Intermountain ,TX,1965,"174,600"
Big Bend NP,BIBE,National Park,Intermountain ,TX,1966,"163,500"
Big Bend NP,BIBE,National Park,Intermountain ,TX,1967,"173,300"
Big Bend NP,BIBE,National Park,Intermountain ,TX,1968,"191,800"
Big Bend NP,BIBE,National Park,Intermountain ,TX,1969,"199,800"
Big Bend NP,BIBE,National Park,Intermountain ,TX,1970,"172,600"
Big Bend NP,BIBE,National Park,Intermountain ,TX,1971,"205,000"
Big Bend NP,BIBE,National Park,Intermountain ,TX,1972,"240,904"
Big Bend NP,BIBE,National Park,Intermountain ,TX,1973,"283,300"
Big Bend NP,BIBE,National Park,Intermountain ,TX,1974,"158,700"
Big Bend NP,BIBE,National Park,Intermountain ,TX,1975,"275,500"
Big Bend NP,BIBE,National Park,Intermountain ,TX,1976,"378,600"
Big Bend NP,BIBE,National Park,Intermountain ,TX,1977,"334,000"
Big Bend NP,BIBE,National Park,Intermountain ,TX,1978,"301,198"
Big Bend NP,BIBE,National Park,Intermountain ,TX,1979,"539,736"
Big Bend NP,BIBE,National Park,Intermountain ,TX,1980,"381,445"
Big Bend NP,BIBE,National Park,Intermountain ,TX,1981,"410,794"
Big Bend NP,BIBE,National Park,Intermountain ,TX,1982,"441,648"
Big Bend NP,BIBE,National Park,Intermountain ,TX,1983,"418,825"
Big Bend NP,BIBE,National Park,Intermountain ,TX,1984,"430,200"
Big Bend NP,BIBE,National Park,Intermountain ,TX,1985,"464,168"
Big Bend NP,BIBE,National Park,Intermountain ,TX,1986,"463,194"
Big Bend NP,BIBE,National Park,Intermountain ,TX,1987,"499,758"
Big Bend NP,BIBE,National Park,Intermountain ,TX,1988,"454,126"
Big Bend NP,BIBE,National Park,Intermountain ,TX,1989,"483,047"
Big Bend NP,BIBE,National Park,Intermountain ,TX,1990,"474,724"
Big Bend NP,BIBE,National Park,Intermountain ,TX,1991,"523,341"
Big Bend NP,BIBE,National Park,Intermountain ,TX,1992,"535,911"
Big Bend NP,BIBE,National Park,Intermountain ,TX,1993,"593,950"
Big Bend NP,BIBE,National Park,Intermountain ,TX,1994,"596,852"
Big Bend NP,BIBE,National Park,Intermountain ,TX,1995,"536,452"
Big Bend NP,BIBE,National Park,Intermountain ,TX,1996,"491,429"
Big Bend NP,BIBE,National Park,Intermountain ,TX,1997,"533,508"
Big Bend NP,BIBE,National Park,Intermountain ,TX,1998,"558,564"
Big Bend NP,BIBE,National Park,Intermountain ,TX,1999,"548,215"
Big Bend NP,BIBE,National Park,Intermountain ,TX,2000,"450,444"
Big Bend NP,BIBE,National Park,Intermountain ,TX,2001,"519,366"
Big Bend NP,BIBE,National Park,Intermountain ,TX,2002,"535,193"
Big Bend NP,BIBE,National Park,Intermountain ,TX,2003,"490,998"
Big Bend NP,BIBE,National Park,Intermountain ,TX,2004,"545,281"
Big Bend NP,BIBE,National Park,Intermountain ,TX,2005,"581,301"
Big Bend NP,BIBE,National Park,Intermountain ,TX,2006,"465,110"
Big Bend NP,BIBE,National Park,Intermountain ,TX,2007,"537,136"
Big Bend NP,BIBE,National Park,Intermountain ,TX,2008,"531,386"
Big Bend NP,BIBE,National Park,Intermountain ,TX,2009,"536,885"
Big Bend NP,BIBE,National Park,Intermountain ,TX,2010,"550,268"
Big Bend NP,BIBE,National Park,Intermountain ,TX,2011,"513,025"
Big Bend NP,BIBE,National Park,Intermountain ,TX,2012,"443,401"
Big Bend NP,BIBE,National Park,Intermountain ,TX,2013,"474,512"
Big Bend NP,BIBE,National Park,Intermountain ,TX,2014,"494,136"
Big Bend NP,BIBE,National Park,Intermountain ,TX,2015,"589,264"
Big Bend NP,BIBE,National Park,Intermountain ,TX,2016,"624,781"
Big Bend NP,BIBE,National Park,Intermountain ,TX,2017,"681,062"
Big Bend NP,BIBE,National Park,Intermountain ,TX,2018,"653,809"
Big Bend NP,BIBE,National Park,Intermountain ,TX,2019,"671,628"
Big Bend NP,BIBE,National Park,Intermountain ,TX,2020,"523,694"
Big Bend NP,BIBE,National Park,Intermountain ,TX,2021,"752,114"
Big Bend NP,BIBE,National Park,Intermountain ,TX,2022,"648,622"
Big Bend NP,BIBE,National Park,Intermountain ,TX,2023,"656,680"
Big Bend NP,BIBE,National Park,Intermountain ,TX,2024,"755,980"
Biscayne NP,BISC,National Park,Southeast ,FL,1972,"78,147"
Biscayne NP,BISC,National Park,Southeast ,FL,1973,"243,100"
Biscayne NP,BISC,National Park,Southeast ,FL,1974,"409,700"
Biscayne NP,BISC,National Park,Southeast ,FL,1975,"351,500"
Biscayne NP,BISC,National Park,Southeast ,FL,1976,"339,100"
Biscayne NP,BISC,National Park,Southeast ,FL,1977,"205,900"
Biscayne NP,BISC,National Park,Southeast ,FL,1978,"177,416"
Biscayne NP,BISC,National Park,Southeast ,FL,1979,"259,014"
Biscayne NP,BISC,National Park,Southeast ,FL,1980,"300,351"
Biscayne NP,BISC,National Park,Southeast ,FL,1981,"352,994"
Biscayne NP,BISC,National Park,Southeast ,FL,1982,"396,467"
Biscayne NP,BISC,National Park,Southeast ,FL,1983,"420,366"
Biscayne NP,BISC,National Park,Southeast ,FL,1984,"397,171"
Biscayne NP,BISC,National Park,Southeast ,FL,1985,"507,125"
Biscayne NP,BISC,National Park,Southeast ,FL,1986,"650,357"
Biscayne NP,BISC,National Park,Southeast ,FL,1987,"681,960"
Biscayne NP,BISC,National Park,Southeast ,FL,1988,"576,912"
Biscayne NP,BISC,National Park,Southeast ,FL,1989,"635,280"
Biscayne NP,BISC,National Park,Southeast ,FL,1990,"602,736"
Biscayne NP,BISC,National Park,Southeast ,FL,1991,"497,341"
Biscayne NP,BISC,National Park,Southeast ,FL,1992,"313,315"
Biscayne NP,BISC,National Park,Southeast ,FL,1993,"19,950"
Biscayne NP,BISC,National Park,Southeast ,FL,1994,"25,147"
Biscayne NP,BISC,National Park,Southeast ,FL,1995,"584,519"
Biscayne NP,BISC,National Park,Southeast ,FL,1996,"338,603"
Biscayne NP,BISC,National Park,Southeast ,FL,1997,"392,069"
Biscayne NP,BISC,National Park,Southeast ,FL,1998,"403,239"
Biscayne NP,BISC,National Park,Southeast ,FL,1999,"442,585"
Biscayne NP,BISC,National Park,Southeast ,FL,2000,"393,151"
Biscayne NP,BISC,National Park,Southeast ,FL,2001,"489,343"
Biscayne NP,BISC,National Park,Southeast ,FL,2002,"513,397"
Biscayne NP,BISC,National Park,Southeast ,FL,2003,"490,031"
Biscayne NP,BISC,National Park,Southeast ,FL,2004,"478,304"
Biscayne NP,BISC,National Park,Southeast ,FL,2005,"563,728"
Biscayne NP,BISC,National Park,Southeast ,FL,2006,"616,836"
Biscayne NP,BISC,National Park,Southeast ,FL,2007,"526,027"
Biscayne NP,BISC,National Park,Southeast ,FL,2008,"692,298"
Biscayne NP,BISC,National Park,Southeast ,FL,2009,"446,062"
Biscayne NP,BISC,National Park,Southeast ,FL,2010,"480,314"
Biscayne NP,BISC,National Park,Southeast ,FL,2011,"490,062"
Biscayne NP,BISC,National Park,Southeast ,FL,2012,"505,001"
Biscayne NP,BISC,National Park,Southeast ,FL,2013,"494,201"
Biscayne NP,BISC,National Park,Southeast ,FL,2014,"532,117"
Biscayne NP,BISC,National Park,Southeast ,FL,2015,"514,329"
Biscayne NP,BISC,National Park,Southeast ,FL,2016,"521,747"
Biscayne NP,BISC,National Park,Southeast ,FL,2017,"454,827"
Biscayne NP,BISC,National Park,Southeast ,FL,2018,"476,160"
Biscayne NP,BISC,National Park,Southeast ,FL,2019,"711,839"
Biscayne NP,BISC,National Park,Southeast ,FL,2020,"403,994"
Biscayne NP,BISC,National Park,Southeast ,FL,2021,"710,093"
Biscayne NP,BISC,National Park,Southeast ,FL,2022,"704,100"
Biscayne NP,BISC,National Park,Southeast ,FL,2023,"575,252"
Biscayne NP,BISC,National Park,Southeast ,FL,2024,"514,021"
Black Canyon of the Gunnison NP,BLCA,National Park,Intermountain ,CO,1934,"2,592"
Black Canyon of the Gunnison NP,BLCA,National Park,Intermountain ,CO,1935,"1,596"
Black Canyon of the Gunnison NP,BLCA,National Park,Intermountain ,CO,1936,"4,833"
Black Canyon of the Gunnison NP,BLCA,National Park,Intermountain ,CO,1937,"9,770"
Black Canyon of the Gunnison NP,BLCA,National Park,Intermountain ,CO,1938,"15,151"
Black Canyon of the Gunnison NP,BLCA,National Park,Intermountain ,CO,1939,"16,041"
Black Canyon of the Gunnison NP,BLCA,National Park,Intermountain ,CO,1940,"19,307"
Black Canyon of the Gunnison NP,BLCA,National Park,Intermountain ,CO,1941,"18,800"
Black Canyon of the Gunnison NP,BLCA,National Park,Intermountain ,CO,1942,"6,264"
Black Canyon of the Gunnison NP,BLCA,National Park,Intermountain ,CO,1943,"2,087"
Black Canyon of the Gunnison NP,BLCA,National Park,Intermountain ,CO,1944,"2,351"
Black Canyon of the Gunnison NP,BLCA,National Park,Intermountain ,CO,1945,"4,968"
Black Canyon of the Gunnison NP,BLCA,National Park,Intermountain ,CO,1946,"17,573"
Black Canyon of the Gunnison NP,BLCA,National Park,Intermountain ,CO,1947,"22,510"
Black Canyon of the Gunnison NP,BLCA,National Park,Intermountain ,CO,1948,"26,679"
Black Canyon of the Gunnison NP,BLCA,National Park,Intermountain ,CO,1949,"29,739"
Black Canyon of the Gunnison NP,BLCA,National Park,Intermountain ,CO,1950,"26,487"
Black Canyon of the Gunnison NP,BLCA,National Park,Intermountain ,CO,1951,"31,448"
Black Canyon of the Gunnison NP,BLCA,National Park,Intermountain ,CO,1952,"38,449"
Black Canyon of the Gunnison NP,BLCA,National Park,Intermountain ,CO,1953,"51,763"
Black Canyon of the Gunnison NP,BLCA,National Park,Intermountain ,CO,1954,"51,400"
Black Canyon of the Gunnison NP,BLCA,National Park,Intermountain ,CO,1955,"57,200"
Black Canyon of the Gunnison NP,BLCA,National Park,Intermountain ,CO,1956,"62,000"
Black Canyon of the Gunnison NP,BLCA,National Park,Intermountain ,CO,1957,"48,900"
Black Canyon of the Gunnison NP,BLCA,National Park,Intermountain ,CO,1958,"93,000"
Black Canyon of the Gunnison NP,BLCA,National Park,Intermountain ,CO,1959,"100,800"
Black Canyon of the Gunnison NP,BLCA,National Park,Intermountain ,CO,1960,"122,500"
Black Canyon of the Gunnison NP,BLCA,National Park,Intermountain ,CO,1961,"115,000"
Black Canyon of the Gunnison NP,BLCA,National Park,Intermountain ,CO,1962,"131,800"
Black Canyon of the Gunnison NP,BLCA,National Park,Intermountain ,CO,1963,"146,600"
Black Canyon of the Gunnison NP,BLCA,National Park,Intermountain ,CO,1964,"168,200"
Black Canyon of the Gunnison NP,BLCA,National Park,Intermountain ,CO,1965,"184,000"
Black Canyon of the Gunnison NP,BLCA,National Park,Intermountain ,CO,1966,"181,000"
Black Canyon of the Gunnison NP,BLCA,National Park,Intermountain ,CO,1967,"185,100"
Black Canyon of the Gunnison NP,BLCA,National Park,Intermountain ,CO,1968,"215,900"
Black Canyon of the Gunnison NP,BLCA,National Park,Intermountain ,CO,1969,"302,600"
Black Canyon of the Gunnison NP,BLCA,National Park,Intermountain ,CO,1970,"249,000"
Black Canyon of the Gunnison NP,BLCA,National Park,Intermountain ,CO,1971,"223,600"
Black Canyon of the Gunnison NP,BLCA,National Park,Intermountain ,CO,1972,"273,322"
Black Canyon of the Gunnison NP,BLCA,National Park,Intermountain ,CO,1973,"234,800"
Black Canyon of the Gunnison NP,BLCA,National Park,Intermountain ,CO,1974,"267,100"
Black Canyon of the Gunnison NP,BLCA,National Park,Intermountain ,CO,1975,"348,900"
Black Canyon of the Gunnison NP,BLCA,National Park,Intermountain ,CO,1976,"373,600"
Black Canyon of the Gunnison NP,BLCA,National Park,Intermountain ,CO,1977,"310,500"
Black Canyon of the Gunnison NP,BLCA,National Park,Intermountain ,CO,1978,"271,879"
Black Canyon of the Gunnison NP,BLCA,National Park,Intermountain ,CO,1979,"259,267"
Black Canyon of the Gunnison NP,BLCA,National Park,Intermountain ,CO,1980,"361,978"
Black Canyon of the Gunnison NP,BLCA,National Park,Intermountain ,CO,1981,"292,508"
Black Canyon of the Gunnison NP,BLCA,National Park,Intermountain ,CO,1982,"250,946"
Black Canyon of the Gunnison NP,BLCA,National Park,Intermountain ,CO,1983,"312,908"
Black Canyon of the Gunnison NP,BLCA,National Park,Intermountain ,CO,1984,"269,795"
Black Canyon of the Gunnison NP,BLCA,National Park,Intermountain ,CO,1985,"271,340"
Black Canyon of the Gunnison NP,BLCA,National Park,Intermountain ,CO,1986,"294,460"
Black Canyon of the Gunnison NP,BLCA,National Park,Intermountain ,CO,1987,"290,861"
Black Canyon of the Gunnison NP,BLCA,National Park,Intermountain ,CO,1988,"273,876"
Black Canyon of the Gunnison NP,BLCA,National Park,Intermountain ,CO,1989,"293,580"
Black Canyon of the Gunnison NP,BLCA,National Park,Intermountain ,CO,1990,"286,973"
Black Canyon of the Gunnison NP,BLCA,National Park,Intermountain ,CO,1991,"337,027"
Black Canyon of the Gunnison NP,BLCA,National Park,Intermountain ,CO,1992,"356,304"
Black Canyon of the Gunnison NP,BLCA,National Park,Intermountain ,CO,1993,"339,226"
Black Canyon of the Gunnison NP,BLCA,National Park,Intermountain ,CO,1994,"229,486"
Black Canyon of the Gunnison NP,BLCA,National Park,Intermountain ,CO,1995,"234,485"
Black Canyon of the Gunnison NP,BLCA,National Park,Intermountain ,CO,1996,"212,944"
Black Canyon of the Gunnison NP,BLCA,National Park,Intermountain ,CO,1997,"220,673"
Black Canyon of the Gunnison NP,BLCA,National Park,Intermountain ,CO,1998,"204,700"
Black Canyon of the Gunnison NP,BLCA,National Park,Intermountain ,CO,1999,"212,426"
Black Canyon of the Gunnison NP,BLCA,National Park,Intermountain ,CO,2000,"205,232"
Black Canyon of the Gunnison NP,BLCA,National Park,Intermountain ,CO,2001,"194,816"
Black Canyon of the Gunnison NP,BLCA,National Park,Intermountain ,CO,2002,"185,737"
Black Canyon of the Gunnison NP,BLCA,National Park,Intermountain ,CO,2003,"182,120"
Black Canyon of the Gunnison NP,BLCA,National Park,Intermountain ,CO,2004,"190,948"
Black Canyon of the Gunnison NP,BLCA,National Park,Intermountain ,CO,2005,"194,604"
Black Canyon of the Gunnison NP,BLCA,National Park,Intermountain ,CO,2006,"173,313"
Black Canyon of the Gunnison NP,BLCA,National Park,Intermountain ,CO,2007,"234,953"
Black Canyon of the Gunnison NP,BLCA,National Park,Intermountain ,CO,2008,"174,005"
Black Canyon of the Gunnison NP,BLCA,National Park,Intermountain ,CO,2009,"185,975"
Black Canyon of the Gunnison NP,BLCA,National Park,Intermountain ,CO,2010,"192,744"
Black Canyon of the Gunnison NP,BLCA,National Park,Intermountain ,CO,2011,"186,454"
Black Canyon of the Gunnison NP,BLCA,National Park,Intermountain ,CO,2012,"212,272"
Black Canyon of the Gunnison NP,BLCA,National Park,Intermountain ,CO,2013,"194,682"
Black Canyon of the Gunnison NP,BLCA,National Park,Intermountain ,CO,2014,"200,489"
Black Canyon of the Gunnison NP,BLCA,National Park,Intermountain ,CO,2015,"231,365"
Black Canyon of the Gunnison NP,BLCA,National Park,Intermountain ,CO,2016,"270,902"
Black Canyon of the Gunnison NP,BLCA,National Park,Intermountain ,CO,2017,"339,903"
Black Canyon of the Gunnison NP,BLCA,National Park,Intermountain ,CO,2018,"343,108"
Black Canyon of the Gunnison NP,BLCA,National Park,Intermountain ,CO,2019,"464,748"
Black Canyon of the Gunnison NP,BLCA,National Park,Intermountain ,CO,2020,"373,786"
Black Canyon of the Gunnison NP,BLCA,National Park,Intermountain ,CO,2021,"341,790"
Black Canyon of the Gunnison NP,BLCA,National Park,Intermountain ,CO,2022,"326,741"
Black Canyon of the Gunnison NP,BLCA,National Park,Intermountain ,CO,2023,"389,835"
Black Canyon of the Gunnison NP,BLCA,National Park,Intermountain ,CO,2024,"366,507"
Bryce Canyon NP,BRCA,National Park,Intermountain ,UT,1929,"21,997"
Bryce Canyon NP,BRCA,National Park,Intermountain ,UT,1930,"35,982"
Bryce Canyon NP,BRCA,National Park,Intermountain ,UT,1931,"41,572"
Bryce Canyon NP,BRCA,National Park,Intermountain ,UT,1932,"34,143"
Bryce Canyon NP,BRCA,National Park,Intermountain ,UT,1933,"32,878"
Bryce Canyon NP,BRCA,National Park,Intermountain ,UT,1934,"51,188"
Bryce Canyon NP,BRCA,National Park,Intermountain ,UT,1935,"63,703"
Bryce Canyon NP,BRCA,National Park,Intermountain ,UT,1936,"88,848"
Bryce Canyon NP,BRCA,National Park,Intermountain ,UT,1937,"94,331"
Bryce Canyon NP,BRCA,National Park,Intermountain ,UT,1938,"101,851"
Bryce Canyon NP,BRCA,National Park,Intermountain ,UT,1939,"101,500"
Bryce Canyon NP,BRCA,National Park,Intermountain ,UT,1940,"103,362"
Bryce Canyon NP,BRCA,National Park,Intermountain ,UT,1941,"124,563"
Bryce Canyon NP,BRCA,National Park,Intermountain ,UT,1942,"30,019"
Bryce Canyon NP,BRCA,National Park,Intermountain ,UT,1943,"7,690"
Bryce Canyon NP,BRCA,National Park,Intermountain ,UT,1944,"10,311"
Bryce Canyon NP,BRCA,National Park,Intermountain ,UT,1945,"33,463"
Bryce Canyon NP,BRCA,National Park,Intermountain ,UT,1946,"125,828"
Bryce Canyon NP,BRCA,National Park,Intermountain ,UT,1947,"163,172"
Bryce Canyon NP,BRCA,National Park,Intermountain ,UT,1948,"175,975"
Bryce Canyon NP,BRCA,National Park,Intermountain ,UT,1949,"192,552"
Bryce Canyon NP,BRCA,National Park,Intermountain ,UT,1950,"212,976"
Bryce Canyon NP,BRCA,National Park,Intermountain ,UT,1951,"224,801"
Bryce Canyon NP,BRCA,National Park,Intermountain ,UT,1952,"225,113"
Bryce Canyon NP,BRCA,National Park,Intermountain ,UT,1953,"242,820"
Bryce Canyon NP,BRCA,National Park,Intermountain ,UT,1954,"238,200"
Bryce Canyon NP,BRCA,National Park,Intermountain ,UT,1955,"254,200"
Bryce Canyon NP,BRCA,National Park,Intermountain ,UT,1956,"257,600"
Bryce Canyon NP,BRCA,National Park,Intermountain ,UT,1957,"263,000"
Bryce Canyon NP,BRCA,National Park,Intermountain ,UT,1958,"248,500"
Bryce Canyon NP,BRCA,National Park,Intermountain ,UT,1959,"278,300"
Bryce Canyon NP,BRCA,National Park,Intermountain ,UT,1960,"272,000"
Bryce Canyon NP,BRCA,National Park,Intermountain ,UT,1961,"264,800"
Bryce Canyon NP,BRCA,National Park,Intermountain ,UT,1962,"251,000"
Bryce Canyon NP,BRCA,National Park,Intermountain ,UT,1963,"289,500"
Bryce Canyon NP,BRCA,National Park,Intermountain ,UT,1964,"300,300"
Bryce Canyon NP,BRCA,National Park,Intermountain ,UT,1965,"366,800"
Bryce Canyon NP,BRCA,National Park,Intermountain ,UT,1966,"396,600"
Bryce Canyon NP,BRCA,National Park,Intermountain ,UT,1967,"295,000"
Bryce Canyon NP,BRCA,National Park,Intermountain ,UT,1968,"320,800"
Bryce Canyon NP,BRCA,National Park,Intermountain ,UT,1969,"366,900"
Bryce Canyon NP,BRCA,National Park,Intermountain ,UT,1970,"345,900"
Bryce Canyon NP,BRCA,National Park,Intermountain ,UT,1971,"377,800"
Bryce Canyon NP,BRCA,National Park,Intermountain ,UT,1972,"424,830"
Bryce Canyon NP,BRCA,National Park,Intermountain ,UT,1973,"429,700"
Bryce Canyon NP,BRCA,National Park,Intermountain ,UT,1974,"408,800"
Bryce Canyon NP,BRCA,National Park,Intermountain ,UT,1975,"579,200"
Bryce Canyon NP,BRCA,National Park,Intermountain ,UT,1976,"625,600"
Bryce Canyon NP,BRCA,National Park,Intermountain ,UT,1977,"611,500"
Bryce Canyon NP,BRCA,National Park,Intermountain ,UT,1978,"679,260"
Bryce Canyon NP,BRCA,National Park,Intermountain ,UT,1979,"691,206"
Bryce Canyon NP,BRCA,National Park,Intermountain ,UT,1980,"713,693"
Bryce Canyon NP,BRCA,National Park,Intermountain ,UT,1981,"617,875"
Bryce Canyon NP,BRCA,National Park,Intermountain ,UT,1982,"827,302"
Bryce Canyon NP,BRCA,National Park,Intermountain ,UT,1983,"816,008"
Bryce Canyon NP,BRCA,National Park,Intermountain ,UT,1984,"893,397"
Bryce Canyon NP,BRCA,National Park,Intermountain ,UT,1985,"860,999"
Bryce Canyon NP,BRCA,National Park,Intermountain ,UT,1986,"946,556"
Bryce Canyon NP,BRCA,National Park,Intermountain ,UT,1987,"1,147,696"
Bryce Canyon NP,BRCA,National Park,Intermountain ,UT,1988,"1,256,425"
Bryce Canyon NP,BRCA,National Park,Intermountain ,UT,1989,"1,301,819"
Bryce Canyon NP,BRCA,National Park,Intermountain ,UT,1990,"1,357,821"
Bryce Canyon NP,BRCA,National Park,Intermountain ,UT,1991,"1,474,352"
Bryce Canyon NP,BRCA,National Park,Intermountain ,UT,1992,"1,636,085"
Bryce Canyon NP,BRCA,National Park,Intermountain ,UT,1993,"1,747,965"
Bryce Canyon NP,BRCA,National Park,Intermountain ,UT,1994,"1,656,250"
Bryce Canyon NP,BRCA,National Park,Intermountain ,UT,1995,"1,619,967"
Bryce Canyon NP,BRCA,National Park,Intermountain ,UT,1996,"1,903,074"
Bryce Canyon NP,BRCA,National Park,Intermountain ,UT,1997,"1,842,555"
Bryce Canyon NP,BRCA,National Park,Intermountain ,UT,1998,"1,838,327"
Bryce Canyon NP,BRCA,National Park,Intermountain ,UT,1999,"1,767,885"
Bryce Canyon NP,BRCA,National Park,Intermountain ,UT,2000,"1,785,911"
Bryce Canyon NP,BRCA,National Park,Intermountain ,UT,2001,"1,707,456"
Bryce Canyon NP,BRCA,National Park,Intermountain ,UT,2002,"1,501,195"
Bryce Canyon NP,BRCA,National Park,Intermountain ,UT,2003,"1,541,005"
Bryce Canyon NP,BRCA,National Park,Intermountain ,UT,2004,"1,656,549"
Bryce Canyon NP,BRCA,National Park,Intermountain ,UT,2005,"1,631,996"
Bryce Canyon NP,BRCA,National Park,Intermountain ,UT,2006,"1,512,830"
Bryce Canyon NP,BRCA,National Park,Intermountain ,UT,2007,"1,621,320"
Bryce Canyon NP,BRCA,National Park,Intermountain ,UT,2008,"1,655,357"
Bryce Canyon NP,BRCA,National Park,Intermountain ,UT,2009,"1,811,952"
Bryce Canyon NP,BRCA,National Park,Intermountain ,UT,2010,"1,929,302"
Bryce Canyon NP,BRCA,National Park,Intermountain ,UT,2011,"1,752,820"
Bryce Canyon NP,BRCA,National Park,Intermountain ,UT,2012,"1,953,662"
Bryce Canyon NP,BRCA,National Park,Intermountain ,UT,2013,"1,968,271"
Bryce Canyon NP,BRCA,National Park,Intermountain ,UT,2014,"2,013,293"
Bryce Canyon NP,BRCA,National Park,Intermountain ,UT,2015,"2,315,325"
Bryce Canyon NP,BRCA,National Park,Intermountain ,UT,2016,"2,955,146"
Bryce Canyon NP,BRCA,National Park,Intermountain ,UT,2017,"3,145,455"
Bryce Canyon NP,BRCA,National Park,Intermountain ,UT,2018,"3,234,358"
Bryce Canyon NP,BRCA,National Park,Intermountain ,UT,2019,"3,119,272"
Bryce Canyon NP,BRCA,National Park,Intermountain ,UT,2020,"1,970,346"
Bryce Canyon NP,BRCA,National Park,Intermountain ,UT,2021,"2,682,907"
Bryce Canyon NP,BRCA,National Park,Intermountain ,UT,2022,"2,898,552"
Bryce Canyon NP,BRCA,National Park,Intermountain ,UT,2023,"3,012,167"
Bryce Canyon NP,BRCA,National Park,Intermountain ,UT,2024,"3,052,631"
Canyonlands NP,CANY,National Park,Intermountain ,UT,1965,"19,400"
Canyonlands NP,CANY,National Park,Intermountain ,UT,1966,"20,200"
Canyonlands NP,CANY,National Park,Intermountain ,UT,1967,"23,200"
Canyonlands NP,CANY,National Park,Intermountain ,UT,1968,"26,300"
Canyonlands NP,CANY,National Park,Intermountain ,UT,1969,"26,000"
Canyonlands NP,CANY,National Park,Intermountain ,UT,1970,"33,400"
Canyonlands NP,CANY,National Park,Intermountain ,UT,1971,"55,400"
Canyonlands NP,CANY,National Park,Intermountain ,UT,1972,"60,639"
Canyonlands NP,CANY,National Park,Intermountain ,UT,1973,"62,500"
Canyonlands NP,CANY,National Park,Intermountain ,UT,1974,"59,000"
Canyonlands NP,CANY,National Park,Intermountain ,UT,1975,"71,700"
Canyonlands NP,CANY,National Park,Intermountain ,UT,1976,"80,000"
Canyonlands NP,CANY,National Park,Intermountain ,UT,1977,"75,500"
Canyonlands NP,CANY,National Park,Intermountain ,UT,1978,"85,932"
Canyonlands NP,CANY,National Park,Intermountain ,UT,1979,"129,770"
Canyonlands NP,CANY,National Park,Intermountain ,UT,1980,"111,031"
Canyonlands NP,CANY,National Park,Intermountain ,UT,1981,"154,697"
Canyonlands NP,CANY,National Park,Intermountain ,UT,1982,"167,793"
Canyonlands NP,CANY,National Park,Intermountain ,UT,1983,"167,617"
Canyonlands NP,CANY,National Park,Intermountain ,UT,1984,"173,247"
Canyonlands NP,CANY,National Park,Intermountain ,UT,1985,"190,493"
Canyonlands NP,CANY,National Park,Intermountain ,UT,1986,"255,808"
Canyonlands NP,CANY,National Park,Intermountain ,UT,1987,"259,952"
Canyonlands NP,CANY,National Park,Intermountain ,UT,1988,"292,429"
Canyonlands NP,CANY,National Park,Intermountain ,UT,1989,"334,668"
Canyonlands NP,CANY,National Park,Intermountain ,UT,1990,"361,102"
Canyonlands NP,CANY,National Park,Intermountain ,UT,1991,"435,179"
Canyonlands NP,CANY,National Park,Intermountain ,UT,1992,"511,313"
Canyonlands NP,CANY,National Park,Intermountain ,UT,1993,"549,174"
Canyonlands NP,CANY,National Park,Intermountain ,UT,1994,"533,075"
Canyonlands NP,CANY,National Park,Intermountain ,UT,1995,"559,679"
Canyonlands NP,CANY,National Park,Intermountain ,UT,1996,"553,319"
Canyonlands NP,CANY,National Park,Intermountain ,UT,1997,"540,484"
Canyonlands NP,CANY,National Park,Intermountain ,UT,1998,"548,586"
Canyonlands NP,CANY,National Park,Intermountain ,UT,1999,"557,318"
Canyonlands NP,CANY,National Park,Intermountain ,UT,2000,"509,218"
Canyonlands NP,CANY,National Park,Intermountain ,UT,2001,"472,690"
Canyonlands NP,CANY,National Park,Intermountain ,UT,2002,"458,627"
Canyonlands NP,CANY,National Park,Intermountain ,UT,2003,"480,619"
Canyonlands NP,CANY,National Park,Intermountain ,UT,2004,"465,742"
Canyonlands NP,CANY,National Park,Intermountain ,UT,2005,"491,578"
Canyonlands NP,CANY,National Park,Intermountain ,UT,2006,"479,959"
Canyonlands NP,CANY,National Park,Intermountain ,UT,2007,"508,784"
Canyonlands NP,CANY,National Park,Intermountain ,UT,2008,"532,828"
Canyonlands NP,CANY,National Park,Intermountain ,UT,2009,"526,274"
Canyonlands NP,CANY,National Park,Intermountain ,UT,2010,"524,099"
Canyonlands NP,CANY,National Park,Intermountain ,UT,2011,"561,683"
Canyonlands NP,CANY,National Park,Intermountain ,UT,2012,"536,419"
Canyonlands NP,CANY,National Park,Intermountain ,UT,2013,"548,879"
Canyonlands NP,CANY,National Park,Intermountain ,UT,2014,"650,237"
Canyonlands NP,CANY,National Park,Intermountain ,UT,2015,"732,338"
Canyonlands NP,CANY,National Park,Intermountain ,UT,2016,"884,646"
Canyonlands NP,CANY,National Park,Intermountain ,UT,2017,"847,371"
Canyonlands NP,CANY,National Park,Intermountain ,UT,2018,"841,978"
Canyonlands NP,CANY,National Park,Intermountain ,UT,2019,"829,119"
Canyonlands NP,CANY,National Park,Intermountain ,UT,2020,"563,893"
Canyonlands NP,CANY,National Park,Intermountain ,UT,2021,"1,020,438"
Canyonlands NP,CANY,National Park,Intermountain ,UT,2022,"876,885"
Canyonlands NP,CANY,National Park,Intermountain ,UT,2023,"887,922"
Canyonlands NP,CANY,National Park,Intermountain ,UT,2024,"907,078"
Capitol Reef NP,CARE,National Park,Intermountain ,UT,1938,"1,500"
Capitol Reef NP,CARE,National Park,Intermountain ,UT,1939,"1,500"
Capitol Reef NP,CARE,National Park,Intermountain ,UT,1940,"2,000"
Capitol Reef NP,CARE,National Park,Intermountain ,UT,1941,"1,975"
Capitol Reef NP,CARE,National Park,Intermountain ,UT,1942,0
Capitol Reef NP,CARE,National Park,Intermountain ,UT,1943,0
Capitol Reef NP,CARE,National Park,Intermountain ,UT,1944,0
Capitol Reef NP,CARE,National Park,Intermountain ,UT,1945,0
Capitol Reef NP,CARE,National Park,Intermountain ,UT,1946,0
Capitol Reef NP,CARE,National Park,Intermountain ,UT,1947,0
Capitol Reef NP,CARE,National Park,Intermountain ,UT,1950,"3,066"
Capitol Reef NP,CARE,National Park,Intermountain ,UT,1951,"13,192"
Capitol Reef NP,CARE,National Park,Intermountain ,UT,1952,"6,411"
Capitol Reef NP,CARE,National Park,Intermountain ,UT,1953,"9,991"
Capitol Reef NP,CARE,National Park,Intermountain ,UT,1954,"12,900"
Capitol Reef NP,CARE,National Park,Intermountain ,UT,1955,"7,500"
Capitol Reef NP,CARE,National Park,Intermountain ,UT,1956,"62,500"
Capitol Reef NP,CARE,National Park,Intermountain ,UT,1957,"56,900"
Capitol Reef NP,CARE,National Park,Intermountain ,UT,1958,"65,000"
Capitol Reef NP,CARE,National Park,Intermountain ,UT,1959,"89,600"
Capitol Reef NP,CARE,National Park,Intermountain ,UT,1960,"102,500"
Capitol Reef NP,CARE,National Park,Intermountain ,UT,1961,"136,800"
Capitol Reef NP,CARE,National Park,Intermountain ,UT,1962,"163,500"
Capitol Reef NP,CARE,National Park,Intermountain ,UT,1963,"93,200"
Capitol Reef NP,CARE,National Park,Intermountain ,UT,1964,"92,500"
Capitol Reef NP,CARE,National Park,Intermountain ,UT,1965,"108,500"
Capitol Reef NP,CARE,National Park,Intermountain ,UT,1966,"94,000"
Capitol Reef NP,CARE,National Park,Intermountain ,UT,1967,"146,600"
Capitol Reef NP,CARE,National Park,Intermountain ,UT,1968,"171,000"
Capitol Reef NP,CARE,National Park,Intermountain ,UT,1969,"210,600"
Capitol Reef NP,CARE,National Park,Intermountain ,UT,1970,"225,900"
Capitol Reef NP,CARE,National Park,Intermountain ,UT,1971,"225,500"
Capitol Reef NP,CARE,National Park,Intermountain ,UT,1972,"251,163"
Capitol Reef NP,CARE,National Park,Intermountain ,UT,1973,"288,800"
Capitol Reef NP,CARE,National Park,Intermountain ,UT,1974,"214,100"
Capitol Reef NP,CARE,National Park,Intermountain ,UT,1975,"263,400"
Capitol Reef NP,CARE,National Park,Intermountain ,UT,1976,"425,100"
Capitol Reef NP,CARE,National Park,Intermountain ,UT,1977,"428,800"
Capitol Reef NP,CARE,National Park,Intermountain ,UT,1978,"392,428"
Capitol Reef NP,CARE,National Park,Intermountain ,UT,1979,"348,623"
Capitol Reef NP,CARE,National Park,Intermountain ,UT,1980,"410,227"
Capitol Reef NP,CARE,National Park,Intermountain ,UT,1981,"463,074"
Capitol Reef NP,CARE,National Park,Intermountain ,UT,1982,"358,391"
Capitol Reef NP,CARE,National Park,Intermountain ,UT,1983,"408,158"
Capitol Reef NP,CARE,National Park,Intermountain ,UT,1984,"367,845"
Capitol Reef NP,CARE,National Park,Intermountain ,UT,1985,"388,518"
Capitol Reef NP,CARE,National Park,Intermountain ,UT,1986,"454,414"
Capitol Reef NP,CARE,National Park,Intermountain ,UT,1987,"513,709"
Capitol Reef NP,CARE,National Park,Intermountain ,UT,1988,"557,117"
Capitol Reef NP,CARE,National Park,Intermountain ,UT,1989,"608,885"
Capitol Reef NP,CARE,National Park,Intermountain ,UT,1990,"657,693"
Capitol Reef NP,CARE,National Park,Intermountain ,UT,1991,"715,513"
Capitol Reef NP,CARE,National Park,Intermountain ,UT,1992,"775,882"
Capitol Reef NP,CARE,National Park,Intermountain ,UT,1993,"704,157"
Capitol Reef NP,CARE,National Park,Intermountain ,UT,1994,"711,146"
Capitol Reef NP,CARE,National Park,Intermountain ,UT,1995,"750,005"
Capitol Reef NP,CARE,National Park,Intermountain ,UT,1996,"778,353"
Capitol Reef NP,CARE,National Park,Intermountain ,UT,1997,"727,603"
Capitol Reef NP,CARE,National Park,Intermountain ,UT,1998,"758,138"
Capitol Reef NP,CARE,National Park,Intermountain ,UT,1999,"782,386"
Capitol Reef NP,CARE,National Park,Intermountain ,UT,2000,"724,950"
Capitol Reef NP,CARE,National Park,Intermountain ,UT,2001,"638,770"
Capitol Reef NP,CARE,National Park,Intermountain ,UT,2002,"648,832"
Capitol Reef NP,CARE,National Park,Intermountain ,UT,2003,"639,025"
Capitol Reef NP,CARE,National Park,Intermountain ,UT,2004,"653,898"
Capitol Reef NP,CARE,National Park,Intermountain ,UT,2005,"648,907"
Capitol Reef NP,CARE,National Park,Intermountain ,UT,2006,"611,258"
Capitol Reef NP,CARE,National Park,Intermountain ,UT,2007,"651,214"
Capitol Reef NP,CARE,National Park,Intermountain ,UT,2008,"689,881"
Capitol Reef NP,CARE,National Park,Intermountain ,UT,2009,"700,472"
Capitol Reef NP,CARE,National Park,Intermountain ,UT,2010,"749,331"
Capitol Reef NP,CARE,National Park,Intermountain ,UT,2011,"752,282"
Capitol Reef NP,CARE,National Park,Intermountain ,UT,2012,"748,789"
Capitol Reef NP,CARE,National Park,Intermountain ,UT,2013,"746,763"
Capitol Reef NP,CARE,National Park,Intermountain ,UT,2014,"876,074"
Capitol Reef NP,CARE,National Park,Intermountain ,UT,2015,"1,032,036"
Capitol Reef NP,CARE,National Park,Intermountain ,UT,2016,"1,160,708"
Capitol Reef NP,CARE,National Park,Intermountain ,UT,2017,"1,248,248"
Capitol Reef NP,CARE,National Park,Intermountain ,UT,2018,"1,341,520"
Capitol Reef NP,CARE,National Park,Intermountain ,UT,2019,"1,339,796"
Capitol Reef NP,CARE,National Park,Intermountain ,UT,2020,"1,082,800"
Capitol Reef NP,CARE,National Park,Intermountain ,UT,2021,"1,518,913"
Capitol Reef NP,CARE,National Park,Intermountain ,UT,2022,"1,352,568"
Capitol Reef NP,CARE,National Park,Intermountain ,UT,2023,"1,411,255"
Capitol Reef NP,CARE,National Park,Intermountain ,UT,2024,"1,582,993"
Carlsbad Caverns NP,CAVE,National Park,Intermountain ,NM,1924,"1,280"
Carlsbad Caverns NP,CAVE,National Park,Intermountain ,NM,1925,"1,794"
Carlsbad Caverns NP,CAVE,National Park,Intermountain ,NM,1926,"10,904"
Carlsbad Caverns NP,CAVE,National Park,Intermountain ,NM,1927,"26,436"
Carlsbad Caverns NP,CAVE,National Park,Intermountain ,NM,1928,"46,335"
Carlsbad Caverns NP,CAVE,National Park,Intermountain ,NM,1929,"76,822"
Carlsbad Caverns NP,CAVE,National Park,Intermountain ,NM,1930,"90,104"
Carlsbad Caverns NP,CAVE,National Park,Intermountain ,NM,1931,"81,275"
Carlsbad Caverns NP,CAVE,National Park,Intermountain ,NM,1932,"61,474"
Carlsbad Caverns NP,CAVE,National Park,Intermountain ,NM,1933,"53,768"
Carlsbad Caverns NP,CAVE,National Park,Intermountain ,NM,1934,"88,349"
Carlsbad Caverns NP,CAVE,National Park,Intermountain ,NM,1935,"113,753"
Carlsbad Caverns NP,CAVE,National Park,Intermountain ,NM,1936,"148,129"
Carlsbad Caverns NP,CAVE,National Park,Intermountain ,NM,1937,"201,333"
Carlsbad Caverns NP,CAVE,National Park,Intermountain ,NM,1938,"205,765"
Carlsbad Caverns NP,CAVE,National Park,Intermountain ,NM,1939,"212,348"
Carlsbad Caverns NP,CAVE,National Park,Intermountain ,NM,1940,"236,653"
Carlsbad Caverns NP,CAVE,National Park,Intermountain ,NM,1941,"285,418"
Carlsbad Caverns NP,CAVE,National Park,Intermountain ,NM,1942,"124,809"
Carlsbad Caverns NP,CAVE,National Park,Intermountain ,NM,1943,"89,128"
Carlsbad Caverns NP,CAVE,National Park,Intermountain ,NM,1944,"122,467"
Carlsbad Caverns NP,CAVE,National Park,Intermountain ,NM,1945,"193,237"
Carlsbad Caverns NP,CAVE,National Park,Intermountain ,NM,1946,"380,465"
Carlsbad Caverns NP,CAVE,National Park,Intermountain ,NM,1947,"405,266"
Carlsbad Caverns NP,CAVE,National Park,Intermountain ,NM,1948,"435,481"
Carlsbad Caverns NP,CAVE,National Park,Intermountain ,NM,1949,"431,187"
Carlsbad Caverns NP,CAVE,National Park,Intermountain ,NM,1950,"467,283"
Carlsbad Caverns NP,CAVE,National Park,Intermountain ,NM,1951,"493,618"
Carlsbad Caverns NP,CAVE,National Park,Intermountain ,NM,1952,"531,751"
Carlsbad Caverns NP,CAVE,National Park,Intermountain ,NM,1953,"510,318"
Carlsbad Caverns NP,CAVE,National Park,Intermountain ,NM,1954,"444,300"
Carlsbad Caverns NP,CAVE,National Park,Intermountain ,NM,1955,"466,200"
Carlsbad Caverns NP,CAVE,National Park,Intermountain ,NM,1956,"455,000"
Carlsbad Caverns NP,CAVE,National Park,Intermountain ,NM,1957,"451,100"
Carlsbad Caverns NP,CAVE,National Park,Intermountain ,NM,1958,"435,200"
Carlsbad Caverns NP,CAVE,National Park,Intermountain ,NM,1959,"483,900"
Carlsbad Caverns NP,CAVE,National Park,Intermountain ,NM,1960,"537,000"
Carlsbad Caverns NP,CAVE,National Park,Intermountain ,NM,1961,"590,000"
Carlsbad Caverns NP,CAVE,National Park,Intermountain ,NM,1962,"556,000"
Carlsbad Caverns NP,CAVE,National Park,Intermountain ,NM,1963,"586,600"
Carlsbad Caverns NP,CAVE,National Park,Intermountain ,NM,1964,"588,000"
Carlsbad Caverns NP,CAVE,National Park,Intermountain ,NM,1965,"591,000"
Carlsbad Caverns NP,CAVE,National Park,Intermountain ,NM,1966,"604,800"
Carlsbad Caverns NP,CAVE,National Park,Intermountain ,NM,1967,"630,800"
Carlsbad Caverns NP,CAVE,National Park,Intermountain ,NM,1968,"668,400"
Carlsbad Caverns NP,CAVE,National Park,Intermountain ,NM,1969,"672,900"
Carlsbad Caverns NP,CAVE,National Park,Intermountain ,NM,1970,"712,700"
Carlsbad Caverns NP,CAVE,National Park,Intermountain ,NM,1971,"791,600"
Carlsbad Caverns NP,CAVE,National Park,Intermountain ,NM,1972,"856,086"
Carlsbad Caverns NP,CAVE,National Park,Intermountain ,NM,1973,"840,100"
Carlsbad Caverns NP,CAVE,National Park,Intermountain ,NM,1974,"672,400"
Carlsbad Caverns NP,CAVE,National Park,Intermountain ,NM,1975,"790,000"
Carlsbad Caverns NP,CAVE,National Park,Intermountain ,NM,1976,"876,500"
Carlsbad Caverns NP,CAVE,National Park,Intermountain ,NM,1977,"862,800"
Carlsbad Caverns NP,CAVE,National Park,Intermountain ,NM,1978,"867,277"
Carlsbad Caverns NP,CAVE,National Park,Intermountain ,NM,1979,"723,217"
Carlsbad Caverns NP,CAVE,National Park,Intermountain ,NM,1980,"674,208"
Carlsbad Caverns NP,CAVE,National Park,Intermountain ,NM,1981,"773,203"
Carlsbad Caverns NP,CAVE,National Park,Intermountain ,NM,1982,"783,497"
Carlsbad Caverns NP,CAVE,National Park,Intermountain ,NM,1983,"713,170"
Carlsbad Caverns NP,CAVE,National Park,Intermountain ,NM,1984,"713,241"
Carlsbad Caverns NP,CAVE,National Park,Intermountain ,NM,1985,"732,738"
Carlsbad Caverns NP,CAVE,National Park,Intermountain ,NM,1986,"752,711"
Carlsbad Caverns NP,CAVE,National Park,Intermountain ,NM,1987,"781,391"
Carlsbad Caverns NP,CAVE,National Park,Intermountain ,NM,1988,"786,486"
Carlsbad Caverns NP,CAVE,National Park,Intermountain ,NM,1989,"792,500"
Carlsbad Caverns NP,CAVE,National Park,Intermountain ,NM,1990,"747,163"
Carlsbad Caverns NP,CAVE,National Park,Intermountain ,NM,1991,"679,611"
Carlsbad Caverns NP,CAVE,National Park,Intermountain ,NM,1992,"688,906"
Carlsbad Caverns NP,CAVE,National Park,Intermountain ,NM,1993,"687,326"
Carlsbad Caverns NP,CAVE,National Park,Intermountain ,NM,1994,"617,360"
Carlsbad Caverns NP,CAVE,National Park,Intermountain ,NM,1995,"588,928"
Carlsbad Caverns NP,CAVE,National Park,Intermountain ,NM,1996,"557,520"
Carlsbad Caverns NP,CAVE,National Park,Intermountain ,NM,1997,"541,190"
Carlsbad Caverns NP,CAVE,National Park,Intermountain ,NM,1998,"522,998"
Carlsbad Caverns NP,CAVE,National Park,Intermountain ,NM,1999,"514,675"
Carlsbad Caverns NP,CAVE,National Park,Intermountain ,NM,2000,"469,443"
Carlsbad Caverns NP,CAVE,National Park,Intermountain ,NM,2001,"455,778"
Carlsbad Caverns NP,CAVE,National Park,Intermountain ,NM,2002,"476,421"
Carlsbad Caverns NP,CAVE,National Park,Intermountain ,NM,2003,"457,791"
Carlsbad Caverns NP,CAVE,National Park,Intermountain ,NM,2004,"419,754"
Carlsbad Caverns NP,CAVE,National Park,Intermountain ,NM,2005,"413,923"
Carlsbad Caverns NP,CAVE,National Park,Intermountain ,NM,2006,"407,462"
Carlsbad Caverns NP,CAVE,National Park,Intermountain ,NM,2007,"409,653"
Carlsbad Caverns NP,CAVE,National Park,Intermountain ,NM,2008,"400,467"
Carlsbad Caverns NP,CAVE,National Park,Intermountain ,NM,2009,"432,753"
Carlsbad Caverns NP,CAVE,National Park,Intermountain ,NM,2010,"428,694"
Carlsbad Caverns NP,CAVE,National Park,Intermountain ,NM,2011,"365,107"
Carlsbad Caverns NP,CAVE,National Park,Intermountain ,NM,2012,"381,209"
Carlsbad Caverns NP,CAVE,National Park,Intermountain ,NM,2013,"388,742"
Carlsbad Caverns NP,CAVE,National Park,Intermountain ,NM,2014,"397,455"
Carlsbad Caverns NP,CAVE,National Park,Intermountain ,NM,2015,"445,855"
Carlsbad Caverns NP,CAVE,National Park,Intermountain ,NM,2016,"467,024"
Carlsbad Caverns NP,CAVE,National Park,Intermountain ,NM,2017,"520,228"
Carlsbad Caverns NP,CAVE,National Park,Intermountain ,NM,2018,"466,096"
Carlsbad Caverns NP,CAVE,National Park,Intermountain ,NM,2019,"440,916"
Carlsbad Caverns NP,CAVE,National Park,Intermountain ,NM,2020,"183,951"
Carlsbad Caverns NP,CAVE,National Park,Intermountain ,NM,2021,"349,435"
Carlsbad Caverns NP,CAVE,National Park,Intermountain ,NM,2022,"390,998"
Carlsbad Caverns NP,CAVE,National Park,Intermountain ,NM,2023,"394,121"
Carlsbad Caverns NP,CAVE,National Park,Intermountain ,NM,2024,"460,474"
Channel Islands NP,CHIS,National Park,Pacific West ,CA,1963,"1,200"
Channel Islands NP,CHIS,National Park,Pacific West ,CA,1964,"1,500"
Channel Islands NP,CHIS,National Park,Pacific West ,CA,1965,"1,600"
Channel Islands NP,CHIS,National Park,Pacific West ,CA,1966,300
Channel Islands NP,CHIS,National Park,Pacific West ,CA,1967,"15,700"
Channel Islands NP,CHIS,National Park,Pacific West ,CA,1968,"31,000"
Channel Islands NP,CHIS,National Park,Pacific West ,CA,1969,"33,100"
Channel Islands NP,CHIS,National Park,Pacific West ,CA,1970,"32,000"
Channel Islands NP,CHIS,National Park,Pacific West ,CA,1971,"24,400"
Channel Islands NP,CHIS,National Park,Pacific West ,CA,1972,"31,947"
Channel Islands NP,CHIS,National Park,Pacific West ,CA,1973,"44,700"
Channel Islands NP,CHIS,National Park,Pacific West ,CA,1974,"31,000"
Channel Islands NP,CHIS,National Park,Pacific West ,CA,1975,"74,400"
Channel Islands NP,CHIS,National Park,Pacific West ,CA,1976,"92,600"
Channel Islands NP,CHIS,National Park,Pacific West ,CA,1977,"87,200"
Channel Islands NP,CHIS,National Park,Pacific West ,CA,1978,"46,416"
Channel Islands NP,CHIS,National Park,Pacific West ,CA,1979,"121,302"
Channel Islands NP,CHIS,National Park,Pacific West ,CA,1980,"159,539"
Channel Islands NP,CHIS,National Park,Pacific West ,CA,1981,"127,995"
Channel Islands NP,CHIS,National Park,Pacific West ,CA,1982,"211,844"
Channel Islands NP,CHIS,National Park,Pacific West ,CA,1983,"248,912"
Channel Islands NP,CHIS,National Park,Pacific West ,CA,1984,"284,782"
Channel Islands NP,CHIS,National Park,Pacific West ,CA,1985,"272,002"
Channel Islands NP,CHIS,National Park,Pacific West ,CA,1986,"287,440"
Channel Islands NP,CHIS,National Park,Pacific West ,CA,1987,"290,784"
Channel Islands NP,CHIS,National Park,Pacific West ,CA,1988,"280,101"
Channel Islands NP,CHIS,National Park,Pacific West ,CA,1989,"254,407"
Channel Islands NP,CHIS,National Park,Pacific West ,CA,1990,"242,046"
Channel Islands NP,CHIS,National Park,Pacific West ,CA,1991,"250,727"
Channel Islands NP,CHIS,National Park,Pacific West ,CA,1992,"276,280"
Channel Islands NP,CHIS,National Park,Pacific West ,CA,1993,"306,336"
Channel Islands NP,CHIS,National Park,Pacific West ,CA,1994,"289,783"
Channel Islands NP,CHIS,National Park,Pacific West ,CA,1995,"757,405"
Channel Islands NP,CHIS,National Park,Pacific West ,CA,1996,"667,488"
Channel Islands NP,CHIS,National Park,Pacific West ,CA,1997,"651,024"
Channel Islands NP,CHIS,National Park,Pacific West ,CA,1998,"745,132"
Channel Islands NP,CHIS,National Park,Pacific West ,CA,1999,"818,755"
Channel Islands NP,CHIS,National Park,Pacific West ,CA,2000,"603,798"
Channel Islands NP,CHIS,National Park,Pacific West ,CA,2001,"663,541"
Channel Islands NP,CHIS,National Park,Pacific West ,CA,2002,"774,526"
Channel Islands NP,CHIS,National Park,Pacific West ,CA,2003,"736,359"
Channel Islands NP,CHIS,National Park,Pacific West ,CA,2004,"682,448"
Channel Islands NP,CHIS,National Park,Pacific West ,CA,2005,"574,958"
Channel Islands NP,CHIS,National Park,Pacific West ,CA,2006,"629,919"
Channel Islands NP,CHIS,National Park,Pacific West ,CA,2007,"503,717"
Channel Islands NP,CHIS,National Park,Pacific West ,CA,2008,"393,350"
Channel Islands NP,CHIS,National Park,Pacific West ,CA,2009,"417,796"
Channel Islands NP,CHIS,National Park,Pacific West ,CA,2010,"361,908"
Channel Islands NP,CHIS,National Park,Pacific West ,CA,2011,"312,734"
Channel Islands NP,CHIS,National Park,Pacific West ,CA,2012,"304,085"
Channel Islands NP,CHIS,National Park,Pacific West ,CA,2013,"273,728"
Channel Islands NP,CHIS,National Park,Pacific West ,CA,2014,"400,779"
Channel Islands NP,CHIS,National Park,Pacific West ,CA,2015,"403,326"
Channel Islands NP,CHIS,National Park,Pacific West ,CA,2016,"431,720"
Channel Islands NP,CHIS,National Park,Pacific West ,CA,2017,"459,012"
Channel Islands NP,CHIS,National Park,Pacific West ,CA,2018,"421,285"
Channel Islands NP,CHIS,National Park,Pacific West ,CA,2019,"490,451"
Channel Islands NP,CHIS,National Park,Pacific West ,CA,2020,"232,847"
Channel Islands NP,CHIS,National Park,Pacific West ,CA,2021,"408,988"
Channel Islands NP,CHIS,National Park,Pacific West ,CA,2022,"419,734"
Channel Islands NP,CHIS,National Park,Pacific West ,CA,2023,"418,492"
Channel Islands NP,CHIS,National Park,Pacific West ,CA,2024,"377,336"
Congaree NP,CONG,National Park,Southeast ,SC,1985,"12,574"
Congaree NP,CONG,National Park,Southeast ,SC,1986,"16,807"
Congaree NP,CONG,National Park,Southeast ,SC,1987,"20,809"
Congaree NP,CONG,National Park,Southeast ,SC,1988,"26,817"
Congaree NP,CONG,National Park,Southeast ,SC,1989,"25,990"
Congaree NP,CONG,National Park,Southeast ,SC,1990,"23,552"
Congaree NP,CONG,National Park,Southeast ,SC,1991,"31,524"
Congaree NP,CONG,National Park,Southeast ,SC,1992,"40,675"
Congaree NP,CONG,National Park,Southeast ,SC,1993,"55,510"
Congaree NP,CONG,National Park,Southeast ,SC,1994,"68,711"
Congaree NP,CONG,National Park,Southeast ,SC,1995,"68,783"
Congaree NP,CONG,National Park,Southeast ,SC,1996,"63,331"
Congaree NP,CONG,National Park,Southeast ,SC,1997,"71,524"
Congaree NP,CONG,National Park,Southeast ,SC,1998,"94,498"
Congaree NP,CONG,National Park,Southeast ,SC,1999,"83,418"
Congaree NP,CONG,National Park,Southeast ,SC,2000,"97,266"
Congaree NP,CONG,National Park,Southeast ,SC,2001,"121,032"
Congaree NP,CONG,National Park,Southeast ,SC,2002,"102,688"
Congaree NP,CONG,National Park,Southeast ,SC,2003,"108,186"
Congaree NP,CONG,National Park,Southeast ,SC,2004,"127,791"
Congaree NP,CONG,National Park,Southeast ,SC,2005,"86,308"
Congaree NP,CONG,National Park,Southeast ,SC,2006,"136,270"
Congaree NP,CONG,National Park,Southeast ,SC,2007,"118,398"
Congaree NP,CONG,National Park,Southeast ,SC,2008,"108,981"
Congaree NP,CONG,National Park,Southeast ,SC,2009,"126,948"
Congaree NP,CONG,National Park,Southeast ,SC,2010,"126,189"
Congaree NP,CONG,National Park,Southeast ,SC,2011,"125,669"
Congaree NP,CONG,National Park,Southeast ,SC,2012,"115,081"
Congaree NP,CONG,National Park,Southeast ,SC,2013,"124,776"
Congaree NP,CONG,National Park,Southeast ,SC,2014,"123,281"
Congaree NP,CONG,National Park,Southeast ,SC,2015,"91,189"
Congaree NP,CONG,National Park,Southeast ,SC,2016,"150,385"
Congaree NP,CONG,National Park,Southeast ,SC,2017,"170,835"
Congaree NP,CONG,National Park,Southeast ,SC,2018,"155,172"
Congaree NP,CONG,National Park,Southeast ,SC,2019,"169,076"
Congaree NP,CONG,National Park,Southeast ,SC,2020,"125,652"
Congaree NP,CONG,National Park,Southeast ,SC,2021,"229,661"
Congaree NP,CONG,National Park,Southeast ,SC,2022,"219,107"
Congaree NP,CONG,National Park,Southeast ,SC,2023,"262,571"
Congaree NP,CONG,National Park,Southeast ,SC,2024,"254,664"
Crater Lake NP,CRLA,National Park,Pacific West ,OR,1904,"1,500"
Crater Lake NP,CRLA,National Park,Pacific West ,OR,1905,"1,400"
Crater Lake NP,CRLA,National Park,Pacific West ,OR,1906,"1,800"
Crater Lake NP,CRLA,National Park,Pacific West ,OR,1907,"2,600"
Crater Lake NP,CRLA,National Park,Pacific West ,OR,1908,"5,275"
Crater Lake NP,CRLA,National Park,Pacific West ,OR,1909,"4,171"
Crater Lake NP,CRLA,National Park,Pacific West ,OR,1910,"5,000"
Crater Lake NP,CRLA,National Park,Pacific West ,OR,1911,"4,500"
Crater Lake NP,CRLA,National Park,Pacific West ,OR,1912,"5,235"
Crater Lake NP,CRLA,National Park,Pacific West ,OR,1913,"6,253"
Crater Lake NP,CRLA,National Park,Pacific West ,OR,1914,"7,096"
Crater Lake NP,CRLA,National Park,Pacific West ,OR,1915,"11,371"
Crater Lake NP,CRLA,National Park,Pacific West ,OR,1916,"12,265"
Crater Lake NP,CRLA,National Park,Pacific West ,OR,1917,"11,645"
Crater Lake NP,CRLA,National Park,Pacific West ,OR,1918,"13,231"
Crater Lake NP,CRLA,National Park,Pacific West ,OR,1919,"16,645"
Crater Lake NP,CRLA,National Park,Pacific West ,OR,1920,"20,135"
Crater Lake NP,CRLA,National Park,Pacific West ,OR,1921,"28,617"
Crater Lake NP,CRLA,National Park,Pacific West ,OR,1922,"33,016"
Crater Lake NP,CRLA,National Park,Pacific West ,OR,1923,"52,017"
Crater Lake NP,CRLA,National Park,Pacific West ,OR,1924,"64,312"
Crater Lake NP,CRLA,National Park,Pacific West ,OR,1925,"65,018"
Crater Lake NP,CRLA,National Park,Pacific West ,OR,1926,"86,019"
Crater Lake NP,CRLA,National Park,Pacific West ,OR,1927,"82,354"
Crater Lake NP,CRLA,National Park,Pacific West ,OR,1928,"113,323"
Crater Lake NP,CRLA,National Park,Pacific West ,OR,1929,"128,435"
Crater Lake NP,CRLA,National Park,Pacific West ,OR,1930,"157,693"
Crater Lake NP,CRLA,National Park,Pacific West ,OR,1931,"170,284"
Crater Lake NP,CRLA,National Park,Pacific West ,OR,1932,"109,738"
Crater Lake NP,CRLA,National Park,Pacific West ,OR,1933,"90,512"
Crater Lake NP,CRLA,National Park,Pacific West ,OR,1934,"118,699"
Crater Lake NP,CRLA,National Park,Pacific West ,OR,1935,"107,701"
Crater Lake NP,CRLA,National Park,Pacific West ,OR,1936,"180,382"
Crater Lake NP,CRLA,National Park,Pacific West ,OR,1937,"202,403"
Crater Lake NP,CRLA,National Park,Pacific West ,OR,1938,"190,699"
Crater Lake NP,CRLA,National Park,Pacific West ,OR,1939,"225,101"
Crater Lake NP,CRLA,National Park,Pacific West ,OR,1940,"252,482"
Crater Lake NP,CRLA,National Park,Pacific West ,OR,1941,"274,002"
Crater Lake NP,CRLA,National Park,Pacific West ,OR,1942,"88,568"
Crater Lake NP,CRLA,National Park,Pacific West ,OR,1943,"28,850"
Crater Lake NP,CRLA,National Park,Pacific West ,OR,1944,"44,389"
Crater Lake NP,CRLA,National Park,Pacific West ,OR,1945,"79,535"
Crater Lake NP,CRLA,National Park,Pacific West ,OR,1946,"208,640"
Crater Lake NP,CRLA,National Park,Pacific West ,OR,1947,"378,000"
Crater Lake NP,CRLA,National Park,Pacific West ,OR,1948,"313,580"
Crater Lake NP,CRLA,National Park,Pacific West ,OR,1949,"330,829"
Crater Lake NP,CRLA,National Park,Pacific West ,OR,1950,"310,796"
Crater Lake NP,CRLA,National Park,Pacific West ,OR,1951,"289,286"
Crater Lake NP,CRLA,National Park,Pacific West ,OR,1952,"312,677"
Crater Lake NP,CRLA,National Park,Pacific West ,OR,1953,"332,835"
Crater Lake NP,CRLA,National Park,Pacific West ,OR,1954,"370,600"
Crater Lake NP,CRLA,National Park,Pacific West ,OR,1955,"343,800"
Crater Lake NP,CRLA,National Park,Pacific West ,OR,1956,"359,800"
Crater Lake NP,CRLA,National Park,Pacific West ,OR,1957,"330,500"
Crater Lake NP,CRLA,National Park,Pacific West ,OR,1958,"333,900"
Crater Lake NP,CRLA,National Park,Pacific West ,OR,1959,"341,000"
Crater Lake NP,CRLA,National Park,Pacific West ,OR,1960,"397,700"
Crater Lake NP,CRLA,National Park,Pacific West ,OR,1961,"415,600"
Crater Lake NP,CRLA,National Park,Pacific West ,OR,1962,"592,400"
Crater Lake NP,CRLA,National Park,Pacific West ,OR,1963,"475,700"
Crater Lake NP,CRLA,National Park,Pacific West ,OR,1964,"494,100"
Crater Lake NP,CRLA,National Park,Pacific West ,OR,1965,"480,500"
Crater Lake NP,CRLA,National Park,Pacific West ,OR,1966,"552,500"
Crater Lake NP,CRLA,National Park,Pacific West ,OR,1967,"499,400"
Crater Lake NP,CRLA,National Park,Pacific West ,OR,1968,"578,300"
Crater Lake NP,CRLA,National Park,Pacific West ,OR,1969,"544,900"
Crater Lake NP,CRLA,National Park,Pacific West ,OR,1970,"535,000"
Crater Lake NP,CRLA,National Park,Pacific West ,OR,1971,"535,000"
Crater Lake NP,CRLA,National Park,Pacific West ,OR,1972,"566,655"
Crater Lake NP,CRLA,National Park,Pacific West ,OR,1973,"505,300"
Crater Lake NP,CRLA,National Park,Pacific West ,OR,1974,"496,100"
Crater Lake NP,CRLA,National Park,Pacific West ,OR,1975,"356,500"
Crater Lake NP,CRLA,National Park,Pacific West ,OR,1976,"532,700"
Crater Lake NP,CRLA,National Park,Pacific West ,OR,1977,"558,300"
Crater Lake NP,CRLA,National Park,Pacific West ,OR,1978,"553,374"
Crater Lake NP,CRLA,National Park,Pacific West ,OR,1979,"510,183"
Crater Lake NP,CRLA,National Park,Pacific West ,OR,1980,"555,068"
Crater Lake NP,CRLA,National Park,Pacific West ,OR,1981,"605,262"
Crater Lake NP,CRLA,National Park,Pacific West ,OR,1982,"542,735"
Crater Lake NP,CRLA,National Park,Pacific West ,OR,1983,"462,899"
Crater Lake NP,CRLA,National Park,Pacific West ,OR,1984,"522,917"
Crater Lake NP,CRLA,National Park,Pacific West ,OR,1985,"477,305"
Crater Lake NP,CRLA,National Park,Pacific West ,OR,1986,"471,475"
Crater Lake NP,CRLA,National Park,Pacific West ,OR,1987,"549,510"
Crater Lake NP,CRLA,National Park,Pacific West ,OR,1988,"523,707"
Crater Lake NP,CRLA,National Park,Pacific West ,OR,1989,"503,011"
Crater Lake NP,CRLA,National Park,Pacific West ,OR,1990,"499,352"
Crater Lake NP,CRLA,National Park,Pacific West ,OR,1991,"578,789"
Crater Lake NP,CRLA,National Park,Pacific West ,OR,1992,"571,084"
Crater Lake NP,CRLA,National Park,Pacific West ,OR,1993,"460,293"
Crater Lake NP,CRLA,National Park,Pacific West ,OR,1994,"547,855"
Crater Lake NP,CRLA,National Park,Pacific West ,OR,1995,"590,172"
Crater Lake NP,CRLA,National Park,Pacific West ,OR,1996,"559,244"
Crater Lake NP,CRLA,National Park,Pacific West ,OR,1997,"535,080"
Crater Lake NP,CRLA,National Park,Pacific West ,OR,1998,"590,006"
Crater Lake NP,CRLA,National Park,Pacific West ,OR,1999,"534,040"
Crater Lake NP,CRLA,National Park,Pacific West ,OR,2000,"549,500"
Crater Lake NP,CRLA,National Park,Pacific West ,OR,2001,"584,719"
Crater Lake NP,CRLA,National Park,Pacific West ,OR,2002,"584,477"
Crater Lake NP,CRLA,National Park,Pacific West ,OR,2003,"601,160"
Crater Lake NP,CRLA,National Park,Pacific West ,OR,2004,"540,174"
Crater Lake NP,CRLA,National Park,Pacific West ,OR,2005,"551,269"
Crater Lake NP,CRLA,National Park,Pacific West ,OR,2006,"500,465"
Crater Lake NP,CRLA,National Park,Pacific West ,OR,2007,"589,653"
Crater Lake NP,CRLA,National Park,Pacific West ,OR,2008,"533,946"
Crater Lake NP,CRLA,National Park,Pacific West ,OR,2009,"576,169"
Crater Lake NP,CRLA,National Park,Pacific West ,OR,2010,"578,386"
Crater Lake NP,CRLA,National Park,Pacific West ,OR,2011,"552,205"
Crater Lake NP,CRLA,National Park,Pacific West ,OR,2012,"583,206"
Crater Lake NP,CRLA,National Park,Pacific West ,OR,2013,"666,675"
Crater Lake NP,CRLA,National Park,Pacific West ,OR,2014,"675,397"
Crater Lake NP,CRLA,National Park,Pacific West ,OR,2015,"765,338"
Crater Lake NP,CRLA,National Park,Pacific West ,OR,2016,"903,562"
Crater Lake NP,CRLA,National Park,Pacific West ,OR,2017,"835,516"
Crater Lake NP,CRLA,National Park,Pacific West ,OR,2018,"856,268"
Crater Lake NP,CRLA,National Park,Pacific West ,OR,2019,"808,336"
Crater Lake NP,CRLA,National Park,Pacific West ,OR,2020,"765,384"
Crater Lake NP,CRLA,National Park,Pacific West ,OR,2021,"756,606"
Crater Lake NP,CRLA,National Park,Pacific West ,OR,2022,"633,985"
Crater Lake NP,CRLA,National Park,Pacific West ,OR,2023,"688,170"
Crater Lake NP,CRLA,National Park,Pacific West ,OR,2024,"625,314"
Cuyahoga Valley NP,CUVA,National Park,Midwest ,OH,1978,"496,400"
Cuyahoga Valley NP,CUVA,National Park,Midwest ,OH,1979,"543,025"
Cuyahoga Valley NP,CUVA,National Park,Midwest ,OH,1980,"563,300"
Cuyahoga Valley NP,CUVA,National Park,Midwest ,OH,1981,"596,300"
Cuyahoga Valley NP,CUVA,National Park,Midwest ,OH,1982,"724,300"
Cuyahoga Valley NP,CUVA,National Park,Midwest ,OH,1983,"949,315"
Cuyahoga Valley NP,CUVA,National Park,Midwest ,OH,1984,"1,028,524"
Cuyahoga Valley NP,CUVA,National Park,Midwest ,OH,1985,"1,014,554"
Cuyahoga Valley NP,CUVA,National Park,Midwest ,OH,1986,"1,051,844"
Cuyahoga Valley NP,CUVA,National Park,Midwest ,OH,1987,"1,124,427"
Cuyahoga Valley NP,CUVA,National Park,Midwest ,OH,1988,"1,240,935"
Cuyahoga Valley NP,CUVA,National Park,Midwest ,OH,1989,"1,171,571"
Cuyahoga Valley NP,CUVA,National Park,Midwest ,OH,1990,"1,213,151"
Cuyahoga Valley NP,CUVA,National Park,Midwest ,OH,1991,"1,372,614"
Cuyahoga Valley NP,CUVA,National Park,Midwest ,OH,1992,"1,442,974"
Cuyahoga Valley NP,CUVA,National Park,Midwest ,OH,1993,"2,280,010"
Cuyahoga Valley NP,CUVA,National Park,Midwest ,OH,1994,"3,280,908"
Cuyahoga Valley NP,CUVA,National Park,Midwest ,OH,1995,"3,209,461"
Cuyahoga Valley NP,CUVA,National Park,Midwest ,OH,1996,"3,471,040"
Cuyahoga Valley NP,CUVA,National Park,Midwest ,OH,1997,"3,543,740"
Cuyahoga Valley NP,CUVA,National Park,Midwest ,OH,1998,"3,482,122"
Cuyahoga Valley NP,CUVA,National Park,Midwest ,OH,1999,"3,339,783"
Cuyahoga Valley NP,CUVA,National Park,Midwest ,OH,2000,"3,335,233"
Cuyahoga Valley NP,CUVA,National Park,Midwest ,OH,2001,"3,129,776"
Cuyahoga Valley NP,CUVA,National Park,Midwest ,OH,2002,"3,226,461"
Cuyahoga Valley NP,CUVA,National Park,Midwest ,OH,2003,"2,886,041"
Cuyahoga Valley NP,CUVA,National Park,Midwest ,OH,2004,"3,313,073"
Cuyahoga Valley NP,CUVA,National Park,Midwest ,OH,2005,"2,540,150"
Cuyahoga Valley NP,CUVA,National Park,Midwest ,OH,2006,"2,473,761"
Cuyahoga Valley NP,CUVA,National Park,Midwest ,OH,2007,"2,492,105"
Cuyahoga Valley NP,CUVA,National Park,Midwest ,OH,2008,"2,833,005"
Cuyahoga Valley NP,CUVA,National Park,Midwest ,OH,2009,"2,591,773"
Cuyahoga Valley NP,CUVA,National Park,Midwest ,OH,2010,"2,495,575"
Cuyahoga Valley NP,CUVA,National Park,Midwest ,OH,2011,"2,166,916"
Cuyahoga Valley NP,CUVA,National Park,Midwest ,OH,2012,"2,306,847"
Cuyahoga Valley NP,CUVA,National Park,Midwest ,OH,2013,"2,110,102"
Cuyahoga Valley NP,CUVA,National Park,Midwest ,OH,2014,"2,197,941"
Cuyahoga Valley NP,CUVA,National Park,Midwest ,OH,2015,"2,293,188"
Cuyahoga Valley NP,CUVA,National Park,Midwest ,OH,2016,"2,432,732"
Cuyahoga Valley NP,CUVA,National Park,Midwest ,OH,2017,"2,235,546"
Cuyahoga Valley NP,CUVA,National Park,Midwest ,OH,2018,"2,106,242"
Cuyahoga Valley NP,CUVA,National Park,Midwest ,OH,2019,"2,247,213"
Cuyahoga Valley NP,CUVA,National Park,Midwest ,OH,2020,"2,757,769"
Cuyahoga Valley NP,CUVA,National Park,Midwest ,OH,2021,"2,580,665"
Cuyahoga Valley NP,CUVA,National Park,Midwest ,OH,2022,"2,923,680"
Cuyahoga Valley NP,CUVA,National Park,Midwest ,OH,2023,"2,869,723"
Cuyahoga Valley NP,CUVA,National Park,Midwest ,OH,2024,"2,921,136"
Death Valley NP,DEVA,National Park,Pacific West ,CA,1933,"9,970"
Death Valley NP,DEVA,National Park,Pacific West ,CA,1934,"19,678"
Death Valley NP,DEVA,National Park,Pacific West ,CA,1935,"42,061"
Death Valley NP,DEVA,National Park,Pacific West ,CA,1936,"40,815"
Death Valley NP,DEVA,National Park,Pacific West ,CA,1937,"48,874"
Death Valley NP,DEVA,National Park,Pacific West ,CA,1938,"58,320"
Death Valley NP,DEVA,National Park,Pacific West ,CA,1939,"61,301"
Death Valley NP,DEVA,National Park,Pacific West ,CA,1940,"80,842"
Death Valley NP,DEVA,National Park,Pacific West ,CA,1941,"100,829"
Death Valley NP,DEVA,National Park,Pacific West ,CA,1942,"44,755"
Death Valley NP,DEVA,National Park,Pacific West ,CA,1943,"14,374"
Death Valley NP,DEVA,National Park,Pacific West ,CA,1944,"13,661"
Death Valley NP,DEVA,National Park,Pacific West ,CA,1945,"31,112"
Death Valley NP,DEVA,National Park,Pacific West ,CA,1946,"100,976"
Death Valley NP,DEVA,National Park,Pacific West ,CA,1947,"161,953"
Death Valley NP,DEVA,National Park,Pacific West ,CA,1948,"162,150"
Death Valley NP,DEVA,National Park,Pacific West ,CA,1949,"208,557"
Death Valley NP,DEVA,National Park,Pacific West ,CA,1950,"189,045"
Death Valley NP,DEVA,National Park,Pacific West ,CA,1951,"219,520"
Death Valley NP,DEVA,National Park,Pacific West ,CA,1952,"296,106"
Death Valley NP,DEVA,National Park,Pacific West ,CA,1953,"338,899"
Death Valley NP,DEVA,National Park,Pacific West ,CA,1954,"337,900"
Death Valley NP,DEVA,National Park,Pacific West ,CA,1955,"342,200"
Death Valley NP,DEVA,National Park,Pacific West ,CA,1956,"300,100"
Death Valley NP,DEVA,National Park,Pacific West ,CA,1957,"333,400"
Death Valley NP,DEVA,National Park,Pacific West ,CA,1958,"334,300"
Death Valley NP,DEVA,National Park,Pacific West ,CA,1959,"335,700"
Death Valley NP,DEVA,National Park,Pacific West ,CA,1960,"355,900"
Death Valley NP,DEVA,National Park,Pacific West ,CA,1961,"397,900"
Death Valley NP,DEVA,National Park,Pacific West ,CA,1962,"363,400"
Death Valley NP,DEVA,National Park,Pacific West ,CA,1963,"408,100"
Death Valley NP,DEVA,National Park,Pacific West ,CA,1964,"403,600"
Death Valley NP,DEVA,National Park,Pacific West ,CA,1965,"453,000"
Death Valley NP,DEVA,National Park,Pacific West ,CA,1966,"437,800"
Death Valley NP,DEVA,National Park,Pacific West ,CA,1967,"476,700"
Death Valley NP,DEVA,National Park,Pacific West ,CA,1968,"469,600"
Death Valley NP,DEVA,National Park,Pacific West ,CA,1969,"458,800"
Death Valley NP,DEVA,National Park,Pacific West ,CA,1970,"580,500"
Death Valley NP,DEVA,National Park,Pacific West ,CA,1971,"290,900"
Death Valley NP,DEVA,National Park,Pacific West ,CA,1972,"293,999"
Death Valley NP,DEVA,National Park,Pacific West ,CA,1973,"315,400"
Death Valley NP,DEVA,National Park,Pacific West ,CA,1974,"368,800"
Death Valley NP,DEVA,National Park,Pacific West ,CA,1975,"545,500"
Death Valley NP,DEVA,National Park,Pacific West ,CA,1976,"582,400"
Death Valley NP,DEVA,National Park,Pacific West ,CA,1977,"620,400"
Death Valley NP,DEVA,National Park,Pacific West ,CA,1978,"673,610"
Death Valley NP,DEVA,National Park,Pacific West ,CA,1979,"989,637"
Death Valley NP,DEVA,National Park,Pacific West ,CA,1980,"962,157"
Death Valley NP,DEVA,National Park,Pacific West ,CA,1981,"990,683"
Death Valley NP,DEVA,National Park,Pacific West ,CA,1982,"1,076,896"
Death Valley NP,DEVA,National Park,Pacific West ,CA,1983,"1,039,684"
Death Valley NP,DEVA,National Park,Pacific West ,CA,1984,"979,944"
Death Valley NP,DEVA,National Park,Pacific West ,CA,1985,"937,909"
Death Valley NP,DEVA,National Park,Pacific West ,CA,1986,"939,530"
Death Valley NP,DEVA,National Park,Pacific West ,CA,1987,"1,007,436"
Death Valley NP,DEVA,National Park,Pacific West ,CA,1988,"1,067,596"
Death Valley NP,DEVA,National Park,Pacific West ,CA,1989,"1,005,531"
Death Valley NP,DEVA,National Park,Pacific West ,CA,1990,"1,013,232"
Death Valley NP,DEVA,National Park,Pacific West ,CA,1991,"1,063,195"
Death Valley NP,DEVA,National Park,Pacific West ,CA,1992,"1,191,338"
Death Valley NP,DEVA,National Park,Pacific West ,CA,1993,"1,314,059"
Death Valley NP,DEVA,National Park,Pacific West ,CA,1994,"1,289,236"
Death Valley NP,DEVA,National Park,Pacific West ,CA,1995,"1,413,573"
Death Valley NP,DEVA,National Park,Pacific West ,CA,1996,"1,459,381"
Death Valley NP,DEVA,National Park,Pacific West ,CA,1997,"1,421,763"
Death Valley NP,DEVA,National Park,Pacific West ,CA,1998,"1,446,341"
Death Valley NP,DEVA,National Park,Pacific West ,CA,1999,"1,513,374"
Death Valley NP,DEVA,National Park,Pacific West ,CA,2000,"1,448,369"
Death Valley NP,DEVA,National Park,Pacific West ,CA,2001,"1,272,928"
Death Valley NP,DEVA,National Park,Pacific West ,CA,2002,"1,121,351"
Death Valley NP,DEVA,National Park,Pacific West ,CA,2003,"1,182,694"
Death Valley NP,DEVA,National Park,Pacific West ,CA,2004,"974,336"
Death Valley NP,DEVA,National Park,Pacific West ,CA,2005,"1,079,171"
Death Valley NP,DEVA,National Park,Pacific West ,CA,2006,"984,157"
Death Valley NP,DEVA,National Park,Pacific West ,CA,2007,"927,045"
Death Valley NP,DEVA,National Park,Pacific West ,CA,2008,"1,101,766"
Death Valley NP,DEVA,National Park,Pacific West ,CA,2009,"1,071,055"
Death Valley NP,DEVA,National Park,Pacific West ,CA,2010,"1,242,155"
Death Valley NP,DEVA,National Park,Pacific West ,CA,2011,"1,205,570"
Death Valley NP,DEVA,National Park,Pacific West ,CA,2012,"1,201,378"
Death Valley NP,DEVA,National Park,Pacific West ,CA,2013,"1,137,285"
Death Valley NP,DEVA,National Park,Pacific West ,CA,2014,"1,306,741"
Death Valley NP,DEVA,National Park,Pacific West ,CA,2015,"1,411,936"
Death Valley NP,DEVA,National Park,Pacific West ,CA,2016,"1,588,582"
Death Valley NP,DEVA,National Park,Pacific West ,CA,2017,"1,573,494"
Death Valley NP,DEVA,National Park,Pacific West ,CA,2018,"1,959,102"
Death Valley NP,DEVA,National Park,Pacific West ,CA,2019,"2,016,499"
Death Valley NP,DEVA,National Park,Pacific West ,CA,2020,"1,011,901"
Death Valley NP,DEVA,National Park,Pacific West ,CA,2021,"1,393,018"
Death Valley NP,DEVA,National Park,Pacific West ,CA,2022,"1,380,112"
Death Valley NP,DEVA,National Park,Pacific West ,CA,2023,"1,321,698"
Death Valley NP,DEVA,National Park,Pacific West ,CA,2024,"1,707,422"
Denali NP & PRES,DENA,National Park,Alaska,AK,1922,7
Denali NP & PRES,DENA,National Park,Alaska,AK,1923,34
Denali NP & PRES,DENA,National Park,Alaska,AK,1924,62
Denali NP & PRES,DENA,National Park,Alaska,AK,1925,206
Denali NP & PRES,DENA,National Park,Alaska,AK,1926,533
Denali NP & PRES,DENA,National Park,Alaska,AK,1927,651
Denali NP & PRES,DENA,National Park,Alaska,AK,1928,802
Denali NP & PRES,DENA,National Park,Alaska,AK,1929,"1,038"
Denali NP & PRES,DENA,National Park,Alaska,AK,1930,951
Denali NP & PRES,DENA,National Park,Alaska,AK,1931,771
Denali NP & PRES,DENA,National Park,Alaska,AK,1932,357
Denali NP & PRES,DENA,National Park,Alaska,AK,1933,386
Denali NP & PRES,DENA,National Park,Alaska,AK,1934,628
Denali NP & PRES,DENA,National Park,Alaska,AK,1935,877
Denali NP & PRES,DENA,National Park,Alaska,AK,1936,"1,073"
Denali NP & PRES,DENA,National Park,Alaska,AK,1937,"1,378"
Denali NP & PRES,DENA,National Park,Alaska,AK,1938,"1,487"
Denali NP & PRES,DENA,National Park,Alaska,AK,1939,"2,262"
Denali NP & PRES,DENA,National Park,Alaska,AK,1940,"1,201"
Denali NP & PRES,DENA,National Park,Alaska,AK,1941,"1,688"
Denali NP & PRES,DENA,National Park,Alaska,AK,1942,5
Denali NP & PRES,DENA,National Park,Alaska,AK,1943,12
Denali NP & PRES,DENA,National Park,Alaska,AK,1944,0
Denali NP & PRES,DENA,National Park,Alaska,AK,1945,19
Denali NP & PRES,DENA,National Park,Alaska,AK,1946,"1,134"
Denali NP & PRES,DENA,National Park,Alaska,AK,1947,"3,466"
Denali NP & PRES,DENA,National Park,Alaska,AK,1948,"4,512"
Denali NP & PRES,DENA,National Park,Alaska,AK,1949,"4,831"
Denali NP & PRES,DENA,National Park,Alaska,AK,1950,"6,672"
Denali NP & PRES,DENA,National Park,Alaska,AK,1951,"7,807"
Denali NP & PRES,DENA,National Park,Alaska,AK,1952,"7,310"
Denali NP & PRES,DENA,National Park,Alaska,AK,1953,"6,839"
Denali NP & PRES,DENA,National Park,Alaska,AK,1954,"5,000"
Denali NP & PRES,DENA,National Park,Alaska,AK,1955,"3,400"
Denali NP & PRES,DENA,National Park,Alaska,AK,1956,"5,200"
Denali NP & PRES,DENA,National Park,Alaska,AK,1957,"10,700"
Denali NP & PRES,DENA,National Park,Alaska,AK,1958,"25,900"
Denali NP & PRES,DENA,National Park,Alaska,AK,1959,"25,800"
Denali NP & PRES,DENA,National Park,Alaska,AK,1960,"22,500"
Denali NP & PRES,DENA,National Park,Alaska,AK,1961,"18,300"
Denali NP & PRES,DENA,National Park,Alaska,AK,1962,"16,600"
Denali NP & PRES,DENA,National Park,Alaska,AK,1963,"18,400"
Denali NP & PRES,DENA,National Park,Alaska,AK,1964,"19,200"
Denali NP & PRES,DENA,National Park,Alaska,AK,1965,"21,400"
Denali NP & PRES,DENA,National Park,Alaska,AK,1966,"31,300"
Denali NP & PRES,DENA,National Park,Alaska,AK,1967,"39,800"
Denali NP & PRES,DENA,National Park,Alaska,AK,1968,"33,300"
Denali NP & PRES,DENA,National Park,Alaska,AK,1969,"45,400"
Denali NP & PRES,DENA,National Park,Alaska,AK,1970,"46,000"
Denali NP & PRES,DENA,National Park,Alaska,AK,1971,"44,500"
Denali NP & PRES,DENA,National Park,Alaska,AK,1972,"88,625"
Denali NP & PRES,DENA,National Park,Alaska,AK,1973,"137,300"
Denali NP & PRES,DENA,National Park,Alaska,AK,1974,"161,400"
Denali NP & PRES,DENA,National Park,Alaska,AK,1975,"160,600"
Denali NP & PRES,DENA,National Park,Alaska,AK,1976,"157,600"
Denali NP & PRES,DENA,National Park,Alaska,AK,1977,"183,200"
Denali NP & PRES,DENA,National Park,Alaska,AK,1978,"223,000"
Denali NP & PRES,DENA,National Park,Alaska,AK,1979,"684,431"
Denali NP & PRES,DENA,National Park,Alaska,AK,1980,"644,208"
Denali NP & PRES,DENA,National Park,Alaska,AK,1981,"647,166"
Denali NP & PRES,DENA,National Park,Alaska,AK,1982,"690,368"
Denali NP & PRES,DENA,National Park,Alaska,AK,1983,"703,212"
Denali NP & PRES,DENA,National Park,Alaska,AK,1984,"757,808"
Denali NP & PRES,DENA,National Park,Alaska,AK,1985,"1,072,128"
Denali NP & PRES,DENA,National Park,Alaska,AK,1986,"1,239,498"
Denali NP & PRES,DENA,National Park,Alaska,AK,1987,"2,233,881"
Denali NP & PRES,DENA,National Park,Alaska,AK,1988,"1,674,131"
Denali NP & PRES,DENA,National Park,Alaska,AK,1989,"1,709,920"
Denali NP & PRES,DENA,National Park,Alaska,AK,1990,"1,710,276"
Denali NP & PRES,DENA,National Park,Alaska,AK,1991,"1,516,471"
Denali NP & PRES,DENA,National Park,Alaska,AK,1992,"1,478,379"
Denali NP & PRES,DENA,National Park,Alaska,AK,1993,"1,520,109"
Denali NP & PRES,DENA,National Park,Alaska,AK,1994,"1,613,270"
Denali NP & PRES,DENA,National Park,Alaska,AK,1995,"1,441,692"
Denali NP & PRES,DENA,National Park,Alaska,AK,1996,"1,274,173"
Denali NP & PRES,DENA,National Park,Alaska,AK,1997,"1,272,588"
Denali NP & PRES,DENA,National Park,Alaska,AK,1998,"1,256,475"
Denali NP & PRES,DENA,National Park,Alaska,AK,1999,"1,254,652"
Denali NP & PRES,DENA,National Park,Alaska,AK,2000,"1,303,878"
Denali NP & PRES,DENA,National Park,Alaska,AK,2001,"1,250,689"
Denali NP & PRES,DENA,National Park,Alaska,AK,2002,"1,222,642"
Denali NP & PRES,DENA,National Park,Alaska,AK,2003,"1,285,624"
Denali NP & PRES,DENA,National Park,Alaska,AK,2004,"1,304,297"
Denali NP & PRES,DENA,National Park,Alaska,AK,2005,"1,294,170"
Denali NP & PRES,DENA,National Park,Alaska,AK,2006,"1,280,488"
Denali NP & PRES,DENA,National Park,Alaska,AK,2007,"1,277,810"
Denali NP & PRES,DENA,National Park,Alaska,AK,2008,"1,281,159"
Denali NP & PRES,DENA,National Park,Alaska,AK,2009,"1,274,591"
Denali NP & PRES,DENA,National Park,Alaska,AK,2010,"1,357,073"
Denali NP & PRES,DENA,National Park,Alaska,AK,2011,"1,382,027"
Denali NP & PRES,DENA,National Park,Alaska,AK,2012,"1,383,985"
Denali NP & PRES,DENA,National Park,Alaska,AK,2013,"1,479,268"
Denali NP & PRES,DENA,National Park,Alaska,AK,2014,"1,480,172"
Denali NP & PRES,DENA,National Park,Alaska,AK,2015,"1,508,513"
Denali NP & PRES,DENA,National Park,Alaska,AK,2016,"1,513,993"
Denali NP & PRES,DENA,National Park,Alaska,AK,2017,"1,496,230"
Denali NP & PRES,DENA,National Park,Alaska,AK,2018,"1,430,027"
Denali NP & PRES,DENA,National Park,Alaska,AK,2019,"1,441,571"
Denali NP & PRES,DENA,National Park,Alaska,AK,2020,"629,032"
Denali NP & PRES,DENA,National Park,Alaska,AK,2021,"1,404,740"
Denali NP & PRES,DENA,National Park,Alaska,AK,2022,"1,384,317"
Denali NP & PRES,DENA,National Park,Alaska,AK,2023,"1,395,584"
Denali NP & PRES,DENA,National Park,Alaska,AK,2024,"1,400,105"
Dry Tortugas NP,DRTO,National Park,Southeast ,FL,1937,706
Dry Tortugas NP,DRTO,National Park,Southeast ,FL,1938,"1,130"
Dry Tortugas NP,DRTO,National Park,Southeast ,FL,1939,"1,500"
Dry Tortugas NP,DRTO,National Park,Southeast ,FL,1940,"1,141"
Dry Tortugas NP,DRTO,National Park,Southeast ,FL,1941,757
Dry Tortugas NP,DRTO,National Park,Southeast ,FL,1942,0
Dry Tortugas NP,DRTO,National Park,Southeast ,FL,1943,0
Dry Tortugas NP,DRTO,National Park,Southeast ,FL,1944,0
Dry Tortugas NP,DRTO,National Park,Southeast ,FL,1945,"2,154"
Dry Tortugas NP,DRTO,National Park,Southeast ,FL,1946,"8,787"
Dry Tortugas NP,DRTO,National Park,Southeast ,FL,1947,"6,685"
Dry Tortugas NP,DRTO,National Park,Southeast ,FL,1948,"5,968"
Dry Tortugas NP,DRTO,National Park,Southeast ,FL,1949,"7,355"
Dry Tortugas NP,DRTO,National Park,Southeast ,FL,1950,"7,025"
Dry Tortugas NP,DRTO,National Park,Southeast ,FL,1951,"5,405"
Dry Tortugas NP,DRTO,National Park,Southeast ,FL,1952,"4,376"
Dry Tortugas NP,DRTO,National Park,Southeast ,FL,1953,"6,708"
Dry Tortugas NP,DRTO,National Park,Southeast ,FL,1954,"6,200"
Dry Tortugas NP,DRTO,National Park,Southeast ,FL,1955,"4,300"
Dry Tortugas NP,DRTO,National Park,Southeast ,FL,1956,"5,000"
Dry Tortugas NP,DRTO,National Park,Southeast ,FL,1957,"3,600"
Dry Tortugas NP,DRTO,National Park,Southeast ,FL,1958,"4,200"
Dry Tortugas NP,DRTO,National Park,Southeast ,FL,1959,"4,400"
Dry Tortugas NP,DRTO,National Park,Southeast ,FL,1960,"8,900"
Dry Tortugas NP,DRTO,National Park,Southeast ,FL,1961,"14,400"
Dry Tortugas NP,DRTO,National Park,Southeast ,FL,1962,"7,700"
Dry Tortugas NP,DRTO,National Park,Southeast ,FL,1963,"26,200"
Dry Tortugas NP,DRTO,National Park,Southeast ,FL,1964,"43,200"
Dry Tortugas NP,DRTO,National Park,Southeast ,FL,1965,"32,200"
Dry Tortugas NP,DRTO,National Park,Southeast ,FL,1966,"35,300"
Dry Tortugas NP,DRTO,National Park,Southeast ,FL,1967,"22,100"
Dry Tortugas NP,DRTO,National Park,Southeast ,FL,1968,"9,000"
Dry Tortugas NP,DRTO,National Park,Southeast ,FL,1969,"6,900"
Dry Tortugas NP,DRTO,National Park,Southeast ,FL,1970,"12,900"
Dry Tortugas NP,DRTO,National Park,Southeast ,FL,1971,"4,000"
Dry Tortugas NP,DRTO,National Park,Southeast ,FL,1972,"5,066"
Dry Tortugas NP,DRTO,National Park,Southeast ,FL,1973,"6,100"
Dry Tortugas NP,DRTO,National Park,Southeast ,FL,1974,"5,100"
Dry Tortugas NP,DRTO,National Park,Southeast ,FL,1975,"9,700"
Dry Tortugas NP,DRTO,National Park,Southeast ,FL,1976,"8,900"
Dry Tortugas NP,DRTO,National Park,Southeast ,FL,1977,"11,600"
Dry Tortugas NP,DRTO,National Park,Southeast ,FL,1978,"10,361"
Dry Tortugas NP,DRTO,National Park,Southeast ,FL,1979,"43,872"
Dry Tortugas NP,DRTO,National Park,Southeast ,FL,1980,"40,218"
Dry Tortugas NP,DRTO,National Park,Southeast ,FL,1981,"44,993"
Dry Tortugas NP,DRTO,National Park,Southeast ,FL,1982,"45,553"
Dry Tortugas NP,DRTO,National Park,Southeast ,FL,1983,"40,536"
Dry Tortugas NP,DRTO,National Park,Southeast ,FL,1984,"41,531"
Dry Tortugas NP,DRTO,National Park,Southeast ,FL,1985,"44,654"
Dry Tortugas NP,DRTO,National Park,Southeast ,FL,1986,"52,687"
Dry Tortugas NP,DRTO,National Park,Southeast ,FL,1987,"54,483"
Dry Tortugas NP,DRTO,National Park,Southeast ,FL,1988,"60,578"
Dry Tortugas NP,DRTO,National Park,Southeast ,FL,1989,"62,982"
Dry Tortugas NP,DRTO,National Park,Southeast ,FL,1990,"68,133"
Dry Tortugas NP,DRTO,National Park,Southeast ,FL,1991,"73,187"
Dry Tortugas NP,DRTO,National Park,Southeast ,FL,1992,"87,690"
Dry Tortugas NP,DRTO,National Park,Southeast ,FL,1993,"85,365"
Dry Tortugas NP,DRTO,National Park,Southeast ,FL,1994,"64,897"
Dry Tortugas NP,DRTO,National Park,Southeast ,FL,1995,"120,603"
Dry Tortugas NP,DRTO,National Park,Southeast ,FL,1996,"134,237"
Dry Tortugas NP,DRTO,National Park,Southeast ,FL,1997,"155,773"
Dry Tortugas NP,DRTO,National Park,Southeast ,FL,1998,"135,582"
Dry Tortugas NP,DRTO,National Park,Southeast ,FL,1999,"122,349"
Dry Tortugas NP,DRTO,National Park,Southeast ,FL,2000,"136,193"
Dry Tortugas NP,DRTO,National Park,Southeast ,FL,2001,"126,582"
Dry Tortugas NP,DRTO,National Park,Southeast ,FL,2002,"113,660"
Dry Tortugas NP,DRTO,National Park,Southeast ,FL,2003,"97,779"
Dry Tortugas NP,DRTO,National Park,Southeast ,FL,2004,"94,435"
Dry Tortugas NP,DRTO,National Park,Southeast ,FL,2005,"82,485"
Dry Tortugas NP,DRTO,National Park,Southeast ,FL,2006,"88,986"
Dry Tortugas NP,DRTO,National Park,Southeast ,FL,2007,"75,817"
Dry Tortugas NP,DRTO,National Park,Southeast ,FL,2008,"84,151"
Dry Tortugas NP,DRTO,National Park,Southeast ,FL,2009,"65,887"
Dry Tortugas NP,DRTO,National Park,Southeast ,FL,2010,"68,438"
Dry Tortugas NP,DRTO,National Park,Southeast ,FL,2011,"116,421"
Dry Tortugas NP,DRTO,National Park,Southeast ,FL,2012,"86,237"
Dry Tortugas NP,DRTO,National Park,Southeast ,FL,2013,"76,565"
Dry Tortugas NP,DRTO,National Park,Southeast ,FL,2014,"87,384"
Dry Tortugas NP,DRTO,National Park,Southeast ,FL,2015,"106,136"
Dry Tortugas NP,DRTO,National Park,Southeast ,FL,2016,"109,437"
Dry Tortugas NP,DRTO,National Park,Southeast ,FL,2017,"68,099"
Dry Tortugas NP,DRTO,National Park,Southeast ,FL,2018,"77,788"
Dry Tortugas NP,DRTO,National Park,Southeast ,FL,2019,"100,013"
Dry Tortugas NP,DRTO,National Park,Southeast ,FL,2020,"61,083"
Dry Tortugas NP,DRTO,National Park,Southeast ,FL,2021,"100,101"
Dry Tortugas NP,DRTO,National Park,Southeast ,FL,2022,"95,665"
Dry Tortugas NP,DRTO,National Park,Southeast ,FL,2023,"101,347"
Dry Tortugas NP,DRTO,National Park,Southeast ,FL,2024,"100,822"
Everglades NP,EVER,National Park,Southeast ,FL,1948,"7,482"
Everglades NP,EVER,National Park,Southeast ,FL,1949,"94,927"
Everglades NP,EVER,National Park,Southeast ,FL,1950,"123,405"
Everglades NP,EVER,National Park,Southeast ,FL,1951,"142,971"
Everglades NP,EVER,National Park,Southeast ,FL,1952,"168,621"
Everglades NP,EVER,National Park,Southeast ,FL,1953,"206,773"
Everglades NP,EVER,National Park,Southeast ,FL,1954,"218,000"
Everglades NP,EVER,National Park,Southeast ,FL,1955,"247,100"
Everglades NP,EVER,National Park,Southeast ,FL,1956,"267,000"
Everglades NP,EVER,National Park,Southeast ,FL,1957,"344,700"
Everglades NP,EVER,National Park,Southeast ,FL,1958,"443,300"
Everglades NP,EVER,National Park,Southeast ,FL,1959,"500,200"
Everglades NP,EVER,National Park,Southeast ,FL,1960,"579,200"
Everglades NP,EVER,National Park,Southeast ,FL,1961,"566,800"
Everglades NP,EVER,National Park,Southeast ,FL,1962,"626,100"
Everglades NP,EVER,National Park,Southeast ,FL,1963,"669,200"
Everglades NP,EVER,National Park,Southeast ,FL,1964,"792,600"
Everglades NP,EVER,National Park,Southeast ,FL,1965,"977,600"
Everglades NP,EVER,National Park,Southeast ,FL,1966,"1,017,100"
Everglades NP,EVER,National Park,Southeast ,FL,1967,"1,098,300"
Everglades NP,EVER,National Park,Southeast ,FL,1968,"1,251,500"
Everglades NP,EVER,National Park,Southeast ,FL,1969,"1,187,200"
Everglades NP,EVER,National Park,Southeast ,FL,1970,"1,273,500"
Everglades NP,EVER,National Park,Southeast ,FL,1971,"1,100,500"
Everglades NP,EVER,National Park,Southeast ,FL,1972,"1,534,328"
Everglades NP,EVER,National Park,Southeast ,FL,1973,"1,044,000"
Everglades NP,EVER,National Park,Southeast ,FL,1974,"781,200"
Everglades NP,EVER,National Park,Southeast ,FL,1975,"782,400"
Everglades NP,EVER,National Park,Southeast ,FL,1976,"955,700"
Everglades NP,EVER,National Park,Southeast ,FL,1977,"948,000"
Everglades NP,EVER,National Park,Southeast ,FL,1978,"923,714"
Everglades NP,EVER,National Park,Southeast ,FL,1979,"1,004,481"
Everglades NP,EVER,National Park,Southeast ,FL,1980,"957,666"
Everglades NP,EVER,National Park,Southeast ,FL,1981,"775,171"
Everglades NP,EVER,National Park,Southeast ,FL,1982,"754,302"
Everglades NP,EVER,National Park,Southeast ,FL,1983,"699,059"
Everglades NP,EVER,National Park,Southeast ,FL,1984,"757,976"
Everglades NP,EVER,National Park,Southeast ,FL,1985,"826,071"
Everglades NP,EVER,National Park,Southeast ,FL,1986,"895,350"
Everglades NP,EVER,National Park,Southeast ,FL,1987,"947,860"
Everglades NP,EVER,National Park,Southeast ,FL,1988,"1,203,379"
Everglades NP,EVER,National Park,Southeast ,FL,1989,"1,100,485"
Everglades NP,EVER,National Park,Southeast ,FL,1990,"1,129,826"
Everglades NP,EVER,National Park,Southeast ,FL,1991,"1,460,489"
Everglades NP,EVER,National Park,Southeast ,FL,1992,"1,142,881"
Everglades NP,EVER,National Park,Southeast ,FL,1993,"1,144,046"
Everglades NP,EVER,National Park,Southeast ,FL,1994,"1,057,414"
Everglades NP,EVER,National Park,Southeast ,FL,1995,"983,331"
Everglades NP,EVER,National Park,Southeast ,FL,1996,"1,088,666"
Everglades NP,EVER,National Park,Southeast ,FL,1997,"1,134,971"
Everglades NP,EVER,National Park,Southeast ,FL,1998,"1,273,344"
Everglades NP,EVER,National Park,Southeast ,FL,1999,"1,240,807"
Everglades NP,EVER,National Park,Southeast ,FL,2000,"1,166,404"
Everglades NP,EVER,National Park,Southeast ,FL,2001,"1,216,195"
Everglades NP,EVER,National Park,Southeast ,FL,2002,"1,148,759"
Everglades NP,EVER,National Park,Southeast ,FL,2003,"1,208,044"
Everglades NP,EVER,National Park,Southeast ,FL,2004,"1,339,412"
Everglades NP,EVER,National Park,Southeast ,FL,2005,"1,364,613"
Everglades NP,EVER,National Park,Southeast ,FL,2006,"1,030,190"
Everglades NP,EVER,National Park,Southeast ,FL,2007,"1,160,950"
Everglades NP,EVER,National Park,Southeast ,FL,2008,"879,831"
Everglades NP,EVER,National Park,Southeast ,FL,2009,"937,409"
Everglades NP,EVER,National Park,Southeast ,FL,2010,"953,166"
Everglades NP,EVER,National Park,Southeast ,FL,2011,"967,906"
Everglades NP,EVER,National Park,Southeast ,FL,2012,"1,174,445"
Everglades NP,EVER,National Park,Southeast ,FL,2013,"1,074,943"
Everglades NP,EVER,National Park,Southeast ,FL,2014,"1,140,758"
Everglades NP,EVER,National Park,Southeast ,FL,2015,"1,116,083"
Everglades NP,EVER,National Park,Southeast ,FL,2016,"964,202"
Everglades NP,EVER,National Park,Southeast ,FL,2017,"1,060,072"
Everglades NP,EVER,National Park,Southeast ,FL,2018,"615,973"
Everglades NP,EVER,National Park,Southeast ,FL,2019,"1,164,856"
Everglades NP,EVER,National Park,Southeast ,FL,2020,"772,312"
Everglades NP,EVER,National Park,Southeast ,FL,2021,"1,013,571"
Everglades NP,EVER,National Park,Southeast ,FL,2022,"1,238,132"
Everglades NP,EVER,National Park,Southeast ,FL,2023,"895,844"
Everglades NP,EVER,National Park,Southeast ,FL,2024,"794,681"
Gates of the Arctic NP & PRES,GAAR,National Park,Alaska,AK,1982,"15,833"
Gates of the Arctic NP & PRES,GAAR,National Park,Alaska,AK,1983,"13,905"
Gates of the Arctic NP & PRES,GAAR,National Park,Alaska,AK,1984,"22,686"
Gates of the Arctic NP & PRES,GAAR,National Park,Alaska,AK,1985,"10,615"
Gates of the Arctic NP & PRES,GAAR,National Park,Alaska,AK,1986,"7,842"
Gates of the Arctic NP & PRES,GAAR,National Park,Alaska,AK,1987,"5,588"
Gates of the Arctic NP & PRES,GAAR,National Park,Alaska,AK,1988,"7,151"
Gates of the Arctic NP & PRES,GAAR,National Park,Alaska,AK,1989,"6,345"
Gates of the Arctic NP & PRES,GAAR,National Park,Alaska,AK,1990,"7,976"
Gates of the Arctic NP & PRES,GAAR,National Park,Alaska,AK,1991,"9,193"
Gates of the Arctic NP & PRES,GAAR,National Park,Alaska,AK,1992,"10,182"
Gates of the Arctic NP & PRES,GAAR,National Park,Alaska,AK,1993,"9,360"
Gates of the Arctic NP & PRES,GAAR,National Park,Alaska,AK,1994,"8,157"
Gates of the Arctic NP & PRES,GAAR,National Park,Alaska,AK,1995,"17,173"
Gates of the Arctic NP & PRES,GAAR,National Park,Alaska,AK,1996,"10,822"
Gates of the Arctic NP & PRES,GAAR,National Park,Alaska,AK,1997,"12,763"
Gates of the Arctic NP & PRES,GAAR,National Park,Alaska,AK,1998,"23,377"
Gates of the Arctic NP & PRES,GAAR,National Park,Alaska,AK,1999,"15,720"
Gates of the Arctic NP & PRES,GAAR,National Park,Alaska,AK,2000,"13,090"
Gates of the Arctic NP & PRES,GAAR,National Park,Alaska,AK,2001,"6,656"
Gates of the Arctic NP & PRES,GAAR,National Park,Alaska,AK,2002,"10,046"
Gates of the Arctic NP & PRES,GAAR,National Park,Alaska,AK,2003,"10,048"
Gates of the Arctic NP & PRES,GAAR,National Park,Alaska,AK,2004,"16,182"
Gates of the Arctic NP & PRES,GAAR,National Park,Alaska,AK,2005,"13,853"
Gates of the Arctic NP & PRES,GAAR,National Park,Alaska,AK,2006,"16,490"
Gates of the Arctic NP & PRES,GAAR,National Park,Alaska,AK,2007,"16,407"
Gates of the Arctic NP & PRES,GAAR,National Park,Alaska,AK,2008,"17,671"
Gates of the Arctic NP & PRES,GAAR,National Park,Alaska,AK,2009,"14,613"
Gates of the Arctic NP & PRES,GAAR,National Park,Alaska,AK,2010,"18,015"
Gates of the Arctic NP & PRES,GAAR,National Park,Alaska,AK,2011,"18,199"
Gates of the Arctic NP & PRES,GAAR,National Park,Alaska,AK,2012,"16,607"
Gates of the Arctic NP & PRES,GAAR,National Park,Alaska,AK,2013,"18,917"
Gates of the Arctic NP & PRES,GAAR,National Park,Alaska,AK,2014,"18,835"
Gates of the Arctic NP & PRES,GAAR,National Park,Alaska,AK,2015,"20,218"
Gates of the Arctic NP & PRES,GAAR,National Park,Alaska,AK,2016,"18,018"
Gates of the Arctic NP & PRES,GAAR,National Park,Alaska,AK,2017,"17,532"
Gates of the Arctic NP & PRES,GAAR,National Park,Alaska,AK,2018,"17,152"
Gates of the Arctic NP & PRES,GAAR,National Park,Alaska,AK,2019,"14,576"
Gates of the Arctic NP & PRES,GAAR,National Park,Alaska,AK,2020,"3,958"
Gates of the Arctic NP & PRES,GAAR,National Park,Alaska,AK,2021,"8,994"
Gates of the Arctic NP & PRES,GAAR,National Park,Alaska,AK,2022,"13,474"
Gates of the Arctic NP & PRES,GAAR,National Park,Alaska,AK,2023,"15,045"
Gates of the Arctic NP & PRES,GAAR,National Park,Alaska,AK,2024,"15,484"
Gateway Arch NP,JEFF,National Park,Midwest ,MO,1941,0
Gateway Arch NP,JEFF,National Park,Midwest ,MO,1942,"12,154"
Gateway Arch NP,JEFF,National Park,Midwest ,MO,1943,"34,149"
Gateway Arch NP,JEFF,National Park,Midwest ,MO,1944,"31,025"
Gateway Arch NP,JEFF,National Park,Midwest ,MO,1945,"35,899"
Gateway Arch NP,JEFF,National Park,Midwest ,MO,1946,"29,109"
Gateway Arch NP,JEFF,National Park,Midwest ,MO,1947,"24,485"
Gateway Arch NP,JEFF,National Park,Midwest ,MO,1948,"28,903"
Gateway Arch NP,JEFF,National Park,Midwest ,MO,1949,"24,923"
Gateway Arch NP,JEFF,National Park,Midwest ,MO,1950,"27,051"
Gateway Arch NP,JEFF,National Park,Midwest ,MO,1951,"22,719"
Gateway Arch NP,JEFF,National Park,Midwest ,MO,1952,"21,674"
Gateway Arch NP,JEFF,National Park,Midwest ,MO,1953,"26,124"
Gateway Arch NP,JEFF,National Park,Midwest ,MO,1954,"23,700"
Gateway Arch NP,JEFF,National Park,Midwest ,MO,1955,"28,500"
Gateway Arch NP,JEFF,National Park,Midwest ,MO,1956,"36,300"
Gateway Arch NP,JEFF,National Park,Midwest ,MO,1957,"30,000"
Gateway Arch NP,JEFF,National Park,Midwest ,MO,1958,"31,900"
Gateway Arch NP,JEFF,National Park,Midwest ,MO,1959,"29,800"
Gateway Arch NP,JEFF,National Park,Midwest ,MO,1960,"48,500"
Gateway Arch NP,JEFF,National Park,Midwest ,MO,1961,"63,600"
Gateway Arch NP,JEFF,National Park,Midwest ,MO,1962,"94,100"
Gateway Arch NP,JEFF,National Park,Midwest ,MO,1963,"250,000"
Gateway Arch NP,JEFF,National Park,Midwest ,MO,1964,"282,700"
Gateway Arch NP,JEFF,National Park,Midwest ,MO,1965,"3,013,800"
Gateway Arch NP,JEFF,National Park,Midwest ,MO,1966,"4,616,000"
Gateway Arch NP,JEFF,National Park,Midwest ,MO,1967,"2,134,900"
Gateway Arch NP,JEFF,National Park,Midwest ,MO,1968,"2,019,800"
Gateway Arch NP,JEFF,National Park,Midwest ,MO,1969,"1,993,800"
Gateway Arch NP,JEFF,National Park,Midwest ,MO,1970,"1,388,600"
Gateway Arch NP,JEFF,National Park,Midwest ,MO,1971,"1,412,400"
Gateway Arch NP,JEFF,National Park,Midwest ,MO,1972,"2,495,951"
Gateway Arch NP,JEFF,National Park,Midwest ,MO,1973,"3,056,600"
Gateway Arch NP,JEFF,National Park,Midwest ,MO,1974,"2,197,200"
Gateway Arch NP,JEFF,National Park,Midwest ,MO,1975,"2,191,000"
Gateway Arch NP,JEFF,National Park,Midwest ,MO,1976,"3,337,700"
Gateway Arch NP,JEFF,National Park,Midwest ,MO,1977,"3,490,600"
Gateway Arch NP,JEFF,National Park,Midwest ,MO,1978,"2,654,768"
Gateway Arch NP,JEFF,National Park,Midwest ,MO,1979,"1,898,480"
Gateway Arch NP,JEFF,National Park,Midwest ,MO,1980,"1,970,131"
Gateway Arch NP,JEFF,National Park,Midwest ,MO,1981,"2,325,272"
Gateway Arch NP,JEFF,National Park,Midwest ,MO,1982,"2,990,384"
Gateway Arch NP,JEFF,National Park,Midwest ,MO,1983,"2,963,768"
Gateway Arch NP,JEFF,National Park,Midwest ,MO,1984,"1,711,193"
Gateway Arch NP,JEFF,National Park,Midwest ,MO,1985,"2,141,516"
Gateway Arch NP,JEFF,National Park,Midwest ,MO,1986,"2,324,967"
Gateway Arch NP,JEFF,National Park,Midwest ,MO,1987,"2,511,644"
Gateway Arch NP,JEFF,National Park,Midwest ,MO,1988,"2,633,513"
Gateway Arch NP,JEFF,National Park,Midwest ,MO,1989,"2,673,562"
Gateway Arch NP,JEFF,National Park,Midwest ,MO,1990,"2,539,592"
Gateway Arch NP,JEFF,National Park,Midwest ,MO,1991,"2,806,475"
Gateway Arch NP,JEFF,National Park,Midwest ,MO,1992,"2,580,928"
Gateway Arch NP,JEFF,National Park,Midwest ,MO,1993,"2,726,615"
Gateway Arch NP,JEFF,National Park,Midwest ,MO,1994,"2,689,944"
Gateway Arch NP,JEFF,National Park,Midwest ,MO,1995,"3,550,646"
Gateway Arch NP,JEFF,National Park,Midwest ,MO,1996,"4,108,059"
Gateway Arch NP,JEFF,National Park,Midwest ,MO,1997,"3,947,104"
Gateway Arch NP,JEFF,National Park,Midwest ,MO,1998,"3,915,166"
Gateway Arch NP,JEFF,National Park,Midwest ,MO,1999,"4,022,095"
Gateway Arch NP,JEFF,National Park,Midwest ,MO,2000,"4,004,642"
Gateway Arch NP,JEFF,National Park,Midwest ,MO,2001,"3,978,392"
Gateway Arch NP,JEFF,National Park,Midwest ,MO,2002,"3,705,449"
Gateway Arch NP,JEFF,National Park,Midwest ,MO,2003,"2,983,776"
Gateway Arch NP,JEFF,National Park,Midwest ,MO,2004,"3,103,755"
Gateway Arch NP,JEFF,National Park,Midwest ,MO,2005,"3,228,077"
Gateway Arch NP,JEFF,National Park,Midwest ,MO,2006,"2,830,404"
Gateway Arch NP,JEFF,National Park,Midwest ,MO,2007,"2,693,559"
Gateway Arch NP,JEFF,National Park,Midwest ,MO,2008,"2,245,851"
Gateway Arch NP,JEFF,National Park,Midwest ,MO,2009,"2,630,522"
Gateway Arch NP,JEFF,National Park,Midwest ,MO,2010,"2,718,547"
Gateway Arch NP,JEFF,National Park,Midwest ,MO,2011,"2,500,079"
Gateway Arch NP,JEFF,National Park,Midwest ,MO,2012,"2,741,966"
Gateway Arch NP,JEFF,National Park,Midwest ,MO,2013,"2,638,993"
Gateway Arch NP,JEFF,National Park,Midwest ,MO,2014,"1,990,818"
Gateway Arch NP,JEFF,National Park,Midwest ,MO,2015,"1,698,656"
Gateway Arch NP,JEFF,National Park,Midwest ,MO,2016,"1,271,855"
Gateway Arch NP,JEFF,National Park,Midwest ,MO,2017,"1,398,188"
Gateway Arch NP,JEFF,National Park,Midwest ,MO,2018,"2,016,180"
Gateway Arch NP,JEFF,National Park,Midwest ,MO,2019,"2,055,309"
Gateway Arch NP,JEFF,National Park,Midwest ,MO,2020,"486,021"
Gateway Arch NP,JEFF,National Park,Midwest ,MO,2021,"1,145,081"
Gateway Arch NP,JEFF,National Park,Midwest ,MO,2022,"1,618,774"
Gateway Arch NP,JEFF,National Park,Midwest ,MO,2023,"2,422,836"
Gateway Arch NP,JEFF,National Park,Midwest ,MO,2024,"2,563,052"
Glacier Bay NP & PRES,GLBA,National Park,Alaska,AK,1956,"2,200"
Glacier Bay NP & PRES,GLBA,National Park,Alaska,AK,1957,"3,600"
Glacier Bay NP & PRES,GLBA,National Park,Alaska,AK,1958,"5,100"
Glacier Bay NP & PRES,GLBA,National Park,Alaska,AK,1959,"1,300"
Glacier Bay NP & PRES,GLBA,National Park,Alaska,AK,1960,900
Glacier Bay NP & PRES,GLBA,National Park,Alaska,AK,1961,"1,300"
Glacier Bay NP & PRES,GLBA,National Park,Alaska,AK,1962,"1,100"
Glacier Bay NP & PRES,GLBA,National Park,Alaska,AK,1963,800
Glacier Bay NP & PRES,GLBA,National Park,Alaska,AK,1964,"1,000"
Glacier Bay NP & PRES,GLBA,National Park,Alaska,AK,1965,"1,800"
Glacier Bay NP & PRES,GLBA,National Park,Alaska,AK,1966,"4,900"
Glacier Bay NP & PRES,GLBA,National Park,Alaska,AK,1967,"8,300"
Glacier Bay NP & PRES,GLBA,National Park,Alaska,AK,1968,"13,500"
Glacier Bay NP & PRES,GLBA,National Park,Alaska,AK,1969,"16,000"
Glacier Bay NP & PRES,GLBA,National Park,Alaska,AK,1970,"29,700"
Glacier Bay NP & PRES,GLBA,National Park,Alaska,AK,1971,"17,900"
Glacier Bay NP & PRES,GLBA,National Park,Alaska,AK,1972,"18,300"
Glacier Bay NP & PRES,GLBA,National Park,Alaska,AK,1973,"25,400"
Glacier Bay NP & PRES,GLBA,National Park,Alaska,AK,1974,"50,500"
Glacier Bay NP & PRES,GLBA,National Park,Alaska,AK,1975,"50,600"
Glacier Bay NP & PRES,GLBA,National Park,Alaska,AK,1976,"56,700"
Glacier Bay NP & PRES,GLBA,National Park,Alaska,AK,1977,"88,400"
Glacier Bay NP & PRES,GLBA,National Park,Alaska,AK,1978,"81,500"
Glacier Bay NP & PRES,GLBA,National Park,Alaska,AK,1979,"164,965"
Glacier Bay NP & PRES,GLBA,National Park,Alaska,AK,1980,"157,985"
Glacier Bay NP & PRES,GLBA,National Park,Alaska,AK,1981,"147,491"
Glacier Bay NP & PRES,GLBA,National Park,Alaska,AK,1982,"186,780"
Glacier Bay NP & PRES,GLBA,National Park,Alaska,AK,1983,"154,466"
Glacier Bay NP & PRES,GLBA,National Park,Alaska,AK,1984,"171,595"
Glacier Bay NP & PRES,GLBA,National Park,Alaska,AK,1985,"177,985"
Glacier Bay NP & PRES,GLBA,National Park,Alaska,AK,1986,"190,537"
Glacier Bay NP & PRES,GLBA,National Park,Alaska,AK,1987,"179,711"
Glacier Bay NP & PRES,GLBA,National Park,Alaska,AK,1988,"197,030"
Glacier Bay NP & PRES,GLBA,National Park,Alaska,AK,1989,"195,878"
Glacier Bay NP & PRES,GLBA,National Park,Alaska,AK,1990,"235,818"
Glacier Bay NP & PRES,GLBA,National Park,Alaska,AK,1991,"256,795"
Glacier Bay NP & PRES,GLBA,National Park,Alaska,AK,1992,"324,214"
Glacier Bay NP & PRES,GLBA,National Park,Alaska,AK,1993,"291,993"
Glacier Bay NP & PRES,GLBA,National Park,Alaska,AK,1994,"304,935"
Glacier Bay NP & PRES,GLBA,National Park,Alaska,AK,1995,"313,842"
Glacier Bay NP & PRES,GLBA,National Park,Alaska,AK,1996,"363,685"
Glacier Bay NP & PRES,GLBA,National Park,Alaska,AK,1997,"400,024"
Glacier Bay NP & PRES,GLBA,National Park,Alaska,AK,1998,"458,728"
Glacier Bay NP & PRES,GLBA,National Park,Alaska,AK,1999,"482,549"
Glacier Bay NP & PRES,GLBA,National Park,Alaska,AK,2000,"429,804"
Glacier Bay NP & PRES,GLBA,National Park,Alaska,AK,2001,"423,697"
Glacier Bay NP & PRES,GLBA,National Park,Alaska,AK,2002,"426,620"
Glacier Bay NP & PRES,GLBA,National Park,Alaska,AK,2003,"419,606"
Glacier Bay NP & PRES,GLBA,National Park,Alaska,AK,2004,"385,027"
Glacier Bay NP & PRES,GLBA,National Park,Alaska,AK,2005,"380,729"
Glacier Bay NP & PRES,GLBA,National Park,Alaska,AK,2006,"437,318"
Glacier Bay NP & PRES,GLBA,National Park,Alaska,AK,2007,"474,702"
Glacier Bay NP & PRES,GLBA,National Park,Alaska,AK,2008,"444,245"
Glacier Bay NP & PRES,GLBA,National Park,Alaska,AK,2009,"455,318"
Glacier Bay NP & PRES,GLBA,National Park,Alaska,AK,2010,"466,110"
Glacier Bay NP & PRES,GLBA,National Park,Alaska,AK,2011,"466,723"
Glacier Bay NP & PRES,GLBA,National Park,Alaska,AK,2012,"493,569"
Glacier Bay NP & PRES,GLBA,National Park,Alaska,AK,2013,"528,814"
Glacier Bay NP & PRES,GLBA,National Park,Alaska,AK,2014,"550,590"
Glacier Bay NP & PRES,GLBA,National Park,Alaska,AK,2015,"583,771"
Glacier Bay NP & PRES,GLBA,National Park,Alaska,AK,2016,"559,890"
Glacier Bay NP & PRES,GLBA,National Park,Alaska,AK,2017,"583,974"
Glacier Bay NP & PRES,GLBA,National Park,Alaska,AK,2018,"639,170"
Glacier Bay NP & PRES,GLBA,National Park,Alaska,AK,2019,"709,717"
Glacier Bay NP & PRES,GLBA,National Park,Alaska,AK,2020,"17,369"
Glacier Bay NP & PRES,GLBA,National Park,Alaska,AK,2021,"126,423"
Glacier Bay NP & PRES,GLBA,National Park,Alaska,AK,2022,"580,181"
Glacier Bay NP & PRES,GLBA,National Park,Alaska,AK,2023,"734,266"
Glacier Bay NP & PRES,GLBA,National Park,Alaska,AK,2024,"774,372"
Glacier NP,GLAC,National Park,Intermountain ,MT,1911,"4,000"
Glacier NP,GLAC,National Park,Intermountain ,MT,1912,"6,257"
Glacier NP,GLAC,National Park,Intermountain ,MT,1913,"12,138"
Glacier NP,GLAC,National Park,Intermountain ,MT,1914,"14,168"
Glacier NP,GLAC,National Park,Intermountain ,MT,1915,"14,265"
Glacier NP,GLAC,National Park,Intermountain ,MT,1916,"12,839"
Glacier NP,GLAC,National Park,Intermountain ,MT,1917,"18,387"
Glacier NP,GLAC,National Park,Intermountain ,MT,1918,"9,086"
Glacier NP,GLAC,National Park,Intermountain ,MT,1919,"18,956"
Glacier NP,GLAC,National Park,Intermountain ,MT,1920,"22,449"
Glacier NP,GLAC,National Park,Intermountain ,MT,1921,"19,736"
Glacier NP,GLAC,National Park,Intermountain ,MT,1922,"23,935"
Glacier NP,GLAC,National Park,Intermountain ,MT,1923,"33,988"
Glacier NP,GLAC,National Park,Intermountain ,MT,1924,"33,372"
Glacier NP,GLAC,National Park,Intermountain ,MT,1925,"40,063"
Glacier NP,GLAC,National Park,Intermountain ,MT,1926,"37,325"
Glacier NP,GLAC,National Park,Intermountain ,MT,1927,"41,745"
Glacier NP,GLAC,National Park,Intermountain ,MT,1928,"53,454"
Glacier NP,GLAC,National Park,Intermountain ,MT,1929,"70,742"
Glacier NP,GLAC,National Park,Intermountain ,MT,1930,"73,776"
Glacier NP,GLAC,National Park,Intermountain ,MT,1931,"63,497"
Glacier NP,GLAC,National Park,Intermountain ,MT,1932,"53,202"
Glacier NP,GLAC,National Park,Intermountain ,MT,1933,"76,715"
Glacier NP,GLAC,National Park,Intermountain ,MT,1934,"116,965"
Glacier NP,GLAC,National Park,Intermountain ,MT,1935,"143,240"
Glacier NP,GLAC,National Park,Intermountain ,MT,1936,"210,072"
Glacier NP,GLAC,National Park,Intermountain ,MT,1937,"194,522"
Glacier NP,GLAC,National Park,Intermountain ,MT,1938,"153,528"
Glacier NP,GLAC,National Park,Intermountain ,MT,1939,"170,073"
Glacier NP,GLAC,National Park,Intermountain ,MT,1940,"177,307"
Glacier NP,GLAC,National Park,Intermountain ,MT,1941,"178,449"
Glacier NP,GLAC,National Park,Intermountain ,MT,1942,"62,196"
Glacier NP,GLAC,National Park,Intermountain ,MT,1943,"23,908"
Glacier NP,GLAC,National Park,Intermountain ,MT,1944,"35,857"
Glacier NP,GLAC,National Park,Intermountain ,MT,1945,"67,942"
Glacier NP,GLAC,National Park,Intermountain ,MT,1946,"200,547"
Glacier NP,GLAC,National Park,Intermountain ,MT,1947,"327,300"
Glacier NP,GLAC,National Park,Intermountain ,MT,1948,"284,549"
Glacier NP,GLAC,National Park,Intermountain ,MT,1949,"482,208"
Glacier NP,GLAC,National Park,Intermountain ,MT,1950,"482,298"
Glacier NP,GLAC,National Park,Intermountain ,MT,1951,"496,142"
Glacier NP,GLAC,National Park,Intermountain ,MT,1952,"649,689"
Glacier NP,GLAC,National Park,Intermountain ,MT,1953,"633,480"
Glacier NP,GLAC,National Park,Intermountain ,MT,1954,"608,200"
Glacier NP,GLAC,National Park,Intermountain ,MT,1955,"674,100"
Glacier NP,GLAC,National Park,Intermountain ,MT,1956,"718,900"
Glacier NP,GLAC,National Park,Intermountain ,MT,1957,"759,200"
Glacier NP,GLAC,National Park,Intermountain ,MT,1958,"706,800"
Glacier NP,GLAC,National Park,Intermountain ,MT,1959,"722,300"
Glacier NP,GLAC,National Park,Intermountain ,MT,1960,"724,500"
Glacier NP,GLAC,National Park,Intermountain ,MT,1961,"740,000"
Glacier NP,GLAC,National Park,Intermountain ,MT,1962,"966,100"
Glacier NP,GLAC,National Park,Intermountain ,MT,1963,"810,200"
Glacier NP,GLAC,National Park,Intermountain ,MT,1964,"642,200"
Glacier NP,GLAC,National Park,Intermountain ,MT,1965,"847,100"
Glacier NP,GLAC,National Park,Intermountain ,MT,1966,"907,800"
Glacier NP,GLAC,National Park,Intermountain ,MT,1967,"884,000"
Glacier NP,GLAC,National Park,Intermountain ,MT,1968,"964,500"
Glacier NP,GLAC,National Park,Intermountain ,MT,1969,"1,051,200"
Glacier NP,GLAC,National Park,Intermountain ,MT,1970,"1,241,600"
Glacier NP,GLAC,National Park,Intermountain ,MT,1971,"1,302,200"
Glacier NP,GLAC,National Park,Intermountain ,MT,1972,"1,391,299"
Glacier NP,GLAC,National Park,Intermountain ,MT,1973,"1,397,800"
Glacier NP,GLAC,National Park,Intermountain ,MT,1974,"1,405,500"
Glacier NP,GLAC,National Park,Intermountain ,MT,1975,"1,570,000"
Glacier NP,GLAC,National Park,Intermountain ,MT,1976,"1,661,200"
Glacier NP,GLAC,National Park,Intermountain ,MT,1977,"1,654,500"
Glacier NP,GLAC,National Park,Intermountain ,MT,1978,"1,582,632"
Glacier NP,GLAC,National Park,Intermountain ,MT,1979,"1,791,708"
Glacier NP,GLAC,National Park,Intermountain ,MT,1980,"1,798,317"
Glacier NP,GLAC,National Park,Intermountain ,MT,1981,"2,165,650"
Glacier NP,GLAC,National Park,Intermountain ,MT,1982,"2,008,612"
Glacier NP,GLAC,National Park,Intermountain ,MT,1983,"2,556,884"
Glacier NP,GLAC,National Park,Intermountain ,MT,1984,"2,280,732"
Glacier NP,GLAC,National Park,Intermountain ,MT,1985,"1,877,308"
Glacier NP,GLAC,National Park,Intermountain ,MT,1986,"1,872,545"
Glacier NP,GLAC,National Park,Intermountain ,MT,1987,"1,975,488"
Glacier NP,GLAC,National Park,Intermountain ,MT,1988,"2,151,785"
Glacier NP,GLAC,National Park,Intermountain ,MT,1989,"2,152,072"
Glacier NP,GLAC,National Park,Intermountain ,MT,1990,"2,322,845"
Glacier NP,GLAC,National Park,Intermountain ,MT,1991,"2,466,564"
Glacier NP,GLAC,National Park,Intermountain ,MT,1992,"2,558,679"
Glacier NP,GLAC,National Park,Intermountain ,MT,1993,"2,450,935"
Glacier NP,GLAC,National Park,Intermountain ,MT,1994,"2,522,667"
Glacier NP,GLAC,National Park,Intermountain ,MT,1995,"2,198,734"
Glacier NP,GLAC,National Park,Intermountain ,MT,1996,"2,062,691"
Glacier NP,GLAC,National Park,Intermountain ,MT,1997,"2,048,109"
Glacier NP,GLAC,National Park,Intermountain ,MT,1998,"2,180,355"
Glacier NP,GLAC,National Park,Intermountain ,MT,1999,"2,028,068"
Glacier NP,GLAC,National Park,Intermountain ,MT,2000,"2,047,071"
Glacier NP,GLAC,National Park,Intermountain ,MT,2001,"1,998,968"
Glacier NP,GLAC,National Park,Intermountain ,MT,2002,"2,233,342"
Glacier NP,GLAC,National Park,Intermountain ,MT,2003,"1,903,771"
Glacier NP,GLAC,National Park,Intermountain ,MT,2004,"2,355,728"
Glacier NP,GLAC,National Park,Intermountain ,MT,2005,"2,267,826"
Glacier NP,GLAC,National Park,Intermountain ,MT,2006,"2,304,275"
Glacier NP,GLAC,National Park,Intermountain ,MT,2007,"2,422,923"
Glacier NP,GLAC,National Park,Intermountain ,MT,2008,"2,155,417"
Glacier NP,GLAC,National Park,Intermountain ,MT,2009,"2,433,953"
Glacier NP,GLAC,National Park,Intermountain ,MT,2010,"2,590,864"
Glacier NP,GLAC,National Park,Intermountain ,MT,2011,"2,208,969"
Glacier NP,GLAC,National Park,Intermountain ,MT,2012,"2,546,253"
Glacier NP,GLAC,National Park,Intermountain ,MT,2013,"2,577,583"
Glacier NP,GLAC,National Park,Intermountain ,MT,2014,"2,718,418"
Glacier NP,GLAC,National Park,Intermountain ,MT,2015,"2,739,096"
Glacier NP,GLAC,National Park,Intermountain ,MT,2016,"3,364,796"
Glacier NP,GLAC,National Park,Intermountain ,MT,2017,"3,704,738"
Glacier NP,GLAC,National Park,Intermountain ,MT,2018,"3,339,597"
Glacier NP,GLAC,National Park,Intermountain ,MT,2019,"3,462,867"
Glacier NP,GLAC,National Park,Intermountain ,MT,2020,"1,785,857"
Glacier NP,GLAC,National Park,Intermountain ,MT,2021,"3,348,599"
Glacier NP,GLAC,National Park,Intermountain ,MT,2022,"3,270,629"
Glacier NP,GLAC,National Park,Intermountain ,MT,2023,"3,358,486"
Glacier NP,GLAC,National Park,Intermountain ,MT,2024,"3,632,596"
Grand Canyon NP,GRCA,National Park,Intermountain ,AZ,1919,"37,745"
Grand Canyon NP,GRCA,National Park,Intermountain ,AZ,1920,"67,315"
Grand Canyon NP,GRCA,National Park,Intermountain ,AZ,1921,"67,485"
Grand Canyon NP,GRCA,National Park,Intermountain ,AZ,1922,"84,700"
Grand Canyon NP,GRCA,National Park,Intermountain ,AZ,1923,"102,166"
Grand Canyon NP,GRCA,National Park,Intermountain ,AZ,1924,"108,256"
Grand Canyon NP,GRCA,National Park,Intermountain ,AZ,1925,"134,053"
Grand Canyon NP,GRCA,National Park,Intermountain ,AZ,1926,"140,252"
Grand Canyon NP,GRCA,National Park,Intermountain ,AZ,1927,"162,356"
Grand Canyon NP,GRCA,National Park,Intermountain ,AZ,1928,"167,226"
Grand Canyon NP,GRCA,National Park,Intermountain ,AZ,1929,"184,093"
Grand Canyon NP,GRCA,National Park,Intermountain ,AZ,1930,"172,763"
Grand Canyon NP,GRCA,National Park,Intermountain ,AZ,1931,"156,964"
Grand Canyon NP,GRCA,National Park,Intermountain ,AZ,1932,"121,267"
Grand Canyon NP,GRCA,National Park,Intermountain ,AZ,1933,"105,475"
Grand Canyon NP,GRCA,National Park,Intermountain ,AZ,1934,"140,220"
Grand Canyon NP,GRCA,National Park,Intermountain ,AZ,1935,"206,018"
Grand Canyon NP,GRCA,National Park,Intermountain ,AZ,1936,"268,412"
Grand Canyon NP,GRCA,National Park,Intermountain ,AZ,1937,"297,876"
Grand Canyon NP,GRCA,National Park,Intermountain ,AZ,1938,"336,557"
Grand Canyon NP,GRCA,National Park,Intermountain ,AZ,1939,"395,940"
Grand Canyon NP,GRCA,National Park,Intermountain ,AZ,1940,"371,613"
Grand Canyon NP,GRCA,National Park,Intermountain ,AZ,1941,"436,566"
Grand Canyon NP,GRCA,National Park,Intermountain ,AZ,1942,"132,584"
Grand Canyon NP,GRCA,National Park,Intermountain ,AZ,1943,"71,650"
Grand Canyon NP,GRCA,National Park,Intermountain ,AZ,1944,"64,568"
Grand Canyon NP,GRCA,National Park,Intermountain ,AZ,1945,"169,960"
Grand Canyon NP,GRCA,National Park,Intermountain ,AZ,1946,"486,834"
Grand Canyon NP,GRCA,National Park,Intermountain ,AZ,1947,"622,363"
Grand Canyon NP,GRCA,National Park,Intermountain ,AZ,1948,"618,033"
Grand Canyon NP,GRCA,National Park,Intermountain ,AZ,1949,"600,690"
Grand Canyon NP,GRCA,National Park,Intermountain ,AZ,1950,"665,039"
Grand Canyon NP,GRCA,National Park,Intermountain ,AZ,1951,"682,152"
Grand Canyon NP,GRCA,National Park,Intermountain ,AZ,1952,"737,159"
Grand Canyon NP,GRCA,National Park,Intermountain ,AZ,1953,"836,878"
Grand Canyon NP,GRCA,National Park,Intermountain ,AZ,1954,"814,700"
Grand Canyon NP,GRCA,National Park,Intermountain ,AZ,1955,"892,400"
Grand Canyon NP,GRCA,National Park,Intermountain ,AZ,1956,"1,033,700"
Grand Canyon NP,GRCA,National Park,Intermountain ,AZ,1957,"1,102,400"
Grand Canyon NP,GRCA,National Park,Intermountain ,AZ,1958,"1,064,000"
Grand Canyon NP,GRCA,National Park,Intermountain ,AZ,1959,"1,169,400"
Grand Canyon NP,GRCA,National Park,Intermountain ,AZ,1960,"1,187,700"
Grand Canyon NP,GRCA,National Park,Intermountain ,AZ,1961,"1,253,000"
Grand Canyon NP,GRCA,National Park,Intermountain ,AZ,1962,"1,447,400"
Grand Canyon NP,GRCA,National Park,Intermountain ,AZ,1963,"1,539,500"
Grand Canyon NP,GRCA,National Park,Intermountain ,AZ,1964,"1,576,600"
Grand Canyon NP,GRCA,National Park,Intermountain ,AZ,1965,"1,689,200"
Grand Canyon NP,GRCA,National Park,Intermountain ,AZ,1966,"1,806,000"
Grand Canyon NP,GRCA,National Park,Intermountain ,AZ,1967,"1,804,900"
Grand Canyon NP,GRCA,National Park,Intermountain ,AZ,1968,"1,986,300"
Grand Canyon NP,GRCA,National Park,Intermountain ,AZ,1969,"2,192,600"
Grand Canyon NP,GRCA,National Park,Intermountain ,AZ,1970,"2,258,200"
Grand Canyon NP,GRCA,National Park,Intermountain ,AZ,1971,"2,402,100"
Grand Canyon NP,GRCA,National Park,Intermountain ,AZ,1972,"2,698,300"
Grand Canyon NP,GRCA,National Park,Intermountain ,AZ,1973,"1,909,700"
Grand Canyon NP,GRCA,National Park,Intermountain ,AZ,1974,"1,888,600"
Grand Canyon NP,GRCA,National Park,Intermountain ,AZ,1975,"2,625,100"
Grand Canyon NP,GRCA,National Park,Intermountain ,AZ,1976,"2,791,600"
Grand Canyon NP,GRCA,National Park,Intermountain ,AZ,1977,"2,627,200"
Grand Canyon NP,GRCA,National Park,Intermountain ,AZ,1978,"2,748,642"
Grand Canyon NP,GRCA,National Park,Intermountain ,AZ,1979,"3,074,476"
Grand Canyon NP,GRCA,National Park,Intermountain ,AZ,1980,"3,231,395"
Grand Canyon NP,GRCA,National Park,Intermountain ,AZ,1981,"3,488,246"
Grand Canyon NP,GRCA,National Park,Intermountain ,AZ,1982,"3,301,979"
Grand Canyon NP,GRCA,National Park,Intermountain ,AZ,1983,"3,171,723"
Grand Canyon NP,GRCA,National Park,Intermountain ,AZ,1984,"3,140,256"
Grand Canyon NP,GRCA,National Park,Intermountain ,AZ,1985,"3,720,718"
Grand Canyon NP,GRCA,National Park,Intermountain ,AZ,1986,"3,982,341"
Grand Canyon NP,GRCA,National Park,Intermountain ,AZ,1987,"4,710,093"
Grand Canyon NP,GRCA,National Park,Intermountain ,AZ,1988,"5,093,941"
Grand Canyon NP,GRCA,National Park,Intermountain ,AZ,1989,"5,229,314"
Grand Canyon NP,GRCA,National Park,Intermountain ,AZ,1990,"5,024,296"
Grand Canyon NP,GRCA,National Park,Intermountain ,AZ,1991,"5,408,635"
Grand Canyon NP,GRCA,National Park,Intermountain ,AZ,1992,"5,756,144"
Grand Canyon NP,GRCA,National Park,Intermountain ,AZ,1993,"6,142,101"
Grand Canyon NP,GRCA,National Park,Intermountain ,AZ,1994,"5,866,928"
Grand Canyon NP,GRCA,National Park,Intermountain ,AZ,1995,"6,031,271"
Grand Canyon NP,GRCA,National Park,Intermountain ,AZ,1996,"6,020,789"
Grand Canyon NP,GRCA,National Park,Intermountain ,AZ,1997,"6,252,582"
Grand Canyon NP,GRCA,National Park,Intermountain ,AZ,1998,"5,550,925"
Grand Canyon NP,GRCA,National Park,Intermountain ,AZ,1999,"6,061,906"
Grand Canyon NP,GRCA,National Park,Intermountain ,AZ,2000,"5,902,013"
Grand Canyon NP,GRCA,National Park,Intermountain ,AZ,2001,"5,591,868"
Grand Canyon NP,GRCA,National Park,Intermountain ,AZ,2002,"5,482,019"
Grand Canyon NP,GRCA,National Park,Intermountain ,AZ,2003,"5,637,247"
Grand Canyon NP,GRCA,National Park,Intermountain ,AZ,2004,"5,892,507"
Grand Canyon NP,GRCA,National Park,Intermountain ,AZ,2005,"5,654,701"
Grand Canyon NP,GRCA,National Park,Intermountain ,AZ,2006,"5,562,872"
Grand Canyon NP,GRCA,National Park,Intermountain ,AZ,2007,"5,814,433"
Grand Canyon NP,GRCA,National Park,Intermountain ,AZ,2008,"5,790,046"
Grand Canyon NP,GRCA,National Park,Intermountain ,AZ,2009,"5,688,617"
Grand Canyon NP,GRCA,National Park,Intermountain ,AZ,2010,"5,716,150"
Grand Canyon NP,GRCA,National Park,Intermountain ,AZ,2011,"5,718,122"
Grand Canyon NP,GRCA,National Park,Intermountain ,AZ,2012,"5,771,828"
Grand Canyon NP,GRCA,National Park,Intermountain ,AZ,2013,"5,674,434"
Grand Canyon NP,GRCA,National Park,Intermountain ,AZ,2014,"5,950,508"
Grand Canyon NP,GRCA,National Park,Intermountain ,AZ,2015,"6,784,193"
Grand Canyon NP,GRCA,National Park,Intermountain ,AZ,2016,"7,321,630"
Grand Canyon NP,GRCA,National Park,Intermountain ,AZ,2017,"7,526,152"
Grand Canyon NP,GRCA,National Park,Intermountain ,AZ,2018,"7,679,795"
Grand Canyon NP,GRCA,National Park,Intermountain ,AZ,2019,"7,147,989"
Grand Canyon NP,GRCA,National Park,Intermountain ,AZ,2020,"3,363,839"
Grand Canyon NP,GRCA,National Park,Intermountain ,AZ,2021,"5,498,222"
Grand Canyon NP,GRCA,National Park,Intermountain ,AZ,2022,"5,798,036"
Grand Canyon NP,GRCA,National Park,Intermountain ,AZ,2023,"5,884,013"
Grand Canyon NP,GRCA,National Park,Intermountain ,AZ,2024,"6,116,085"
Grand Teton NP,GRTE,National Park,Intermountain ,WY,1929,"51,500"
Grand Teton NP,GRTE,National Park,Intermountain ,WY,1930,"60,000"
Grand Teton NP,GRTE,National Park,Intermountain ,WY,1931,"62,000"
Grand Teton NP,GRTE,National Park,Intermountain ,WY,1932,"40,000"
Grand Teton NP,GRTE,National Park,Intermountain ,WY,1933,"42,500"
Grand Teton NP,GRTE,National Park,Intermountain ,WY,1934,"75,000"
Grand Teton NP,GRTE,National Park,Intermountain ,WY,1935,"100,000"
Grand Teton NP,GRTE,National Park,Intermountain ,WY,1936,"125,000"
Grand Teton NP,GRTE,National Park,Intermountain ,WY,1937,"135,000"
Grand Teton NP,GRTE,National Park,Intermountain ,WY,1938,"153,353"
Grand Teton NP,GRTE,National Park,Intermountain ,WY,1939,"87,133"
Grand Teton NP,GRTE,National Park,Intermountain ,WY,1940,"103,324"
Grand Teton NP,GRTE,National Park,Intermountain ,WY,1941,"125,489"
Grand Teton NP,GRTE,National Park,Intermountain ,WY,1942,"33,808"
Grand Teton NP,GRTE,National Park,Intermountain ,WY,1943,"8,203"
Grand Teton NP,GRTE,National Park,Intermountain ,WY,1944,"19,978"
Grand Teton NP,GRTE,National Park,Intermountain ,WY,1945,"41,349"
Grand Teton NP,GRTE,National Park,Intermountain ,WY,1946,"136,441"
Grand Teton NP,GRTE,National Park,Intermountain ,WY,1947,"142,975"
Grand Teton NP,GRTE,National Park,Intermountain ,WY,1948,"153,054"
Grand Teton NP,GRTE,National Park,Intermountain ,WY,1949,"166,506"
Grand Teton NP,GRTE,National Park,Intermountain ,WY,1950,"189,286"
Grand Teton NP,GRTE,National Park,Intermountain ,WY,1951,"637,785"
Grand Teton NP,GRTE,National Park,Intermountain ,WY,1952,"785,343"
Grand Teton NP,GRTE,National Park,Intermountain ,WY,1953,"942,966"
Grand Teton NP,GRTE,National Park,Intermountain ,WY,1954,"1,003,500"
Grand Teton NP,GRTE,National Park,Intermountain ,WY,1955,"1,104,700"
Grand Teton NP,GRTE,National Park,Intermountain ,WY,1956,"1,197,200"
Grand Teton NP,GRTE,National Park,Intermountain ,WY,1957,"1,306,300"
Grand Teton NP,GRTE,National Park,Intermountain ,WY,1958,"1,428,500"
Grand Teton NP,GRTE,National Park,Intermountain ,WY,1959,"1,529,600"
Grand Teton NP,GRTE,National Park,Intermountain ,WY,1960,"1,429,900"
Grand Teton NP,GRTE,National Park,Intermountain ,WY,1961,"1,492,400"
Grand Teton NP,GRTE,National Park,Intermountain ,WY,1962,"1,799,400"
Grand Teton NP,GRTE,National Park,Intermountain ,WY,1963,"2,158,800"
Grand Teton NP,GRTE,National Park,Intermountain ,WY,1964,"2,456,800"
Grand Teton NP,GRTE,National Park,Intermountain ,WY,1965,"2,507,000"
Grand Teton NP,GRTE,National Park,Intermountain ,WY,1966,"2,673,100"
Grand Teton NP,GRTE,National Park,Intermountain ,WY,1967,"2,643,700"
Grand Teton NP,GRTE,National Park,Intermountain ,WY,1968,"2,970,300"
Grand Teton NP,GRTE,National Park,Intermountain ,WY,1969,"3,134,400"
Grand Teton NP,GRTE,National Park,Intermountain ,WY,1970,"3,352,500"
Grand Teton NP,GRTE,National Park,Intermountain ,WY,1971,"2,556,400"
Grand Teton NP,GRTE,National Park,Intermountain ,WY,1972,"2,490,266"
Grand Teton NP,GRTE,National Park,Intermountain ,WY,1973,"2,228,600"
Grand Teton NP,GRTE,National Park,Intermountain ,WY,1974,"2,392,900"
Grand Teton NP,GRTE,National Park,Intermountain ,WY,1975,"2,173,500"
Grand Teton NP,GRTE,National Park,Intermountain ,WY,1976,"2,834,700"
Grand Teton NP,GRTE,National Park,Intermountain ,WY,1977,"3,258,000"
Grand Teton NP,GRTE,National Park,Intermountain ,WY,1978,"3,160,026"
Grand Teton NP,GRTE,National Park,Intermountain ,WY,1979,"3,998,631"
Grand Teton NP,GRTE,National Park,Intermountain ,WY,1980,"4,044,846"
Grand Teton NP,GRTE,National Park,Intermountain ,WY,1981,"4,188,412"
Grand Teton NP,GRTE,National Park,Intermountain ,WY,1982,"3,992,454"
Grand Teton NP,GRTE,National Park,Intermountain ,WY,1983,"3,055,139"
Grand Teton NP,GRTE,National Park,Intermountain ,WY,1984,"2,721,760"
Grand Teton NP,GRTE,National Park,Intermountain ,WY,1985,"2,582,258"
Grand Teton NP,GRTE,National Park,Intermountain ,WY,1986,"2,601,346"
Grand Teton NP,GRTE,National Park,Intermountain ,WY,1987,"2,881,468"
Grand Teton NP,GRTE,National Park,Intermountain ,WY,1988,"2,504,732"
Grand Teton NP,GRTE,National Park,Intermountain ,WY,1989,"2,912,380"
Grand Teton NP,GRTE,National Park,Intermountain ,WY,1990,"3,277,752"
Grand Teton NP,GRTE,National Park,Intermountain ,WY,1991,"3,408,674"
Grand Teton NP,GRTE,National Park,Intermountain ,WY,1992,"3,574,102"
Grand Teton NP,GRTE,National Park,Intermountain ,WY,1993,"4,070,798"
Grand Teton NP,GRTE,National Park,Intermountain ,WY,1994,"4,323,728"
Grand Teton NP,GRTE,National Park,Intermountain ,WY,1995,"4,458,620"
Grand Teton NP,GRTE,National Park,Intermountain ,WY,1996,"4,622,554"
Grand Teton NP,GRTE,National Park,Intermountain ,WY,1997,"4,612,031"
Grand Teton NP,GRTE,National Park,Intermountain ,WY,1998,"4,692,665"
Grand Teton NP,GRTE,National Park,Intermountain ,WY,1999,"4,738,795"
Grand Teton NP,GRTE,National Park,Intermountain ,WY,2000,"4,474,222"
Grand Teton NP,GRTE,National Park,Intermountain ,WY,2001,"4,565,156"
Grand Teton NP,GRTE,National Park,Intermountain ,WY,2002,"4,532,749"
Grand Teton NP,GRTE,National Park,Intermountain ,WY,2003,"4,590,405"
Grand Teton NP,GRTE,National Park,Intermountain ,WY,2004,"4,492,482"
Grand Teton NP,GRTE,National Park,Intermountain ,WY,2005,"4,389,449"
Grand Teton NP,GRTE,National Park,Intermountain ,WY,2006,"4,401,960"
Grand Teton NP,GRTE,National Park,Intermountain ,WY,2007,"4,565,183"
Grand Teton NP,GRTE,National Park,Intermountain ,WY,2008,"4,385,751"
Grand Teton NP,GRTE,National Park,Intermountain ,WY,2009,"4,398,196"
Grand Teton NP,GRTE,National Park,Intermountain ,WY,2010,"4,519,695"
Grand Teton NP,GRTE,National Park,Intermountain ,WY,2011,"4,350,046"
Grand Teton NP,GRTE,National Park,Intermountain ,WY,2012,"4,413,912"
Grand Teton NP,GRTE,National Park,Intermountain ,WY,2013,"4,643,024"
Grand Teton NP,GRTE,National Park,Intermountain ,WY,2014,"4,846,454"
Grand Teton NP,GRTE,National Park,Intermountain ,WY,2015,"5,279,124"
Grand Teton NP,GRTE,National Park,Intermountain ,WY,2016,"5,353,818"
Grand Teton NP,GRTE,National Park,Intermountain ,WY,2017,"5,610,850"
Grand Teton NP,GRTE,National Park,Intermountain ,WY,2018,"5,555,321"
Grand Teton NP,GRTE,National Park,Intermountain ,WY,2019,"5,579,083"
Grand Teton NP,GRTE,National Park,Intermountain ,WY,2020,"4,918,283"
Grand Teton NP,GRTE,National Park,Intermountain ,WY,2021,"6,107,323"
Grand Teton NP,GRTE,National Park,Intermountain ,WY,2022,"4,982,313"
Grand Teton NP,GRTE,National Park,Intermountain ,WY,2023,"5,580,922"
Grand Teton NP,GRTE,National Park,Intermountain ,WY,2024,"5,747,464"
Great Basin NP,GRBA,National Park,Pacific West ,NV,1934,"1,968"
Great Basin NP,GRBA,National Park,Pacific West ,NV,1935,"2,977"
Great Basin NP,GRBA,National Park,Pacific West ,NV,1936,"2,348"
Great Basin NP,GRBA,National Park,Pacific West ,NV,1937,"2,856"
Great Basin NP,GRBA,National Park,Pacific West ,NV,1938,"3,455"
Great Basin NP,GRBA,National Park,Pacific West ,NV,1939,"3,958"
Great Basin NP,GRBA,National Park,Pacific West ,NV,1940,"4,943"
Great Basin NP,GRBA,National Park,Pacific West ,NV,1941,"4,864"
Great Basin NP,GRBA,National Park,Pacific West ,NV,1942,"1,673"
Great Basin NP,GRBA,National Park,Pacific West ,NV,1943,"1,028"
Great Basin NP,GRBA,National Park,Pacific West ,NV,1944,872
Great Basin NP,GRBA,National Park,Pacific West ,NV,1945,"1,318"
Great Basin NP,GRBA,National Park,Pacific West ,NV,1946,"3,546"
Great Basin NP,GRBA,National Park,Pacific West ,NV,1947,"4,751"
Great Basin NP,GRBA,National Park,Pacific West ,NV,1948,"6,103"
Great Basin NP,GRBA,National Park,Pacific West ,NV,1949,"8,464"
Great Basin NP,GRBA,National Park,Pacific West ,NV,1950,"8,350"
Great Basin NP,GRBA,National Park,Pacific West ,NV,1951,"8,038"
Great Basin NP,GRBA,National Park,Pacific West ,NV,1952,"11,721"
Great Basin NP,GRBA,National Park,Pacific West ,NV,1953,"16,693"
Great Basin NP,GRBA,National Park,Pacific West ,NV,1954,"18,400"
Great Basin NP,GRBA,National Park,Pacific West ,NV,1955,"18,400"
Great Basin NP,GRBA,National Park,Pacific West ,NV,1956,"20,300"
Great Basin NP,GRBA,National Park,Pacific West ,NV,1957,"20,800"
Great Basin NP,GRBA,National Park,Pacific West ,NV,1958,"20,300"
Great Basin NP,GRBA,National Park,Pacific West ,NV,1959,"22,200"
Great Basin NP,GRBA,National Park,Pacific West ,NV,1960,"20,700"
Great Basin NP,GRBA,National Park,Pacific West ,NV,1961,"24,300"
Great Basin NP,GRBA,National Park,Pacific West ,NV,1962,"27,300"
Great Basin NP,GRBA,National Park,Pacific West ,NV,1963,"32,500"
Great Basin NP,GRBA,National Park,Pacific West ,NV,1964,"34,800"
Great Basin NP,GRBA,National Park,Pacific West ,NV,1965,"35,600"
Great Basin NP,GRBA,National Park,Pacific West ,NV,1966,"43,300"
Great Basin NP,GRBA,National Park,Pacific West ,NV,1967,"53,800"
Great Basin NP,GRBA,National Park,Pacific West ,NV,1968,"42,400"
Great Basin NP,GRBA,National Park,Pacific West ,NV,1969,"34,700"
Great Basin NP,GRBA,National Park,Pacific West ,NV,1970,"41,200"
Great Basin NP,GRBA,National Park,Pacific West ,NV,1971,"43,500"
Great Basin NP,GRBA,National Park,Pacific West ,NV,1972,"46,949"
Great Basin NP,GRBA,National Park,Pacific West ,NV,1973,"38,500"
Great Basin NP,GRBA,National Park,Pacific West ,NV,1974,"32,100"
Great Basin NP,GRBA,National Park,Pacific West ,NV,1975,"37,900"
Great Basin NP,GRBA,National Park,Pacific West ,NV,1976,"41,800"
Great Basin NP,GRBA,National Park,Pacific West ,NV,1977,"40,300"
Great Basin NP,GRBA,National Park,Pacific West ,NV,1978,"40,266"
Great Basin NP,GRBA,National Park,Pacific West ,NV,1979,"30,547"
Great Basin NP,GRBA,National Park,Pacific West ,NV,1980,"33,983"
Great Basin NP,GRBA,National Park,Pacific West ,NV,1981,"33,967"
Great Basin NP,GRBA,National Park,Pacific West ,NV,1982,"33,433"
Great Basin NP,GRBA,National Park,Pacific West ,NV,1983,"31,747"
Great Basin NP,GRBA,National Park,Pacific West ,NV,1984,"38,923"
Great Basin NP,GRBA,National Park,Pacific West ,NV,1985,"37,388"
Great Basin NP,GRBA,National Park,Pacific West ,NV,1986,"41,570"
Great Basin NP,GRBA,National Park,Pacific West ,NV,1987,"98,274"
Great Basin NP,GRBA,National Park,Pacific West ,NV,1988,"119,306"
Great Basin NP,GRBA,National Park,Pacific West ,NV,1989,"117,197"
Great Basin NP,GRBA,National Park,Pacific West ,NV,1990,"110,615"
Great Basin NP,GRBA,National Park,Pacific West ,NV,1991,"100,092"
Great Basin NP,GRBA,National Park,Pacific West ,NV,1992,"118,996"
Great Basin NP,GRBA,National Park,Pacific West ,NV,1993,"145,051"
Great Basin NP,GRBA,National Park,Pacific West ,NV,1994,"119,475"
Great Basin NP,GRBA,National Park,Pacific West ,NV,1995,"124,513"
Great Basin NP,GRBA,National Park,Pacific West ,NV,1996,"123,295"
Great Basin NP,GRBA,National Park,Pacific West ,NV,1997,"127,422"
Great Basin NP,GRBA,National Park,Pacific West ,NV,1998,"105,875"
Great Basin NP,GRBA,National Park,Pacific West ,NV,1999,"122,885"
Great Basin NP,GRBA,National Park,Pacific West ,NV,2000,"112,778"
Great Basin NP,GRBA,National Park,Pacific West ,NV,2001,"119,568"
Great Basin NP,GRBA,National Park,Pacific West ,NV,2002,"123,497"
Great Basin NP,GRBA,National Park,Pacific West ,NV,2003,"121,563"
Great Basin NP,GRBA,National Park,Pacific West ,NV,2004,"106,081"
Great Basin NP,GRBA,National Park,Pacific West ,NV,2005,"107,746"
Great Basin NP,GRBA,National Park,Pacific West ,NV,2006,"106,821"
Great Basin NP,GRBA,National Park,Pacific West ,NV,2007,"111,833"
Great Basin NP,GRBA,National Park,Pacific West ,NV,2008,"95,635"
Great Basin NP,GRBA,National Park,Pacific West ,NV,2009,"115,662"
Great Basin NP,GRBA,National Park,Pacific West ,NV,2010,"125,503"
Great Basin NP,GRBA,National Park,Pacific West ,NV,2011,"128,172"
Great Basin NP,GRBA,National Park,Pacific West ,NV,2012,"131,657"
Great Basin NP,GRBA,National Park,Pacific West ,NV,2013,"128,851"
Great Basin NP,GRBA,National Park,Pacific West ,NV,2014,"146,731"
Great Basin NP,GRBA,National Park,Pacific West ,NV,2015,"157,519"
Great Basin NP,GRBA,National Park,Pacific West ,NV,2016,"189,909"
Great Basin NP,GRBA,National Park,Pacific West ,NV,2017,"211,052"
Great Basin NP,GRBA,National Park,Pacific West ,NV,2018,"206,640"
Great Basin NP,GRBA,National Park,Pacific West ,NV,2019,"171,622"
Great Basin NP,GRBA,National Park,Pacific West ,NV,2020,"157,500"
Great Basin NP,GRBA,National Park,Pacific West ,NV,2021,"200,465"
Great Basin NP,GRBA,National Park,Pacific West ,NV,2022,"193,176"
Great Basin NP,GRBA,National Park,Pacific West ,NV,2023,"192,217"
Great Basin NP,GRBA,National Park,Pacific West ,NV,2024,"198,921"
Great Sand Dunes NP & PRES,GRSA,National Park,Intermountain ,CO,1932,500
Great Sand Dunes NP & PRES,GRSA,National Park,Intermountain ,CO,1933,550
Great Sand Dunes NP & PRES,GRSA,National Park,Intermountain ,CO,1935,"3,000"
Great Sand Dunes NP & PRES,GRSA,National Park,Intermountain ,CO,1936,"3,150"
Great Sand Dunes NP & PRES,GRSA,National Park,Intermountain ,CO,1937,"3,497"
Great Sand Dunes NP & PRES,GRSA,National Park,Intermountain ,CO,1938,"11,050"
Great Sand Dunes NP & PRES,GRSA,National Park,Intermountain ,CO,1939,"11,700"
Great Sand Dunes NP & PRES,GRSA,National Park,Intermountain ,CO,1940,"8,419"
Great Sand Dunes NP & PRES,GRSA,National Park,Intermountain ,CO,1941,"11,684"
Great Sand Dunes NP & PRES,GRSA,National Park,Intermountain ,CO,1942,"3,419"
Great Sand Dunes NP & PRES,GRSA,National Park,Intermountain ,CO,1943,"3,007"
Great Sand Dunes NP & PRES,GRSA,National Park,Intermountain ,CO,1944,"3,466"
Great Sand Dunes NP & PRES,GRSA,National Park,Intermountain ,CO,1945,"6,403"
Great Sand Dunes NP & PRES,GRSA,National Park,Intermountain ,CO,1946,"8,777"
Great Sand Dunes NP & PRES,GRSA,National Park,Intermountain ,CO,1947,"16,016"
Great Sand Dunes NP & PRES,GRSA,National Park,Intermountain ,CO,1948,"16,478"
Great Sand Dunes NP & PRES,GRSA,National Park,Intermountain ,CO,1949,"23,082"
Great Sand Dunes NP & PRES,GRSA,National Park,Intermountain ,CO,1950,"19,004"
Great Sand Dunes NP & PRES,GRSA,National Park,Intermountain ,CO,1951,"16,759"
Great Sand Dunes NP & PRES,GRSA,National Park,Intermountain ,CO,1952,"22,376"
Great Sand Dunes NP & PRES,GRSA,National Park,Intermountain ,CO,1953,"26,137"
Great Sand Dunes NP & PRES,GRSA,National Park,Intermountain ,CO,1954,"26,400"
Great Sand Dunes NP & PRES,GRSA,National Park,Intermountain ,CO,1955,"26,800"
Great Sand Dunes NP & PRES,GRSA,National Park,Intermountain ,CO,1956,"31,200"
Great Sand Dunes NP & PRES,GRSA,National Park,Intermountain ,CO,1957,"36,200"
Great Sand Dunes NP & PRES,GRSA,National Park,Intermountain ,CO,1958,"40,900"
Great Sand Dunes NP & PRES,GRSA,National Park,Intermountain ,CO,1959,"49,300"
Great Sand Dunes NP & PRES,GRSA,National Park,Intermountain ,CO,1960,"52,700"
Great Sand Dunes NP & PRES,GRSA,National Park,Intermountain ,CO,1961,"61,100"
Great Sand Dunes NP & PRES,GRSA,National Park,Intermountain ,CO,1962,"92,800"
Great Sand Dunes NP & PRES,GRSA,National Park,Intermountain ,CO,1963,"105,700"
Great Sand Dunes NP & PRES,GRSA,National Park,Intermountain ,CO,1964,"120,500"
Great Sand Dunes NP & PRES,GRSA,National Park,Intermountain ,CO,1965,"142,100"
Great Sand Dunes NP & PRES,GRSA,National Park,Intermountain ,CO,1966,"157,500"
Great Sand Dunes NP & PRES,GRSA,National Park,Intermountain ,CO,1967,"178,000"
Great Sand Dunes NP & PRES,GRSA,National Park,Intermountain ,CO,1968,"178,600"
Great Sand Dunes NP & PRES,GRSA,National Park,Intermountain ,CO,1969,"174,100"
Great Sand Dunes NP & PRES,GRSA,National Park,Intermountain ,CO,1970,"205,800"
Great Sand Dunes NP & PRES,GRSA,National Park,Intermountain ,CO,1971,"211,300"
Great Sand Dunes NP & PRES,GRSA,National Park,Intermountain ,CO,1972,"217,200"
Great Sand Dunes NP & PRES,GRSA,National Park,Intermountain ,CO,1973,"192,300"
Great Sand Dunes NP & PRES,GRSA,National Park,Intermountain ,CO,1974,"194,700"
Great Sand Dunes NP & PRES,GRSA,National Park,Intermountain ,CO,1975,"271,200"
Great Sand Dunes NP & PRES,GRSA,National Park,Intermountain ,CO,1976,"248,000"
Great Sand Dunes NP & PRES,GRSA,National Park,Intermountain ,CO,1977,"227,900"
Great Sand Dunes NP & PRES,GRSA,National Park,Intermountain ,CO,1978,"277,640"
Great Sand Dunes NP & PRES,GRSA,National Park,Intermountain ,CO,1979,"200,167"
Great Sand Dunes NP & PRES,GRSA,National Park,Intermountain ,CO,1980,"178,463"
Great Sand Dunes NP & PRES,GRSA,National Park,Intermountain ,CO,1981,"211,649"
Great Sand Dunes NP & PRES,GRSA,National Park,Intermountain ,CO,1982,"215,481"
Great Sand Dunes NP & PRES,GRSA,National Park,Intermountain ,CO,1983,"186,844"
Great Sand Dunes NP & PRES,GRSA,National Park,Intermountain ,CO,1984,"178,011"
Great Sand Dunes NP & PRES,GRSA,National Park,Intermountain ,CO,1985,"220,720"
Great Sand Dunes NP & PRES,GRSA,National Park,Intermountain ,CO,1986,"256,654"
Great Sand Dunes NP & PRES,GRSA,National Park,Intermountain ,CO,1987,"267,050"
Great Sand Dunes NP & PRES,GRSA,National Park,Intermountain ,CO,1988,"312,052"
Great Sand Dunes NP & PRES,GRSA,National Park,Intermountain ,CO,1989,"306,987"
Great Sand Dunes NP & PRES,GRSA,National Park,Intermountain ,CO,1990,"312,146"
Great Sand Dunes NP & PRES,GRSA,National Park,Intermountain ,CO,1991,"339,221"
Great Sand Dunes NP & PRES,GRSA,National Park,Intermountain ,CO,1992,"336,990"
Great Sand Dunes NP & PRES,GRSA,National Park,Intermountain ,CO,1993,"339,364"
Great Sand Dunes NP & PRES,GRSA,National Park,Intermountain ,CO,1994,"356,834"
Great Sand Dunes NP & PRES,GRSA,National Park,Intermountain ,CO,1995,"370,400"
Great Sand Dunes NP & PRES,GRSA,National Park,Intermountain ,CO,1996,"352,858"
Great Sand Dunes NP & PRES,GRSA,National Park,Intermountain ,CO,1997,"354,479"
Great Sand Dunes NP & PRES,GRSA,National Park,Intermountain ,CO,1998,"320,888"
Great Sand Dunes NP & PRES,GRSA,National Park,Intermountain ,CO,1999,"332,074"
Great Sand Dunes NP & PRES,GRSA,National Park,Intermountain ,CO,2000,"295,982"
Great Sand Dunes NP & PRES,GRSA,National Park,Intermountain ,CO,2001,"324,259"
Great Sand Dunes NP & PRES,GRSA,National Park,Intermountain ,CO,2002,"273,200"
Great Sand Dunes NP & PRES,GRSA,National Park,Intermountain ,CO,2003,"296,551"
Great Sand Dunes NP & PRES,GRSA,National Park,Intermountain ,CO,2004,"311,934"
Great Sand Dunes NP & PRES,GRSA,National Park,Intermountain ,CO,2005,"325,889"
Great Sand Dunes NP & PRES,GRSA,National Park,Intermountain ,CO,2006,"300,099"
Great Sand Dunes NP & PRES,GRSA,National Park,Intermountain ,CO,2007,"331,507"
Great Sand Dunes NP & PRES,GRSA,National Park,Intermountain ,CO,2008,"319,787"
Great Sand Dunes NP & PRES,GRSA,National Park,Intermountain ,CO,2009,"341,717"
Great Sand Dunes NP & PRES,GRSA,National Park,Intermountain ,CO,2010,"333,580"
Great Sand Dunes NP & PRES,GRSA,National Park,Intermountain ,CO,2011,"327,358"
Great Sand Dunes NP & PRES,GRSA,National Park,Intermountain ,CO,2012,"294,483"
Great Sand Dunes NP & PRES,GRSA,National Park,Intermountain ,CO,2013,"276,347"
Great Sand Dunes NP & PRES,GRSA,National Park,Intermountain ,CO,2014,"322,328"
Great Sand Dunes NP & PRES,GRSA,National Park,Intermountain ,CO,2015,"353,761"
Great Sand Dunes NP & PRES,GRSA,National Park,Intermountain ,CO,2016,"449,029"
Great Sand Dunes NP & PRES,GRSA,National Park,Intermountain ,CO,2017,"539,095"
Great Sand Dunes NP & PRES,GRSA,National Park,Intermountain ,CO,2018,"504,991"
Great Sand Dunes NP & PRES,GRSA,National Park,Intermountain ,CO,2019,"592,081"
Great Sand Dunes NP & PRES,GRSA,National Park,Intermountain ,CO,2020,"501,620"
Great Sand Dunes NP & PRES,GRSA,National Park,Intermountain ,CO,2021,"687,240"
Great Sand Dunes NP & PRES,GRSA,National Park,Intermountain ,CO,2022,"569,387"
Great Sand Dunes NP & PRES,GRSA,National Park,Intermountain ,CO,2023,"589,087"
Great Sand Dunes NP & PRES,GRSA,National Park,Intermountain ,CO,2024,"516,888"
Great Smoky Mountains NP,GRSM,National Park,Southeast ,NC,1931,"154,000"
Great Smoky Mountains NP,GRSM,National Park,Southeast ,NC,1932,"300,000"
Great Smoky Mountains NP,GRSM,National Park,Southeast ,NC,1933,"375,000"
Great Smoky Mountains NP,GRSM,National Park,Southeast ,NC,1934,"420,000"
Great Smoky Mountains NP,GRSM,National Park,Southeast ,NC,1935,"500,000"
Great Smoky Mountains NP,GRSM,National Park,Southeast ,NC,1936,"602,222"
Great Smoky Mountains NP,GRSM,National Park,Southeast ,NC,1937,"727,243"
Great Smoky Mountains NP,GRSM,National Park,Southeast ,NC,1938,"694,634"
Great Smoky Mountains NP,GRSM,National Park,Southeast ,NC,1939,"761,567"
Great Smoky Mountains NP,GRSM,National Park,Southeast ,NC,1940,"860,960"
Great Smoky Mountains NP,GRSM,National Park,Southeast ,NC,1941,"1,310,101"
Great Smoky Mountains NP,GRSM,National Park,Southeast ,NC,1942,"728,706"
Great Smoky Mountains NP,GRSM,National Park,Southeast ,NC,1943,"383,116"
Great Smoky Mountains NP,GRSM,National Park,Southeast ,NC,1944,"534,586"
Great Smoky Mountains NP,GRSM,National Park,Southeast ,NC,1945,"750,690"
Great Smoky Mountains NP,GRSM,National Park,Southeast ,NC,1946,"1,157,930"
Great Smoky Mountains NP,GRSM,National Park,Southeast ,NC,1947,"1,204,017"
Great Smoky Mountains NP,GRSM,National Park,Southeast ,NC,1948,"1,469,749"
Great Smoky Mountains NP,GRSM,National Park,Southeast ,NC,1949,"1,539,641"
Great Smoky Mountains NP,GRSM,National Park,Southeast ,NC,1950,"1,843,620"
Great Smoky Mountains NP,GRSM,National Park,Southeast ,NC,1951,"1,945,100"
Great Smoky Mountains NP,GRSM,National Park,Southeast ,NC,1952,"2,322,152"
Great Smoky Mountains NP,GRSM,National Park,Southeast ,NC,1953,"2,250,772"
Great Smoky Mountains NP,GRSM,National Park,Southeast ,NC,1954,"2,526,900"
Great Smoky Mountains NP,GRSM,National Park,Southeast ,NC,1955,"2,581,500"
Great Smoky Mountains NP,GRSM,National Park,Southeast ,NC,1956,"2,885,800"
Great Smoky Mountains NP,GRSM,National Park,Southeast ,NC,1957,"2,943,700"
Great Smoky Mountains NP,GRSM,National Park,Southeast ,NC,1958,"3,168,900"
Great Smoky Mountains NP,GRSM,National Park,Southeast ,NC,1959,"3,162,300"
Great Smoky Mountains NP,GRSM,National Park,Southeast ,NC,1960,"4,528,600"
Great Smoky Mountains NP,GRSM,National Park,Southeast ,NC,1961,"4,762,100"
Great Smoky Mountains NP,GRSM,National Park,Southeast ,NC,1962,"5,209,800"
Great Smoky Mountains NP,GRSM,National Park,Southeast ,NC,1963,"5,258,700"
Great Smoky Mountains NP,GRSM,National Park,Southeast ,NC,1964,"5,321,100"
Great Smoky Mountains NP,GRSM,National Park,Southeast ,NC,1965,"5,954,900"
Great Smoky Mountains NP,GRSM,National Park,Southeast ,NC,1966,"6,466,100"
Great Smoky Mountains NP,GRSM,National Park,Southeast ,NC,1967,"6,710,100"
Great Smoky Mountains NP,GRSM,National Park,Southeast ,NC,1968,"6,667,100"
Great Smoky Mountains NP,GRSM,National Park,Southeast ,NC,1969,"6,331,100"
Great Smoky Mountains NP,GRSM,National Park,Southeast ,NC,1970,"6,778,500"
Great Smoky Mountains NP,GRSM,National Park,Southeast ,NC,1971,"7,173,000"
Great Smoky Mountains NP,GRSM,National Park,Southeast ,NC,1972,"8,034,753"
Great Smoky Mountains NP,GRSM,National Park,Southeast ,NC,1973,"7,586,300"
Great Smoky Mountains NP,GRSM,National Park,Southeast ,NC,1974,"7,807,800"
Great Smoky Mountains NP,GRSM,National Park,Southeast ,NC,1975,"8,541,500"
Great Smoky Mountains NP,GRSM,National Park,Southeast ,NC,1976,"8,991,500"
Great Smoky Mountains NP,GRSM,National Park,Southeast ,NC,1977,"9,173,600"
Great Smoky Mountains NP,GRSM,National Park,Southeast ,NC,1978,"8,695,534"
Great Smoky Mountains NP,GRSM,National Park,Southeast ,TN,1979,"11,732,986"
Great Smoky Mountains NP,GRSM,National Park,Southeast ,TN,1980,"12,421,946"
Great Smoky Mountains NP,GRSM,National Park,Southeast ,TN,1981,"12,527,548"
Great Smoky Mountains NP,GRSM,National Park,Southeast ,TN,1982,"13,489,525"
Great Smoky Mountains NP,GRSM,National Park,Southeast ,TN,1983,"13,449,429"
Great Smoky Mountains NP,GRSM,National Park,Southeast ,TN,1984,"13,985,741"
Great Smoky Mountains NP,GRSM,National Park,Southeast ,TN,1985,"14,913,262"
Great Smoky Mountains NP,GRSM,National Park,Southeast ,TN,1986,"16,329,552"
Great Smoky Mountains NP,GRSM,National Park,Southeast ,TN,1987,"17,021,600"
Great Smoky Mountains NP,GRSM,National Park,Southeast ,TN,1988,"18,391,849"
Great Smoky Mountains NP,GRSM,National Park,Southeast ,TN,1989,"18,156,621"
Great Smoky Mountains NP,GRSM,National Park,Southeast ,TN,1990,"18,007,180"
Great Smoky Mountains NP,GRSM,National Park,Southeast ,TN,1991,"18,401,249"
Great Smoky Mountains NP,GRSM,National Park,Southeast ,TN,1992,"19,082,282"
Great Smoky Mountains NP,GRSM,National Park,Southeast ,TN,1993,"20,030,543"
Great Smoky Mountains NP,GRSM,National Park,Southeast ,TN,1994,"20,498,048"
Great Smoky Mountains NP,GRSM,National Park,Southeast ,TN,1995,"21,179,505"
Great Smoky Mountains NP,GRSM,National Park,Southeast ,TN,1996,"20,603,939"
Great Smoky Mountains NP,GRSM,National Park,Southeast ,TN,1997,"22,289,197"
Great Smoky Mountains NP,GRSM,National Park,Southeast ,TN,1998,"21,729,728"
Great Smoky Mountains NP,GRSM,National Park,Southeast ,TN,1999,"21,749,754"
Great Smoky Mountains NP,GRSM,National Park,Southeast ,TN,2000,"21,531,484"
Great Smoky Mountains NP,GRSM,National Park,Southeast ,TN,2001,"20,737,488"
Great Smoky Mountains NP,GRSM,National Park,Southeast ,TN,2002,"20,868,252"
Great Smoky Mountains NP,GRSM,National Park,Southeast ,TN,2003,"21,019,709"
Great Smoky Mountains NP,GRSM,National Park,Southeast ,TN,2004,"20,773,921"
Great Smoky Mountains NP,GRSM,National Park,Southeast ,TN,2005,"20,794,133"
Great Smoky Mountains NP,GRSM,National Park,Southeast ,TN,2006,"21,333,363"
Great Smoky Mountains NP,GRSM,National Park,Southeast ,TN,2007,"21,448,372"
Great Smoky Mountains NP,GRSM,National Park,Southeast ,TN,2008,"20,640,664"
Great Smoky Mountains NP,GRSM,National Park,Southeast ,TN,2009,"21,636,125"
Great Smoky Mountains NP,GRSM,National Park,Southeast ,TN,2010,"21,428,636"
Great Smoky Mountains NP,GRSM,National Park,Southeast ,TN,2011,"20,675,153"
Great Smoky Mountains NP,GRSM,National Park,Southeast ,TN,2012,"21,165,512"
Great Smoky Mountains NP,GRSM,National Park,Southeast ,TN,2013,"20,617,279"
Great Smoky Mountains NP,GRSM,National Park,Southeast ,TN,2014,"21,719,175"
Great Smoky Mountains NP,GRSM,National Park,Southeast ,TN,2015,"22,373,348"
Great Smoky Mountains NP,GRSM,National Park,Southeast ,TN,2016,"22,975,890"
Great Smoky Mountains NP,GRSM,National Park,Southeast ,TN,2017,"22,143,519"
Great Smoky Mountains NP,GRSM,National Park,Southeast ,TN,2018,"22,360,254"
Great Smoky Mountains NP,GRSM,National Park,Southeast ,TN,2019,"23,485,411"
Great Smoky Mountains NP,GRSM,National Park,Southeast ,TN,2020,"22,998,240"
Great Smoky Mountains NP,GRSM,National Park,Southeast ,TN,2021,"24,783,708"
Great Smoky Mountains NP,GRSM,National Park,Southeast ,TN,2022,"24,287,335"
Great Smoky Mountains NP,GRSM,National Park,Southeast ,TN,2023,"24,628,129"
Great Smoky Mountains NP,GRSM,National Park,Southeast ,TN,2024,"23,525,636"
Guadalupe Mountains NP,GUMO,National Park,Intermountain ,TX,1971,"27,100"
Guadalupe Mountains NP,GUMO,National Park,Intermountain ,TX,1972,"39,068"
Guadalupe Mountains NP,GUMO,National Park,Intermountain ,TX,1973,"45,100"
Guadalupe Mountains NP,GUMO,National Park,Intermountain ,TX,1974,"37,500"
Guadalupe Mountains NP,GUMO,National Park,Intermountain ,TX,1975,"50,300"
Guadalupe Mountains NP,GUMO,National Park,Intermountain ,TX,1976,"81,400"
Guadalupe Mountains NP,GUMO,National Park,Intermountain ,TX,1977,"92,200"
Guadalupe Mountains NP,GUMO,National Park,Intermountain ,TX,1978,"108,755"
Guadalupe Mountains NP,GUMO,National Park,Intermountain ,TX,1979,"130,369"
Guadalupe Mountains NP,GUMO,National Park,Intermountain ,TX,1980,"129,874"
Guadalupe Mountains NP,GUMO,National Park,Intermountain ,TX,1981,"160,567"
Guadalupe Mountains NP,GUMO,National Park,Intermountain ,TX,1982,"161,558"
Guadalupe Mountains NP,GUMO,National Park,Intermountain ,TX,1983,"164,269"
Guadalupe Mountains NP,GUMO,National Park,Intermountain ,TX,1984,"172,629"
Guadalupe Mountains NP,GUMO,National Park,Intermountain ,TX,1985,"168,708"
Guadalupe Mountains NP,GUMO,National Park,Intermountain ,TX,1986,"185,882"
Guadalupe Mountains NP,GUMO,National Park,Intermountain ,TX,1987,"178,129"
Guadalupe Mountains NP,GUMO,National Park,Intermountain ,TX,1988,"203,128"
Guadalupe Mountains NP,GUMO,National Park,Intermountain ,TX,1989,"187,844"
Guadalupe Mountains NP,GUMO,National Park,Intermountain ,TX,1990,"211,005"
Guadalupe Mountains NP,GUMO,National Park,Intermountain ,TX,1991,"220,747"
Guadalupe Mountains NP,GUMO,National Park,Intermountain ,TX,1992,"195,365"
Guadalupe Mountains NP,GUMO,National Park,Intermountain ,TX,1993,"223,647"
Guadalupe Mountains NP,GUMO,National Park,Intermountain ,TX,1994,"227,162"
Guadalupe Mountains NP,GUMO,National Park,Intermountain ,TX,1995,"233,797"
Guadalupe Mountains NP,GUMO,National Park,Intermountain ,TX,1996,"245,159"
Guadalupe Mountains NP,GUMO,National Park,Intermountain ,TX,1997,"255,573"
Guadalupe Mountains NP,GUMO,National Park,Intermountain ,TX,1998,"249,964"
Guadalupe Mountains NP,GUMO,National Park,Intermountain ,TX,1999,"243,249"
Guadalupe Mountains NP,GUMO,National Park,Intermountain ,TX,2000,"219,233"
Guadalupe Mountains NP,GUMO,National Park,Intermountain ,TX,2001,"242,637"
Guadalupe Mountains NP,GUMO,National Park,Intermountain ,TX,2002,"223,178"
Guadalupe Mountains NP,GUMO,National Park,Intermountain ,TX,2003,"200,508"
Guadalupe Mountains NP,GUMO,National Park,Intermountain ,TX,2004,"199,270"
Guadalupe Mountains NP,GUMO,National Park,Intermountain ,TX,2005,"186,749"
Guadalupe Mountains NP,GUMO,National Park,Intermountain ,TX,2006,"191,840"
Guadalupe Mountains NP,GUMO,National Park,Intermountain ,TX,2007,"182,270"
Guadalupe Mountains NP,GUMO,National Park,Intermountain ,TX,2008,"182,283"
Guadalupe Mountains NP,GUMO,National Park,Intermountain ,TX,2009,"217,958"
Guadalupe Mountains NP,GUMO,National Park,Intermountain ,TX,2010,"209,655"
Guadalupe Mountains NP,GUMO,National Park,Intermountain ,TX,2011,"166,738"
Guadalupe Mountains NP,GUMO,National Park,Intermountain ,TX,2012,"176,392"
Guadalupe Mountains NP,GUMO,National Park,Intermountain ,TX,2013,"162,718"
Guadalupe Mountains NP,GUMO,National Park,Intermountain ,TX,2014,"184,283"
Guadalupe Mountains NP,GUMO,National Park,Intermountain ,TX,2015,"187,902"
Guadalupe Mountains NP,GUMO,National Park,Intermountain ,TX,2016,"203,567"
Guadalupe Mountains NP,GUMO,National Park,Intermountain ,TX,2017,"251,015"
Guadalupe Mountains NP,GUMO,National Park,Intermountain ,TX,2018,"194,376"
Guadalupe Mountains NP,GUMO,National Park,Intermountain ,TX,2019,"211,579"
Guadalupe Mountains NP,GUMO,National Park,Intermountain ,TX,2020,"165,644"
Guadalupe Mountains NP,GUMO,National Park,Intermountain ,TX,2021,"271,578"
Guadalupe Mountains NP,GUMO,National Park,Intermountain ,TX,2022,"254,026"
Guadalupe Mountains NP,GUMO,National Park,Intermountain ,TX,2023,"261,655"
Guadalupe Mountains NP,GUMO,National Park,Intermountain ,TX,2024,"260,345"
Haleakala NP,HALE,National Park,Pacific West ,HI,1960,"62,100"
Haleakala NP,HALE,National Park,Pacific West ,HI,1961,"65,800"
Haleakala NP,HALE,National Park,Pacific West ,HI,1962,"71,200"
Haleakala NP,HALE,National Park,Pacific West ,HI,1963,"72,100"
Haleakala NP,HALE,National Park,Pacific West ,HI,1964,"87,600"
Haleakala NP,HALE,National Park,Pacific West ,HI,1965,"90,100"
Haleakala NP,HALE,National Park,Pacific West ,HI,1966,"95,500"
Haleakala NP,HALE,National Park,Pacific West ,HI,1967,"102,700"
Haleakala NP,HALE,National Park,Pacific West ,HI,1968,"132,700"
Haleakala NP,HALE,National Park,Pacific West ,HI,1969,"146,800"
Haleakala NP,HALE,National Park,Pacific West ,HI,1970,"197,400"
Haleakala NP,HALE,National Park,Pacific West ,HI,1971,"222,800"
Haleakala NP,HALE,National Park,Pacific West ,HI,1972,"271,326"
Haleakala NP,HALE,National Park,Pacific West ,HI,1973,"360,600"
Haleakala NP,HALE,National Park,Pacific West ,HI,1974,"433,500"
Haleakala NP,HALE,National Park,Pacific West ,HI,1975,"524,900"
Haleakala NP,HALE,National Park,Pacific West ,HI,1976,"650,300"
Haleakala NP,HALE,National Park,Pacific West ,HI,1977,"626,500"
Haleakala NP,HALE,National Park,Pacific West ,HI,1978,"712,751"
Haleakala NP,HALE,National Park,Pacific West ,HI,1979,"708,489"
Haleakala NP,HALE,National Park,Pacific West ,HI,1980,"594,864"
Haleakala NP,HALE,National Park,Pacific West ,HI,1981,"663,444"
Haleakala NP,HALE,National Park,Pacific West ,HI,1982,"811,832"
Haleakala NP,HALE,National Park,Pacific West ,HI,1983,"908,136"
Haleakala NP,HALE,National Park,Pacific West ,HI,1984,"1,046,544"
Haleakala NP,HALE,National Park,Pacific West ,HI,1985,"1,236,575"
Haleakala NP,HALE,National Park,Pacific West ,HI,1986,"1,323,514"
Haleakala NP,HALE,National Park,Pacific West ,HI,1987,"1,379,917"
Haleakala NP,HALE,National Park,Pacific West ,HI,1988,"1,363,309"
Haleakala NP,HALE,National Park,Pacific West ,HI,1989,"1,416,118"
Haleakala NP,HALE,National Park,Pacific West ,HI,1990,"1,308,726"
Haleakala NP,HALE,National Park,Pacific West ,HI,1991,"1,285,341"
Haleakala NP,HALE,National Park,Pacific West ,HI,1992,"1,235,294"
Haleakala NP,HALE,National Park,Pacific West ,HI,1993,"1,373,738"
Haleakala NP,HALE,National Park,Pacific West ,HI,1994,"1,582,414"
Haleakala NP,HALE,National Park,Pacific West ,HI,1995,"1,652,399"
Haleakala NP,HALE,National Park,Pacific West ,HI,1996,"1,613,634"
Haleakala NP,HALE,National Park,Pacific West ,HI,1997,"1,731,230"
Haleakala NP,HALE,National Park,Pacific West ,HI,1998,"1,530,488"
Haleakala NP,HALE,National Park,Pacific West ,HI,1999,"2,016,403"
Haleakala NP,HALE,National Park,Pacific West ,HI,2000,"1,672,966"
Haleakala NP,HALE,National Park,Pacific West ,HI,2001,"1,463,663"
Haleakala NP,HALE,National Park,Pacific West ,HI,2002,"1,572,292"
Haleakala NP,HALE,National Park,Pacific West ,HI,2003,"1,489,034"
Haleakala NP,HALE,National Park,Pacific West ,HI,2004,"1,497,255"
Haleakala NP,HALE,National Park,Pacific West ,HI,2005,"1,519,843"
Haleakala NP,HALE,National Park,Pacific West ,HI,2006,"1,472,442"
Haleakala NP,HALE,National Park,Pacific West ,HI,2007,"1,371,332"
Haleakala NP,HALE,National Park,Pacific West ,HI,2008,"1,233,550"
Haleakala NP,HALE,National Park,Pacific West ,HI,2009,"1,155,423"
Haleakala NP,HALE,National Park,Pacific West ,HI,2010,"1,155,820"
Haleakala NP,HALE,National Park,Pacific West ,HI,2011,"1,007,513"
Haleakala NP,HALE,National Park,Pacific West ,HI,2012,"1,145,456"
Haleakala NP,HALE,National Park,Pacific West ,HI,2013,"826,128"
Haleakala NP,HALE,National Park,Pacific West ,HI,2014,"1,184,222"
Haleakala NP,HALE,National Park,Pacific West ,HI,2015,"1,259,943"
Haleakala NP,HALE,National Park,Pacific West ,HI,2016,"1,306,889"
Haleakala NP,HALE,National Park,Pacific West ,HI,2017,"1,156,386"
Haleakala NP,HALE,National Park,Pacific West ,HI,2018,"1,087,519"
Haleakala NP,HALE,National Park,Pacific West ,HI,2019,"1,027,066"
Haleakala NP,HALE,National Park,Pacific West ,HI,2020,"342,693"
Haleakala NP,HALE,National Park,Pacific West ,HI,2021,"883,082"
Haleakala NP,HALE,National Park,Pacific West ,HI,2022,"1,138,757"
Haleakala NP,HALE,National Park,Pacific West ,HI,2023,"846,788"
Haleakala NP,HALE,National Park,Pacific West ,HI,2024,"783,218"
Hawaii Volcanoes NP,HAVO,National Park,Pacific West ,HI,1921,"16,071"
Hawaii Volcanoes NP,HAVO,National Park,Pacific West ,HI,1922,"27,750"
Hawaii Volcanoes NP,HAVO,National Park,Pacific West ,HI,1923,"41,150"
Hawaii Volcanoes NP,HAVO,National Park,Pacific West ,HI,1924,"52,110"
Hawaii Volcanoes NP,HAVO,National Park,Pacific West ,HI,1925,"64,155"
Hawaii Volcanoes NP,HAVO,National Park,Pacific West ,HI,1926,"35,000"
Hawaii Volcanoes NP,HAVO,National Park,Pacific West ,HI,1927,"37,551"
Hawaii Volcanoes NP,HAVO,National Park,Pacific West ,HI,1928,"78,414"
Hawaii Volcanoes NP,HAVO,National Park,Pacific West ,HI,1929,"109,857"
Hawaii Volcanoes NP,HAVO,National Park,Pacific West ,HI,1930,"89,578"
Hawaii Volcanoes NP,HAVO,National Park,Pacific West ,HI,1931,"124,932"
Hawaii Volcanoes NP,HAVO,National Park,Pacific West ,HI,1932,"139,663"
Hawaii Volcanoes NP,HAVO,National Park,Pacific West ,HI,1933,"237,690"
Hawaii Volcanoes NP,HAVO,National Park,Pacific West ,HI,1934,"240,997"
Hawaii Volcanoes NP,HAVO,National Park,Pacific West ,HI,1935,"207,208"
Hawaii Volcanoes NP,HAVO,National Park,Pacific West ,HI,1936,"186,049"
Hawaii Volcanoes NP,HAVO,National Park,Pacific West ,HI,1937,"203,165"
Hawaii Volcanoes NP,HAVO,National Park,Pacific West ,HI,1938,"195,986"
Hawaii Volcanoes NP,HAVO,National Park,Pacific West ,HI,1939,"226,741"
Hawaii Volcanoes NP,HAVO,National Park,Pacific West ,HI,1940,"287,810"
Hawaii Volcanoes NP,HAVO,National Park,Pacific West ,HI,1941,"271,824"
Hawaii Volcanoes NP,HAVO,National Park,Pacific West ,HI,1942,"337,926"
Hawaii Volcanoes NP,HAVO,National Park,Pacific West ,HI,1943,"394,140"
Hawaii Volcanoes NP,HAVO,National Park,Pacific West ,HI,1944,"402,475"
Hawaii Volcanoes NP,HAVO,National Park,Pacific West ,HI,1945,"368,629"
Hawaii Volcanoes NP,HAVO,National Park,Pacific West ,HI,1946,"405,755"
Hawaii Volcanoes NP,HAVO,National Park,Pacific West ,HI,1947,"382,482"
Hawaii Volcanoes NP,HAVO,National Park,Pacific West ,HI,1948,"387,753"
Hawaii Volcanoes NP,HAVO,National Park,Pacific West ,HI,1949,"350,504"
Hawaii Volcanoes NP,HAVO,National Park,Pacific West ,HI,1950,"362,245"
Hawaii Volcanoes NP,HAVO,National Park,Pacific West ,HI,1951,"498,023"
Hawaii Volcanoes NP,HAVO,National Park,Pacific West ,HI,1952,"694,632"
Hawaii Volcanoes NP,HAVO,National Park,Pacific West ,HI,1953,"416,942"
Hawaii Volcanoes NP,HAVO,National Park,Pacific West ,HI,1954,"444,600"
Hawaii Volcanoes NP,HAVO,National Park,Pacific West ,HI,1955,"416,700"
Hawaii Volcanoes NP,HAVO,National Park,Pacific West ,HI,1956,"521,400"
Hawaii Volcanoes NP,HAVO,National Park,Pacific West ,HI,1957,"517,300"
Hawaii Volcanoes NP,HAVO,National Park,Pacific West ,HI,1958,"461,300"
Hawaii Volcanoes NP,HAVO,National Park,Pacific West ,HI,1959,"786,000"
Hawaii Volcanoes NP,HAVO,National Park,Pacific West ,HI,1960,"709,100"
Hawaii Volcanoes NP,HAVO,National Park,Pacific West ,HI,1961,"769,600"
Hawaii Volcanoes NP,HAVO,National Park,Pacific West ,HI,1962,"421,600"
Hawaii Volcanoes NP,HAVO,National Park,Pacific West ,HI,1963,"494,700"
Hawaii Volcanoes NP,HAVO,National Park,Pacific West ,HI,1964,"517,900"
Hawaii Volcanoes NP,HAVO,National Park,Pacific West ,HI,1965,"573,900"
Hawaii Volcanoes NP,HAVO,National Park,Pacific West ,HI,1966,"607,600"
Hawaii Volcanoes NP,HAVO,National Park,Pacific West ,HI,1967,"786,200"
Hawaii Volcanoes NP,HAVO,National Park,Pacific West ,HI,1968,"918,000"
Hawaii Volcanoes NP,HAVO,National Park,Pacific West ,HI,1969,"719,900"
Hawaii Volcanoes NP,HAVO,National Park,Pacific West ,HI,1970,"822,300"
Hawaii Volcanoes NP,HAVO,National Park,Pacific West ,HI,1971,"956,700"
Hawaii Volcanoes NP,HAVO,National Park,Pacific West ,HI,1972,"1,365,104"
Hawaii Volcanoes NP,HAVO,National Park,Pacific West ,HI,1973,"1,236,500"
Hawaii Volcanoes NP,HAVO,National Park,Pacific West ,HI,1974,"1,164,900"
Hawaii Volcanoes NP,HAVO,National Park,Pacific West ,HI,1975,"1,353,900"
Hawaii Volcanoes NP,HAVO,National Park,Pacific West ,HI,1976,"1,430,500"
Hawaii Volcanoes NP,HAVO,National Park,Pacific West ,HI,1977,"1,446,200"
Hawaii Volcanoes NP,HAVO,National Park,Pacific West ,HI,1978,"1,728,256"
Hawaii Volcanoes NP,HAVO,National Park,Pacific West ,HI,1979,"2,347,175"
Hawaii Volcanoes NP,HAVO,National Park,Pacific West ,HI,1980,"2,456,216"
Hawaii Volcanoes NP,HAVO,National Park,Pacific West ,HI,1981,"2,455,019"
Hawaii Volcanoes NP,HAVO,National Park,Pacific West ,HI,1982,"2,711,080"
Hawaii Volcanoes NP,HAVO,National Park,Pacific West ,HI,1983,"2,912,066"
Hawaii Volcanoes NP,HAVO,National Park,Pacific West ,HI,1984,"2,686,349"
Hawaii Volcanoes NP,HAVO,National Park,Pacific West ,HI,1985,"1,393,828"
Hawaii Volcanoes NP,HAVO,National Park,Pacific West ,HI,1986,"1,611,295"
Hawaii Volcanoes NP,HAVO,National Park,Pacific West ,HI,1987,"1,980,554"
Hawaii Volcanoes NP,HAVO,National Park,Pacific West ,HI,1988,"2,043,767"
Hawaii Volcanoes NP,HAVO,National Park,Pacific West ,HI,1989,"2,339,586"
Hawaii Volcanoes NP,HAVO,National Park,Pacific West ,HI,1990,"2,480,119"
Hawaii Volcanoes NP,HAVO,National Park,Pacific West ,HI,1991,"2,687,384"
Hawaii Volcanoes NP,HAVO,National Park,Pacific West ,HI,1992,"2,606,520"
Hawaii Volcanoes NP,HAVO,National Park,Pacific West ,HI,1993,"2,605,370"
Hawaii Volcanoes NP,HAVO,National Park,Pacific West ,HI,1994,"2,593,985"
Hawaii Volcanoes NP,HAVO,National Park,Pacific West ,HI,1995,"2,586,105"
Hawaii Volcanoes NP,HAVO,National Park,Pacific West ,HI,1996,"2,664,775"
Hawaii Volcanoes NP,HAVO,National Park,Pacific West ,HI,1997,"3,093,024"
Hawaii Volcanoes NP,HAVO,National Park,Pacific West ,HI,1998,"2,774,127"
Hawaii Volcanoes NP,HAVO,National Park,Pacific West ,HI,1999,"2,892,667"
Hawaii Volcanoes NP,HAVO,National Park,Pacific West ,HI,2000,"2,783,868"
Hawaii Volcanoes NP,HAVO,National Park,Pacific West ,HI,2001,"2,750,469"
Hawaii Volcanoes NP,HAVO,National Park,Pacific West ,HI,2002,"2,516,268"
Hawaii Volcanoes NP,HAVO,National Park,Pacific West ,HI,2003,"2,551,838"
Hawaii Volcanoes NP,HAVO,National Park,Pacific West ,HI,2004,"2,722,976"
Hawaii Volcanoes NP,HAVO,National Park,Pacific West ,HI,2005,"2,827,126"
Hawaii Volcanoes NP,HAVO,National Park,Pacific West ,HI,2006,"3,490,071"
Hawaii Volcanoes NP,HAVO,National Park,Pacific West ,HI,2007,"3,415,760"
Hawaii Volcanoes NP,HAVO,National Park,Pacific West ,HI,2008,"3,219,813"
Hawaii Volcanoes NP,HAVO,National Park,Pacific West ,HI,2009,"3,167,314"
Hawaii Volcanoes NP,HAVO,National Park,Pacific West ,HI,2010,"3,239,044"
Hawaii Volcanoes NP,HAVO,National Park,Pacific West ,HI,2011,"3,291,743"
Hawaii Volcanoes NP,HAVO,National Park,Pacific West ,HI,2012,"3,437,199"
Hawaii Volcanoes NP,HAVO,National Park,Pacific West ,HI,2013,"3,546,479"
Hawaii Volcanoes NP,HAVO,National Park,Pacific West ,HI,2014,"3,669,488"
Hawaii Volcanoes NP,HAVO,National Park,Pacific West ,HI,2015,"3,814,989"
Hawaii Volcanoes NP,HAVO,National Park,Pacific West ,HI,2016,"3,869,057"
Hawaii Volcanoes NP,HAVO,National Park,Pacific West ,HI,2017,"4,011,241"
Hawaii Volcanoes NP,HAVO,National Park,Pacific West ,HI,2018,"3,023,951"
Hawaii Volcanoes NP,HAVO,National Park,Pacific West ,HI,2019,"3,308,878"
Hawaii Volcanoes NP,HAVO,National Park,Pacific West ,HI,2020,"2,497,625"
Hawaii Volcanoes NP,HAVO,National Park,Pacific West ,HI,2021,"3,228,294"
Hawaii Volcanoes NP,HAVO,National Park,Pacific West ,HI,2022,"3,596,016"
Hawaii Volcanoes NP,HAVO,National Park,Pacific West ,HI,2023,"3,609,567"
Hawaii Volcanoes NP,HAVO,National Park,Pacific West ,HI,2024,"3,418,134"
Hot Springs NP,HOSP,National Park,Midwest ,AR,1904,"101,000"
Hot Springs NP,HOSP,National Park,Midwest ,AR,1905,"109,000"
Hot Springs NP,HOSP,National Park,Midwest ,AR,1910,"120,000"
Hot Springs NP,HOSP,National Park,Midwest ,AR,1911,"130,000"
Hot Springs NP,HOSP,National Park,Midwest ,AR,1912,"135,000"
Hot Springs NP,HOSP,National Park,Midwest ,AR,1913,"135,000"
Hot Springs NP,HOSP,National Park,Midwest ,AR,1914,"125,000"
Hot Springs NP,HOSP,National Park,Midwest ,AR,1915,"115,000"
Hot Springs NP,HOSP,National Park,Midwest ,AR,1916,"118,740"
Hot Springs NP,HOSP,National Park,Midwest ,AR,1917,"135,000"
Hot Springs NP,HOSP,National Park,Midwest ,AR,1918,"140,000"
Hot Springs NP,HOSP,National Park,Midwest ,AR,1919,"160,490"
Hot Springs NP,HOSP,National Park,Midwest ,AR,1920,"162,850"
Hot Springs NP,HOSP,National Park,Midwest ,AR,1921,"130,968"
Hot Springs NP,HOSP,National Park,Midwest ,AR,1922,"106,164"
Hot Springs NP,HOSP,National Park,Midwest ,AR,1923,"112,000"
Hot Springs NP,HOSP,National Park,Midwest ,AR,1924,"164,175"
Hot Springs NP,HOSP,National Park,Midwest ,AR,1925,"265,500"
Hot Springs NP,HOSP,National Park,Midwest ,AR,1926,"260,000"
Hot Springs NP,HOSP,National Park,Midwest ,AR,1927,"181,523"
Hot Springs NP,HOSP,National Park,Midwest ,AR,1928,"199,099"
Hot Springs NP,HOSP,National Park,Midwest ,AR,1929,"184,517"
Hot Springs NP,HOSP,National Park,Midwest ,AR,1930,"167,062"
Hot Springs NP,HOSP,National Park,Midwest ,AR,1931,"153,394"
Hot Springs NP,HOSP,National Park,Midwest ,AR,1932,"201,762"
Hot Springs NP,HOSP,National Park,Midwest ,AR,1933,"151,638"
Hot Springs NP,HOSP,National Park,Midwest ,AR,1934,"205,565"
Hot Springs NP,HOSP,National Park,Midwest ,AR,1935,"247,387"
Hot Springs NP,HOSP,National Park,Midwest ,AR,1936,"273,083"
Hot Springs NP,HOSP,National Park,Midwest ,AR,1937,"185,935"
Hot Springs NP,HOSP,National Park,Midwest ,AR,1938,"121,909"
Hot Springs NP,HOSP,National Park,Midwest ,AR,1939,"178,755"
Hot Springs NP,HOSP,National Park,Midwest ,AR,1940,"182,583"
Hot Springs NP,HOSP,National Park,Midwest ,AR,1941,"208,107"
Hot Springs NP,HOSP,National Park,Midwest ,AR,1942,"166,661"
Hot Springs NP,HOSP,National Park,Midwest ,AR,1943,"195,842"
Hot Springs NP,HOSP,National Park,Midwest ,AR,1944,"254,834"
Hot Springs NP,HOSP,National Park,Midwest ,AR,1945,"278,626"
Hot Springs NP,HOSP,National Park,Midwest ,AR,1946,"288,275"
Hot Springs NP,HOSP,National Park,Midwest ,AR,1947,"300,820"
Hot Springs NP,HOSP,National Park,Midwest ,AR,1948,"304,021"
Hot Springs NP,HOSP,National Park,Midwest ,AR,1949,"314,949"
Hot Springs NP,HOSP,National Park,Midwest ,AR,1950,"294,955"
Hot Springs NP,HOSP,National Park,Midwest ,AR,1951,"307,426"
Hot Springs NP,HOSP,National Park,Midwest ,AR,1952,"326,016"
Hot Springs NP,HOSP,National Park,Midwest ,AR,1953,"338,828"
Hot Springs NP,HOSP,National Park,Midwest ,AR,1954,"363,100"
Hot Springs NP,HOSP,National Park,Midwest ,AR,1955,"372,600"
Hot Springs NP,HOSP,National Park,Midwest ,AR,1956,"382,100"
Hot Springs NP,HOSP,National Park,Midwest ,AR,1957,"363,500"
Hot Springs NP,HOSP,National Park,Midwest ,AR,1958,"384,800"
Hot Springs NP,HOSP,National Park,Midwest ,AR,1959,"404,700"
Hot Springs NP,HOSP,National Park,Midwest ,AR,1960,"719,100"
Hot Springs NP,HOSP,National Park,Midwest ,AR,1961,"891,300"
Hot Springs NP,HOSP,National Park,Midwest ,AR,1962,"1,874,000"
Hot Springs NP,HOSP,National Park,Midwest ,AR,1963,"1,870,600"
Hot Springs NP,HOSP,National Park,Midwest ,AR,1964,"1,787,300"
Hot Springs NP,HOSP,National Park,Midwest ,AR,1965,"1,809,400"
Hot Springs NP,HOSP,National Park,Midwest ,AR,1966,"1,763,700"
Hot Springs NP,HOSP,National Park,Midwest ,AR,1967,"1,981,300"
Hot Springs NP,HOSP,National Park,Midwest ,AR,1968,"1,913,900"
Hot Springs NP,HOSP,National Park,Midwest ,AR,1969,"1,852,300"
Hot Springs NP,HOSP,National Park,Midwest ,AR,1970,"2,092,400"
Hot Springs NP,HOSP,National Park,Midwest ,AR,1971,"1,824,400"
Hot Springs NP,HOSP,National Park,Midwest ,AR,1972,"1,974,038"
Hot Springs NP,HOSP,National Park,Midwest ,AR,1973,"1,768,300"
Hot Springs NP,HOSP,National Park,Midwest ,AR,1974,"1,631,400"
Hot Springs NP,HOSP,National Park,Midwest ,AR,1975,"1,351,000"
Hot Springs NP,HOSP,National Park,Midwest ,AR,1976,"1,117,900"
Hot Springs NP,HOSP,National Park,Midwest ,AR,1977,"1,127,000"
Hot Springs NP,HOSP,National Park,Midwest ,AR,1978,"1,229,206"
Hot Springs NP,HOSP,National Park,Midwest ,AR,1979,"5,157,911"
Hot Springs NP,HOSP,National Park,Midwest ,AR,1980,"5,277,099"
Hot Springs NP,HOSP,National Park,Midwest ,AR,1981,"5,310,721"
Hot Springs NP,HOSP,National Park,Midwest ,AR,1982,"5,047,748"
Hot Springs NP,HOSP,National Park,Midwest ,AR,1983,"5,226,089"
Hot Springs NP,HOSP,National Park,Midwest ,AR,1984,"5,432,339"
Hot Springs NP,HOSP,National Park,Midwest ,AR,1985,"5,253,951"
Hot Springs NP,HOSP,National Park,Midwest ,AR,1986,"5,629,308"
Hot Springs NP,HOSP,National Park,Midwest ,AR,1987,"5,318,848"
Hot Springs NP,HOSP,National Park,Midwest ,AR,1988,"5,414,283"
Hot Springs NP,HOSP,National Park,Midwest ,AR,1989,"5,795,169"
Hot Springs NP,HOSP,National Park,Midwest ,AR,1990,"5,342,463"
Hot Springs NP,HOSP,National Park,Midwest ,AR,1991,"5,503,859"
Hot Springs NP,HOSP,National Park,Midwest ,AR,1992,"3,486,921"
Hot Springs NP,HOSP,National Park,Midwest ,AR,1993,"3,519,256"
Hot Springs NP,HOSP,National Park,Midwest ,AR,1994,"3,707,519"
Hot Springs NP,HOSP,National Park,Midwest ,AR,1995,"3,637,210"
Hot Springs NP,HOSP,National Park,Midwest ,AR,1996,"3,558,840"
Hot Springs NP,HOSP,National Park,Midwest ,AR,1997,"3,463,990"
Hot Springs NP,HOSP,National Park,Midwest ,AR,1998,"3,505,132"
Hot Springs NP,HOSP,National Park,Midwest ,AR,1999,"3,300,800"
Hot Springs NP,HOSP,National Park,Midwest ,AR,2000,"3,388,180"
Hot Springs NP,HOSP,National Park,Midwest ,AR,2001,"3,237,297"
Hot Springs NP,HOSP,National Park,Midwest ,AR,2002,"3,464,525"
Hot Springs NP,HOSP,National Park,Midwest ,AR,2003,"3,870,860"
Hot Springs NP,HOSP,National Park,Midwest ,AR,2004,"3,862,438"
Hot Springs NP,HOSP,National Park,Midwest ,AR,2005,"3,771,802"
Hot Springs NP,HOSP,National Park,Midwest ,AR,2006,"3,831,480"
Hot Springs NP,HOSP,National Park,Midwest ,AR,2007,"3,694,690"
Hot Springs NP,HOSP,National Park,Midwest ,AR,2008,"3,428,641"
Hot Springs NP,HOSP,National Park,Midwest ,AR,2009,"3,373,552"
Hot Springs NP,HOSP,National Park,Midwest ,AR,2010,"3,550,089"
Hot Springs NP,HOSP,National Park,Midwest ,AR,2011,"3,702,989"
Hot Springs NP,HOSP,National Park,Midwest ,AR,2012,"3,574,733"
Hot Springs NP,HOSP,National Park,Midwest ,AR,2013,"3,418,243"
Hot Springs NP,HOSP,National Park,Midwest ,AR,2014,"3,609,891"
Hot Springs NP,HOSP,National Park,Midwest ,AR,2015,"3,685,735"
Hot Springs NP,HOSP,National Park,Midwest ,AR,2016,"3,921,090"
Hot Springs NP,HOSP,National Park,Midwest ,AR,2017,"4,041,154"
Hot Springs NP,HOSP,National Park,Midwest ,AR,2018,"3,836,904"
Hot Springs NP,HOSP,National Park,Midwest ,AR,2019,"3,724,078"
Hot Springs NP,HOSP,National Park,Midwest ,AR,2020,"1,526,827"
Hot Springs NP,HOSP,National Park,Midwest ,AR,2021,"2,345,518"
Hot Springs NP,HOSP,National Park,Midwest ,AR,2022,"2,833,307"
Hot Springs NP,HOSP,National Park,Midwest ,AR,2023,"2,675,561"
Hot Springs NP,HOSP,National Park,Midwest ,AR,2024,"2,666,459"
Indiana Dunes NP,INDU,National Park,Midwest ,IN,1973,"50,300"
Indiana Dunes NP,INDU,National Park,Midwest ,IN,1974,"63,000"
Indiana Dunes NP,INDU,National Park,Midwest ,IN,1975,"100,500"
Indiana Dunes NP,INDU,National Park,Midwest ,IN,1976,"153,800"
Indiana Dunes NP,INDU,National Park,Midwest ,IN,1977,"264,100"
Indiana Dunes NP,INDU,National Park,Midwest ,IN,1978,"677,532"
Indiana Dunes NP,INDU,National Park,Midwest ,IN,1979,"2,427,416"
Indiana Dunes NP,INDU,National Park,Midwest ,IN,1980,"2,045,874"
Indiana Dunes NP,INDU,National Park,Midwest ,IN,1981,"1,708,531"
Indiana Dunes NP,INDU,National Park,Midwest ,IN,1982,"1,416,794"
Indiana Dunes NP,INDU,National Park,Midwest ,IN,1983,"1,864,346"
Indiana Dunes NP,INDU,National Park,Midwest ,IN,1984,"1,913,618"
Indiana Dunes NP,INDU,National Park,Midwest ,IN,1985,"2,144,342"
Indiana Dunes NP,INDU,National Park,Midwest ,IN,1986,"2,020,599"
Indiana Dunes NP,INDU,National Park,Midwest ,IN,1987,"1,915,024"
Indiana Dunes NP,INDU,National Park,Midwest ,IN,1988,"2,248,204"
Indiana Dunes NP,INDU,National Park,Midwest ,IN,1989,"2,142,306"
Indiana Dunes NP,INDU,National Park,Midwest ,IN,1990,"2,268,536"
Indiana Dunes NP,INDU,National Park,Midwest ,IN,1991,"2,401,289"
Indiana Dunes NP,INDU,National Park,Midwest ,IN,1992,"2,309,982"
Indiana Dunes NP,INDU,National Park,Midwest ,IN,1993,"2,097,660"
Indiana Dunes NP,INDU,National Park,Midwest ,IN,1994,"1,864,065"
Indiana Dunes NP,INDU,National Park,Midwest ,IN,1995,"1,858,382"
Indiana Dunes NP,INDU,National Park,Midwest ,IN,1996,"1,661,303"
Indiana Dunes NP,INDU,National Park,Midwest ,IN,1997,"1,622,254"
Indiana Dunes NP,INDU,National Park,Midwest ,IN,1998,"2,250,386"
Indiana Dunes NP,INDU,National Park,Midwest ,IN,1999,"1,892,948"
Indiana Dunes NP,INDU,National Park,Midwest ,IN,2000,"1,956,527"
Indiana Dunes NP,INDU,National Park,Midwest ,IN,2001,"1,868,276"
Indiana Dunes NP,INDU,National Park,Midwest ,IN,2002,"2,124,276"
Indiana Dunes NP,INDU,National Park,Midwest ,IN,2003,"2,053,031"
Indiana Dunes NP,INDU,National Park,Midwest ,IN,2004,"1,900,132"
Indiana Dunes NP,INDU,National Park,Midwest ,IN,2005,"2,208,241"
Indiana Dunes NP,INDU,National Park,Midwest ,IN,2006,"2,012,470"
Indiana Dunes NP,INDU,National Park,Midwest ,IN,2007,"2,045,031"
Indiana Dunes NP,INDU,National Park,Midwest ,IN,2008,"1,894,480"
Indiana Dunes NP,INDU,National Park,Midwest ,IN,2009,"1,994,132"
Indiana Dunes NP,INDU,National Park,Midwest ,IN,2010,"2,190,007"
Indiana Dunes NP,INDU,National Park,Midwest ,IN,2011,"1,868,921"
Indiana Dunes NP,INDU,National Park,Midwest ,IN,2012,"1,914,342"
Indiana Dunes NP,INDU,National Park,Midwest ,IN,2013,"1,705,013"
Indiana Dunes NP,INDU,National Park,Midwest ,IN,2014,"1,573,923"
Indiana Dunes NP,INDU,National Park,Midwest ,IN,2015,"1,664,283"
Indiana Dunes NP,INDU,National Park,Midwest ,IN,2016,"1,723,982"
Indiana Dunes NP,INDU,National Park,Midwest ,IN,2017,"2,188,691"
Indiana Dunes NP,INDU,National Park,Midwest ,IN,2018,"1,779,686"
Indiana Dunes NP,INDU,National Park,Midwest ,IN,2019,"2,161,123"
Indiana Dunes NP,INDU,National Park,Midwest ,IN,2020,"2,320,386"
Indiana Dunes NP,INDU,National Park,Midwest ,IN,2021,"3,210,544"
Indiana Dunes NP,INDU,National Park,Midwest ,IN,2022,"2,871,622"
Indiana Dunes NP,INDU,National Park,Midwest ,IN,2023,"2,806,735"
Indiana Dunes NP,INDU,National Park,Midwest ,IN,2024,"2,745,459"
Isle Royale NP,ISRO,National Park,Midwest ,MI,1940,"2,962"
Isle Royale NP,ISRO,National Park,Midwest ,MI,1941,"7,257"
Isle Royale NP,ISRO,National Park,Midwest ,MI,1942,"6,128"
Isle Royale NP,ISRO,National Park,Midwest ,MI,1943,"5,376"
Isle Royale NP,ISRO,National Park,Midwest ,MI,1944,"3,751"
Isle Royale NP,ISRO,National Park,Midwest ,MI,1945,"6,139"
Isle Royale NP,ISRO,National Park,Midwest ,MI,1946,"7,068"
Isle Royale NP,ISRO,National Park,Midwest ,MI,1947,"7,867"
Isle Royale NP,ISRO,National Park,Midwest ,MI,1948,"7,922"
Isle Royale NP,ISRO,National Park,Midwest ,MI,1949,"9,518"
Isle Royale NP,ISRO,National Park,Midwest ,MI,1950,"3,100"
Isle Royale NP,ISRO,National Park,Midwest ,MI,1951,"2,370"
Isle Royale NP,ISRO,National Park,Midwest ,MI,1952,"2,830"
Isle Royale NP,ISRO,National Park,Midwest ,MI,1953,"3,611"
Isle Royale NP,ISRO,National Park,Midwest ,MI,1954,"4,300"
Isle Royale NP,ISRO,National Park,Midwest ,MI,1955,"5,200"
Isle Royale NP,ISRO,National Park,Midwest ,MI,1956,"5,200"
Isle Royale NP,ISRO,National Park,Midwest ,MI,1957,"5,200"
Isle Royale NP,ISRO,National Park,Midwest ,MI,1958,"4,000"
Isle Royale NP,ISRO,National Park,Midwest ,MI,1959,"5,800"
Isle Royale NP,ISRO,National Park,Midwest ,MI,1960,"6,400"
Isle Royale NP,ISRO,National Park,Midwest ,MI,1961,"6,500"
Isle Royale NP,ISRO,National Park,Midwest ,MI,1962,"5,400"
Isle Royale NP,ISRO,National Park,Midwest ,MI,1963,"7,800"
Isle Royale NP,ISRO,National Park,Midwest ,MI,1964,"8,200"
Isle Royale NP,ISRO,National Park,Midwest ,MI,1965,"9,500"
Isle Royale NP,ISRO,National Park,Midwest ,MI,1966,"10,800"
Isle Royale NP,ISRO,National Park,Midwest ,MI,1967,"9,500"
Isle Royale NP,ISRO,National Park,Midwest ,MI,1968,"10,100"
Isle Royale NP,ISRO,National Park,Midwest ,MI,1969,"10,400"
Isle Royale NP,ISRO,National Park,Midwest ,MI,1970,"14,400"
Isle Royale NP,ISRO,National Park,Midwest ,MI,1971,"15,900"
Isle Royale NP,ISRO,National Park,Midwest ,MI,1972,"16,116"
Isle Royale NP,ISRO,National Park,Midwest ,MI,1973,"15,700"
Isle Royale NP,ISRO,National Park,Midwest ,MI,1974,"13,900"
Isle Royale NP,ISRO,National Park,Midwest ,MI,1975,"16,800"
Isle Royale NP,ISRO,National Park,Midwest ,MI,1976,"17,000"
Isle Royale NP,ISRO,National Park,Midwest ,MI,1977,"16,700"
Isle Royale NP,ISRO,National Park,Midwest ,MI,1978,"16,415"
Isle Royale NP,ISRO,National Park,Midwest ,MI,1979,"79,450"
Isle Royale NP,ISRO,National Park,Midwest ,MI,1980,"74,865"
Isle Royale NP,ISRO,National Park,Midwest ,MI,1981,"71,627"
Isle Royale NP,ISRO,National Park,Midwest ,MI,1982,"68,096"
Isle Royale NP,ISRO,National Park,Midwest ,MI,1983,"65,778"
Isle Royale NP,ISRO,National Park,Midwest ,MI,1984,"66,463"
Isle Royale NP,ISRO,National Park,Midwest ,MI,1985,"71,025"
Isle Royale NP,ISRO,National Park,Midwest ,MI,1986,"82,334"
Isle Royale NP,ISRO,National Park,Midwest ,MI,1987,"85,047"
Isle Royale NP,ISRO,National Park,Midwest ,MI,1988,"78,682"
Isle Royale NP,ISRO,National Park,Midwest ,MI,1989,"80,973"
Isle Royale NP,ISRO,National Park,Midwest ,MI,1990,"79,923"
Isle Royale NP,ISRO,National Park,Midwest ,MI,1991,"79,039"
Isle Royale NP,ISRO,National Park,Midwest ,MI,1992,"80,562"
Isle Royale NP,ISRO,National Park,Midwest ,MI,1993,"82,107"
Isle Royale NP,ISRO,National Park,Midwest ,MI,1994,"89,455"
Isle Royale NP,ISRO,National Park,Midwest ,MI,1995,"89,373"
Isle Royale NP,ISRO,National Park,Midwest ,MI,1996,"92,928"
Isle Royale NP,ISRO,National Park,Midwest ,MI,1997,"83,103"
Isle Royale NP,ISRO,National Park,Midwest ,MI,1998,"88,154"
Isle Royale NP,ISRO,National Park,Midwest ,MI,1999,"87,675"
Isle Royale NP,ISRO,National Park,Midwest ,MI,2000,"81,897"
Isle Royale NP,ISRO,National Park,Midwest ,MI,2001,"86,535"
Isle Royale NP,ISRO,National Park,Midwest ,MI,2002,"77,154"
Isle Royale NP,ISRO,National Park,Midwest ,MI,2003,"74,896"
Isle Royale NP,ISRO,National Park,Midwest ,MI,2004,"70,000"
Isle Royale NP,ISRO,National Park,Midwest ,MI,2005,"71,561"
Isle Royale NP,ISRO,National Park,Midwest ,MI,2006,"69,162"
Isle Royale NP,ISRO,National Park,Midwest ,MI,2007,"67,408"
Isle Royale NP,ISRO,National Park,Midwest ,MI,2008,"60,682"
Isle Royale NP,ISRO,National Park,Midwest ,MI,2009,"57,698"
Isle Royale NP,ISRO,National Park,Midwest ,MI,2010,"65,001"
Isle Royale NP,ISRO,National Park,Midwest ,MI,2011,"64,823"
Isle Royale NP,ISRO,National Park,Midwest ,MI,2012,"64,770"
Isle Royale NP,ISRO,National Park,Midwest ,MI,2013,"62,997"
Isle Royale NP,ISRO,National Park,Midwest ,MI,2014,"59,977"
Isle Royale NP,ISRO,National Park,Midwest ,MI,2015,"62,802"
Isle Royale NP,ISRO,National Park,Midwest ,MI,2016,"74,105"
Isle Royale NP,ISRO,National Park,Midwest ,MI,2017,"78,390"
Isle Royale NP,ISRO,National Park,Midwest ,MI,2018,"78,020"
Isle Royale NP,ISRO,National Park,Midwest ,MI,2019,"81,949"
Isle Royale NP,ISRO,National Park,Midwest ,MI,2020,"19,688"
Isle Royale NP,ISRO,National Park,Midwest ,MI,2021,"84,971"
Isle Royale NP,ISRO,National Park,Midwest ,MI,2022,"84,689"
Isle Royale NP,ISRO,National Park,Midwest ,MI,2023,"92,984"
Isle Royale NP,ISRO,National Park,Midwest ,MI,2024,"95,811"
Joshua Tree NP,JOTR,National Park,Pacific West ,CA,1941,"31,285"
Joshua Tree NP,JOTR,National Park,Pacific West ,CA,1942,"23,691"
Joshua Tree NP,JOTR,National Park,Pacific West ,CA,1943,"17,414"
Joshua Tree NP,JOTR,National Park,Pacific West ,CA,1944,"7,640"
Joshua Tree NP,JOTR,National Park,Pacific West ,CA,1945,"18,275"
Joshua Tree NP,JOTR,National Park,Pacific West ,CA,1946,"36,605"
Joshua Tree NP,JOTR,National Park,Pacific West ,CA,1947,"57,801"
Joshua Tree NP,JOTR,National Park,Pacific West ,CA,1948,"59,157"
Joshua Tree NP,JOTR,National Park,Pacific West ,CA,1949,"66,991"
Joshua Tree NP,JOTR,National Park,Pacific West ,CA,1950,"79,129"
Joshua Tree NP,JOTR,National Park,Pacific West ,CA,1951,"93,615"
Joshua Tree NP,JOTR,National Park,Pacific West ,CA,1952,"141,416"
Joshua Tree NP,JOTR,National Park,Pacific West ,CA,1953,"172,423"
Joshua Tree NP,JOTR,National Park,Pacific West ,CA,1954,"260,700"
Joshua Tree NP,JOTR,National Park,Pacific West ,CA,1955,"280,600"
Joshua Tree NP,JOTR,National Park,Pacific West ,CA,1956,"312,900"
Joshua Tree NP,JOTR,National Park,Pacific West ,CA,1957,"320,300"
Joshua Tree NP,JOTR,National Park,Pacific West ,CA,1958,"365,300"
Joshua Tree NP,JOTR,National Park,Pacific West ,CA,1959,"299,600"
Joshua Tree NP,JOTR,National Park,Pacific West ,CA,1960,"320,100"
Joshua Tree NP,JOTR,National Park,Pacific West ,CA,1961,"301,500"
Joshua Tree NP,JOTR,National Park,Pacific West ,CA,1962,"331,500"
Joshua Tree NP,JOTR,National Park,Pacific West ,CA,1963,"346,300"
Joshua Tree NP,JOTR,National Park,Pacific West ,CA,1964,"343,400"
Joshua Tree NP,JOTR,National Park,Pacific West ,CA,1965,"336,000"
Joshua Tree NP,JOTR,National Park,Pacific West ,CA,1966,"408,600"
Joshua Tree NP,JOTR,National Park,Pacific West ,CA,1967,"416,500"
Joshua Tree NP,JOTR,National Park,Pacific West ,CA,1968,"489,400"
Joshua Tree NP,JOTR,National Park,Pacific West ,CA,1969,"550,300"
Joshua Tree NP,JOTR,National Park,Pacific West ,CA,1970,"643,000"
Joshua Tree NP,JOTR,National Park,Pacific West ,CA,1971,"576,000"
Joshua Tree NP,JOTR,National Park,Pacific West ,CA,1972,"602,752"
Joshua Tree NP,JOTR,National Park,Pacific West ,CA,1973,"589,600"
Joshua Tree NP,JOTR,National Park,Pacific West ,CA,1974,"509,900"
Joshua Tree NP,JOTR,National Park,Pacific West ,CA,1975,"552,200"
Joshua Tree NP,JOTR,National Park,Pacific West ,CA,1976,"728,900"
Joshua Tree NP,JOTR,National Park,Pacific West ,CA,1977,"745,600"
Joshua Tree NP,JOTR,National Park,Pacific West ,CA,1978,"602,453"
Joshua Tree NP,JOTR,National Park,Pacific West ,CA,1979,"757,485"
Joshua Tree NP,JOTR,National Park,Pacific West ,CA,1980,"705,507"
Joshua Tree NP,JOTR,National Park,Pacific West ,CA,1981,"772,414"
Joshua Tree NP,JOTR,National Park,Pacific West ,CA,1982,"840,651"
Joshua Tree NP,JOTR,National Park,Pacific West ,CA,1983,"844,953"
Joshua Tree NP,JOTR,National Park,Pacific West ,CA,1984,"823,896"
Joshua Tree NP,JOTR,National Park,Pacific West ,CA,1985,"793,992"
Joshua Tree NP,JOTR,National Park,Pacific West ,CA,1986,"955,374"
Joshua Tree NP,JOTR,National Park,Pacific West ,CA,1987,"1,022,568"
Joshua Tree NP,JOTR,National Park,Pacific West ,CA,1988,"1,145,729"
Joshua Tree NP,JOTR,National Park,Pacific West ,CA,1989,"1,205,521"
Joshua Tree NP,JOTR,National Park,Pacific West ,CA,1990,"1,257,747"
Joshua Tree NP,JOTR,National Park,Pacific West ,CA,1991,"1,401,599"
Joshua Tree NP,JOTR,National Park,Pacific West ,CA,1992,"1,488,834"
Joshua Tree NP,JOTR,National Park,Pacific West ,CA,1993,"1,523,489"
Joshua Tree NP,JOTR,National Park,Pacific West ,CA,1994,"1,437,464"
Joshua Tree NP,JOTR,National Park,Pacific West ,CA,1995,"1,483,869"
Joshua Tree NP,JOTR,National Park,Pacific West ,CA,1996,"1,354,111"
Joshua Tree NP,JOTR,National Park,Pacific West ,CA,1997,"1,460,166"
Joshua Tree NP,JOTR,National Park,Pacific West ,CA,1998,"1,661,171"
Joshua Tree NP,JOTR,National Park,Pacific West ,CA,1999,"1,574,533"
Joshua Tree NP,JOTR,National Park,Pacific West ,CA,2000,"1,483,714"
Joshua Tree NP,JOTR,National Park,Pacific West ,CA,2001,"1,520,098"
Joshua Tree NP,JOTR,National Park,Pacific West ,CA,2002,"1,460,834"
Joshua Tree NP,JOTR,National Park,Pacific West ,CA,2003,"1,577,464"
Joshua Tree NP,JOTR,National Park,Pacific West ,CA,2004,"1,493,271"
Joshua Tree NP,JOTR,National Park,Pacific West ,CA,2005,"1,648,520"
Joshua Tree NP,JOTR,National Park,Pacific West ,CA,2006,"1,511,945"
Joshua Tree NP,JOTR,National Park,Pacific West ,CA,2007,"1,561,251"
Joshua Tree NP,JOTR,National Park,Pacific West ,CA,2008,"1,632,174"
Joshua Tree NP,JOTR,National Park,Pacific West ,CA,2009,"1,575,520"
Joshua Tree NP,JOTR,National Park,Pacific West ,CA,2010,"1,728,006"
Joshua Tree NP,JOTR,National Park,Pacific West ,CA,2011,"1,682,934"
Joshua Tree NP,JOTR,National Park,Pacific West ,CA,2012,"1,700,105"
Joshua Tree NP,JOTR,National Park,Pacific West ,CA,2013,"1,698,986"
Joshua Tree NP,JOTR,National Park,Pacific West ,CA,2014,"1,941,584"
Joshua Tree NP,JOTR,National Park,Pacific West ,CA,2015,"2,418,798"
Joshua Tree NP,JOTR,National Park,Pacific West ,CA,2016,"2,912,379"
Joshua Tree NP,JOTR,National Park,Pacific West ,CA,2017,"3,284,617"
Joshua Tree NP,JOTR,National Park,Pacific West ,CA,2018,"3,345,254"
Joshua Tree NP,JOTR,National Park,Pacific West ,CA,2019,"3,388,662"
Joshua Tree NP,JOTR,National Park,Pacific West ,CA,2020,"2,678,151"
Joshua Tree NP,JOTR,National Park,Pacific West ,CA,2021,"3,423,264"
Joshua Tree NP,JOTR,National Park,Pacific West ,CA,2022,"3,465,654"
Joshua Tree NP,JOTR,National Park,Pacific West ,CA,2023,"3,678,633"
Joshua Tree NP,JOTR,National Park,Pacific West ,CA,2024,"3,396,935"
Katmai NP & PRES,KATM,National Park,Alaska,AK,1923,15
Katmai NP & PRES,KATM,National Park,Alaska,AK,1924,17
Katmai NP & PRES,KATM,National Park,Alaska,AK,1956,500
Katmai NP & PRES,KATM,National Park,Alaska,AK,1957,600
Katmai NP & PRES,KATM,National Park,Alaska,AK,1958,700
Katmai NP & PRES,KATM,National Park,Alaska,AK,1959,"1,100"
Katmai NP & PRES,KATM,National Park,Alaska,AK,1960,600
Katmai NP & PRES,KATM,National Park,Alaska,AK,1961,600
Katmai NP & PRES,KATM,National Park,Alaska,AK,1962,300
Katmai NP & PRES,KATM,National Park,Alaska,AK,1963,700
Katmai NP & PRES,KATM,National Park,Alaska,AK,1964,500
Katmai NP & PRES,KATM,National Park,Alaska,AK,1965,800
Katmai NP & PRES,KATM,National Park,Alaska,AK,1966,900
Katmai NP & PRES,KATM,National Park,Alaska,AK,1967,"1,200"
Katmai NP & PRES,KATM,National Park,Alaska,AK,1968,"1,600"
Katmai NP & PRES,KATM,National Park,Alaska,AK,1969,"7,800"
Katmai NP & PRES,KATM,National Park,Alaska,AK,1970,"11,800"
Katmai NP & PRES,KATM,National Park,Alaska,AK,1971,"9,600"
Katmai NP & PRES,KATM,National Park,Alaska,AK,1972,"11,900"
Katmai NP & PRES,KATM,National Park,Alaska,AK,1973,"8,400"
Katmai NP & PRES,KATM,National Park,Alaska,AK,1974,"11,900"
Katmai NP & PRES,KATM,National Park,Alaska,AK,1975,"9,700"
Katmai NP & PRES,KATM,National Park,Alaska,AK,1976,"10,400"
Katmai NP & PRES,KATM,National Park,Alaska,AK,1977,"10,000"
Katmai NP & PRES,KATM,National Park,Alaska,AK,1978,"11,300"
Katmai NP & PRES,KATM,National Park,Alaska,AK,1979,"18,974"
Katmai NP & PRES,KATM,National Park,Alaska,AK,1980,"17,987"
Katmai NP & PRES,KATM,National Park,Alaska,AK,1981,"20,173"
Katmai NP & PRES,KATM,National Park,Alaska,AK,1982,"22,371"
Katmai NP & PRES,KATM,National Park,Alaska,AK,1983,"15,383"
Katmai NP & PRES,KATM,National Park,Alaska,AK,1984,"27,127"
Katmai NP & PRES,KATM,National Park,Alaska,AK,1985,"30,394"
Katmai NP & PRES,KATM,National Park,Alaska,AK,1986,"50,420"
Katmai NP & PRES,KATM,National Park,Alaska,AK,1987,"47,016"
Katmai NP & PRES,KATM,National Park,Alaska,AK,1988,"55,347"
Katmai NP & PRES,KATM,National Park,Alaska,AK,1989,"61,324"
Katmai NP & PRES,KATM,National Park,Alaska,AK,1990,"55,810"
Katmai NP & PRES,KATM,National Park,Alaska,AK,1991,"54,193"
Katmai NP & PRES,KATM,National Park,Alaska,AK,1992,"59,642"
Katmai NP & PRES,KATM,National Park,Alaska,AK,1993,"70,059"
Katmai NP & PRES,KATM,National Park,Alaska,AK,1994,"75,959"
Katmai NP & PRES,KATM,National Park,Alaska,AK,1995,0
Katmai NP & PRES,KATM,National Park,Alaska,AK,1997,"34,019"
Katmai NP & PRES,KATM,National Park,Alaska,AK,1998,"60,210"
Katmai NP & PRES,KATM,National Park,Alaska,AK,1999,"76,159"
Katmai NP & PRES,KATM,National Park,Alaska,AK,2000,"100,567"
Katmai NP & PRES,KATM,National Park,Alaska,AK,2001,"94,602"
Katmai NP & PRES,KATM,National Park,Alaska,AK,2002,"87,411"
Katmai NP & PRES,KATM,National Park,Alaska,AK,2003,"57,999"
Katmai NP & PRES,KATM,National Park,Alaska,AK,2004,"63,871"
Katmai NP & PRES,KATM,National Park,Alaska,AK,2005,"62,372"
Katmai NP & PRES,KATM,National Park,Alaska,AK,2006,"76,395"
Katmai NP & PRES,KATM,National Park,Alaska,AK,2007,"89,111"
Katmai NP & PRES,KATM,National Park,Alaska,AK,2008,"9,126"
Katmai NP & PRES,KATM,National Park,Alaska,AK,2009,"48,029"
Katmai NP & PRES,KATM,National Park,Alaska,AK,2010,"61,869"
Katmai NP & PRES,KATM,National Park,Alaska,AK,2011,"57,191"
Katmai NP & PRES,KATM,National Park,Alaska,AK,2012,"50,338"
Katmai NP & PRES,KATM,National Park,Alaska,AK,2013,"36,546"
Katmai NP & PRES,KATM,National Park,Alaska,AK,2014,"37,493"
Katmai NP & PRES,KATM,National Park,Alaska,AK,2015,"44,615"
Katmai NP & PRES,KATM,National Park,Alaska,AK,2016,"44,615"
Katmai NP & PRES,KATM,National Park,Alaska,AK,2017,"44,615"
Katmai NP & PRES,KATM,National Park,Alaska,AK,2018,"44,615"
Katmai NP & PRES,KATM,National Park,Alaska,AK,2019,"91,453"
Katmai NP & PRES,KATM,National Park,Alaska,AK,2020,"73,713"
Katmai NP & PRES,KATM,National Park,Alaska,AK,2021,"42,592"
Katmai NP & PRES,KATM,National Park,Alaska,AK,2022,"59,479"
Katmai NP & PRES,KATM,National Park,Alaska,AK,2023,"59,879"
Katmai NP & PRES,KATM,National Park,Alaska,AK,2024,"60,152"
Kenai Fjords NP,KEFJ,National Park,Alaska,AK,1982,"17,757"
Kenai Fjords NP,KEFJ,National Park,Alaska,AK,1983,"26,027"
Kenai Fjords NP,KEFJ,National Park,Alaska,AK,1984,"31,655"
Kenai Fjords NP,KEFJ,National Park,Alaska,AK,1985,"38,789"
Kenai Fjords NP,KEFJ,National Park,Alaska,AK,1986,"57,976"
Kenai Fjords NP,KEFJ,National Park,Alaska,AK,1987,"64,989"
Kenai Fjords NP,KEFJ,National Park,Alaska,AK,1988,"59,962"
Kenai Fjords NP,KEFJ,National Park,Alaska,AK,1989,"78,414"
Kenai Fjords NP,KEFJ,National Park,Alaska,AK,1990,"68,220"
Kenai Fjords NP,KEFJ,National Park,Alaska,AK,1991,"110,235"
Kenai Fjords NP,KEFJ,National Park,Alaska,AK,1992,"109,933"
Kenai Fjords NP,KEFJ,National Park,Alaska,AK,1993,"191,590"
Kenai Fjords NP,KEFJ,National Park,Alaska,AK,1994,"211,931"
Kenai Fjords NP,KEFJ,National Park,Alaska,AK,1995,"233,702"
Kenai Fjords NP,KEFJ,National Park,Alaska,AK,1996,"277,086"
Kenai Fjords NP,KEFJ,National Park,Alaska,AK,1997,"309,338"
Kenai Fjords NP,KEFJ,National Park,Alaska,AK,1998,"269,495"
Kenai Fjords NP,KEFJ,National Park,Alaska,AK,1999,"295,376"
Kenai Fjords NP,KEFJ,National Park,Alaska,AK,2000,"258,452"
Kenai Fjords NP,KEFJ,National Park,Alaska,AK,2001,"266,900"
Kenai Fjords NP,KEFJ,National Park,Alaska,AK,2002,"255,587"
Kenai Fjords NP,KEFJ,National Park,Alaska,AK,2003,"246,304"
Kenai Fjords NP,KEFJ,National Park,Alaska,AK,2004,"247,322"
Kenai Fjords NP,KEFJ,National Park,Alaska,AK,2005,"261,494"
Kenai Fjords NP,KEFJ,National Park,Alaska,AK,2006,"254,503"
Kenai Fjords NP,KEFJ,National Park,Alaska,AK,2007,"286,259"
Kenai Fjords NP,KEFJ,National Park,Alaska,AK,2008,"273,862"
Kenai Fjords NP,KEFJ,National Park,Alaska,AK,2009,"220,457"
Kenai Fjords NP,KEFJ,National Park,Alaska,AK,2010,"300,572"
Kenai Fjords NP,KEFJ,National Park,Alaska,AK,2011,"348,643"
Kenai Fjords NP,KEFJ,National Park,Alaska,AK,2012,"282,779"
Kenai Fjords NP,KEFJ,National Park,Alaska,AK,2013,"284,603"
Kenai Fjords NP,KEFJ,National Park,Alaska,AK,2014,"272,228"
Kenai Fjords NP,KEFJ,National Park,Alaska,AK,2015,"298,771"
Kenai Fjords NP,KEFJ,National Park,Alaska,AK,2016,"348,696"
Kenai Fjords NP,KEFJ,National Park,Alaska,AK,2017,"305,448"
Kenai Fjords NP,KEFJ,National Park,Alaska,AK,2018,"323,352"
Kenai Fjords NP,KEFJ,National Park,Alaska,AK,2019,"358,243"
Kenai Fjords NP,KEFJ,National Park,Alaska,AK,2020,"116,004"
Kenai Fjords NP,KEFJ,National Park,Alaska,AK,2021,"413,140"
Kenai Fjords NP,KEFJ,National Park,Alaska,AK,2022,"391,563"
Kenai Fjords NP,KEFJ,National Park,Alaska,AK,2023,"388,935"
Kenai Fjords NP,KEFJ,National Park,Alaska,AK,2024,"421,005"
Kings Canyon NP,KICA,National Park,Pacific West ,CA,1904,"1,000"
Kings Canyon NP,KICA,National Park,Pacific West ,CA,1905,"1,000"
Kings Canyon NP,KICA,National Park,Pacific West ,CA,1906,900
Kings Canyon NP,KICA,National Park,Pacific West ,CA,1907,"1,100"
Kings Canyon NP,KICA,National Park,Pacific West ,CA,1908,"1,773"
Kings Canyon NP,KICA,National Park,Pacific West ,CA,1909,798
Kings Canyon NP,KICA,National Park,Pacific West ,CA,1910,"1,178"
Kings Canyon NP,KICA,National Park,Pacific West ,CA,1911,"2,160"
Kings Canyon NP,KICA,National Park,Pacific West ,CA,1912,"2,240"
Kings Canyon NP,KICA,National Park,Pacific West ,CA,1913,"2,756"
Kings Canyon NP,KICA,National Park,Pacific West ,CA,1914,"3,735"
Kings Canyon NP,KICA,National Park,Pacific West ,CA,1915,"10,523"
Kings Canyon NP,KICA,National Park,Pacific West ,CA,1916,"15,360"
Kings Canyon NP,KICA,National Park,Pacific West ,CA,1917,"17,390"
Kings Canyon NP,KICA,National Park,Pacific West ,CA,1918,"15,496"
Kings Canyon NP,KICA,National Park,Pacific West ,CA,1919,"21,574"
Kings Canyon NP,KICA,National Park,Pacific West ,CA,1920,"19,661"
Kings Canyon NP,KICA,National Park,Pacific West ,CA,1921,"30,312"
Kings Canyon NP,KICA,National Park,Pacific West ,CA,1922,"50,456"
Kings Canyon NP,KICA,National Park,Pacific West ,CA,1923,"46,230"
Kings Canyon NP,KICA,National Park,Pacific West ,CA,1924,"35,020"
Kings Canyon NP,KICA,National Park,Pacific West ,CA,1925,"40,517"
Kings Canyon NP,KICA,National Park,Pacific West ,CA,1926,"50,597"
Kings Canyon NP,KICA,National Park,Pacific West ,CA,1927,"47,996"
Kings Canyon NP,KICA,National Park,Pacific West ,CA,1928,"51,988"
Kings Canyon NP,KICA,National Park,Pacific West ,CA,1929,"44,783"
Kings Canyon NP,KICA,National Park,Pacific West ,CA,1930,"43,547"
Kings Canyon NP,KICA,National Park,Pacific West ,CA,1931,"51,995"
Kings Canyon NP,KICA,National Park,Pacific West ,CA,1932,"40,806"
Kings Canyon NP,KICA,National Park,Pacific West ,CA,1933,"50,081"
Kings Canyon NP,KICA,National Park,Pacific West ,CA,1934,"66,024"
Kings Canyon NP,KICA,National Park,Pacific West ,CA,1935,"116,739"
Kings Canyon NP,KICA,National Park,Pacific West ,CA,1936,"148,568"
Kings Canyon NP,KICA,National Park,Pacific West ,CA,1937,"157,810"
Kings Canyon NP,KICA,National Park,Pacific West ,CA,1938,"148,116"
Kings Canyon NP,KICA,National Park,Pacific West ,CA,1939,"161,080"
Kings Canyon NP,KICA,National Park,Pacific West ,CA,1940,"201,545"
Kings Canyon NP,KICA,National Park,Pacific West ,CA,1941,"173,587"
Kings Canyon NP,KICA,National Park,Pacific West ,CA,1942,"97,745"
Kings Canyon NP,KICA,National Park,Pacific West ,CA,1943,"60,651"
Kings Canyon NP,KICA,National Park,Pacific West ,CA,1944,"35,203"
Kings Canyon NP,KICA,National Park,Pacific West ,CA,1945,"82,442"
Kings Canyon NP,KICA,National Park,Pacific West ,CA,1946,"221,990"
Kings Canyon NP,KICA,National Park,Pacific West ,CA,1947,"236,687"
Kings Canyon NP,KICA,National Park,Pacific West ,CA,1948,"279,231"
Kings Canyon NP,KICA,National Park,Pacific West ,CA,1949,"294,021"
Kings Canyon NP,KICA,National Park,Pacific West ,CA,1950,"337,840"
Kings Canyon NP,KICA,National Park,Pacific West ,CA,1951,"450,031"
Kings Canyon NP,KICA,National Park,Pacific West ,CA,1952,"448,156"
Kings Canyon NP,KICA,National Park,Pacific West ,CA,1953,"435,548"
Kings Canyon NP,KICA,National Park,Pacific West ,CA,1954,"551,500"
Kings Canyon NP,KICA,National Park,Pacific West ,CA,1955,"556,100"
Kings Canyon NP,KICA,National Park,Pacific West ,CA,1956,"669,800"
Kings Canyon NP,KICA,National Park,Pacific West ,CA,1957,"638,500"
Kings Canyon NP,KICA,National Park,Pacific West ,CA,1958,"683,900"
Kings Canyon NP,KICA,National Park,Pacific West ,CA,1959,"718,500"
Kings Canyon NP,KICA,National Park,Pacific West ,CA,1960,"759,800"
Kings Canyon NP,KICA,National Park,Pacific West ,CA,1961,"748,600"
Kings Canyon NP,KICA,National Park,Pacific West ,CA,1962,"826,100"
Kings Canyon NP,KICA,National Park,Pacific West ,CA,1963,"778,600"
Kings Canyon NP,KICA,National Park,Pacific West ,CA,1964,"831,600"
Kings Canyon NP,KICA,National Park,Pacific West ,CA,1965,"848,900"
Kings Canyon NP,KICA,National Park,Pacific West ,CA,1966,"923,400"
Kings Canyon NP,KICA,National Park,Pacific West ,CA,1967,"909,900"
Kings Canyon NP,KICA,National Park,Pacific West ,CA,1968,"1,064,000"
Kings Canyon NP,KICA,National Park,Pacific West ,CA,1969,"946,000"
Kings Canyon NP,KICA,National Park,Pacific West ,CA,1970,"1,019,000"
Kings Canyon NP,KICA,National Park,Pacific West ,CA,1971,"887,000"
Kings Canyon NP,KICA,National Park,Pacific West ,CA,1972,"1,051,755"
Kings Canyon NP,KICA,National Park,Pacific West ,CA,1973,"899,300"
Kings Canyon NP,KICA,National Park,Pacific West ,CA,1974,"1,216,800"
Kings Canyon NP,KICA,National Park,Pacific West ,CA,1975,"1,031,500"
Kings Canyon NP,KICA,National Park,Pacific West ,CA,1976,"1,127,900"
Kings Canyon NP,KICA,National Park,Pacific West ,CA,1977,"1,041,000"
Kings Canyon NP,KICA,National Park,Pacific West ,CA,1978,"864,733"
Kings Canyon NP,KICA,National Park,Pacific West ,CA,1979,"1,096,798"
Kings Canyon NP,KICA,National Park,Pacific West ,CA,1980,"1,166,590"
Kings Canyon NP,KICA,National Park,Pacific West ,CA,1981,"1,093,805"
Kings Canyon NP,KICA,National Park,Pacific West ,CA,1982,"1,098,251"
Kings Canyon NP,KICA,National Park,Pacific West ,CA,1983,"1,061,062"
Kings Canyon NP,KICA,National Park,Pacific West ,CA,1984,"1,212,891"
Kings Canyon NP,KICA,National Park,Pacific West ,CA,1985,"1,146,659"
Kings Canyon NP,KICA,National Park,Pacific West ,CA,1986,"1,298,289"
Kings Canyon NP,KICA,National Park,Pacific West ,CA,1987,"1,369,428"
Kings Canyon NP,KICA,National Park,Pacific West ,CA,1988,"1,299,288"
Kings Canyon NP,KICA,National Park,Pacific West ,CA,1989,"1,330,435"
Kings Canyon NP,KICA,National Park,Pacific West ,CA,1990,"1,368,820"
Kings Canyon NP,KICA,National Park,Pacific West ,CA,1991,"1,349,092"
Kings Canyon NP,KICA,National Park,Pacific West ,CA,1992,"932,177"
Kings Canyon NP,KICA,National Park,Pacific West ,CA,1993,"907,496"
Kings Canyon NP,KICA,National Park,Pacific West ,CA,1994,"992,760"
Kings Canyon NP,KICA,National Park,Pacific West ,CA,1995,"1,097,584"
Kings Canyon NP,KICA,National Park,Pacific West ,CA,1996,"738,893"
Kings Canyon NP,KICA,National Park,Pacific West ,CA,1997,"734,389"
Kings Canyon NP,KICA,National Park,Pacific West ,CA,1998,"787,648"
Kings Canyon NP,KICA,National Park,Pacific West ,CA,1999,"834,461"
Kings Canyon NP,KICA,National Park,Pacific West ,CA,2000,"776,954"
Kings Canyon NP,KICA,National Park,Pacific West ,CA,2001,"810,750"
Kings Canyon NP,KICA,National Park,Pacific West ,CA,2002,"776,098"
Kings Canyon NP,KICA,National Park,Pacific West ,CA,2003,"792,043"
Kings Canyon NP,KICA,National Park,Pacific West ,CA,2004,"730,865"
Kings Canyon NP,KICA,National Park,Pacific West ,CA,2005,"780,987"
Kings Canyon NP,KICA,National Park,Pacific West ,CA,2006,"727,606"
Kings Canyon NP,KICA,National Park,Pacific West ,CA,2007,"768,089"
Kings Canyon NP,KICA,National Park,Pacific West ,CA,2008,"775,413"
Kings Canyon NP,KICA,National Park,Pacific West ,CA,2009,"811,826"
Kings Canyon NP,KICA,National Park,Pacific West ,CA,2010,"811,297"
Kings Canyon NP,KICA,National Park,Pacific West ,CA,2011,"770,688"
Kings Canyon NP,KICA,National Park,Pacific West ,CA,2012,"782,596"
Kings Canyon NP,KICA,National Park,Pacific West ,CA,2013,"773,011"
Kings Canyon NP,KICA,National Park,Pacific West ,CA,2014,"723,017"
Kings Canyon NP,KICA,National Park,Pacific West ,CA,2015,"657,944"
Kings Canyon NP,KICA,National Park,Pacific West ,CA,2016,"845,815"
Kings Canyon NP,KICA,National Park,Pacific West ,CA,2017,"966,987"
Kings Canyon NP,KICA,National Park,Pacific West ,CA,2018,"967,690"
Kings Canyon NP,KICA,National Park,Pacific West ,CA,2019,"872,756"
Kings Canyon NP,KICA,National Park,Pacific West ,CA,2020,"476,665"
Kings Canyon NP,KICA,National Park,Pacific West ,CA,2021,"799,237"
Kings Canyon NP,KICA,National Park,Pacific West ,CA,2022,"865,308"
Kings Canyon NP,KICA,National Park,Pacific West ,CA,2023,"757,734"
Kings Canyon NP,KICA,National Park,Pacific West ,CA,2024,"855,223"
Kobuk Valley NP,KOVA,National Park,Alaska,AK,1982,"9,625"
Kobuk Valley NP,KOVA,National Park,Alaska,AK,1983,"6,390"
Kobuk Valley NP,KOVA,National Park,Alaska,AK,1984,"8,675"
Kobuk Valley NP,KOVA,National Park,Alaska,AK,1985,"9,165"
Kobuk Valley NP,KOVA,National Park,Alaska,AK,1986,"6,900"
Kobuk Valley NP,KOVA,National Park,Alaska,AK,1987,"6,080"
Kobuk Valley NP,KOVA,National Park,Alaska,AK,1988,"9,980"
Kobuk Valley NP,KOVA,National Park,Alaska,AK,1989,"7,760"
Kobuk Valley NP,KOVA,National Park,Alaska,AK,1990,"8,141"
Kobuk Valley NP,KOVA,National Park,Alaska,AK,1991,"8,368"
Kobuk Valley NP,KOVA,National Park,Alaska,AK,1992,"9,142"
Kobuk Valley NP,KOVA,National Park,Alaska,AK,1993,"9,368"
Kobuk Valley NP,KOVA,National Park,Alaska,AK,1994,"9,225"
Kobuk Valley NP,KOVA,National Park,Alaska,AK,1995,"8,459"
Kobuk Valley NP,KOVA,National Park,Alaska,AK,1996,"8,715"
Kobuk Valley NP,KOVA,National Park,Alaska,AK,1997,"9,225"
Kobuk Valley NP,KOVA,National Park,Alaska,AK,1998,"12,150"
Kobuk Valley NP,KOVA,National Park,Alaska,AK,1999,"13,709"
Kobuk Valley NP,KOVA,National Park,Alaska,AK,2000,"8,546"
Kobuk Valley NP,KOVA,National Park,Alaska,AK,2001,"11,187"
Kobuk Valley NP,KOVA,National Park,Alaska,AK,2002,"11,346"
Kobuk Valley NP,KOVA,National Park,Alaska,AK,2003,"9,081"
Kobuk Valley NP,KOVA,National Park,Alaska,AK,2004,"9,364"
Kobuk Valley NP,KOVA,National Park,Alaska,AK,2005,"9,960"
Kobuk Valley NP,KOVA,National Park,Alaska,AK,2006,"6,928"
Kobuk Valley NP,KOVA,National Park,Alaska,AK,2007,"3,519"
Kobuk Valley NP,KOVA,National Park,Alaska,AK,2008,"4,585"
Kobuk Valley NP,KOVA,National Park,Alaska,AK,2009,"5,171"
Kobuk Valley NP,KOVA,National Park,Alaska,AK,2010,"4,283"
Kobuk Valley NP,KOVA,National Park,Alaska,AK,2011,"26,043"
Kobuk Valley NP,KOVA,National Park,Alaska,AK,2012,"60,750"
Kobuk Valley NP,KOVA,National Park,Alaska,AK,2013,"36,955"
Kobuk Valley NP,KOVA,National Park,Alaska,AK,2014,0
Kobuk Valley NP,KOVA,National Park,Alaska,AK,2015,0
Kobuk Valley NP,KOVA,National Park,Alaska,AK,2016,"37,400"
Kobuk Valley NP,KOVA,National Park,Alaska,AK,2017,"37,400"
Kobuk Valley NP,KOVA,National Park,Alaska,AK,2018,"35,087"
Kobuk Valley NP,KOVA,National Park,Alaska,AK,2019,"37,666"
Kobuk Valley NP,KOVA,National Park,Alaska,AK,2020,"29,694"
Kobuk Valley NP,KOVA,National Park,Alaska,AK,2021,"29,094"
Kobuk Valley NP,KOVA,National Park,Alaska,AK,2022,"38,825"
Kobuk Valley NP,KOVA,National Park,Alaska,AK,2023,"39,141"
Kobuk Valley NP,KOVA,National Park,Alaska,AK,2024,"38,011"
Lake Clark NP & PRES,LACL,National Park,Alaska,AK,1982,"16,382"
Lake Clark NP & PRES,LACL,National Park,Alaska,AK,1983,"19,536"
Lake Clark NP & PRES,LACL,National Park,Alaska,AK,1984,"20,605"
Lake Clark NP & PRES,LACL,National Park,Alaska,AK,1985,"24,442"
Lake Clark NP & PRES,LACL,National Park,Alaska,AK,1986,"25,480"
Lake Clark NP & PRES,LACL,National Park,Alaska,AK,1987,"25,108"
Lake Clark NP & PRES,LACL,National Park,Alaska,AK,1988,"28,033"
Lake Clark NP & PRES,LACL,National Park,Alaska,AK,1989,"22,021"
Lake Clark NP & PRES,LACL,National Park,Alaska,AK,1990,"14,969"
Lake Clark NP & PRES,LACL,National Park,Alaska,AK,1991,"5,080"
Lake Clark NP & PRES,LACL,National Park,Alaska,AK,1992,"11,614"
Lake Clark NP & PRES,LACL,National Park,Alaska,AK,1993,"14,522"
Lake Clark NP & PRES,LACL,National Park,Alaska,AK,1994,"14,880"
Lake Clark NP & PRES,LACL,National Park,Alaska,AK,1995,"16,000"
Lake Clark NP & PRES,LACL,National Park,Alaska,AK,1996,"15,846"
Lake Clark NP & PRES,LACL,National Park,Alaska,AK,1997,"12,357"
Lake Clark NP & PRES,LACL,National Park,Alaska,AK,1998,"14,343"
Lake Clark NP & PRES,LACL,National Park,Alaska,AK,1999,"9,068"
Lake Clark NP & PRES,LACL,National Park,Alaska,AK,2000,"8,502"
Lake Clark NP & PRES,LACL,National Park,Alaska,AK,2001,"6,735"
Lake Clark NP & PRES,LACL,National Park,Alaska,AK,2002,"6,675"
Lake Clark NP & PRES,LACL,National Park,Alaska,AK,2003,"6,475"
Lake Clark NP & PRES,LACL,National Park,Alaska,AK,2004,"6,906"
Lake Clark NP & PRES,LACL,National Park,Alaska,AK,2005,"7,368"
Lake Clark NP & PRES,LACL,National Park,Alaska,AK,2006,"6,985"
Lake Clark NP & PRES,LACL,National Park,Alaska,AK,2007,"7,026"
Lake Clark NP & PRES,LACL,National Park,Alaska,AK,2008,"9,148"
Lake Clark NP & PRES,LACL,National Park,Alaska,AK,2009,"13,032"
Lake Clark NP & PRES,LACL,National Park,Alaska,AK,2010,"15,080"
Lake Clark NP & PRES,LACL,National Park,Alaska,AK,2011,"7,089"
Lake Clark NP & PRES,LACL,National Park,Alaska,AK,2012,"14,876"
Lake Clark NP & PRES,LACL,National Park,Alaska,AK,2013,"15,376"
Lake Clark NP & PRES,LACL,National Park,Alaska,AK,2014,"18,274"
Lake Clark NP & PRES,LACL,National Park,Alaska,AK,2015,"19,984"
Lake Clark NP & PRES,LACL,National Park,Alaska,AK,2016,"27,588"
Lake Clark NP & PRES,LACL,National Park,Alaska,AK,2017,"29,953"
Lake Clark NP & PRES,LACL,National Park,Alaska,AK,2018,"21,677"
Lake Clark NP & PRES,LACL,National Park,Alaska,AK,2019,"17,843"
Lake Clark NP & PRES,LACL,National Park,Alaska,AK,2020,"7,996"
Lake Clark NP & PRES,LACL,National Park,Alaska,AK,2021,"28,726"
Lake Clark NP & PRES,LACL,National Park,Alaska,AK,2022,"28,413"
Lake Clark NP & PRES,LACL,National Park,Alaska,AK,2023,"26,330"
Lake Clark NP & PRES,LACL,National Park,Alaska,AK,2024,"32,886"
Lassen Volcanic NP,LAVO,National Park,Pacific West ,CA,1917,"8,500"
Lassen Volcanic NP,LAVO,National Park,Pacific West ,CA,1918,"2,000"
Lassen Volcanic NP,LAVO,National Park,Pacific West ,CA,1919,"2,500"
Lassen Volcanic NP,LAVO,National Park,Pacific West ,CA,1920,"2,000"
Lassen Volcanic NP,LAVO,National Park,Pacific West ,CA,1921,"10,000"
Lassen Volcanic NP,LAVO,National Park,Pacific West ,CA,1922,"10,000"
Lassen Volcanic NP,LAVO,National Park,Pacific West ,CA,1923,"9,500"
Lassen Volcanic NP,LAVO,National Park,Pacific West ,CA,1924,"12,500"
Lassen Volcanic NP,LAVO,National Park,Pacific West ,CA,1925,"12,596"
Lassen Volcanic NP,LAVO,National Park,Pacific West ,CA,1926,"18,739"
Lassen Volcanic NP,LAVO,National Park,Pacific West ,CA,1927,"20,089"
Lassen Volcanic NP,LAVO,National Park,Pacific West ,CA,1928,"26,057"
Lassen Volcanic NP,LAVO,National Park,Pacific West ,CA,1929,"26,106"
Lassen Volcanic NP,LAVO,National Park,Pacific West ,CA,1930,"31,755"
Lassen Volcanic NP,LAVO,National Park,Pacific West ,CA,1931,"56,833"
Lassen Volcanic NP,LAVO,National Park,Pacific West ,CA,1932,"41,723"
Lassen Volcanic NP,LAVO,National Park,Pacific West ,CA,1933,"45,577"
Lassen Volcanic NP,LAVO,National Park,Pacific West ,CA,1934,"51,906"
Lassen Volcanic NP,LAVO,National Park,Pacific West ,CA,1935,"52,294"
Lassen Volcanic NP,LAVO,National Park,Pacific West ,CA,1936,"76,971"
Lassen Volcanic NP,LAVO,National Park,Pacific West ,CA,1937,"86,757"
Lassen Volcanic NP,LAVO,National Park,Pacific West ,CA,1938,"73,005"
Lassen Volcanic NP,LAVO,National Park,Pacific West ,CA,1939,"100,880"
Lassen Volcanic NP,LAVO,National Park,Pacific West ,CA,1940,"104,619"
Lassen Volcanic NP,LAVO,National Park,Pacific West ,CA,1941,"109,272"
Lassen Volcanic NP,LAVO,National Park,Pacific West ,CA,1942,"48,144"
Lassen Volcanic NP,LAVO,National Park,Pacific West ,CA,1943,"18,971"
Lassen Volcanic NP,LAVO,National Park,Pacific West ,CA,1944,"19,060"
Lassen Volcanic NP,LAVO,National Park,Pacific West ,CA,1945,"45,225"
Lassen Volcanic NP,LAVO,National Park,Pacific West ,CA,1946,"99,067"
Lassen Volcanic NP,LAVO,National Park,Pacific West ,CA,1947,"149,848"
Lassen Volcanic NP,LAVO,National Park,Pacific West ,CA,1948,"160,707"
Lassen Volcanic NP,LAVO,National Park,Pacific West ,CA,1949,"172,496"
Lassen Volcanic NP,LAVO,National Park,Pacific West ,CA,1950,"183,815"
Lassen Volcanic NP,LAVO,National Park,Pacific West ,CA,1951,"203,609"
Lassen Volcanic NP,LAVO,National Park,Pacific West ,CA,1952,"212,550"
Lassen Volcanic NP,LAVO,National Park,Pacific West ,CA,1953,"225,328"
Lassen Volcanic NP,LAVO,National Park,Pacific West ,CA,1954,"282,400"
Lassen Volcanic NP,LAVO,National Park,Pacific West ,CA,1955,"304,400"
Lassen Volcanic NP,LAVO,National Park,Pacific West ,CA,1956,"303,800"
Lassen Volcanic NP,LAVO,National Park,Pacific West ,CA,1957,"327,300"
Lassen Volcanic NP,LAVO,National Park,Pacific West ,CA,1958,"346,700"
Lassen Volcanic NP,LAVO,National Park,Pacific West ,CA,1959,"379,900"
Lassen Volcanic NP,LAVO,National Park,Pacific West ,CA,1960,"401,800"
Lassen Volcanic NP,LAVO,National Park,Pacific West ,CA,1961,"460,000"
Lassen Volcanic NP,LAVO,National Park,Pacific West ,CA,1962,"399,000"
Lassen Volcanic NP,LAVO,National Park,Pacific West ,CA,1963,"369,300"
Lassen Volcanic NP,LAVO,National Park,Pacific West ,CA,1964,"407,700"
Lassen Volcanic NP,LAVO,National Park,Pacific West ,CA,1965,"400,300"
Lassen Volcanic NP,LAVO,National Park,Pacific West ,CA,1966,"462,500"
Lassen Volcanic NP,LAVO,National Park,Pacific West ,CA,1967,"358,300"
Lassen Volcanic NP,LAVO,National Park,Pacific West ,CA,1968,"442,800"
Lassen Volcanic NP,LAVO,National Park,Pacific West ,CA,1969,"435,700"
Lassen Volcanic NP,LAVO,National Park,Pacific West ,CA,1970,"466,600"
Lassen Volcanic NP,LAVO,National Park,Pacific West ,CA,1971,"447,400"
Lassen Volcanic NP,LAVO,National Park,Pacific West ,CA,1972,"504,641"
Lassen Volcanic NP,LAVO,National Park,Pacific West ,CA,1973,"496,200"
Lassen Volcanic NP,LAVO,National Park,Pacific West ,CA,1974,"408,700"
Lassen Volcanic NP,LAVO,National Park,Pacific West ,CA,1975,"444,500"
Lassen Volcanic NP,LAVO,National Park,Pacific West ,CA,1976,"461,400"
Lassen Volcanic NP,LAVO,National Park,Pacific West ,CA,1977,"381,200"
Lassen Volcanic NP,LAVO,National Park,Pacific West ,CA,1978,"442,192"
Lassen Volcanic NP,LAVO,National Park,Pacific West ,CA,1979,"471,153"
Lassen Volcanic NP,LAVO,National Park,Pacific West ,CA,1980,"481,546"
Lassen Volcanic NP,LAVO,National Park,Pacific West ,CA,1981,"519,194"
Lassen Volcanic NP,LAVO,National Park,Pacific West ,CA,1982,"505,120"
Lassen Volcanic NP,LAVO,National Park,Pacific West ,CA,1983,"503,035"
Lassen Volcanic NP,LAVO,National Park,Pacific West ,CA,1984,"558,582"
Lassen Volcanic NP,LAVO,National Park,Pacific West ,CA,1985,"538,705"
Lassen Volcanic NP,LAVO,National Park,Pacific West ,CA,1986,"534,654"
Lassen Volcanic NP,LAVO,National Park,Pacific West ,CA,1987,"578,174"
Lassen Volcanic NP,LAVO,National Park,Pacific West ,CA,1988,"601,838"
Lassen Volcanic NP,LAVO,National Park,Pacific West ,CA,1989,"573,760"
Lassen Volcanic NP,LAVO,National Park,Pacific West ,CA,1990,"574,110"
Lassen Volcanic NP,LAVO,National Park,Pacific West ,CA,1991,"592,142"
Lassen Volcanic NP,LAVO,National Park,Pacific West ,CA,1992,"604,947"
Lassen Volcanic NP,LAVO,National Park,Pacific West ,CA,1993,"536,187"
Lassen Volcanic NP,LAVO,National Park,Pacific West ,CA,1994,"481,880"
Lassen Volcanic NP,LAVO,National Park,Pacific West ,CA,1995,"439,233"
Lassen Volcanic NP,LAVO,National Park,Pacific West ,CA,1996,"445,124"
Lassen Volcanic NP,LAVO,National Park,Pacific West ,CA,1997,"483,963"
Lassen Volcanic NP,LAVO,National Park,Pacific West ,CA,1998,"394,247"
Lassen Volcanic NP,LAVO,National Park,Pacific West ,CA,1999,"437,263"
Lassen Volcanic NP,LAVO,National Park,Pacific West ,CA,2000,"454,131"
Lassen Volcanic NP,LAVO,National Park,Pacific West ,CA,2001,"471,586"
Lassen Volcanic NP,LAVO,National Park,Pacific West ,CA,2002,"475,415"
Lassen Volcanic NP,LAVO,National Park,Pacific West ,CA,2003,"487,759"
Lassen Volcanic NP,LAVO,National Park,Pacific West ,CA,2004,"459,342"
Lassen Volcanic NP,LAVO,National Park,Pacific West ,CA,2005,"439,652"
Lassen Volcanic NP,LAVO,National Park,Pacific West ,CA,2006,"460,047"
Lassen Volcanic NP,LAVO,National Park,Pacific West ,CA,2007,"470,602"
Lassen Volcanic NP,LAVO,National Park,Pacific West ,CA,2008,"455,651"
Lassen Volcanic NP,LAVO,National Park,Pacific West ,CA,2009,"464,570"
Lassen Volcanic NP,LAVO,National Park,Pacific West ,CA,2010,"483,256"
Lassen Volcanic NP,LAVO,National Park,Pacific West ,CA,2011,"439,836"
Lassen Volcanic NP,LAVO,National Park,Pacific West ,CA,2012,"493,642"
Lassen Volcanic NP,LAVO,National Park,Pacific West ,CA,2013,"533,285"
Lassen Volcanic NP,LAVO,National Park,Pacific West ,CA,2014,"539,324"
Lassen Volcanic NP,LAVO,National Park,Pacific West ,CA,2015,"600,576"
Lassen Volcanic NP,LAVO,National Park,Pacific West ,CA,2016,"653,190"
Lassen Volcanic NP,LAVO,National Park,Pacific West ,CA,2017,"622,671"
Lassen Volcanic NP,LAVO,National Park,Pacific West ,CA,2018,"613,242"
Lassen Volcanic NP,LAVO,National Park,Pacific West ,CA,2019,"630,771"
Lassen Volcanic NP,LAVO,National Park,Pacific West ,CA,2020,"670,696"
Lassen Volcanic NP,LAVO,National Park,Pacific West ,CA,2021,"435,634"
Lassen Volcanic NP,LAVO,National Park,Pacific West ,CA,2022,"549,495"
Lassen Volcanic NP,LAVO,National Park,Pacific West ,CA,2023,"495,060"
Lassen Volcanic NP,LAVO,National Park,Pacific West ,CA,2024,"433,922"
Mammoth Cave NP,MACA,National Park,Southeast ,KY,1936,"57,775"
Mammoth Cave NP,MACA,National Park,Southeast ,KY,1937,"75,434"
Mammoth Cave NP,MACA,National Park,Southeast ,KY,1938,"120,692"
Mammoth Cave NP,MACA,National Park,Southeast ,KY,1939,"116,516"
Mammoth Cave NP,MACA,National Park,Southeast ,KY,1940,"117,751"
Mammoth Cave NP,MACA,National Park,Southeast ,KY,1941,"165,996"
Mammoth Cave NP,MACA,National Park,Southeast ,KY,1942,"87,157"
Mammoth Cave NP,MACA,National Park,Southeast ,KY,1943,"44,611"
Mammoth Cave NP,MACA,National Park,Southeast ,KY,1944,"49,389"
Mammoth Cave NP,MACA,National Park,Southeast ,KY,1945,"70,513"
Mammoth Cave NP,MACA,National Park,Southeast ,KY,1946,"162,877"
Mammoth Cave NP,MACA,National Park,Southeast ,KY,1947,"185,111"
Mammoth Cave NP,MACA,National Park,Southeast ,KY,1948,"180,621"
Mammoth Cave NP,MACA,National Park,Southeast ,KY,1949,"211,792"
Mammoth Cave NP,MACA,National Park,Southeast ,KY,1950,"254,187"
Mammoth Cave NP,MACA,National Park,Southeast ,KY,1951,"364,213"
Mammoth Cave NP,MACA,National Park,Southeast ,KY,1952,"438,030"
Mammoth Cave NP,MACA,National Park,Southeast ,KY,1953,"499,416"
Mammoth Cave NP,MACA,National Park,Southeast ,KY,1954,"439,800"
Mammoth Cave NP,MACA,National Park,Southeast ,KY,1955,"447,800"
Mammoth Cave NP,MACA,National Park,Southeast ,KY,1956,"466,100"
Mammoth Cave NP,MACA,National Park,Southeast ,KY,1957,"450,200"
Mammoth Cave NP,MACA,National Park,Southeast ,KY,1958,"480,100"
Mammoth Cave NP,MACA,National Park,Southeast ,KY,1959,"490,300"
Mammoth Cave NP,MACA,National Park,Southeast ,KY,1960,"519,100"
Mammoth Cave NP,MACA,National Park,Southeast ,KY,1961,"519,300"
Mammoth Cave NP,MACA,National Park,Southeast ,KY,1962,"569,300"
Mammoth Cave NP,MACA,National Park,Southeast ,KY,1963,"636,100"
Mammoth Cave NP,MACA,National Park,Southeast ,KY,1964,"793,400"
Mammoth Cave NP,MACA,National Park,Southeast ,KY,1965,"872,200"
Mammoth Cave NP,MACA,National Park,Southeast ,KY,1966,"1,143,800"
Mammoth Cave NP,MACA,National Park,Southeast ,KY,1967,"1,282,800"
Mammoth Cave NP,MACA,National Park,Southeast ,KY,1968,"1,540,200"
Mammoth Cave NP,MACA,National Park,Southeast ,KY,1969,"1,299,700"
Mammoth Cave NP,MACA,National Park,Southeast ,KY,1970,"1,726,500"
Mammoth Cave NP,MACA,National Park,Southeast ,KY,1971,"1,571,900"
Mammoth Cave NP,MACA,National Park,Southeast ,KY,1972,"1,699,782"
Mammoth Cave NP,MACA,National Park,Southeast ,KY,1973,"1,754,500"
Mammoth Cave NP,MACA,National Park,Southeast ,KY,1974,"1,566,900"
Mammoth Cave NP,MACA,National Park,Southeast ,KY,1975,"1,680,700"
Mammoth Cave NP,MACA,National Park,Southeast ,KY,1976,"1,748,900"
Mammoth Cave NP,MACA,National Park,Southeast ,KY,1977,"1,806,300"
Mammoth Cave NP,MACA,National Park,Southeast ,KY,1978,"1,640,488"
Mammoth Cave NP,MACA,National Park,Southeast ,KY,1979,"1,647,081"
Mammoth Cave NP,MACA,National Park,Southeast ,KY,1980,"1,767,713"
Mammoth Cave NP,MACA,National Park,Southeast ,KY,1981,"1,679,771"
Mammoth Cave NP,MACA,National Park,Southeast ,KY,1982,"1,809,912"
Mammoth Cave NP,MACA,National Park,Southeast ,KY,1983,"1,763,380"
Mammoth Cave NP,MACA,National Park,Southeast ,KY,1984,"1,762,999"
Mammoth Cave NP,MACA,National Park,Southeast ,KY,1985,"1,775,279"
Mammoth Cave NP,MACA,National Park,Southeast ,KY,1986,"1,910,322"
Mammoth Cave NP,MACA,National Park,Southeast ,KY,1987,"1,898,130"
Mammoth Cave NP,MACA,National Park,Southeast ,KY,1988,"2,006,048"
Mammoth Cave NP,MACA,National Park,Southeast ,KY,1989,"1,940,369"
Mammoth Cave NP,MACA,National Park,Southeast ,KY,1990,"2,195,246"
Mammoth Cave NP,MACA,National Park,Southeast ,KY,1991,"2,438,324"
Mammoth Cave NP,MACA,National Park,Southeast ,KY,1992,"2,655,174"
Mammoth Cave NP,MACA,National Park,Southeast ,KY,1993,"2,678,430"
Mammoth Cave NP,MACA,National Park,Southeast ,KY,1994,"2,202,533"
Mammoth Cave NP,MACA,National Park,Southeast ,KY,1995,"2,129,279"
Mammoth Cave NP,MACA,National Park,Southeast ,KY,1996,"2,084,566"
Mammoth Cave NP,MACA,National Park,Southeast ,KY,1997,"2,187,185"
Mammoth Cave NP,MACA,National Park,Southeast ,KY,1998,"2,300,239"
Mammoth Cave NP,MACA,National Park,Southeast ,KY,1999,"1,896,516"
Mammoth Cave NP,MACA,National Park,Southeast ,KY,2000,"1,930,471"
Mammoth Cave NP,MACA,National Park,Southeast ,KY,2001,"2,059,936"
Mammoth Cave NP,MACA,National Park,Southeast ,KY,2002,"2,071,174"
Mammoth Cave NP,MACA,National Park,Southeast ,KY,2003,"2,037,584"
Mammoth Cave NP,MACA,National Park,Southeast ,KY,2004,"2,061,003"
Mammoth Cave NP,MACA,National Park,Southeast ,KY,2005,"2,043,740"
Mammoth Cave NP,MACA,National Park,Southeast ,KY,2006,"810,213"
Mammoth Cave NP,MACA,National Park,Southeast ,KY,2007,"712,547"
Mammoth Cave NP,MACA,National Park,Southeast ,KY,2008,"664,817"
Mammoth Cave NP,MACA,National Park,Southeast ,KY,2009,"734,909"
Mammoth Cave NP,MACA,National Park,Southeast ,KY,2010,"721,336"
Mammoth Cave NP,MACA,National Park,Southeast ,KY,2011,"697,584"
Mammoth Cave NP,MACA,National Park,Southeast ,KY,2012,"729,548"
Mammoth Cave NP,MACA,National Park,Southeast ,KY,2013,"707,491"
Mammoth Cave NP,MACA,National Park,Southeast ,KY,2014,"740,156"
Mammoth Cave NP,MACA,National Park,Southeast ,KY,2015,"797,005"
Mammoth Cave NP,MACA,National Park,Southeast ,KY,2016,"812,983"
Mammoth Cave NP,MACA,National Park,Southeast ,KY,2017,"801,337"
Mammoth Cave NP,MACA,National Park,Southeast ,KY,2018,"750,430"
Mammoth Cave NP,MACA,National Park,Southeast ,KY,2019,"744,557"
Mammoth Cave NP,MACA,National Park,Southeast ,KY,2020,"417,003"
Mammoth Cave NP,MACA,National Park,Southeast ,KY,2021,"743,250"
Mammoth Cave NP,MACA,National Park,Southeast ,KY,2022,"885,860"
Mammoth Cave NP,MACA,National Park,Southeast ,KY,2023,"863,176"
Mammoth Cave NP,MACA,National Park,Southeast ,KY,2024,"964,049"
Mesa Verde NP,MEVE,National Park,Intermountain ,CO,1908,80
Mesa Verde NP,MEVE,National Park,Intermountain ,CO,1909,165
Mesa Verde NP,MEVE,National Park,Intermountain ,CO,1910,250
Mesa Verde NP,MEVE,National Park,Intermountain ,CO,1911,206
Mesa Verde NP,MEVE,National Park,Intermountain ,CO,1912,230
Mesa Verde NP,MEVE,National Park,Intermountain ,CO,1913,280
Mesa Verde NP,MEVE,National Park,Intermountain ,CO,1914,502
Mesa Verde NP,MEVE,National Park,Intermountain ,CO,1915,663
Mesa Verde NP,MEVE,National Park,Intermountain ,CO,1916,"1,385"
Mesa Verde NP,MEVE,National Park,Intermountain ,CO,1917,"2,223"
Mesa Verde NP,MEVE,National Park,Intermountain ,CO,1918,"2,058"
Mesa Verde NP,MEVE,National Park,Intermountain ,CO,1919,"2,287"
Mesa Verde NP,MEVE,National Park,Intermountain ,CO,1920,"2,890"
Mesa Verde NP,MEVE,National Park,Intermountain ,CO,1921,"3,003"
Mesa Verde NP,MEVE,National Park,Intermountain ,CO,1922,"4,251"
Mesa Verde NP,MEVE,National Park,Intermountain ,CO,1923,"5,236"
Mesa Verde NP,MEVE,National Park,Intermountain ,CO,1924,"7,109"
Mesa Verde NP,MEVE,National Park,Intermountain ,CO,1925,"9,043"
Mesa Verde NP,MEVE,National Park,Intermountain ,CO,1926,"11,356"
Mesa Verde NP,MEVE,National Park,Intermountain ,CO,1927,"11,915"
Mesa Verde NP,MEVE,National Park,Intermountain ,CO,1928,"16,760"
Mesa Verde NP,MEVE,National Park,Intermountain ,CO,1929,"14,517"
Mesa Verde NP,MEVE,National Park,Intermountain ,CO,1930,"16,656"
Mesa Verde NP,MEVE,National Park,Intermountain ,CO,1931,"18,003"
Mesa Verde NP,MEVE,National Park,Intermountain ,CO,1932,"15,760"
Mesa Verde NP,MEVE,National Park,Intermountain ,CO,1933,"16,185"
Mesa Verde NP,MEVE,National Park,Intermountain ,CO,1934,"21,474"
Mesa Verde NP,MEVE,National Park,Intermountain ,CO,1935,"21,835"
Mesa Verde NP,MEVE,National Park,Intermountain ,CO,1936,"25,571"
Mesa Verde NP,MEVE,National Park,Intermountain ,CO,1937,"28,171"
Mesa Verde NP,MEVE,National Park,Intermountain ,CO,1938,"30,911"
Mesa Verde NP,MEVE,National Park,Intermountain ,CO,1939,"32,246"
Mesa Verde NP,MEVE,National Park,Intermountain ,CO,1940,"36,448"
Mesa Verde NP,MEVE,National Park,Intermountain ,CO,1941,"42,406"
Mesa Verde NP,MEVE,National Park,Intermountain ,CO,1942,"13,045"
Mesa Verde NP,MEVE,National Park,Intermountain ,CO,1943,"4,621"
Mesa Verde NP,MEVE,National Park,Intermountain ,CO,1944,"5,561"
Mesa Verde NP,MEVE,National Park,Intermountain ,CO,1945,"12,994"
Mesa Verde NP,MEVE,National Park,Intermountain ,CO,1946,"39,843"
Mesa Verde NP,MEVE,National Park,Intermountain ,CO,1947,"52,975"
Mesa Verde NP,MEVE,National Park,Intermountain ,CO,1948,"59,362"
Mesa Verde NP,MEVE,National Park,Intermountain ,CO,1949,"78,024"
Mesa Verde NP,MEVE,National Park,Intermountain ,CO,1950,"88,184"
Mesa Verde NP,MEVE,National Park,Intermountain ,CO,1951,"99,309"
Mesa Verde NP,MEVE,National Park,Intermountain ,CO,1952,"105,700"
Mesa Verde NP,MEVE,National Park,Intermountain ,CO,1953,"136,123"
Mesa Verde NP,MEVE,National Park,Intermountain ,CO,1954,"150,300"
Mesa Verde NP,MEVE,National Park,Intermountain ,CO,1955,"161,300"
Mesa Verde NP,MEVE,National Park,Intermountain ,CO,1956,"186,800"
Mesa Verde NP,MEVE,National Park,Intermountain ,CO,1957,"193,900"
Mesa Verde NP,MEVE,National Park,Intermountain ,CO,1958,"201,300"
Mesa Verde NP,MEVE,National Park,Intermountain ,CO,1959,"217,400"
Mesa Verde NP,MEVE,National Park,Intermountain ,CO,1960,"225,700"
Mesa Verde NP,MEVE,National Park,Intermountain ,CO,1961,"227,700"
Mesa Verde NP,MEVE,National Park,Intermountain ,CO,1962,"262,200"
Mesa Verde NP,MEVE,National Park,Intermountain ,CO,1963,"325,300"
Mesa Verde NP,MEVE,National Park,Intermountain ,CO,1964,"344,400"
Mesa Verde NP,MEVE,National Park,Intermountain ,CO,1965,"378,300"
Mesa Verde NP,MEVE,National Park,Intermountain ,CO,1966,"423,400"
Mesa Verde NP,MEVE,National Park,Intermountain ,CO,1967,"435,000"
Mesa Verde NP,MEVE,National Park,Intermountain ,CO,1968,"449,800"
Mesa Verde NP,MEVE,National Park,Intermountain ,CO,1969,"513,800"
Mesa Verde NP,MEVE,National Park,Intermountain ,CO,1970,"527,200"
Mesa Verde NP,MEVE,National Park,Intermountain ,CO,1971,"518,500"
Mesa Verde NP,MEVE,National Park,Intermountain ,CO,1972,"546,286"
Mesa Verde NP,MEVE,National Park,Intermountain ,CO,1973,"482,900"
Mesa Verde NP,MEVE,National Park,Intermountain ,CO,1974,"445,400"
Mesa Verde NP,MEVE,National Park,Intermountain ,CO,1975,"614,500"
Mesa Verde NP,MEVE,National Park,Intermountain ,CO,1976,"675,100"
Mesa Verde NP,MEVE,National Park,Intermountain ,CO,1977,"663,700"
Mesa Verde NP,MEVE,National Park,Intermountain ,CO,1978,"653,052"
Mesa Verde NP,MEVE,National Park,Intermountain ,CO,1979,"629,455"
Mesa Verde NP,MEVE,National Park,Intermountain ,CO,1980,"718,618"
Mesa Verde NP,MEVE,National Park,Intermountain ,CO,1981,"784,908"
Mesa Verde NP,MEVE,National Park,Intermountain ,CO,1982,"792,071"
Mesa Verde NP,MEVE,National Park,Intermountain ,CO,1983,"793,528"
Mesa Verde NP,MEVE,National Park,Intermountain ,CO,1984,"702,433"
Mesa Verde NP,MEVE,National Park,Intermountain ,CO,1985,"846,218"
Mesa Verde NP,MEVE,National Park,Intermountain ,CO,1986,"846,303"
Mesa Verde NP,MEVE,National Park,Intermountain ,CO,1987,"964,311"
Mesa Verde NP,MEVE,National Park,Intermountain ,CO,1988,"1,016,838"
Mesa Verde NP,MEVE,National Park,Intermountain ,CO,1989,"776,152"
Mesa Verde NP,MEVE,National Park,Intermountain ,CO,1990,"783,419"
Mesa Verde NP,MEVE,National Park,Intermountain ,CO,1991,"849,779"
Mesa Verde NP,MEVE,National Park,Intermountain ,CO,1992,"926,043"
Mesa Verde NP,MEVE,National Park,Intermountain ,CO,1993,"839,546"
Mesa Verde NP,MEVE,National Park,Intermountain ,CO,1994,"851,754"
Mesa Verde NP,MEVE,National Park,Intermountain ,CO,1995,"831,416"
Mesa Verde NP,MEVE,National Park,Intermountain ,CO,1996,"765,169"
Mesa Verde NP,MEVE,National Park,Intermountain ,CO,1997,"786,215"
Mesa Verde NP,MEVE,National Park,Intermountain ,CO,1998,"739,007"
Mesa Verde NP,MEVE,National Park,Intermountain ,CO,1999,"783,397"
Mesa Verde NP,MEVE,National Park,Intermountain ,CO,2000,"553,470"
Mesa Verde NP,MEVE,National Park,Intermountain ,CO,2001,"637,144"
Mesa Verde NP,MEVE,National Park,Intermountain ,CO,2002,"492,815"
Mesa Verde NP,MEVE,National Park,Intermountain ,CO,2003,"541,606"
Mesa Verde NP,MEVE,National Park,Intermountain ,CO,2004,"560,718"
Mesa Verde NP,MEVE,National Park,Intermountain ,CO,2005,"601,360"
Mesa Verde NP,MEVE,National Park,Intermountain ,CO,2006,"666,662"
Mesa Verde NP,MEVE,National Park,Intermountain ,CO,2007,"650,248"
Mesa Verde NP,MEVE,National Park,Intermountain ,CO,2008,"663,747"
Mesa Verde NP,MEVE,National Park,Intermountain ,CO,2009,"657,731"
Mesa Verde NP,MEVE,National Park,Intermountain ,CO,2010,"662,115"
Mesa Verde NP,MEVE,National Park,Intermountain ,CO,2011,"648,948"
Mesa Verde NP,MEVE,National Park,Intermountain ,CO,2012,"562,334"
Mesa Verde NP,MEVE,National Park,Intermountain ,CO,2013,"520,683"
Mesa Verde NP,MEVE,National Park,Intermountain ,CO,2014,"576,992"
Mesa Verde NP,MEVE,National Park,Intermountain ,CO,2015,"636,222"
Mesa Verde NP,MEVE,National Park,Intermountain ,CO,2016,"684,769"
Mesa Verde NP,MEVE,National Park,Intermountain ,CO,2017,"691,588"
Mesa Verde NP,MEVE,National Park,Intermountain ,CO,2018,"653,640"
Mesa Verde NP,MEVE,National Park,Intermountain ,CO,2019,"647,762"
Mesa Verde NP,MEVE,National Park,Intermountain ,CO,2020,"327,210"
Mesa Verde NP,MEVE,National Park,Intermountain ,CO,2021,"627,773"
Mesa Verde NP,MEVE,National Park,Intermountain ,CO,2022,"581,091"
Mesa Verde NP,MEVE,National Park,Intermountain ,CO,2023,"586,568"
Mesa Verde NP,MEVE,National Park,Intermountain ,CO,2024,"549,286"
Mount Rainier NP,MORA,National Park,Pacific West ,WA,1904,563
Mount Rainier NP,MORA,National Park,Pacific West ,WA,1905,928
Mount Rainier NP,MORA,National Park,Pacific West ,WA,1906,"1,786"
Mount Rainier NP,MORA,National Park,Pacific West ,WA,1907,"2,068"
Mount Rainier NP,MORA,National Park,Pacific West ,WA,1908,"2,826"
Mount Rainier NP,MORA,National Park,Pacific West ,WA,1909,"5,968"
Mount Rainier NP,MORA,National Park,Pacific West ,WA,1910,"8,000"
Mount Rainier NP,MORA,National Park,Pacific West ,WA,1911,"10,306"
Mount Rainier NP,MORA,National Park,Pacific West ,WA,1912,"8,946"
Mount Rainier NP,MORA,National Park,Pacific West ,WA,1913,"13,501"
Mount Rainier NP,MORA,National Park,Pacific West ,WA,1914,"15,038"
Mount Rainier NP,MORA,National Park,Pacific West ,WA,1915,"35,166"
Mount Rainier NP,MORA,National Park,Pacific West ,WA,1916,"23,989"
Mount Rainier NP,MORA,National Park,Pacific West ,WA,1917,"35,568"
Mount Rainier NP,MORA,National Park,Pacific West ,WA,1918,"43,901"
Mount Rainier NP,MORA,National Park,Pacific West ,WA,1919,"55,232"
Mount Rainier NP,MORA,National Park,Pacific West ,WA,1920,"56,491"
Mount Rainier NP,MORA,National Park,Pacific West ,WA,1921,"55,771"
Mount Rainier NP,MORA,National Park,Pacific West ,WA,1922,"70,371"
Mount Rainier NP,MORA,National Park,Pacific West ,WA,1923,"123,708"
Mount Rainier NP,MORA,National Park,Pacific West ,WA,1924,"161,473"
Mount Rainier NP,MORA,National Park,Pacific West ,WA,1925,"173,004"
Mount Rainier NP,MORA,National Park,Pacific West ,WA,1926,"161,796"
Mount Rainier NP,MORA,National Park,Pacific West ,WA,1927,"200,051"
Mount Rainier NP,MORA,National Park,Pacific West ,WA,1928,"219,531"
Mount Rainier NP,MORA,National Park,Pacific West ,WA,1929,"217,783"
Mount Rainier NP,MORA,National Park,Pacific West ,WA,1930,"265,620"
Mount Rainier NP,MORA,National Park,Pacific West ,WA,1931,"293,562"
Mount Rainier NP,MORA,National Park,Pacific West ,WA,1932,"216,065"
Mount Rainier NP,MORA,National Park,Pacific West ,WA,1933,"170,104"
Mount Rainier NP,MORA,National Park,Pacific West ,WA,1934,"242,757"
Mount Rainier NP,MORA,National Park,Pacific West ,WA,1935,"239,309"
Mount Rainier NP,MORA,National Park,Pacific West ,WA,1936,"317,345"
Mount Rainier NP,MORA,National Park,Pacific West ,WA,1937,"349,289"
Mount Rainier NP,MORA,National Park,Pacific West ,WA,1938,"381,876"
Mount Rainier NP,MORA,National Park,Pacific West ,WA,1939,"361,787"
Mount Rainier NP,MORA,National Park,Pacific West ,WA,1940,"456,637"
Mount Rainier NP,MORA,National Park,Pacific West ,WA,1941,"476,776"
Mount Rainier NP,MORA,National Park,Pacific West ,WA,1942,"343,575"
Mount Rainier NP,MORA,National Park,Pacific West ,WA,1943,"124,474"
Mount Rainier NP,MORA,National Park,Pacific West ,WA,1944,"135,277"
Mount Rainier NP,MORA,National Park,Pacific West ,WA,1945,"304,227"
Mount Rainier NP,MORA,National Park,Pacific West ,WA,1946,"470,903"
Mount Rainier NP,MORA,National Park,Pacific West ,WA,1947,"519,698"
Mount Rainier NP,MORA,National Park,Pacific West ,WA,1948,"570,053"
Mount Rainier NP,MORA,National Park,Pacific West ,WA,1949,"584,004"
Mount Rainier NP,MORA,National Park,Pacific West ,WA,1950,"573,685"
Mount Rainier NP,MORA,National Park,Pacific West ,WA,1951,"873,877"
Mount Rainier NP,MORA,National Park,Pacific West ,WA,1952,"877,388"
Mount Rainier NP,MORA,National Park,Pacific West ,WA,1953,"768,015"
Mount Rainier NP,MORA,National Park,Pacific West ,WA,1954,"795,000"
Mount Rainier NP,MORA,National Park,Pacific West ,WA,1955,"839,200"
Mount Rainier NP,MORA,National Park,Pacific West ,WA,1956,"850,700"
Mount Rainier NP,MORA,National Park,Pacific West ,WA,1957,"935,800"
Mount Rainier NP,MORA,National Park,Pacific West ,WA,1958,"1,115,800"
Mount Rainier NP,MORA,National Park,Pacific West ,WA,1959,"1,105,100"
Mount Rainier NP,MORA,National Park,Pacific West ,WA,1960,"1,538,700"
Mount Rainier NP,MORA,National Park,Pacific West ,WA,1961,"1,592,800"
Mount Rainier NP,MORA,National Park,Pacific West ,WA,1962,"1,905,300"
Mount Rainier NP,MORA,National Park,Pacific West ,WA,1963,"1,544,300"
Mount Rainier NP,MORA,National Park,Pacific West ,WA,1964,"1,439,900"
Mount Rainier NP,MORA,National Park,Pacific West ,WA,1965,"1,643,100"
Mount Rainier NP,MORA,National Park,Pacific West ,WA,1966,"1,722,300"
Mount Rainier NP,MORA,National Park,Pacific West ,WA,1967,"1,805,900"
Mount Rainier NP,MORA,National Park,Pacific West ,WA,1968,"1,682,700"
Mount Rainier NP,MORA,National Park,Pacific West ,WA,1969,"1,659,500"
Mount Rainier NP,MORA,National Park,Pacific West ,WA,1970,"1,925,100"
Mount Rainier NP,MORA,National Park,Pacific West ,WA,1971,"1,319,400"
Mount Rainier NP,MORA,National Park,Pacific West ,WA,1972,"1,275,589"
Mount Rainier NP,MORA,National Park,Pacific West ,WA,1973,"1,065,400"
Mount Rainier NP,MORA,National Park,Pacific West ,WA,1974,"1,138,100"
Mount Rainier NP,MORA,National Park,Pacific West ,WA,1975,"1,176,500"
Mount Rainier NP,MORA,National Park,Pacific West ,WA,1976,"1,414,500"
Mount Rainier NP,MORA,National Park,Pacific West ,WA,1977,"1,819,600"
Mount Rainier NP,MORA,National Park,Pacific West ,WA,1978,"1,606,968"
Mount Rainier NP,MORA,National Park,Pacific West ,WA,1979,"2,109,067"
Mount Rainier NP,MORA,National Park,Pacific West ,WA,1980,"2,111,483"
Mount Rainier NP,MORA,National Park,Pacific West ,WA,1981,"2,127,136"
Mount Rainier NP,MORA,National Park,Pacific West ,WA,1982,"1,694,909"
Mount Rainier NP,MORA,National Park,Pacific West ,WA,1983,"1,730,016"
Mount Rainier NP,MORA,National Park,Pacific West ,WA,1984,"1,818,722"
Mount Rainier NP,MORA,National Park,Pacific West ,WA,1985,"1,806,007"
Mount Rainier NP,MORA,National Park,Pacific West ,WA,1986,"1,994,079"
Mount Rainier NP,MORA,National Park,Pacific West ,WA,1987,"2,014,277"
Mount Rainier NP,MORA,National Park,Pacific West ,WA,1988,"1,985,961"
Mount Rainier NP,MORA,National Park,Pacific West ,WA,1989,"2,169,777"
Mount Rainier NP,MORA,National Park,Pacific West ,WA,1990,"2,119,765"
Mount Rainier NP,MORA,National Park,Pacific West ,WA,1991,"2,447,774"
Mount Rainier NP,MORA,National Park,Pacific West ,WA,1992,"2,561,870"
Mount Rainier NP,MORA,National Park,Pacific West ,WA,1993,"2,335,755"
Mount Rainier NP,MORA,National Park,Pacific West ,WA,1994,"2,394,786"
Mount Rainier NP,MORA,National Park,Pacific West ,WA,1995,"2,352,610"
Mount Rainier NP,MORA,National Park,Pacific West ,WA,1996,"2,054,464"
Mount Rainier NP,MORA,National Park,Pacific West ,WA,1997,"1,999,510"
Mount Rainier NP,MORA,National Park,Pacific West ,WA,1998,"2,092,015"
Mount Rainier NP,MORA,National Park,Pacific West ,WA,1999,"1,926,746"
Mount Rainier NP,MORA,National Park,Pacific West ,WA,2000,"2,166,183"
Mount Rainier NP,MORA,National Park,Pacific West ,WA,2001,"2,145,770"
Mount Rainier NP,MORA,National Park,Pacific West ,WA,2002,"2,089,905"
Mount Rainier NP,MORA,National Park,Pacific West ,WA,2003,"2,063,170"
Mount Rainier NP,MORA,National Park,Pacific West ,WA,2004,"2,007,926"
Mount Rainier NP,MORA,National Park,Pacific West ,WA,2005,"1,936,659"
Mount Rainier NP,MORA,National Park,Pacific West ,WA,2006,"1,753,854"
Mount Rainier NP,MORA,National Park,Pacific West ,WA,2007,"1,665,344"
Mount Rainier NP,MORA,National Park,Pacific West ,WA,2008,"1,890,450"
Mount Rainier NP,MORA,National Park,Pacific West ,WA,2009,"1,870,593"
Mount Rainier NP,MORA,National Park,Pacific West ,WA,2010,"1,904,755"
Mount Rainier NP,MORA,National Park,Pacific West ,WA,2011,"1,658,294"
Mount Rainier NP,MORA,National Park,Pacific West ,WA,2012,"1,724,041"
Mount Rainier NP,MORA,National Park,Pacific West ,WA,2013,"1,898,649"
Mount Rainier NP,MORA,National Park,Pacific West ,WA,2014,"2,063,939"
Mount Rainier NP,MORA,National Park,Pacific West ,WA,2015,"2,041,895"
Mount Rainier NP,MORA,National Park,Pacific West ,WA,2016,"2,113,088"
Mount Rainier NP,MORA,National Park,Pacific West ,WA,2017,"2,245,828"
Mount Rainier NP,MORA,National Park,Pacific West ,WA,2018,"2,467,837"
Mount Rainier NP,MORA,National Park,Pacific West ,WA,2019,"2,453,901"
Mount Rainier NP,MORA,National Park,Pacific West ,WA,2020,"1,707,880"
Mount Rainier NP,MORA,National Park,Pacific West ,WA,2021,"2,644,843"
Mount Rainier NP,MORA,National Park,Pacific West ,WA,2022,"2,548,120"
Mount Rainier NP,MORA,National Park,Pacific West ,WA,2023,"2,717,427"
Mount Rainier NP,MORA,National Park,Pacific West ,WA,2024,"2,671,608"
National Park of American Samoa,NPSA,National Park,Pacific West ,AS,2002,"1,938"
National Park of American Samoa,NPSA,National Park,Pacific West ,AS,2003,0
National Park of American Samoa,NPSA,National Park,Pacific West ,AS,2006,"1,239"
National Park of American Samoa,NPSA,National Park,Pacific West ,AS,2007,"6,774"
National Park of American Samoa,NPSA,National Park,Pacific West ,AS,2008,"3,683"
National Park of American Samoa,NPSA,National Park,Pacific West ,AS,2009,"3,242"
National Park of American Samoa,NPSA,National Park,Pacific West ,AS,2010,"3,006"
National Park of American Samoa,NPSA,National Park,Pacific West ,AS,2011,"8,716"
National Park of American Samoa,NPSA,National Park,Pacific West ,AS,2012,"10,440"
National Park of American Samoa,NPSA,National Park,Pacific West ,AS,2013,"17,919"
National Park of American Samoa,NPSA,National Park,Pacific West ,AS,2014,"13,953"
National Park of American Samoa,NPSA,National Park,Pacific West ,AS,2015,"13,892"
National Park of American Samoa,NPSA,National Park,Pacific West ,AS,2016,"28,892"
National Park of American Samoa,NPSA,National Park,Pacific West ,AS,2017,"69,468"
National Park of American Samoa,NPSA,National Park,Pacific West ,AS,2018,"28,626"
National Park of American Samoa,NPSA,National Park,Pacific West ,AS,2019,"60,006"
National Park of American Samoa,NPSA,National Park,Pacific West ,AS,2020,"4,819"
National Park of American Samoa,NPSA,National Park,Pacific West ,AS,2021,"8,495"
National Park of American Samoa,NPSA,National Park,Pacific West ,AS,2022,"1,887"
National Park of American Samoa,NPSA,National Park,Pacific West ,AS,2023,"12,135"
National Park of American Samoa,NPSA,National Park,Pacific West ,AS,2024,"22,567"
New River Gorge NP & PRES,NERI,National Park,Northeast ,WV,1984,"231,295"
New River Gorge NP & PRES,NERI,National Park,Northeast ,WV,1985,"263,021"
New River Gorge NP & PRES,NERI,National Park,Northeast ,WV,1986,"397,632"
New River Gorge NP & PRES,NERI,National Park,Northeast ,WV,1987,"441,274"
New River Gorge NP & PRES,NERI,National Park,Northeast ,WV,1988,"403,903"
New River Gorge NP & PRES,NERI,National Park,Northeast ,WV,1989,"413,917"
New River Gorge NP & PRES,NERI,National Park,Northeast ,WV,1990,"381,036"
New River Gorge NP & PRES,NERI,National Park,Northeast ,WV,1991,"774,949"
New River Gorge NP & PRES,NERI,National Park,Northeast ,WV,1992,"946,574"
New River Gorge NP & PRES,NERI,National Park,Northeast ,WV,1993,"1,011,280"
New River Gorge NP & PRES,NERI,National Park,Northeast ,WV,1994,"1,093,516"
New River Gorge NP & PRES,NERI,National Park,Northeast ,WV,1995,"1,192,971"
New River Gorge NP & PRES,NERI,National Park,Northeast ,WV,1996,"1,255,951"
New River Gorge NP & PRES,NERI,National Park,Northeast ,WV,1997,"1,246,823"
New River Gorge NP & PRES,NERI,National Park,Northeast ,WV,1998,"1,217,486"
New River Gorge NP & PRES,NERI,National Park,Northeast ,WV,1999,"1,206,673"
New River Gorge NP & PRES,NERI,National Park,Northeast ,WV,2000,"1,156,720"
New River Gorge NP & PRES,NERI,National Park,Northeast ,WV,2001,"1,252,782"
New River Gorge NP & PRES,NERI,National Park,Northeast ,WV,2002,"1,237,837"
New River Gorge NP & PRES,NERI,National Park,Northeast ,WV,2003,"1,123,983"
New River Gorge NP & PRES,NERI,National Park,Northeast ,WV,2004,"1,165,235"
New River Gorge NP & PRES,NERI,National Park,Northeast ,WV,2005,"1,057,831"
New River Gorge NP & PRES,NERI,National Park,Northeast ,WV,2006,"1,137,648"
New River Gorge NP & PRES,NERI,National Park,Northeast ,WV,2007,"1,191,125"
New River Gorge NP & PRES,NERI,National Park,Northeast ,WV,2008,"1,225,708"
New River Gorge NP & PRES,NERI,National Park,Northeast ,WV,2009,"1,157,714"
New River Gorge NP & PRES,NERI,National Park,Northeast ,WV,2010,"1,163,621"
New River Gorge NP & PRES,NERI,National Park,Northeast ,WV,2011,"1,082,349"
New River Gorge NP & PRES,NERI,National Park,Northeast ,WV,2012,"1,139,527"
New River Gorge NP & PRES,NERI,National Park,Northeast ,WV,2013,"1,083,773"
New River Gorge NP & PRES,NERI,National Park,Northeast ,WV,2014,"1,134,920"
New River Gorge NP & PRES,NERI,National Park,Northeast ,WV,2015,"1,186,781"
New River Gorge NP & PRES,NERI,National Park,Northeast ,WV,2016,"1,205,822"
New River Gorge NP & PRES,NERI,National Park,Northeast ,WV,2017,"1,176,785"
New River Gorge NP & PRES,NERI,National Park,Northeast ,WV,2018,"1,240,898"
New River Gorge NP & PRES,NERI,National Park,Northeast ,WV,2019,"1,204,227"
New River Gorge NP & PRES,NERI,National Park,Northeast ,WV,2020,"1,057,839"
New River Gorge NP & PRES,NERI,National Park,Northeast ,WV,2021,"1,725,947"
New River Gorge NP & PRES,NERI,National Park,Northeast ,WV,2022,"1,637,484"
New River Gorge NP & PRES,NERI,National Park,Northeast ,WV,2023,"1,753,960"
New River Gorge NP & PRES,NERI,National Park,Northeast ,WV,2024,"1,858,105"
North Cascades NP,NOCA,National Park,Pacific West ,WA,1970,"295,000"
North Cascades NP,NOCA,National Park,Pacific West ,WA,1971,"210,800"
North Cascades NP,NOCA,National Park,Pacific West ,WA,1972,"546,266"
North Cascades NP,NOCA,National Park,Pacific West ,WA,1973,"865,600"
North Cascades NP,NOCA,National Park,Pacific West ,WA,1974,"882,000"
North Cascades NP,NOCA,National Park,Pacific West ,WA,1975,"866,200"
North Cascades NP,NOCA,National Park,Pacific West ,WA,1976,"765,600"
North Cascades NP,NOCA,National Park,Pacific West ,WA,1977,"682,300"
North Cascades NP,NOCA,National Park,Pacific West ,WA,1978,"917,581"
North Cascades NP,NOCA,National Park,Pacific West ,WA,1979,"891,410"
North Cascades NP,NOCA,National Park,Pacific West ,WA,1980,"940,927"
North Cascades NP,NOCA,National Park,Pacific West ,WA,1981,"995,812"
North Cascades NP,NOCA,National Park,Pacific West ,WA,1982,"1,011,765"
North Cascades NP,NOCA,National Park,Pacific West ,WA,1983,"1,016,147"
North Cascades NP,NOCA,National Park,Pacific West ,WA,1984,"753,600"
North Cascades NP,NOCA,National Park,Pacific West ,WA,1985,"737,799"
North Cascades NP,NOCA,National Park,Pacific West ,WA,1986,"791,246"
North Cascades NP,NOCA,National Park,Pacific West ,WA,1987,"773,760"
North Cascades NP,NOCA,National Park,Pacific West ,WA,1988,"717,126"
North Cascades NP,NOCA,National Park,Pacific West ,WA,1989,"490,086"
North Cascades NP,NOCA,National Park,Pacific West ,WA,1990,"554,736"
North Cascades NP,NOCA,National Park,Pacific West ,WA,1991,"39,310"
North Cascades NP,NOCA,National Park,Pacific West ,WA,1992,"36,158"
North Cascades NP,NOCA,National Park,Pacific West ,WA,1993,"37,250"
North Cascades NP,NOCA,National Park,Pacific West ,WA,1994,"36,456"
North Cascades NP,NOCA,National Park,Pacific West ,WA,1995,"84,168"
North Cascades NP,NOCA,National Park,Pacific West ,WA,1996,"44,828"
North Cascades NP,NOCA,National Park,Pacific West ,WA,1997,"43,888"
North Cascades NP,NOCA,National Park,Pacific West ,WA,1998,"50,573"
North Cascades NP,NOCA,National Park,Pacific West ,WA,1999,"36,948"
North Cascades NP,NOCA,National Park,Pacific West ,WA,2000,"44,286"
North Cascades NP,NOCA,National Park,Pacific West ,WA,2001,"43,982"
North Cascades NP,NOCA,National Park,Pacific West ,WA,2002,"38,244"
North Cascades NP,NOCA,National Park,Pacific West ,WA,2003,"38,650"
North Cascades NP,NOCA,National Park,Pacific West ,WA,2004,"32,308"
North Cascades NP,NOCA,National Park,Pacific West ,WA,2005,"34,395"
North Cascades NP,NOCA,National Park,Pacific West ,WA,2006,"35,239"
North Cascades NP,NOCA,National Park,Pacific West ,WA,2007,"35,495"
North Cascades NP,NOCA,National Park,Pacific West ,WA,2008,"34,078"
North Cascades NP,NOCA,National Park,Pacific West ,WA,2009,"41,618"
North Cascades NP,NOCA,National Park,Pacific West ,WA,2010,"42,460"
North Cascades NP,NOCA,National Park,Pacific West ,WA,2011,"36,210"
North Cascades NP,NOCA,National Park,Pacific West ,WA,2012,"46,295"
North Cascades NP,NOCA,National Park,Pacific West ,WA,2013,"41,918"
North Cascades NP,NOCA,National Park,Pacific West ,WA,2014,"45,412"
North Cascades NP,NOCA,National Park,Pacific West ,WA,2015,"44,398"
North Cascades NP,NOCA,National Park,Pacific West ,WA,2016,"54,162"
North Cascades NP,NOCA,National Park,Pacific West ,WA,2017,"56,407"
North Cascades NP,NOCA,National Park,Pacific West ,WA,2018,"56,788"
North Cascades NP,NOCA,National Park,Pacific West ,WA,2019,"65,789"
North Cascades NP,NOCA,National Park,Pacific West ,WA,2020,"53,851"
North Cascades NP,NOCA,National Park,Pacific West ,WA,2021,"31,875"
North Cascades NP,NOCA,National Park,Pacific West ,WA,2022,"53,464"
North Cascades NP,NOCA,National Park,Pacific West ,WA,2023,"59,476"
North Cascades NP,NOCA,National Park,Pacific West ,WA,2024,"29,433"
Olympic NP,OLYM,National Park,Pacific West ,WA,1935,"2,200"
Olympic NP,OLYM,National Park,Pacific West ,WA,1936,"24,600"
Olympic NP,OLYM,National Park,Pacific West ,WA,1937,"23,520"
Olympic NP,OLYM,National Park,Pacific West ,WA,1938,"75,310"
Olympic NP,OLYM,National Park,Pacific West ,WA,1939,"42,125"
Olympic NP,OLYM,National Park,Pacific West ,WA,1940,"91,863"
Olympic NP,OLYM,National Park,Pacific West ,WA,1941,"92,667"
Olympic NP,OLYM,National Park,Pacific West ,WA,1942,"72,349"
Olympic NP,OLYM,National Park,Pacific West ,WA,1943,"56,681"
Olympic NP,OLYM,National Park,Pacific West ,WA,1944,"56,076"
Olympic NP,OLYM,National Park,Pacific West ,WA,1945,"106,740"
Olympic NP,OLYM,National Park,Pacific West ,WA,1946,"123,698"
Olympic NP,OLYM,National Park,Pacific West ,WA,1947,"180,617"
Olympic NP,OLYM,National Park,Pacific West ,WA,1948,"191,578"
Olympic NP,OLYM,National Park,Pacific West ,WA,1949,"414,787"
Olympic NP,OLYM,National Park,Pacific West ,WA,1950,"404,125"
Olympic NP,OLYM,National Park,Pacific West ,WA,1951,"414,916"
Olympic NP,OLYM,National Park,Pacific West ,WA,1952,"449,117"
Olympic NP,OLYM,National Park,Pacific West ,WA,1953,"625,703"
Olympic NP,OLYM,National Park,Pacific West ,WA,1954,"663,100"
Olympic NP,OLYM,National Park,Pacific West ,WA,1955,"744,900"
Olympic NP,OLYM,National Park,Pacific West ,WA,1956,"864,600"
Olympic NP,OLYM,National Park,Pacific West ,WA,1957,"864,800"
Olympic NP,OLYM,National Park,Pacific West ,WA,1958,"1,181,500"
Olympic NP,OLYM,National Park,Pacific West ,WA,1959,"1,077,400"
Olympic NP,OLYM,National Park,Pacific West ,WA,1960,"1,160,400"
Olympic NP,OLYM,National Park,Pacific West ,WA,1961,"1,519,500"
Olympic NP,OLYM,National Park,Pacific West ,WA,1962,"2,044,400"
Olympic NP,OLYM,National Park,Pacific West ,WA,1963,"1,576,200"
Olympic NP,OLYM,National Park,Pacific West ,WA,1964,"1,343,600"
Olympic NP,OLYM,National Park,Pacific West ,WA,1965,"2,058,000"
Olympic NP,OLYM,National Park,Pacific West ,WA,1966,"1,752,000"
Olympic NP,OLYM,National Park,Pacific West ,WA,1967,"1,905,300"
Olympic NP,OLYM,National Park,Pacific West ,WA,1968,"2,013,800"
Olympic NP,OLYM,National Park,Pacific West ,WA,1969,"2,135,900"
Olympic NP,OLYM,National Park,Pacific West ,WA,1970,"2,283,100"
Olympic NP,OLYM,National Park,Pacific West ,WA,1971,"1,621,400"
Olympic NP,OLYM,National Park,Pacific West ,WA,1972,"2,464,637"
Olympic NP,OLYM,National Park,Pacific West ,WA,1973,"2,384,800"
Olympic NP,OLYM,National Park,Pacific West ,WA,1974,"2,094,100"
Olympic NP,OLYM,National Park,Pacific West ,WA,1975,"2,289,200"
Olympic NP,OLYM,National Park,Pacific West ,WA,1976,"2,327,400"
Olympic NP,OLYM,National Park,Pacific West ,WA,1977,"2,293,900"
Olympic NP,OLYM,National Park,Pacific West ,WA,1978,"2,534,680"
Olympic NP,OLYM,National Park,Pacific West ,WA,1979,"2,990,867"
Olympic NP,OLYM,National Park,Pacific West ,WA,1980,"2,870,247"
Olympic NP,OLYM,National Park,Pacific West ,WA,1981,"3,181,362"
Olympic NP,OLYM,National Park,Pacific West ,WA,1982,"3,303,375"
Olympic NP,OLYM,National Park,Pacific West ,WA,1983,"3,206,313"
Olympic NP,OLYM,National Park,Pacific West ,WA,1984,"3,596,342"
Olympic NP,OLYM,National Park,Pacific West ,WA,1985,"3,357,826"
Olympic NP,OLYM,National Park,Pacific West ,WA,1986,"3,840,792"
Olympic NP,OLYM,National Park,Pacific West ,WA,1987,"3,734,828"
Olympic NP,OLYM,National Park,Pacific West ,WA,1988,"3,943,084"
Olympic NP,OLYM,National Park,Pacific West ,WA,1989,"3,772,602"
Olympic NP,OLYM,National Park,Pacific West ,WA,1990,"3,918,223"
Olympic NP,OLYM,National Park,Pacific West ,WA,1991,"3,758,068"
Olympic NP,OLYM,National Park,Pacific West ,WA,1992,"4,163,607"
Olympic NP,OLYM,National Park,Pacific West ,WA,1993,"4,017,830"
Olympic NP,OLYM,National Park,Pacific West ,WA,1994,"4,803,691"
Olympic NP,OLYM,National Park,Pacific West ,WA,1995,"5,155,657"
Olympic NP,OLYM,National Park,Pacific West ,WA,1996,"4,777,125"
Olympic NP,OLYM,National Park,Pacific West ,WA,1997,"5,417,285"
Olympic NP,OLYM,National Park,Pacific West ,WA,1998,"5,064,852"
Olympic NP,OLYM,National Park,Pacific West ,WA,1999,"4,642,263"
Olympic NP,OLYM,National Park,Pacific West ,WA,2000,"4,585,604"
Olympic NP,OLYM,National Park,Pacific West ,WA,2001,"4,680,128"
Olympic NP,OLYM,National Park,Pacific West ,WA,2002,"4,907,494"
Olympic NP,OLYM,National Park,Pacific West ,WA,2003,"4,514,268"
Olympic NP,OLYM,National Park,Pacific West ,WA,2004,"4,351,282"
Olympic NP,OLYM,National Park,Pacific West ,WA,2005,"4,302,652"
Olympic NP,OLYM,National Park,Pacific West ,WA,2006,"3,833,936"
Olympic NP,OLYM,National Park,Pacific West ,WA,2007,"4,185,334"
Olympic NP,OLYM,National Park,Pacific West ,WA,2008,"4,194,999"
Olympic NP,OLYM,National Park,Pacific West ,WA,2009,"4,408,535"
Olympic NP,OLYM,National Park,Pacific West ,WA,2010,"4,030,134"
Olympic NP,OLYM,National Park,Pacific West ,WA,2011,"4,180,785"
Olympic NP,OLYM,National Park,Pacific West ,WA,2012,"3,912,204"
Olympic NP,OLYM,National Park,Pacific West ,WA,2013,"4,291,682"
Olympic NP,OLYM,National Park,Pacific West ,WA,2014,"4,487,411"
Olympic NP,OLYM,National Park,Pacific West ,WA,2015,"4,453,816"
Olympic NP,OLYM,National Park,Pacific West ,WA,2016,"4,587,202"
Olympic NP,OLYM,National Park,Pacific West ,WA,2017,"4,642,954"
Olympic NP,OLYM,National Park,Pacific West ,WA,2018,"4,284,426"
Olympic NP,OLYM,National Park,Pacific West ,WA,2019,"4,374,515"
Olympic NP,OLYM,National Park,Pacific West ,WA,2020,"3,463,512"
Olympic NP,OLYM,National Park,Pacific West ,WA,2021,"3,788,663"
Olympic NP,OLYM,National Park,Pacific West ,WA,2022,"3,511,223"
Olympic NP,OLYM,National Park,Pacific West ,WA,2023,"4,446,116"
Olympic NP,OLYM,National Park,Pacific West ,WA,2024,"5,252,095"
Petrified Forest NP,PEFO,National Park,Intermountain ,AZ,1919,"3,000"
Petrified Forest NP,PEFO,National Park,Intermountain ,AZ,1920,"30,390"
Petrified Forest NP,PEFO,National Park,Intermountain ,AZ,1921,"32,700"
Petrified Forest NP,PEFO,National Park,Intermountain ,AZ,1922,"31,338"
Petrified Forest NP,PEFO,National Park,Intermountain ,AZ,1923,"45,475"
Petrified Forest NP,PEFO,National Park,Intermountain ,AZ,1924,"42,781"
Petrified Forest NP,PEFO,National Park,Intermountain ,AZ,1925,"55,227"
Petrified Forest NP,PEFO,National Park,Intermountain ,AZ,1926,"53,345"
Petrified Forest NP,PEFO,National Park,Intermountain ,AZ,1927,"61,761"
Petrified Forest NP,PEFO,National Park,Intermountain ,AZ,1928,"75,225"
Petrified Forest NP,PEFO,National Park,Intermountain ,AZ,1929,"69,350"
Petrified Forest NP,PEFO,National Park,Intermountain ,AZ,1930,"105,433"
Petrified Forest NP,PEFO,National Park,Intermountain ,AZ,1931,"93,980"
Petrified Forest NP,PEFO,National Park,Intermountain ,AZ,1932,"84,228"
Petrified Forest NP,PEFO,National Park,Intermountain ,AZ,1933,"224,613"
Petrified Forest NP,PEFO,National Park,Intermountain ,AZ,1934,"222,666"
Petrified Forest NP,PEFO,National Park,Intermountain ,AZ,1935,"69,362"
Petrified Forest NP,PEFO,National Park,Intermountain ,AZ,1936,"161,194"
Petrified Forest NP,PEFO,National Park,Intermountain ,AZ,1937,"124,365"
Petrified Forest NP,PEFO,National Park,Intermountain ,AZ,1938,"212,547"
Petrified Forest NP,PEFO,National Park,Intermountain ,AZ,1939,"189,421"
Petrified Forest NP,PEFO,National Park,Intermountain ,AZ,1940,"199,420"
Petrified Forest NP,PEFO,National Park,Intermountain ,AZ,1941,"245,640"
Petrified Forest NP,PEFO,National Park,Intermountain ,AZ,1942,"73,029"
Petrified Forest NP,PEFO,National Park,Intermountain ,AZ,1943,"34,791"
Petrified Forest NP,PEFO,National Park,Intermountain ,AZ,1944,"40,729"
Petrified Forest NP,PEFO,National Park,Intermountain ,AZ,1945,"100,694"
Petrified Forest NP,PEFO,National Park,Intermountain ,AZ,1946,"286,507"
Petrified Forest NP,PEFO,National Park,Intermountain ,AZ,1947,"341,599"
Petrified Forest NP,PEFO,National Park,Intermountain ,AZ,1948,"343,160"
Petrified Forest NP,PEFO,National Park,Intermountain ,AZ,1949,"341,961"
Petrified Forest NP,PEFO,National Park,Intermountain ,AZ,1950,"352,889"
Petrified Forest NP,PEFO,National Park,Intermountain ,AZ,1951,"335,608"
Petrified Forest NP,PEFO,National Park,Intermountain ,AZ,1952,"374,333"
Petrified Forest NP,PEFO,National Park,Intermountain ,AZ,1953,"403,565"
Petrified Forest NP,PEFO,National Park,Intermountain ,AZ,1954,"419,800"
Petrified Forest NP,PEFO,National Park,Intermountain ,AZ,1955,"441,700"
Petrified Forest NP,PEFO,National Park,Intermountain ,AZ,1956,"603,000"
Petrified Forest NP,PEFO,National Park,Intermountain ,AZ,1957,"665,700"
Petrified Forest NP,PEFO,National Park,Intermountain ,AZ,1958,"713,100"
Petrified Forest NP,PEFO,National Park,Intermountain ,AZ,1959,"878,400"
Petrified Forest NP,PEFO,National Park,Intermountain ,AZ,1960,"911,500"
Petrified Forest NP,PEFO,National Park,Intermountain ,AZ,1961,"671,000"
Petrified Forest NP,PEFO,National Park,Intermountain ,AZ,1962,"705,000"
Petrified Forest NP,PEFO,National Park,Intermountain ,AZ,1963,"786,000"
Petrified Forest NP,PEFO,National Park,Intermountain ,AZ,1964,"884,000"
Petrified Forest NP,PEFO,National Park,Intermountain ,AZ,1965,"867,800"
Petrified Forest NP,PEFO,National Park,Intermountain ,AZ,1966,"849,800"
Petrified Forest NP,PEFO,National Park,Intermountain ,AZ,1967,"797,200"
Petrified Forest NP,PEFO,National Park,Intermountain ,AZ,1968,"869,400"
Petrified Forest NP,PEFO,National Park,Intermountain ,AZ,1969,"1,004,900"
Petrified Forest NP,PEFO,National Park,Intermountain ,AZ,1970,"1,151,400"
Petrified Forest NP,PEFO,National Park,Intermountain ,AZ,1971,"1,072,000"
Petrified Forest NP,PEFO,National Park,Intermountain ,AZ,1972,"1,223,473"
Petrified Forest NP,PEFO,National Park,Intermountain ,AZ,1973,"1,065,100"
Petrified Forest NP,PEFO,National Park,Intermountain ,AZ,1974,"781,000"
Petrified Forest NP,PEFO,National Park,Intermountain ,AZ,1975,"979,400"
Petrified Forest NP,PEFO,National Park,Intermountain ,AZ,1976,"1,066,200"
Petrified Forest NP,PEFO,National Park,Intermountain ,AZ,1977,"857,300"
Petrified Forest NP,PEFO,National Park,Intermountain ,AZ,1978,"951,402"
Petrified Forest NP,PEFO,National Park,Intermountain ,AZ,1979,"675,885"
Petrified Forest NP,PEFO,National Park,Intermountain ,AZ,1980,"687,417"
Petrified Forest NP,PEFO,National Park,Intermountain ,AZ,1981,"752,865"
Petrified Forest NP,PEFO,National Park,Intermountain ,AZ,1982,"714,885"
Petrified Forest NP,PEFO,National Park,Intermountain ,AZ,1983,"712,749"
Petrified Forest NP,PEFO,National Park,Intermountain ,AZ,1984,"718,979"
Petrified Forest NP,PEFO,National Park,Intermountain ,AZ,1985,"741,004"
Petrified Forest NP,PEFO,National Park,Intermountain ,AZ,1986,"765,706"
Petrified Forest NP,PEFO,National Park,Intermountain ,AZ,1987,"771,963"
Petrified Forest NP,PEFO,National Park,Intermountain ,AZ,1988,"872,565"
Petrified Forest NP,PEFO,National Park,Intermountain ,AZ,1989,"839,620"
Petrified Forest NP,PEFO,National Park,Intermountain ,AZ,1990,"861,945"
Petrified Forest NP,PEFO,National Park,Intermountain ,AZ,1991,"889,362"
Petrified Forest NP,PEFO,National Park,Intermountain ,AZ,1992,"943,257"
Petrified Forest NP,PEFO,National Park,Intermountain ,AZ,1993,"937,874"
Petrified Forest NP,PEFO,National Park,Intermountain ,AZ,1994,"924,204"
Petrified Forest NP,PEFO,National Park,Intermountain ,AZ,1995,"936,371"
Petrified Forest NP,PEFO,National Park,Intermountain ,AZ,1996,"830,160"
Petrified Forest NP,PEFO,National Park,Intermountain ,AZ,1997,"825,062"
Petrified Forest NP,PEFO,National Park,Intermountain ,AZ,1998,"819,369"
Petrified Forest NP,PEFO,National Park,Intermountain ,AZ,1999,"669,116"
Petrified Forest NP,PEFO,National Park,Intermountain ,AZ,2000,"606,930"
Petrified Forest NP,PEFO,National Park,Intermountain ,AZ,2001,"585,677"
Petrified Forest NP,PEFO,National Park,Intermountain ,AZ,2002,"573,938"
Petrified Forest NP,PEFO,National Park,Intermountain ,AZ,2003,"589,097"
Petrified Forest NP,PEFO,National Park,Intermountain ,AZ,2004,"584,861"
Petrified Forest NP,PEFO,National Park,Intermountain ,AZ,2005,"600,915"
Petrified Forest NP,PEFO,National Park,Intermountain ,AZ,2006,"583,681"
Petrified Forest NP,PEFO,National Park,Intermountain ,AZ,2007,"565,823"
Petrified Forest NP,PEFO,National Park,Intermountain ,AZ,2008,"547,150"
Petrified Forest NP,PEFO,National Park,Intermountain ,AZ,2009,"637,467"
Petrified Forest NP,PEFO,National Park,Intermountain ,AZ,2010,"668,989"
Petrified Forest NP,PEFO,National Park,Intermountain ,AZ,2011,"618,785"
Petrified Forest NP,PEFO,National Park,Intermountain ,AZ,2012,"665,234"
Petrified Forest NP,PEFO,National Park,Intermountain ,AZ,2013,"645,032"
Petrified Forest NP,PEFO,National Park,Intermountain ,AZ,2014,"837,171"
Petrified Forest NP,PEFO,National Park,Intermountain ,AZ,2015,"793,782"
Petrified Forest NP,PEFO,National Park,Intermountain ,AZ,2016,"643,880"
Petrified Forest NP,PEFO,National Park,Intermountain ,AZ,2017,"629,278"
Petrified Forest NP,PEFO,National Park,Intermountain ,AZ,2018,"646,208"
Petrified Forest NP,PEFO,National Park,Intermountain ,AZ,2019,"645,159"
Petrified Forest NP,PEFO,National Park,Intermountain ,AZ,2020,"384,812"
Petrified Forest NP,PEFO,National Park,Intermountain ,AZ,2021,"591,078"
Petrified Forest NP,PEFO,National Park,Intermountain ,AZ,2022,"506,118"
Petrified Forest NP,PEFO,National Park,Intermountain ,AZ,2023,"521,333"
Petrified Forest NP,PEFO,National Park,Intermountain ,AZ,2024,"560,083"
Pinnacles NP,PINN,National Park,Pacific West ,CA,1923,"6,500"
Pinnacles NP,PINN,National Park,Pacific West ,CA,1924,"8,973"
Pinnacles NP,PINN,National Park,Pacific West ,CA,1925,"10,000"
Pinnacles NP,PINN,National Park,Pacific West ,CA,1926,"10,167"
Pinnacles NP,PINN,National Park,Pacific West ,CA,1927,"11,265"
Pinnacles NP,PINN,National Park,Pacific West ,CA,1928,"13,216"
Pinnacles NP,PINN,National Park,Pacific West ,CA,1929,"10,756"
Pinnacles NP,PINN,National Park,Pacific West ,CA,1930,"11,862"
Pinnacles NP,PINN,National Park,Pacific West ,CA,1931,"12,813"
Pinnacles NP,PINN,National Park,Pacific West ,CA,1932,"14,238"
Pinnacles NP,PINN,National Park,Pacific West ,CA,1933,"9,957"
Pinnacles NP,PINN,National Park,Pacific West ,CA,1934,"20,129"
Pinnacles NP,PINN,National Park,Pacific West ,CA,1935,"17,872"
Pinnacles NP,PINN,National Park,Pacific West ,CA,1936,"18,614"
Pinnacles NP,PINN,National Park,Pacific West ,CA,1937,"22,426"
Pinnacles NP,PINN,National Park,Pacific West ,CA,1938,"22,266"
Pinnacles NP,PINN,National Park,Pacific West ,CA,1939,"24,717"
Pinnacles NP,PINN,National Park,Pacific West ,CA,1940,"25,068"
Pinnacles NP,PINN,National Park,Pacific West ,CA,1941,"27,131"
Pinnacles NP,PINN,National Park,Pacific West ,CA,1942,"10,311"
Pinnacles NP,PINN,National Park,Pacific West ,CA,1943,"4,570"
Pinnacles NP,PINN,National Park,Pacific West ,CA,1944,"3,845"
Pinnacles NP,PINN,National Park,Pacific West ,CA,1945,"7,494"
Pinnacles NP,PINN,National Park,Pacific West ,CA,1946,"16,298"
Pinnacles NP,PINN,National Park,Pacific West ,CA,1947,"18,328"
Pinnacles NP,PINN,National Park,Pacific West ,CA,1948,"20,331"
Pinnacles NP,PINN,National Park,Pacific West ,CA,1949,"24,557"
Pinnacles NP,PINN,National Park,Pacific West ,CA,1950,"24,814"
Pinnacles NP,PINN,National Park,Pacific West ,CA,1951,"27,090"
Pinnacles NP,PINN,National Park,Pacific West ,CA,1952,"28,236"
Pinnacles NP,PINN,National Park,Pacific West ,CA,1953,"42,199"
Pinnacles NP,PINN,National Park,Pacific West ,CA,1954,"38,300"
Pinnacles NP,PINN,National Park,Pacific West ,CA,1955,"36,500"
Pinnacles NP,PINN,National Park,Pacific West ,CA,1956,"40,300"
Pinnacles NP,PINN,National Park,Pacific West ,CA,1957,"53,200"
Pinnacles NP,PINN,National Park,Pacific West ,CA,1958,"54,900"
Pinnacles NP,PINN,National Park,Pacific West ,CA,1959,"71,400"
Pinnacles NP,PINN,National Park,Pacific West ,CA,1960,"72,000"
Pinnacles NP,PINN,National Park,Pacific West ,CA,1961,"76,900"
Pinnacles NP,PINN,National Park,Pacific West ,CA,1962,"81,500"
Pinnacles NP,PINN,National Park,Pacific West ,CA,1963,"97,000"
Pinnacles NP,PINN,National Park,Pacific West ,CA,1964,"103,200"
Pinnacles NP,PINN,National Park,Pacific West ,CA,1965,"118,000"
Pinnacles NP,PINN,National Park,Pacific West ,CA,1966,"117,900"
Pinnacles NP,PINN,National Park,Pacific West ,CA,1967,"160,600"
Pinnacles NP,PINN,National Park,Pacific West ,CA,1968,"147,000"
Pinnacles NP,PINN,National Park,Pacific West ,CA,1969,"147,000"
Pinnacles NP,PINN,National Park,Pacific West ,CA,1970,"166,200"
Pinnacles NP,PINN,National Park,Pacific West ,CA,1971,"169,200"
Pinnacles NP,PINN,National Park,Pacific West ,CA,1972,"168,896"
Pinnacles NP,PINN,National Park,Pacific West ,CA,1973,"155,500"
Pinnacles NP,PINN,National Park,Pacific West ,CA,1974,"138,500"
Pinnacles NP,PINN,National Park,Pacific West ,CA,1975,"162,200"
Pinnacles NP,PINN,National Park,Pacific West ,CA,1976,"156,900"
Pinnacles NP,PINN,National Park,Pacific West ,CA,1977,"160,500"
Pinnacles NP,PINN,National Park,Pacific West ,CA,1978,"155,822"
Pinnacles NP,PINN,National Park,Pacific West ,CA,1979,"162,123"
Pinnacles NP,PINN,National Park,Pacific West ,CA,1980,"172,604"
Pinnacles NP,PINN,National Park,Pacific West ,CA,1981,"163,358"
Pinnacles NP,PINN,National Park,Pacific West ,CA,1982,"178,568"
Pinnacles NP,PINN,National Park,Pacific West ,CA,1983,"178,844"
Pinnacles NP,PINN,National Park,Pacific West ,CA,1984,"172,884"
Pinnacles NP,PINN,National Park,Pacific West ,CA,1985,"197,530"
Pinnacles NP,PINN,National Park,Pacific West ,CA,1986,"205,043"
Pinnacles NP,PINN,National Park,Pacific West ,CA,1987,"211,223"
Pinnacles NP,PINN,National Park,Pacific West ,CA,1988,"219,447"
Pinnacles NP,PINN,National Park,Pacific West ,CA,1989,"226,084"
Pinnacles NP,PINN,National Park,Pacific West ,CA,1990,"219,487"
Pinnacles NP,PINN,National Park,Pacific West ,CA,1991,"197,333"
Pinnacles NP,PINN,National Park,Pacific West ,CA,1992,"195,764"
Pinnacles NP,PINN,National Park,Pacific West ,CA,1993,"199,228"
Pinnacles NP,PINN,National Park,Pacific West ,CA,1994,"175,057"
Pinnacles NP,PINN,National Park,Pacific West ,CA,1995,"182,042"
Pinnacles NP,PINN,National Park,Pacific West ,CA,1996,"169,276"
Pinnacles NP,PINN,National Park,Pacific West ,CA,1997,"175,531"
Pinnacles NP,PINN,National Park,Pacific West ,CA,1998,"94,765"
Pinnacles NP,PINN,National Park,Pacific West ,CA,1999,"164,854"
Pinnacles NP,PINN,National Park,Pacific West ,CA,2000,"162,110"
Pinnacles NP,PINN,National Park,Pacific West ,CA,2001,"178,243"
Pinnacles NP,PINN,National Park,Pacific West ,CA,2002,"162,266"
Pinnacles NP,PINN,National Park,Pacific West ,CA,2003,"162,791"
Pinnacles NP,PINN,National Park,Pacific West ,CA,2004,"157,397"
Pinnacles NP,PINN,National Park,Pacific West ,CA,2005,"170,994"
Pinnacles NP,PINN,National Park,Pacific West ,CA,2006,"172,800"
Pinnacles NP,PINN,National Park,Pacific West ,CA,2007,"178,589"
Pinnacles NP,PINN,National Park,Pacific West ,CA,2008,"187,197"
Pinnacles NP,PINN,National Park,Pacific West ,CA,2009,"180,636"
Pinnacles NP,PINN,National Park,Pacific West ,CA,2010,"256,935"
Pinnacles NP,PINN,National Park,Pacific West ,CA,2011,"393,219"
Pinnacles NP,PINN,National Park,Pacific West ,CA,2012,"224,476"
Pinnacles NP,PINN,National Park,Pacific West ,CA,2013,"237,677"
Pinnacles NP,PINN,National Park,Pacific West ,CA,2014,"196,635"
Pinnacles NP,PINN,National Park,Pacific West ,CA,2015,"206,533"
Pinnacles NP,PINN,National Park,Pacific West ,CA,2016,"215,555"
Pinnacles NP,PINN,National Park,Pacific West ,CA,2017,"233,334"
Pinnacles NP,PINN,National Park,Pacific West ,CA,2018,"222,152"
Pinnacles NP,PINN,National Park,Pacific West ,CA,2019,"177,224"
Pinnacles NP,PINN,National Park,Pacific West ,CA,2020,"191,858"
Pinnacles NP,PINN,National Park,Pacific West ,CA,2021,"382,150"
Pinnacles NP,PINN,National Park,Pacific West ,CA,2022,"306,953"
Pinnacles NP,PINN,National Park,Pacific West ,CA,2023,"373,441"
Pinnacles NP,PINN,National Park,Pacific West ,CA,2024,"397,989"
Redwood NP,REDW,National Park,Pacific West ,CA,1971,"34,500"
Redwood NP,REDW,National Park,Pacific West ,CA,1972,"104,304"
Redwood NP,REDW,National Park,Pacific West ,CA,1973,"210,500"
Redwood NP,REDW,National Park,Pacific West ,CA,1974,"297,400"
Redwood NP,REDW,National Park,Pacific West ,CA,1975,"368,200"
Redwood NP,REDW,National Park,Pacific West ,CA,1976,"421,700"
Redwood NP,REDW,National Park,Pacific West ,CA,1977,"477,900"
Redwood NP,REDW,National Park,Pacific West ,CA,1978,"448,012"
Redwood NP,REDW,National Park,Pacific West ,CA,1979,"489,020"
Redwood NP,REDW,National Park,Pacific West ,CA,1980,"548,672"
Redwood NP,REDW,National Park,Pacific West ,CA,1981,"638,720"
Redwood NP,REDW,National Park,Pacific West ,CA,1982,"554,484"
Redwood NP,REDW,National Park,Pacific West ,CA,1983,"561,209"
Redwood NP,REDW,National Park,Pacific West ,CA,1984,"555,361"
Redwood NP,REDW,National Park,Pacific West ,CA,1985,"617,932"
Redwood NP,REDW,National Park,Pacific West ,CA,1986,"689,955"
Redwood NP,REDW,National Park,Pacific West ,CA,1987,"743,347"
Redwood NP,REDW,National Park,Pacific West ,CA,1988,"729,772"
Redwood NP,REDW,National Park,Pacific West ,CA,1989,"670,028"
Redwood NP,REDW,National Park,Pacific West ,CA,1990,"364,340"
Redwood NP,REDW,National Park,Pacific West ,CA,1991,"433,128"
Redwood NP,REDW,National Park,Pacific West ,CA,1992,"458,802"
Redwood NP,REDW,National Park,Pacific West ,CA,1993,"485,116"
Redwood NP,REDW,National Park,Pacific West ,CA,1994,"548,201"
Redwood NP,REDW,National Park,Pacific West ,CA,1995,"726,489"
Redwood NP,REDW,National Park,Pacific West ,CA,1996,"520,712"
Redwood NP,REDW,National Park,Pacific West ,CA,1997,"469,743"
Redwood NP,REDW,National Park,Pacific West ,CA,1998,"449,486"
Redwood NP,REDW,National Park,Pacific West ,CA,1999,"439,645"
Redwood NP,REDW,National Park,Pacific West ,CA,2000,"441,780"
Redwood NP,REDW,National Park,Pacific West ,CA,2001,"422,807"
Redwood NP,REDW,National Park,Pacific West ,CA,2002,"443,209"
Redwood NP,REDW,National Park,Pacific West ,CA,2003,"445,938"
Redwood NP,REDW,National Park,Pacific West ,CA,2004,"405,156"
Redwood NP,REDW,National Park,Pacific West ,CA,2005,"406,448"
Redwood NP,REDW,National Park,Pacific West ,CA,2006,"397,200"
Redwood NP,REDW,National Park,Pacific West ,CA,2007,"398,415"
Redwood NP,REDW,National Park,Pacific West ,CA,2008,"409,850"
Redwood NP,REDW,National Park,Pacific West ,CA,2009,"458,987"
Redwood NP,REDW,National Park,Pacific West ,CA,2010,"426,299"
Redwood NP,REDW,National Park,Pacific West ,CA,2011,"385,587"
Redwood NP,REDW,National Park,Pacific West ,CA,2012,"355,702"
Redwood NP,REDW,National Park,Pacific West ,CA,2013,"403,265"
Redwood NP,REDW,National Park,Pacific West ,CA,2014,"438,522"
Redwood NP,REDW,National Park,Pacific West ,CA,2015,"538,568"
Redwood NP,REDW,National Park,Pacific West ,CA,2016,"548,477"
Redwood NP,REDW,National Park,Pacific West ,CA,2017,"455,362"
Redwood NP,REDW,National Park,Pacific West ,CA,2018,"494,065"
Redwood NP,REDW,National Park,Pacific West ,CA,2019,"512,537"
Redwood NP,REDW,National Park,Pacific West ,CA,2020,"271,825"
Redwood NP,REDW,National Park,Pacific West ,CA,2021,"463,214"
Redwood NP,REDW,National Park,Pacific West ,CA,2022,"491,552"
Redwood NP,REDW,National Park,Pacific West ,CA,2023,"442,394"
Redwood NP,REDW,National Park,Pacific West ,CA,2024,"653,499"
Rocky Mountain NP,ROMO,National Park,Intermountain ,CO,1915,"31,000"
Rocky Mountain NP,ROMO,National Park,Intermountain ,CO,1916,"51,000"
Rocky Mountain NP,ROMO,National Park,Intermountain ,CO,1917,"117,186"
Rocky Mountain NP,ROMO,National Park,Intermountain ,CO,1918,"101,497"
Rocky Mountain NP,ROMO,National Park,Intermountain ,CO,1919,"169,492"
Rocky Mountain NP,ROMO,National Park,Intermountain ,CO,1920,"240,966"
Rocky Mountain NP,ROMO,National Park,Intermountain ,CO,1921,"273,737"
Rocky Mountain NP,ROMO,National Park,Intermountain ,CO,1922,"219,164"
Rocky Mountain NP,ROMO,National Park,Intermountain ,CO,1923,"218,000"
Rocky Mountain NP,ROMO,National Park,Intermountain ,CO,1924,"224,211"
Rocky Mountain NP,ROMO,National Park,Intermountain ,CO,1925,"233,912"
Rocky Mountain NP,ROMO,National Park,Intermountain ,CO,1926,"225,027"
Rocky Mountain NP,ROMO,National Park,Intermountain ,CO,1927,"229,862"
Rocky Mountain NP,ROMO,National Park,Intermountain ,CO,1928,"235,057"
Rocky Mountain NP,ROMO,National Park,Intermountain ,CO,1929,"274,408"
Rocky Mountain NP,ROMO,National Park,Intermountain ,CO,1930,"255,874"
Rocky Mountain NP,ROMO,National Park,Intermountain ,CO,1931,"265,663"
Rocky Mountain NP,ROMO,National Park,Intermountain ,CO,1932,"282,980"
Rocky Mountain NP,ROMO,National Park,Intermountain ,CO,1933,"291,934"
Rocky Mountain NP,ROMO,National Park,Intermountain ,CO,1934,"365,392"
Rocky Mountain NP,ROMO,National Park,Intermountain ,CO,1935,"367,568"
Rocky Mountain NP,ROMO,National Park,Intermountain ,CO,1936,"550,496"
Rocky Mountain NP,ROMO,National Park,Intermountain ,CO,1937,"651,899"
Rocky Mountain NP,ROMO,National Park,Intermountain ,CO,1938,"659,802"
Rocky Mountain NP,ROMO,National Park,Intermountain ,CO,1939,"609,029"
Rocky Mountain NP,ROMO,National Park,Intermountain ,CO,1940,"627,847"
Rocky Mountain NP,ROMO,National Park,Intermountain ,CO,1941,"681,845"
Rocky Mountain NP,ROMO,National Park,Intermountain ,CO,1942,"383,670"
Rocky Mountain NP,ROMO,National Park,Intermountain ,CO,1943,"124,353"
Rocky Mountain NP,ROMO,National Park,Intermountain ,CO,1944,"211,953"
Rocky Mountain NP,ROMO,National Park,Intermountain ,CO,1945,"356,793"
Rocky Mountain NP,ROMO,National Park,Intermountain ,CO,1946,"804,588"
Rocky Mountain NP,ROMO,National Park,Intermountain ,CO,1947,"923,065"
Rocky Mountain NP,ROMO,National Park,Intermountain ,CO,1948,"1,023,262"
Rocky Mountain NP,ROMO,National Park,Intermountain ,CO,1949,"1,148,216"
Rocky Mountain NP,ROMO,National Park,Intermountain ,CO,1950,"1,275,160"
Rocky Mountain NP,ROMO,National Park,Intermountain ,CO,1951,"1,167,093"
Rocky Mountain NP,ROMO,National Park,Intermountain ,CO,1952,"1,364,503"
Rocky Mountain NP,ROMO,National Park,Intermountain ,CO,1953,"1,420,152"
Rocky Mountain NP,ROMO,National Park,Intermountain ,CO,1954,"1,425,600"
Rocky Mountain NP,ROMO,National Park,Intermountain ,CO,1955,"1,454,000"
Rocky Mountain NP,ROMO,National Park,Intermountain ,CO,1956,"1,587,400"
Rocky Mountain NP,ROMO,National Park,Intermountain ,CO,1957,"1,508,200"
Rocky Mountain NP,ROMO,National Park,Intermountain ,CO,1958,"1,478,200"
Rocky Mountain NP,ROMO,National Park,Intermountain ,CO,1959,"1,459,600"
Rocky Mountain NP,ROMO,National Park,Intermountain ,CO,1960,"1,532,500"
Rocky Mountain NP,ROMO,National Park,Intermountain ,CO,1961,"1,538,000"
Rocky Mountain NP,ROMO,National Park,Intermountain ,CO,1962,"1,773,800"
Rocky Mountain NP,ROMO,National Park,Intermountain ,CO,1963,"1,855,400"
Rocky Mountain NP,ROMO,National Park,Intermountain ,CO,1964,"1,885,900"
Rocky Mountain NP,ROMO,National Park,Intermountain ,CO,1965,"1,619,800"
Rocky Mountain NP,ROMO,National Park,Intermountain ,CO,1966,"1,865,600"
Rocky Mountain NP,ROMO,National Park,Intermountain ,CO,1967,"1,915,200"
Rocky Mountain NP,ROMO,National Park,Intermountain ,CO,1968,"2,187,600"
Rocky Mountain NP,ROMO,National Park,Intermountain ,CO,1969,"2,217,200"
Rocky Mountain NP,ROMO,National Park,Intermountain ,CO,1970,"2,357,900"
Rocky Mountain NP,ROMO,National Park,Intermountain ,CO,1971,"2,449,900"
Rocky Mountain NP,ROMO,National Park,Intermountain ,CO,1972,"2,513,420"
Rocky Mountain NP,ROMO,National Park,Intermountain ,CO,1973,"2,507,600"
Rocky Mountain NP,ROMO,National Park,Intermountain ,CO,1974,"2,489,300"
Rocky Mountain NP,ROMO,National Park,Intermountain ,CO,1975,"2,842,200"
Rocky Mountain NP,ROMO,National Park,Intermountain ,CO,1976,"2,727,900"
Rocky Mountain NP,ROMO,National Park,Intermountain ,CO,1977,"2,882,100"
Rocky Mountain NP,ROMO,National Park,Intermountain ,CO,1978,"3,024,868"
Rocky Mountain NP,ROMO,National Park,Intermountain ,CO,1979,"2,956,463"
Rocky Mountain NP,ROMO,National Park,Intermountain ,CO,1980,"2,971,251"
Rocky Mountain NP,ROMO,National Park,Intermountain ,CO,1981,"3,227,143"
Rocky Mountain NP,ROMO,National Park,Intermountain ,CO,1982,"2,838,940"
Rocky Mountain NP,ROMO,National Park,Intermountain ,CO,1983,"2,948,213"
Rocky Mountain NP,ROMO,National Park,Intermountain ,CO,1984,"2,651,931"
Rocky Mountain NP,ROMO,National Park,Intermountain ,CO,1985,"2,555,912"
Rocky Mountain NP,ROMO,National Park,Intermountain ,CO,1986,"2,719,661"
Rocky Mountain NP,ROMO,National Park,Intermountain ,CO,1987,"2,870,136"
Rocky Mountain NP,ROMO,National Park,Intermountain ,CO,1988,"2,901,854"
Rocky Mountain NP,ROMO,National Park,Intermountain ,CO,1989,"2,842,264"
Rocky Mountain NP,ROMO,National Park,Intermountain ,CO,1990,"3,010,022"
Rocky Mountain NP,ROMO,National Park,Intermountain ,CO,1991,"3,119,202"
Rocky Mountain NP,ROMO,National Park,Intermountain ,CO,1992,"3,169,054"
Rocky Mountain NP,ROMO,National Park,Intermountain ,CO,1993,"3,169,741"
Rocky Mountain NP,ROMO,National Park,Intermountain ,CO,1994,"3,401,402"
Rocky Mountain NP,ROMO,National Park,Intermountain ,CO,1995,"3,218,435"
Rocky Mountain NP,ROMO,National Park,Intermountain ,CO,1996,"3,347,763"
Rocky Mountain NP,ROMO,National Park,Intermountain ,CO,1997,"3,359,549"
Rocky Mountain NP,ROMO,National Park,Intermountain ,CO,1998,"3,445,543"
Rocky Mountain NP,ROMO,National Park,Intermountain ,CO,1999,"3,615,415"
Rocky Mountain NP,ROMO,National Park,Intermountain ,CO,2000,"3,611,553"
Rocky Mountain NP,ROMO,National Park,Intermountain ,CO,2001,"3,528,420"
Rocky Mountain NP,ROMO,National Park,Intermountain ,CO,2002,"3,344,448"
Rocky Mountain NP,ROMO,National Park,Intermountain ,CO,2003,"3,458,452"
Rocky Mountain NP,ROMO,National Park,Intermountain ,CO,2004,"3,137,388"
Rocky Mountain NP,ROMO,National Park,Intermountain ,CO,2005,"3,184,597"
Rocky Mountain NP,ROMO,National Park,Intermountain ,CO,2006,"3,134,170"
Rocky Mountain NP,ROMO,National Park,Intermountain ,CO,2007,"3,300,968"
Rocky Mountain NP,ROMO,National Park,Intermountain ,CO,2008,"3,133,549"
Rocky Mountain NP,ROMO,National Park,Intermountain ,CO,2009,"3,162,400"
Rocky Mountain NP,ROMO,National Park,Intermountain ,CO,2010,"3,302,649"
Rocky Mountain NP,ROMO,National Park,Intermountain ,CO,2011,"3,546,326"
Rocky Mountain NP,ROMO,National Park,Intermountain ,CO,2012,"3,397,594"
Rocky Mountain NP,ROMO,National Park,Intermountain ,CO,2013,"3,149,669"
Rocky Mountain NP,ROMO,National Park,Intermountain ,CO,2014,"3,651,306"
Rocky Mountain NP,ROMO,National Park,Intermountain ,CO,2015,"4,408,752"
Rocky Mountain NP,ROMO,National Park,Intermountain ,CO,2016,"4,755,000"
Rocky Mountain NP,ROMO,National Park,Intermountain ,CO,2017,"4,686,053"
Rocky Mountain NP,ROMO,National Park,Intermountain ,CO,2018,"4,839,053"
Rocky Mountain NP,ROMO,National Park,Intermountain ,CO,2019,"4,898,493"
Rocky Mountain NP,ROMO,National Park,Intermountain ,CO,2020,"3,423,838"
Rocky Mountain NP,ROMO,National Park,Intermountain ,CO,2021,"4,571,050"
Rocky Mountain NP,ROMO,National Park,Intermountain ,CO,2022,"4,510,279"
Rocky Mountain NP,ROMO,National Park,Intermountain ,CO,2023,"4,258,368"
Rocky Mountain NP,ROMO,National Park,Intermountain ,CO,2024,"4,343,422"
Saguaro NP,SAGU,National Park,Intermountain ,AZ,1920,"5,000"
Saguaro NP,SAGU,National Park,Intermountain ,AZ,1921,"3,000"
Saguaro NP,SAGU,National Park,Intermountain ,AZ,1922,"8,000"
Saguaro NP,SAGU,National Park,Intermountain ,AZ,1923,"6,000"
Saguaro NP,SAGU,National Park,Intermountain ,AZ,1924,"10,000"
Saguaro NP,SAGU,National Park,Intermountain ,AZ,1925,"30,000"
Saguaro NP,SAGU,National Park,Intermountain ,AZ,1926,"53,000"
Saguaro NP,SAGU,National Park,Intermountain ,AZ,1927,"60,540"
Saguaro NP,SAGU,National Park,Intermountain ,AZ,1928,"66,450"
Saguaro NP,SAGU,National Park,Intermountain ,AZ,1929,"87,600"
Saguaro NP,SAGU,National Park,Intermountain ,AZ,1930,"50,000"
Saguaro NP,SAGU,National Park,Intermountain ,AZ,1934,"2,500"
Saguaro NP,SAGU,National Park,Intermountain ,AZ,1935,"9,900"
Saguaro NP,SAGU,National Park,Intermountain ,AZ,1936,"15,000"
Saguaro NP,SAGU,National Park,Intermountain ,AZ,1937,"20,000"
Saguaro NP,SAGU,National Park,Intermountain ,AZ,1938,"20,422"
Saguaro NP,SAGU,National Park,Intermountain ,AZ,1939,"18,000"
Saguaro NP,SAGU,National Park,Intermountain ,AZ,1940,"16,892"
Saguaro NP,SAGU,National Park,Intermountain ,AZ,1941,"15,506"
Saguaro NP,SAGU,National Park,Intermountain ,AZ,1942,"7,855"
Saguaro NP,SAGU,National Park,Intermountain ,AZ,1943,"4,988"
Saguaro NP,SAGU,National Park,Intermountain ,AZ,1944,"5,129"
Saguaro NP,SAGU,National Park,Intermountain ,AZ,1945,"6,395"
Saguaro NP,SAGU,National Park,Intermountain ,AZ,1946,"16,811"
Saguaro NP,SAGU,National Park,Intermountain ,AZ,1947,"16,610"
Saguaro NP,SAGU,National Park,Intermountain ,AZ,1948,"20,468"
Saguaro NP,SAGU,National Park,Intermountain ,AZ,1949,"23,665"
Saguaro NP,SAGU,National Park,Intermountain ,AZ,1950,"36,220"
Saguaro NP,SAGU,National Park,Intermountain ,AZ,1951,"40,637"
Saguaro NP,SAGU,National Park,Intermountain ,AZ,1952,"60,466"
Saguaro NP,SAGU,National Park,Intermountain ,AZ,1953,"65,165"
Saguaro NP,SAGU,National Park,Intermountain ,AZ,1954,"77,600"
Saguaro NP,SAGU,National Park,Intermountain ,AZ,1955,"86,600"
Saguaro NP,SAGU,National Park,Intermountain ,AZ,1956,"101,200"
Saguaro NP,SAGU,National Park,Intermountain ,AZ,1957,"134,300"
Saguaro NP,SAGU,National Park,Intermountain ,AZ,1958,"122,700"
Saguaro NP,SAGU,National Park,Intermountain ,AZ,1959,"133,900"
Saguaro NP,SAGU,National Park,Intermountain ,AZ,1960,"141,000"
Saguaro NP,SAGU,National Park,Intermountain ,AZ,1961,"145,100"
Saguaro NP,SAGU,National Park,Intermountain ,AZ,1962,"146,300"
Saguaro NP,SAGU,National Park,Intermountain ,AZ,1963,"177,000"
Saguaro NP,SAGU,National Park,Intermountain ,AZ,1964,"215,900"
Saguaro NP,SAGU,National Park,Intermountain ,AZ,1965,"229,700"
Saguaro NP,SAGU,National Park,Intermountain ,AZ,1966,"228,400"
Saguaro NP,SAGU,National Park,Intermountain ,AZ,1967,"267,800"
Saguaro NP,SAGU,National Park,Intermountain ,AZ,1968,"307,100"
Saguaro NP,SAGU,National Park,Intermountain ,AZ,1969,"409,000"
Saguaro NP,SAGU,National Park,Intermountain ,AZ,1970,"351,800"
Saguaro NP,SAGU,National Park,Intermountain ,AZ,1971,"323,300"
Saguaro NP,SAGU,National Park,Intermountain ,AZ,1972,"319,084"
Saguaro NP,SAGU,National Park,Intermountain ,AZ,1973,"390,800"
Saguaro NP,SAGU,National Park,Intermountain ,AZ,1974,"363,800"
Saguaro NP,SAGU,National Park,Intermountain ,AZ,1975,"395,100"
Saguaro NP,SAGU,National Park,Intermountain ,AZ,1976,"401,000"
Saguaro NP,SAGU,National Park,Intermountain ,AZ,1977,"422,500"
Saguaro NP,SAGU,National Park,Intermountain ,AZ,1978,"549,112"
Saguaro NP,SAGU,National Park,Intermountain ,AZ,1979,"570,108"
Saguaro NP,SAGU,National Park,Intermountain ,AZ,1980,"615,198"
Saguaro NP,SAGU,National Park,Intermountain ,AZ,1981,"473,742"
Saguaro NP,SAGU,National Park,Intermountain ,AZ,1982,"1,366,552"
Saguaro NP,SAGU,National Park,Intermountain ,AZ,1983,"1,620,597"
Saguaro NP,SAGU,National Park,Intermountain ,AZ,1984,"1,673,942"
Saguaro NP,SAGU,National Park,Intermountain ,AZ,1985,"2,276,365"
Saguaro NP,SAGU,National Park,Intermountain ,AZ,1986,"1,814,600"
Saguaro NP,SAGU,National Park,Intermountain ,AZ,1987,"1,991,416"
Saguaro NP,SAGU,National Park,Intermountain ,AZ,1988,"2,128,370"
Saguaro NP,SAGU,National Park,Intermountain ,AZ,1989,"2,193,196"
Saguaro NP,SAGU,National Park,Intermountain ,AZ,1990,"2,119,617"
Saguaro NP,SAGU,National Park,Intermountain ,AZ,1991,"2,132,441"
Saguaro NP,SAGU,National Park,Intermountain ,AZ,1992,"2,379,369"
Saguaro NP,SAGU,National Park,Intermountain ,AZ,1993,"2,483,190"
Saguaro NP,SAGU,National Park,Intermountain ,AZ,1994,"2,810,291"
Saguaro NP,SAGU,National Park,Intermountain ,AZ,1995,"2,937,725"
Saguaro NP,SAGU,National Park,Intermountain ,AZ,1996,"2,776,811"
Saguaro NP,SAGU,National Park,Intermountain ,AZ,1997,"2,748,490"
Saguaro NP,SAGU,National Park,Intermountain ,AZ,1998,"3,311,875"
Saguaro NP,SAGU,National Park,Intermountain ,AZ,1999,"3,425,645"
Saguaro NP,SAGU,National Park,Intermountain ,AZ,2000,"3,400,152"
Saguaro NP,SAGU,National Park,Intermountain ,AZ,2001,"3,327,189"
Saguaro NP,SAGU,National Park,Intermountain ,AZ,2002,"3,439,255"
Saguaro NP,SAGU,National Park,Intermountain ,AZ,2003,"3,479,286"
Saguaro NP,SAGU,National Park,Intermountain ,AZ,2004,"3,603,978"
Saguaro NP,SAGU,National Park,Intermountain ,AZ,2005,"3,630,997"
Saguaro NP,SAGU,National Park,Intermountain ,AZ,2006,"3,141,947"
Saguaro NP,SAGU,National Park,Intermountain ,AZ,2007,"2,848,606"
Saguaro NP,SAGU,National Park,Intermountain ,AZ,2008,"2,740,780"
Saguaro NP,SAGU,National Park,Intermountain ,AZ,2009,"2,828,069"
Saguaro NP,SAGU,National Park,Intermountain ,AZ,2010,"3,001,845"
Saguaro NP,SAGU,National Park,Intermountain ,AZ,2011,"2,975,738"
Saguaro NP,SAGU,National Park,Intermountain ,AZ,2012,"3,152,871"
Saguaro NP,SAGU,National Park,Intermountain ,AZ,2013,"3,568,756"
Saguaro NP,SAGU,National Park,Intermountain ,AZ,2014,"3,537,730"
Saguaro NP,SAGU,National Park,Intermountain ,AZ,2015,"3,656,627"
Saguaro NP,SAGU,National Park,Intermountain ,AZ,2016,"3,742,538"
Saguaro NP,SAGU,National Park,Intermountain ,AZ,2017,"3,106,132"
Saguaro NP,SAGU,National Park,Intermountain ,AZ,2018,"3,048,809"
Saguaro NP,SAGU,National Park,Intermountain ,AZ,2019,"3,717,149"
Saguaro NP,SAGU,National Park,Intermountain ,AZ,2020,"3,662,920"
Saguaro NP,SAGU,National Park,Intermountain ,AZ,2021,"4,014,887"
Saguaro NP,SAGU,National Park,Intermountain ,AZ,2022,"5,256,860"
Saguaro NP,SAGU,National Park,Intermountain ,AZ,2023,"5,409,434"
Saguaro NP,SAGU,National Park,Intermountain ,AZ,2024,"5,450,762"
Sequoia NP,SEQU,National Park,Pacific West ,CA,1906,700
Sequoia NP,SEQU,National Park,Pacific West ,CA,1907,900
Sequoia NP,SEQU,National Park,Pacific West ,CA,1908,"1,251"
Sequoia NP,SEQU,National Park,Pacific West ,CA,1909,854
Sequoia NP,SEQU,National Park,Pacific West ,CA,1910,"2,407"
Sequoia NP,SEQU,National Park,Pacific West ,CA,1911,"3,114"
Sequoia NP,SEQU,National Park,Pacific West ,CA,1912,"2,923"
Sequoia NP,SEQU,National Park,Pacific West ,CA,1913,"3,823"
Sequoia NP,SEQU,National Park,Pacific West ,CA,1914,"4,667"
Sequoia NP,SEQU,National Park,Pacific West ,CA,1915,"7,647"
Sequoia NP,SEQU,National Park,Pacific West ,CA,1916,"10,780"
Sequoia NP,SEQU,National Park,Pacific West ,CA,1917,"18,510"
Sequoia NP,SEQU,National Park,Pacific West ,CA,1918,"15,001"
Sequoia NP,SEQU,National Park,Pacific West ,CA,1919,"30,443"
Sequoia NP,SEQU,National Park,Pacific West ,CA,1920,"31,508"
Sequoia NP,SEQU,National Park,Pacific West ,CA,1921,"28,263"
Sequoia NP,SEQU,National Park,Pacific West ,CA,1922,"27,514"
Sequoia NP,SEQU,National Park,Pacific West ,CA,1923,"30,158"
Sequoia NP,SEQU,National Park,Pacific West ,CA,1924,"34,468"
Sequoia NP,SEQU,National Park,Pacific West ,CA,1925,"46,677"
Sequoia NP,SEQU,National Park,Pacific West ,CA,1926,"89,404"
Sequoia NP,SEQU,National Park,Pacific West ,CA,1927,"100,684"
Sequoia NP,SEQU,National Park,Pacific West ,CA,1928,"98,035"
Sequoia NP,SEQU,National Park,Pacific West ,CA,1929,"111,385"
Sequoia NP,SEQU,National Park,Pacific West ,CA,1930,"129,221"
Sequoia NP,SEQU,National Park,Pacific West ,CA,1931,"143,573"
Sequoia NP,SEQU,National Park,Pacific West ,CA,1932,"131,398"
Sequoia NP,SEQU,National Park,Pacific West ,CA,1933,"126,464"
Sequoia NP,SEQU,National Park,Pacific West ,CA,1934,"147,533"
Sequoia NP,SEQU,National Park,Pacific West ,CA,1935,"205,783"
Sequoia NP,SEQU,National Park,Pacific West ,CA,1936,"230,714"
Sequoia NP,SEQU,National Park,Pacific West ,CA,1937,"243,661"
Sequoia NP,SEQU,National Park,Pacific West ,CA,1938,"260,139"
Sequoia NP,SEQU,National Park,Pacific West ,CA,1939,"275,329"
Sequoia NP,SEQU,National Park,Pacific West ,CA,1940,"282,198"
Sequoia NP,SEQU,National Park,Pacific West ,CA,1941,"302,530"
Sequoia NP,SEQU,National Park,Pacific West ,CA,1942,"154,880"
Sequoia NP,SEQU,National Park,Pacific West ,CA,1943,"62,780"
Sequoia NP,SEQU,National Park,Pacific West ,CA,1944,"54,600"
Sequoia NP,SEQU,National Park,Pacific West ,CA,1945,"137,875"
Sequoia NP,SEQU,National Park,Pacific West ,CA,1946,"315,365"
Sequoia NP,SEQU,National Park,Pacific West ,CA,1947,"373,892"
Sequoia NP,SEQU,National Park,Pacific West ,CA,1948,"403,968"
Sequoia NP,SEQU,National Park,Pacific West ,CA,1949,"367,627"
Sequoia NP,SEQU,National Park,Pacific West ,CA,1950,"379,218"
Sequoia NP,SEQU,National Park,Pacific West ,CA,1951,"452,538"
Sequoia NP,SEQU,National Park,Pacific West ,CA,1952,"472,062"
Sequoia NP,SEQU,National Park,Pacific West ,CA,1953,"501,259"
Sequoia NP,SEQU,National Park,Pacific West ,CA,1954,"484,700"
Sequoia NP,SEQU,National Park,Pacific West ,CA,1955,"518,000"
Sequoia NP,SEQU,National Park,Pacific West ,CA,1956,"538,100"
Sequoia NP,SEQU,National Park,Pacific West ,CA,1957,"535,800"
Sequoia NP,SEQU,National Park,Pacific West ,CA,1958,"512,200"
Sequoia NP,SEQU,National Park,Pacific West ,CA,1959,"547,300"
Sequoia NP,SEQU,National Park,Pacific West ,CA,1960,"610,800"
Sequoia NP,SEQU,National Park,Pacific West ,CA,1961,"610,200"
Sequoia NP,SEQU,National Park,Pacific West ,CA,1962,"687,400"
Sequoia NP,SEQU,National Park,Pacific West ,CA,1963,"631,700"
Sequoia NP,SEQU,National Park,Pacific West ,CA,1964,"654,100"
Sequoia NP,SEQU,National Park,Pacific West ,CA,1965,"877,300"
Sequoia NP,SEQU,National Park,Pacific West ,CA,1966,"797,800"
Sequoia NP,SEQU,National Park,Pacific West ,CA,1967,"746,900"
Sequoia NP,SEQU,National Park,Pacific West ,CA,1968,"874,300"
Sequoia NP,SEQU,National Park,Pacific West ,CA,1969,"919,300"
Sequoia NP,SEQU,National Park,Pacific West ,CA,1970,"875,700"
Sequoia NP,SEQU,National Park,Pacific West ,CA,1971,"878,500"
Sequoia NP,SEQU,National Park,Pacific West ,CA,1972,"867,051"
Sequoia NP,SEQU,National Park,Pacific West ,CA,1973,"845,500"
Sequoia NP,SEQU,National Park,Pacific West ,CA,1974,"686,600"
Sequoia NP,SEQU,National Park,Pacific West ,CA,1975,"957,000"
Sequoia NP,SEQU,National Park,Pacific West ,CA,1976,"1,040,600"
Sequoia NP,SEQU,National Park,Pacific West ,CA,1977,"978,200"
Sequoia NP,SEQU,National Park,Pacific West ,CA,1978,"973,056"
Sequoia NP,SEQU,National Park,Pacific West ,CA,1979,"1,171,013"
Sequoia NP,SEQU,National Park,Pacific West ,CA,1980,"1,322,834"
Sequoia NP,SEQU,National Park,Pacific West ,CA,1981,"1,524,586"
Sequoia NP,SEQU,National Park,Pacific West ,CA,1982,"1,440,145"
Sequoia NP,SEQU,National Park,Pacific West ,CA,1983,"1,201,205"
Sequoia NP,SEQU,National Park,Pacific West ,CA,1984,"1,420,939"
Sequoia NP,SEQU,National Park,Pacific West ,CA,1985,"1,315,045"
Sequoia NP,SEQU,National Park,Pacific West ,CA,1986,"1,440,340"
Sequoia NP,SEQU,National Park,Pacific West ,CA,1987,"1,582,199"
Sequoia NP,SEQU,National Park,Pacific West ,CA,1988,"1,390,806"
Sequoia NP,SEQU,National Park,Pacific West ,CA,1989,"1,394,027"
Sequoia NP,SEQU,National Park,Pacific West ,CA,1990,"1,409,103"
Sequoia NP,SEQU,National Park,Pacific West ,CA,1991,"1,512,492"
Sequoia NP,SEQU,National Park,Pacific West ,CA,1992,"1,370,207"
Sequoia NP,SEQU,National Park,Pacific West ,CA,1993,"1,462,102"
Sequoia NP,SEQU,National Park,Pacific West ,CA,1994,"1,402,548"
Sequoia NP,SEQU,National Park,Pacific West ,CA,1995,"1,171,004"
Sequoia NP,SEQU,National Park,Pacific West ,CA,1996,"1,097,116"
Sequoia NP,SEQU,National Park,Pacific West ,CA,1997,"1,257,321"
Sequoia NP,SEQU,National Park,Pacific West ,CA,1998,"1,091,218"
Sequoia NP,SEQU,National Park,Pacific West ,CA,1999,"1,147,237"
Sequoia NP,SEQU,National Park,Pacific West ,CA,2000,"1,091,497"
Sequoia NP,SEQU,National Park,Pacific West ,CA,2001,"1,157,418"
Sequoia NP,SEQU,National Park,Pacific West ,CA,2002,"1,168,907"
Sequoia NP,SEQU,National Park,Pacific West ,CA,2003,"1,264,985"
Sequoia NP,SEQU,National Park,Pacific West ,CA,2004,"1,244,586"
Sequoia NP,SEQU,National Park,Pacific West ,CA,2005,"1,239,420"
Sequoia NP,SEQU,National Park,Pacific West ,CA,2006,"1,171,955"
Sequoia NP,SEQU,National Park,Pacific West ,CA,2007,"1,209,025"
Sequoia NP,SEQU,National Park,Pacific West ,CA,2008,"1,162,132"
Sequoia NP,SEQU,National Park,Pacific West ,CA,2009,"1,229,150"
Sequoia NP,SEQU,National Park,Pacific West ,CA,2010,"1,254,844"
Sequoia NP,SEQU,National Park,Pacific West ,CA,2011,"1,241,201"
Sequoia NP,SEQU,National Park,Pacific West ,CA,2012,"1,340,348"
Sequoia NP,SEQU,National Park,Pacific West ,CA,2013,"1,140,303"
Sequoia NP,SEQU,National Park,Pacific West ,CA,2014,"1,312,877"
Sequoia NP,SEQU,National Park,Pacific West ,CA,2015,"1,386,105"
Sequoia NP,SEQU,National Park,Pacific West ,CA,2016,"1,587,791"
Sequoia NP,SEQU,National Park,Pacific West ,CA,2017,"1,605,753"
Sequoia NP,SEQU,National Park,Pacific West ,CA,2018,"1,580,795"
Sequoia NP,SEQU,National Park,Pacific West ,CA,2019,"1,563,550"
Sequoia NP,SEQU,National Park,Pacific West ,CA,2020,"899,841"
Sequoia NP,SEQU,National Park,Pacific West ,CA,2021,"1,258,627"
Sequoia NP,SEQU,National Park,Pacific West ,CA,2022,"1,390,707"
Sequoia NP,SEQU,National Park,Pacific West ,CA,2023,"1,148,627"
Sequoia NP,SEQU,National Park,Pacific West ,CA,2024,"1,553,011"
Shenandoah NP,SHEN,National Park,Northeast ,VA,1936,"694,098"
Shenandoah NP,SHEN,National Park,Northeast ,VA,1937,"1,041,204"
Shenandoah NP,SHEN,National Park,Northeast ,VA,1938,"954,967"
Shenandoah NP,SHEN,National Park,Northeast ,VA,1939,"911,612"
Shenandoah NP,SHEN,National Park,Northeast ,VA,1940,"950,807"
Shenandoah NP,SHEN,National Park,Northeast ,VA,1941,"1,071,199"
Shenandoah NP,SHEN,National Park,Northeast ,VA,1942,"138,098"
Shenandoah NP,SHEN,National Park,Northeast ,VA,1943,"41,831"
Shenandoah NP,SHEN,National Park,Northeast ,VA,1944,"137,831"
Shenandoah NP,SHEN,National Park,Northeast ,VA,1945,"542,718"
Shenandoah NP,SHEN,National Park,Northeast ,VA,1946,"709,789"
Shenandoah NP,SHEN,National Park,Northeast ,VA,1947,"858,630"
Shenandoah NP,SHEN,National Park,Northeast ,VA,1948,"932,068"
Shenandoah NP,SHEN,National Park,Northeast ,VA,1949,"1,157,946"
Shenandoah NP,SHEN,National Park,Northeast ,VA,1950,"1,279,387"
Shenandoah NP,SHEN,National Park,Northeast ,VA,1951,"1,412,499"
Shenandoah NP,SHEN,National Park,Northeast ,VA,1952,"1,494,647"
Shenandoah NP,SHEN,National Park,Northeast ,VA,1953,"1,673,346"
Shenandoah NP,SHEN,National Park,Northeast ,VA,1954,"1,659,600"
Shenandoah NP,SHEN,National Park,Northeast ,VA,1955,"1,543,400"
Shenandoah NP,SHEN,National Park,Northeast ,VA,1956,"1,623,500"
Shenandoah NP,SHEN,National Park,Northeast ,VA,1957,"1,655,500"
Shenandoah NP,SHEN,National Park,Northeast ,VA,1958,"1,655,300"
Shenandoah NP,SHEN,National Park,Northeast ,VA,1959,"1,786,700"
Shenandoah NP,SHEN,National Park,Northeast ,VA,1960,"1,780,100"
Shenandoah NP,SHEN,National Park,Northeast ,VA,1961,"1,929,300"
Shenandoah NP,SHEN,National Park,Northeast ,VA,1962,"2,049,400"
Shenandoah NP,SHEN,National Park,Northeast ,VA,1963,"2,237,800"
Shenandoah NP,SHEN,National Park,Northeast ,VA,1964,"2,276,200"
Shenandoah NP,SHEN,National Park,Northeast ,VA,1965,"2,289,400"
Shenandoah NP,SHEN,National Park,Northeast ,VA,1966,"2,349,100"
Shenandoah NP,SHEN,National Park,Northeast ,VA,1967,"2,133,100"
Shenandoah NP,SHEN,National Park,Northeast ,VA,1968,"2,273,200"
Shenandoah NP,SHEN,National Park,Northeast ,VA,1969,"2,400,900"
Shenandoah NP,SHEN,National Park,Northeast ,VA,1970,"2,411,500"
Shenandoah NP,SHEN,National Park,Northeast ,VA,1971,"2,140,600"
Shenandoah NP,SHEN,National Park,Northeast ,VA,1972,"2,038,224"
Shenandoah NP,SHEN,National Park,Northeast ,VA,1973,"2,308,400"
Shenandoah NP,SHEN,National Park,Northeast ,VA,1974,"1,949,400"
Shenandoah NP,SHEN,National Park,Northeast ,VA,1975,"2,420,600"
Shenandoah NP,SHEN,National Park,Northeast ,VA,1976,"2,448,600"
Shenandoah NP,SHEN,National Park,Northeast ,VA,1977,"2,789,100"
Shenandoah NP,SHEN,National Park,Northeast ,VA,1978,"2,002,205"
Shenandoah NP,SHEN,National Park,Northeast ,VA,1979,"2,060,509"
Shenandoah NP,SHEN,National Park,Northeast ,VA,1980,"2,244,674"
Shenandoah NP,SHEN,National Park,Northeast ,VA,1981,"2,351,989"
Shenandoah NP,SHEN,National Park,Northeast ,VA,1982,"2,264,434"
Shenandoah NP,SHEN,National Park,Northeast ,VA,1983,"2,261,006"
Shenandoah NP,SHEN,National Park,Northeast ,VA,1984,"2,358,652"
Shenandoah NP,SHEN,National Park,Northeast ,VA,1985,"2,390,742"
Shenandoah NP,SHEN,National Park,Northeast ,VA,1986,"2,228,369"
Shenandoah NP,SHEN,National Park,Northeast ,VA,1987,"2,143,268"
Shenandoah NP,SHEN,National Park,Northeast ,VA,1988,"2,318,566"
Shenandoah NP,SHEN,National Park,Northeast ,VA,1989,"2,245,735"
Shenandoah NP,SHEN,National Park,Northeast ,VA,1990,"2,137,030"
Shenandoah NP,SHEN,National Park,Northeast ,VA,1991,"2,325,817"
Shenandoah NP,SHEN,National Park,Northeast ,VA,1992,"2,186,637"
Shenandoah NP,SHEN,National Park,Northeast ,VA,1993,"2,299,522"
Shenandoah NP,SHEN,National Park,Northeast ,VA,1994,"2,269,209"
Shenandoah NP,SHEN,National Park,Northeast ,VA,1995,"2,149,952"
Shenandoah NP,SHEN,National Park,Northeast ,VA,1996,"1,854,336"
Shenandoah NP,SHEN,National Park,Northeast ,VA,1997,"1,894,676"
Shenandoah NP,SHEN,National Park,Northeast ,VA,1998,"1,772,450"
Shenandoah NP,SHEN,National Park,Northeast ,VA,1999,"1,622,754"
Shenandoah NP,SHEN,National Park,Northeast ,VA,2000,"1,714,708"
Shenandoah NP,SHEN,National Park,Northeast ,VA,2001,"1,804,644"
Shenandoah NP,SHEN,National Park,Northeast ,VA,2002,"1,686,150"
Shenandoah NP,SHEN,National Park,Northeast ,VA,2003,"1,429,421"
Shenandoah NP,SHEN,National Park,Northeast ,VA,2004,"1,547,764"
Shenandoah NP,SHEN,National Park,Northeast ,VA,2005,"1,384,995"
Shenandoah NP,SHEN,National Park,Northeast ,VA,2006,"1,339,226"
Shenandoah NP,SHEN,National Park,Northeast ,VA,2007,"1,406,957"
Shenandoah NP,SHEN,National Park,Northeast ,VA,2008,"1,381,214"
Shenandoah NP,SHEN,National Park,Northeast ,VA,2009,"1,425,143"
Shenandoah NP,SHEN,National Park,Northeast ,VA,2010,"1,566,048"
Shenandoah NP,SHEN,National Park,Northeast ,VA,2011,"1,503,733"
Shenandoah NP,SHEN,National Park,Northeast ,VA,2012,"1,510,404"
Shenandoah NP,SHEN,National Park,Northeast ,VA,2013,"1,400,209"
Shenandoah NP,SHEN,National Park,Northeast ,VA,2014,"1,542,771"
Shenandoah NP,SHEN,National Park,Northeast ,VA,2015,"1,646,382"
Shenandoah NP,SHEN,National Park,Northeast ,VA,2016,"1,779,601"
Shenandoah NP,SHEN,National Park,Northeast ,VA,2017,"1,803,442"
Shenandoah NP,SHEN,National Park,Northeast ,VA,2018,"1,587,387"
Shenandoah NP,SHEN,National Park,Northeast ,VA,2019,"1,743,863"
Shenandoah NP,SHEN,National Park,Northeast ,VA,2020,"1,913,987"
Shenandoah NP,SHEN,National Park,Northeast ,VA,2021,"1,937,132"
Shenandoah NP,SHEN,National Park,Northeast ,VA,2022,"1,749,917"
Shenandoah NP,SHEN,National Park,Northeast ,VA,2023,"1,891,791"
Shenandoah NP,SHEN,National Park,Northeast ,VA,2024,"2,000,024"
Theodore Roosevelt NP,THRO,National Park,Midwest ,ND,1941,0
Theodore Roosevelt NP,THRO,National Park,Midwest ,ND,1942,0
Theodore Roosevelt NP,THRO,National Park,Midwest ,ND,1943,0
Theodore Roosevelt NP,THRO,National Park,Midwest ,ND,1944,0
Theodore Roosevelt NP,THRO,National Park,Midwest ,ND,1945,0
Theodore Roosevelt NP,THRO,National Park,Midwest ,ND,1946,0
Theodore Roosevelt NP,THRO,National Park,Midwest ,ND,1947,0
Theodore Roosevelt NP,THRO,National Park,Midwest ,ND,1948,"26,773"
Theodore Roosevelt NP,THRO,National Park,Midwest ,ND,1949,"82,810"
Theodore Roosevelt NP,THRO,National Park,Midwest ,ND,1950,"71,447"
Theodore Roosevelt NP,THRO,National Park,Midwest ,ND,1951,"81,590"
Theodore Roosevelt NP,THRO,National Park,Midwest ,ND,1952,"131,773"
Theodore Roosevelt NP,THRO,National Park,Midwest ,ND,1953,"120,804"
Theodore Roosevelt NP,THRO,National Park,Midwest ,ND,1954,"133,600"
Theodore Roosevelt NP,THRO,National Park,Midwest ,ND,1955,"125,100"
Theodore Roosevelt NP,THRO,National Park,Midwest ,ND,1956,"154,700"
Theodore Roosevelt NP,THRO,National Park,Midwest ,ND,1957,"129,100"
Theodore Roosevelt NP,THRO,National Park,Midwest ,ND,1958,"163,500"
Theodore Roosevelt NP,THRO,National Park,Midwest ,ND,1959,"182,300"
Theodore Roosevelt NP,THRO,National Park,Midwest ,ND,1960,"223,200"
Theodore Roosevelt NP,THRO,National Park,Midwest ,ND,1961,"235,600"
Theodore Roosevelt NP,THRO,National Park,Midwest ,ND,1962,"245,700"
Theodore Roosevelt NP,THRO,National Park,Midwest ,ND,1963,"237,500"
Theodore Roosevelt NP,THRO,National Park,Midwest ,ND,1964,"261,500"
Theodore Roosevelt NP,THRO,National Park,Midwest ,ND,1965,"233,600"
Theodore Roosevelt NP,THRO,National Park,Midwest ,ND,1966,"500,300"
Theodore Roosevelt NP,THRO,National Park,Midwest ,ND,1967,"555,800"
Theodore Roosevelt NP,THRO,National Park,Midwest ,ND,1968,"562,400"
Theodore Roosevelt NP,THRO,National Park,Midwest ,ND,1969,"658,700"
Theodore Roosevelt NP,THRO,National Park,Midwest ,ND,1970,"680,000"
Theodore Roosevelt NP,THRO,National Park,Midwest ,ND,1971,"707,200"
Theodore Roosevelt NP,THRO,National Park,Midwest ,ND,1972,"998,849"
Theodore Roosevelt NP,THRO,National Park,Midwest ,ND,1973,"849,700"
Theodore Roosevelt NP,THRO,National Park,Midwest ,ND,1974,"698,600"
Theodore Roosevelt NP,THRO,National Park,Midwest ,ND,1975,"800,900"
Theodore Roosevelt NP,THRO,National Park,Midwest ,ND,1976,"937,600"
Theodore Roosevelt NP,THRO,National Park,Midwest ,ND,1977,"828,400"
Theodore Roosevelt NP,THRO,National Park,Midwest ,ND,1978,"825,985"
Theodore Roosevelt NP,THRO,National Park,Midwest ,ND,1979,"631,092"
Theodore Roosevelt NP,THRO,National Park,Midwest ,ND,1980,"634,856"
Theodore Roosevelt NP,THRO,National Park,Midwest ,ND,1981,"748,063"
Theodore Roosevelt NP,THRO,National Park,Midwest ,ND,1982,"719,942"
Theodore Roosevelt NP,THRO,National Park,Midwest ,ND,1983,"449,152"
Theodore Roosevelt NP,THRO,National Park,Midwest ,ND,1984,"390,281"
Theodore Roosevelt NP,THRO,National Park,Midwest ,ND,1985,"404,577"
Theodore Roosevelt NP,THRO,National Park,Midwest ,ND,1986,"419,800"
Theodore Roosevelt NP,THRO,National Park,Midwest ,ND,1987,"455,968"
Theodore Roosevelt NP,THRO,National Park,Midwest ,ND,1988,"441,166"
Theodore Roosevelt NP,THRO,National Park,Midwest ,ND,1989,"489,331"
Theodore Roosevelt NP,THRO,National Park,Midwest ,ND,1990,"493,608"
Theodore Roosevelt NP,THRO,National Park,Midwest ,ND,1991,"502,645"
Theodore Roosevelt NP,THRO,National Park,Midwest ,ND,1992,"510,078"
Theodore Roosevelt NP,THRO,National Park,Midwest ,ND,1993,"510,982"
Theodore Roosevelt NP,THRO,National Park,Midwest ,ND,1994,"544,577"
Theodore Roosevelt NP,THRO,National Park,Midwest ,ND,1995,"496,726"
Theodore Roosevelt NP,THRO,National Park,Midwest ,ND,1996,"473,615"
Theodore Roosevelt NP,THRO,National Park,Midwest ,ND,1997,"428,787"
Theodore Roosevelt NP,THRO,National Park,Midwest ,ND,1998,"481,927"
Theodore Roosevelt NP,THRO,National Park,Midwest ,ND,1999,"467,022"
Theodore Roosevelt NP,THRO,National Park,Midwest ,ND,2000,"466,724"
Theodore Roosevelt NP,THRO,National Park,Midwest ,ND,2001,"478,762"
Theodore Roosevelt NP,THRO,National Park,Midwest ,ND,2002,"503,817"
Theodore Roosevelt NP,THRO,National Park,Midwest ,ND,2003,"523,649"
Theodore Roosevelt NP,THRO,National Park,Midwest ,ND,2004,"504,988"
Theodore Roosevelt NP,THRO,National Park,Midwest ,ND,2005,"523,958"
Theodore Roosevelt NP,THRO,National Park,Midwest ,ND,2006,"462,705"
Theodore Roosevelt NP,THRO,National Park,Midwest ,ND,2007,"483,467"
Theodore Roosevelt NP,THRO,National Park,Midwest ,ND,2008,"543,315"
Theodore Roosevelt NP,THRO,National Park,Midwest ,ND,2009,"620,320"
Theodore Roosevelt NP,THRO,National Park,Midwest ,ND,2010,"659,194"
Theodore Roosevelt NP,THRO,National Park,Midwest ,ND,2011,"591,503"
Theodore Roosevelt NP,THRO,National Park,Midwest ,ND,2012,"674,137"
Theodore Roosevelt NP,THRO,National Park,Midwest ,ND,2013,"580,951"
Theodore Roosevelt NP,THRO,National Park,Midwest ,ND,2014,"595,810"
Theodore Roosevelt NP,THRO,National Park,Midwest ,ND,2015,"619,018"
Theodore Roosevelt NP,THRO,National Park,Midwest ,ND,2016,"795,831"
Theodore Roosevelt NP,THRO,National Park,Midwest ,ND,2017,"749,638"
Theodore Roosevelt NP,THRO,National Park,Midwest ,ND,2018,"791,947"
Theodore Roosevelt NP,THRO,National Park,Midwest ,ND,2019,"738,658"
Theodore Roosevelt NP,THRO,National Park,Midwest ,ND,2020,"561,204"
Theodore Roosevelt NP,THRO,National Park,Midwest ,ND,2021,"844,587"
Theodore Roosevelt NP,THRO,National Park,Midwest ,ND,2022,"714,898"
Theodore Roosevelt NP,THRO,National Park,Midwest ,ND,2023,"790,435"
Theodore Roosevelt NP,THRO,National Park,Midwest ,ND,2024,"779,282"
Virgin Islands NP,VIIS,National Park,Southeast ,VI,1957,"11,900"
Virgin Islands NP,VIIS,National Park,Southeast ,VI,1958,"13,900"
Virgin Islands NP,VIIS,National Park,Southeast ,VI,1959,"19,800"
Virgin Islands NP,VIIS,National Park,Southeast ,VI,1960,"27,200"
Virgin Islands NP,VIIS,National Park,Southeast ,VI,1961,"30,600"
Virgin Islands NP,VIIS,National Park,Southeast ,VI,1962,"55,400"
Virgin Islands NP,VIIS,National Park,Southeast ,VI,1963,"86,200"
Virgin Islands NP,VIIS,National Park,Southeast ,VI,1964,"71,600"
Virgin Islands NP,VIIS,National Park,Southeast ,VI,1965,"57,400"
Virgin Islands NP,VIIS,National Park,Southeast ,VI,1966,"66,000"
Virgin Islands NP,VIIS,National Park,Southeast ,VI,1967,"102,700"
Virgin Islands NP,VIIS,National Park,Southeast ,VI,1968,"123,800"
Virgin Islands NP,VIIS,National Park,Southeast ,VI,1969,"117,000"
Virgin Islands NP,VIIS,National Park,Southeast ,VI,1970,"126,600"
Virgin Islands NP,VIIS,National Park,Southeast ,VI,1971,"133,700"
Virgin Islands NP,VIIS,National Park,Southeast ,VI,1972,"148,626"
Virgin Islands NP,VIIS,National Park,Southeast ,VI,1973,"150,100"
Virgin Islands NP,VIIS,National Park,Southeast ,VI,1974,"154,800"
Virgin Islands NP,VIIS,National Park,Southeast ,VI,1975,"156,900"
Virgin Islands NP,VIIS,National Park,Southeast ,VI,1976,"182,600"
Virgin Islands NP,VIIS,National Park,Southeast ,VI,1977,"289,100"
Virgin Islands NP,VIIS,National Park,Southeast ,VI,1978,"481,662"
Virgin Islands NP,VIIS,National Park,Southeast ,VI,1979,"878,312"
Virgin Islands NP,VIIS,National Park,Southeast ,VI,1980,"963,253"
Virgin Islands NP,VIIS,National Park,Southeast ,VI,1981,"1,008,179"
Virgin Islands NP,VIIS,National Park,Southeast ,VI,1982,"1,184,128"
Virgin Islands NP,VIIS,National Park,Southeast ,VI,1983,"1,192,753"
Virgin Islands NP,VIIS,National Park,Southeast ,VI,1984,"1,188,639"
Virgin Islands NP,VIIS,National Park,Southeast ,VI,1985,"1,234,229"
Virgin Islands NP,VIIS,National Park,Southeast ,VI,1986,"1,357,844"
Virgin Islands NP,VIIS,National Park,Southeast ,VI,1987,"1,383,015"
Virgin Islands NP,VIIS,National Park,Southeast ,VI,1988,"1,464,919"
Virgin Islands NP,VIIS,National Park,Southeast ,VI,1989,"1,179,613"
Virgin Islands NP,VIIS,National Park,Southeast ,VI,1990,"1,145,654"
Virgin Islands NP,VIIS,National Park,Southeast ,VI,1991,"1,182,925"
Virgin Islands NP,VIIS,National Park,Southeast ,VI,1992,"1,159,718"
Virgin Islands NP,VIIS,National Park,Southeast ,VI,1993,"1,332,945"
Virgin Islands NP,VIIS,National Park,Southeast ,VI,1994,"1,149,061"
Virgin Islands NP,VIIS,National Park,Southeast ,VI,1995,"1,050,352"
Virgin Islands NP,VIIS,National Park,Southeast ,VI,1996,"1,041,232"
Virgin Islands NP,VIIS,National Park,Southeast ,VI,1997,"1,190,025"
Virgin Islands NP,VIIS,National Park,Southeast ,VI,1998,"1,148,860"
Virgin Islands NP,VIIS,National Park,Southeast ,VI,1999,"919,181"
Virgin Islands NP,VIIS,National Park,Southeast ,VI,2000,"1,272,232"
Virgin Islands NP,VIIS,National Park,Southeast ,VI,2001,"1,245,728"
Virgin Islands NP,VIIS,National Park,Southeast ,VI,2002,"1,297,063"
Virgin Islands NP,VIIS,National Park,Southeast ,VI,2003,"1,433,656"
Virgin Islands NP,VIIS,National Park,Southeast ,VI,2004,"1,296,663"
Virgin Islands NP,VIIS,National Park,Southeast ,VI,2005,"1,279,687"
Virgin Islands NP,VIIS,National Park,Southeast ,VI,2006,"1,131,001"
Virgin Islands NP,VIIS,National Park,Southeast ,VI,2007,"985,548"
Virgin Islands NP,VIIS,National Park,Southeast ,VI,2008,"871,332"
Virgin Islands NP,VIIS,National Park,Southeast ,VI,2009,"800,461"
Virgin Islands NP,VIIS,National Park,Southeast ,VI,2010,"913,536"
Virgin Islands NP,VIIS,National Park,Southeast ,VI,2011,"825,051"
Virgin Islands NP,VIIS,National Park,Southeast ,VI,2012,"924,031"
Virgin Islands NP,VIIS,National Park,Southeast ,VI,2013,"862,076"
Virgin Islands NP,VIIS,National Park,Southeast ,VI,2014,"875,097"
Virgin Islands NP,VIIS,National Park,Southeast ,VI,2015,"888,840"
Virgin Islands NP,VIIS,National Park,Southeast ,VI,2016,"748,604"
Virgin Islands NP,VIIS,National Park,Southeast ,VI,2017,"593,054"
Virgin Islands NP,VIIS,National Park,Southeast ,VI,2018,"312,106"
Virgin Islands NP,VIIS,National Park,Southeast ,VI,2019,"371,650"
Virgin Islands NP,VIIS,National Park,Southeast ,VI,2020,"396,531"
Virgin Islands NP,VIIS,National Park,Southeast ,VI,2021,"564,346"
Virgin Islands NP,VIIS,National Park,Southeast ,VI,2022,"405,298"
Virgin Islands NP,VIIS,National Park,Southeast ,VI,2023,"619,269"
Virgin Islands NP,VIIS,National Park,Southeast ,VI,2024,"690,443"
Voyageurs NP,VOYA,National Park,Midwest ,MN,1976,"121,200"
Voyageurs NP,VOYA,National Park,Midwest ,MN,1977,"140,300"
Voyageurs NP,VOYA,National Park,Midwest ,MN,1978,"255,426"
Voyageurs NP,VOYA,National Park,Midwest ,MN,1979,"275,513"
Voyageurs NP,VOYA,National Park,Midwest ,MN,1980,"312,329"
Voyageurs NP,VOYA,National Park,Midwest ,MN,1981,"293,119"
Voyageurs NP,VOYA,National Park,Midwest ,MN,1982,"189,846"
Voyageurs NP,VOYA,National Park,Midwest ,MN,1983,"208,244"
Voyageurs NP,VOYA,National Park,Midwest ,MN,1984,"226,045"
Voyageurs NP,VOYA,National Park,Midwest ,MN,1985,"253,635"
Voyageurs NP,VOYA,National Park,Midwest ,MN,1986,"226,497"
Voyageurs NP,VOYA,National Park,Midwest ,MN,1987,"258,954"
Voyageurs NP,VOYA,National Park,Midwest ,MN,1988,"282,645"
Voyageurs NP,VOYA,National Park,Midwest ,MN,1989,"273,875"
Voyageurs NP,VOYA,National Park,Midwest ,MN,1990,"291,021"
Voyageurs NP,VOYA,National Park,Midwest ,MN,1991,"282,985"
Voyageurs NP,VOYA,National Park,Midwest ,MN,1992,"264,248"
Voyageurs NP,VOYA,National Park,Midwest ,MN,1993,"263,586"
Voyageurs NP,VOYA,National Park,Midwest ,MN,1994,"258,286"
Voyageurs NP,VOYA,National Park,Midwest ,MN,1995,"245,518"
Voyageurs NP,VOYA,National Park,Midwest ,MN,1996,"279,419"
Voyageurs NP,VOYA,National Park,Midwest ,MN,1997,"254,154"
Voyageurs NP,VOYA,National Park,Midwest ,MN,1998,"267,219"
Voyageurs NP,VOYA,National Park,Midwest ,MN,1999,"264,954"
Voyageurs NP,VOYA,National Park,Midwest ,MN,2000,"248,056"
Voyageurs NP,VOYA,National Park,Midwest ,MN,2001,"265,523"
Voyageurs NP,VOYA,National Park,Midwest ,MN,2002,"259,816"
Voyageurs NP,VOYA,National Park,Midwest ,MN,2003,"255,706"
Voyageurs NP,VOYA,National Park,Midwest ,MN,2004,"273,997"
Voyageurs NP,VOYA,National Park,Midwest ,MN,2005,"259,485"
Voyageurs NP,VOYA,National Park,Midwest ,MN,2006,"257,680"
Voyageurs NP,VOYA,National Park,Midwest ,MN,2007,"245,062"
Voyageurs NP,VOYA,National Park,Midwest ,MN,2008,"246,984"
Voyageurs NP,VOYA,National Park,Midwest ,MN,2009,"273,980"
Voyageurs NP,VOYA,National Park,Midwest ,MN,2010,"347,172"
Voyageurs NP,VOYA,National Park,Midwest ,MN,2011,"244,584"
Voyageurs NP,VOYA,National Park,Midwest ,MN,2012,"290,679"
Voyageurs NP,VOYA,National Park,Midwest ,MN,2013,"291,214"
Voyageurs NP,VOYA,National Park,Midwest ,MN,2014,"303,928"
Voyageurs NP,VOYA,National Park,Midwest ,MN,2015,"319,694"
Voyageurs NP,VOYA,National Park,Midwest ,MN,2016,"321,020"
Voyageurs NP,VOYA,National Park,Midwest ,MN,2017,"321,891"
Voyageurs NP,VOYA,National Park,Midwest ,MN,2018,"328,197"
Voyageurs NP,VOYA,National Park,Midwest ,MN,2019,"307,085"
Voyageurs NP,VOYA,National Park,Midwest ,MN,2020,"371,654"
Voyageurs NP,VOYA,National Park,Midwest ,MN,2021,"344,958"
Voyageurs NP,VOYA,National Park,Midwest ,MN,2022,"289,652"
Voyageurs NP,VOYA,National Park,Midwest ,MN,2023,"298,574"
Voyageurs NP,VOYA,National Park,Midwest ,MN,2024,"275,881"
White Sands NP,WHSA,National Park,Intermountain ,NM,1933,"12,000"
White Sands NP,WHSA,National Park,Intermountain ,NM,1934,"33,900"
White Sands NP,WHSA,National Park,Intermountain ,NM,1935,"33,912"
White Sands NP,WHSA,National Park,Intermountain ,NM,1936,"89,833"
White Sands NP,WHSA,National Park,Intermountain ,NM,1937,"91,532"
White Sands NP,WHSA,National Park,Intermountain ,NM,1938,"110,805"
White Sands NP,WHSA,National Park,Intermountain ,NM,1939,"58,955"
White Sands NP,WHSA,National Park,Intermountain ,NM,1940,"54,498"
White Sands NP,WHSA,National Park,Intermountain ,NM,1941,"79,173"
White Sands NP,WHSA,National Park,Intermountain ,NM,1942,"52,526"
White Sands NP,WHSA,National Park,Intermountain ,NM,1943,"35,693"
White Sands NP,WHSA,National Park,Intermountain ,NM,1944,"35,446"
White Sands NP,WHSA,National Park,Intermountain ,NM,1945,"54,470"
White Sands NP,WHSA,National Park,Intermountain ,NM,1946,"86,073"
White Sands NP,WHSA,National Park,Intermountain ,NM,1947,"97,940"
White Sands NP,WHSA,National Park,Intermountain ,NM,1948,"125,063"
White Sands NP,WHSA,National Park,Intermountain ,NM,1949,"153,563"
White Sands NP,WHSA,National Park,Intermountain ,NM,1950,"180,607"
White Sands NP,WHSA,National Park,Intermountain ,NM,1951,"193,975"
White Sands NP,WHSA,National Park,Intermountain ,NM,1952,"228,158"
White Sands NP,WHSA,National Park,Intermountain ,NM,1953,"216,947"
White Sands NP,WHSA,National Park,Intermountain ,NM,1954,"226,600"
White Sands NP,WHSA,National Park,Intermountain ,NM,1955,"276,800"
White Sands NP,WHSA,National Park,Intermountain ,NM,1956,"282,600"
White Sands NP,WHSA,National Park,Intermountain ,NM,1957,"304,300"
White Sands NP,WHSA,National Park,Intermountain ,NM,1958,"319,800"
White Sands NP,WHSA,National Park,Intermountain ,NM,1959,"380,200"
White Sands NP,WHSA,National Park,Intermountain ,NM,1960,"378,500"
White Sands NP,WHSA,National Park,Intermountain ,NM,1961,"380,800"
White Sands NP,WHSA,National Park,Intermountain ,NM,1962,"371,200"
White Sands NP,WHSA,National Park,Intermountain ,NM,1963,"413,500"
White Sands NP,WHSA,National Park,Intermountain ,NM,1964,"456,800"
White Sands NP,WHSA,National Park,Intermountain ,NM,1965,"523,900"
White Sands NP,WHSA,National Park,Intermountain ,NM,1966,"513,000"
White Sands NP,WHSA,National Park,Intermountain ,NM,1967,"516,300"
White Sands NP,WHSA,National Park,Intermountain ,NM,1968,"614,800"
White Sands NP,WHSA,National Park,Intermountain ,NM,1969,"488,800"
White Sands NP,WHSA,National Park,Intermountain ,NM,1970,"515,100"
White Sands NP,WHSA,National Park,Intermountain ,NM,1971,"568,000"
White Sands NP,WHSA,National Park,Intermountain ,NM,1972,"579,456"
White Sands NP,WHSA,National Park,Intermountain ,NM,1973,"654,800"
White Sands NP,WHSA,National Park,Intermountain ,NM,1974,"553,900"
White Sands NP,WHSA,National Park,Intermountain ,NM,1975,"564,100"
White Sands NP,WHSA,National Park,Intermountain ,NM,1976,"575,200"
White Sands NP,WHSA,National Park,Intermountain ,NM,1977,"622,300"
White Sands NP,WHSA,National Park,Intermountain ,NM,1978,"580,244"
White Sands NP,WHSA,National Park,Intermountain ,NM,1979,"586,524"
White Sands NP,WHSA,National Park,Intermountain ,NM,1980,"532,890"
White Sands NP,WHSA,National Park,Intermountain ,NM,1981,"564,269"
White Sands NP,WHSA,National Park,Intermountain ,NM,1982,"554,833"
White Sands NP,WHSA,National Park,Intermountain ,NM,1983,"493,565"
White Sands NP,WHSA,National Park,Intermountain ,NM,1984,"544,388"
White Sands NP,WHSA,National Park,Intermountain ,NM,1985,"488,985"
White Sands NP,WHSA,National Park,Intermountain ,NM,1986,"667,712"
White Sands NP,WHSA,National Park,Intermountain ,NM,1987,"568,738"
White Sands NP,WHSA,National Park,Intermountain ,NM,1988,"557,095"
White Sands NP,WHSA,National Park,Intermountain ,NM,1989,"570,638"
White Sands NP,WHSA,National Park,Intermountain ,NM,1990,"584,106"
White Sands NP,WHSA,National Park,Intermountain ,NM,1991,"592,029"
White Sands NP,WHSA,National Park,Intermountain ,NM,1992,"592,839"
White Sands NP,WHSA,National Park,Intermountain ,NM,1993,"616,431"
White Sands NP,WHSA,National Park,Intermountain ,NM,1994,"587,946"
White Sands NP,WHSA,National Park,Intermountain ,NM,1995,"609,659"
White Sands NP,WHSA,National Park,Intermountain ,NM,1996,"620,296"
White Sands NP,WHSA,National Park,Intermountain ,NM,1997,"633,307"
White Sands NP,WHSA,National Park,Intermountain ,NM,1998,"595,181"
White Sands NP,WHSA,National Park,Intermountain ,NM,1999,"556,428"
White Sands NP,WHSA,National Park,Intermountain ,NM,2000,"517,601"
White Sands NP,WHSA,National Park,Intermountain ,NM,2001,"521,870"
White Sands NP,WHSA,National Park,Intermountain ,NM,2002,"501,656"
White Sands NP,WHSA,National Park,Intermountain ,NM,2003,"494,647"
White Sands NP,WHSA,National Park,Intermountain ,NM,2004,"451,216"
White Sands NP,WHSA,National Park,Intermountain ,NM,2005,"452,862"
White Sands NP,WHSA,National Park,Intermountain ,NM,2006,"442,795"
White Sands NP,WHSA,National Park,Intermountain ,NM,2007,"439,423"
White Sands NP,WHSA,National Park,Intermountain ,NM,2008,"444,832"
White Sands NP,WHSA,National Park,Intermountain ,NM,2009,"473,281"
White Sands NP,WHSA,National Park,Intermountain ,NM,2010,"472,732"
White Sands NP,WHSA,National Park,Intermountain ,NM,2011,"431,109"
White Sands NP,WHSA,National Park,Intermountain ,NM,2012,"449,682"
White Sands NP,WHSA,National Park,Intermountain ,NM,2013,"492,840"
White Sands NP,WHSA,National Park,Intermountain ,NM,2014,"505,747"
White Sands NP,WHSA,National Park,Intermountain ,NM,2015,"501,022"
White Sands NP,WHSA,National Park,Intermountain ,NM,2016,"560,124"
White Sands NP,WHSA,National Park,Intermountain ,NM,2017,"617,727"
White Sands NP,WHSA,National Park,Intermountain ,NM,2018,"607,133"
White Sands NP,WHSA,National Park,Intermountain ,NM,2019,"613,028"
White Sands NP,WHSA,National Park,Intermountain ,NM,2020,"416,191"
White Sands NP,WHSA,National Park,Intermountain ,NM,2021,"782,469"
White Sands NP,WHSA,National Park,Intermountain ,NM,2022,"705,127"
White Sands NP,WHSA,National Park,Intermountain ,NM,2023,"729,096"
White Sands NP,WHSA,National Park,Intermountain ,NM,2024,"702,236"
Wind Cave NP,WICA,National Park,Midwest ,SD,1904,"2,900"
Wind Cave NP,WICA,National Park,Midwest ,SD,1905,"2,438"
Wind Cave NP,WICA,National Park,Midwest ,SD,1906,"2,787"
Wind Cave NP,WICA,National Park,Midwest ,SD,1907,"2,751"
Wind Cave NP,WICA,National Park,Midwest ,SD,1908,"3,171"
Wind Cave NP,WICA,National Park,Midwest ,SD,1909,"3,216"
Wind Cave NP,WICA,National Park,Midwest ,SD,1910,"3,387"
Wind Cave NP,WICA,National Park,Midwest ,SD,1911,"3,887"
Wind Cave NP,WICA,National Park,Midwest ,SD,1912,"3,199"
Wind Cave NP,WICA,National Park,Midwest ,SD,1913,"3,988"
Wind Cave NP,WICA,National Park,Midwest ,SD,1914,"3,592"
Wind Cave NP,WICA,National Park,Midwest ,SD,1915,"2,817"
Wind Cave NP,WICA,National Park,Midwest ,SD,1916,"9,000"
Wind Cave NP,WICA,National Park,Midwest ,SD,1917,"16,742"
Wind Cave NP,WICA,National Park,Midwest ,SD,1918,"36,000"
Wind Cave NP,WICA,National Park,Midwest ,SD,1919,"25,000"
Wind Cave NP,WICA,National Park,Midwest ,SD,1920,"38,000"
Wind Cave NP,WICA,National Park,Midwest ,SD,1921,"28,336"
Wind Cave NP,WICA,National Park,Midwest ,SD,1922,"31,016"
Wind Cave NP,WICA,National Park,Midwest ,SD,1923,"41,505"
Wind Cave NP,WICA,National Park,Midwest ,SD,1924,"52,166"
Wind Cave NP,WICA,National Park,Midwest ,SD,1925,"69,267"
Wind Cave NP,WICA,National Park,Midwest ,SD,1926,"85,466"
Wind Cave NP,WICA,National Park,Midwest ,SD,1927,"81,023"
Wind Cave NP,WICA,National Park,Midwest ,SD,1928,"100,309"
Wind Cave NP,WICA,National Park,Midwest ,SD,1929,"108,943"
Wind Cave NP,WICA,National Park,Midwest ,SD,1930,"88,000"
Wind Cave NP,WICA,National Park,Midwest ,SD,1931,"85,000"
Wind Cave NP,WICA,National Park,Midwest ,SD,1932,"12,539"
Wind Cave NP,WICA,National Park,Midwest ,SD,1933,"10,460"
Wind Cave NP,WICA,National Park,Midwest ,SD,1934,"15,205"
Wind Cave NP,WICA,National Park,Midwest ,SD,1935,"20,207"
Wind Cave NP,WICA,National Park,Midwest ,SD,1936,"16,605"
Wind Cave NP,WICA,National Park,Midwest ,SD,1937,"19,075"
Wind Cave NP,WICA,National Park,Midwest ,SD,1938,"19,132"
Wind Cave NP,WICA,National Park,Midwest ,SD,1939,"16,202"
Wind Cave NP,WICA,National Park,Midwest ,SD,1940,"18,028"
Wind Cave NP,WICA,National Park,Midwest ,SD,1941,"21,095"
Wind Cave NP,WICA,National Park,Midwest ,SD,1942,"10,650"
Wind Cave NP,WICA,National Park,Midwest ,SD,1943,"2,989"
Wind Cave NP,WICA,National Park,Midwest ,SD,1944,"3,784"
Wind Cave NP,WICA,National Park,Midwest ,SD,1945,"10,298"
Wind Cave NP,WICA,National Park,Midwest ,SD,1946,"84,800"
Wind Cave NP,WICA,National Park,Midwest ,SD,1947,"102,227"
Wind Cave NP,WICA,National Park,Midwest ,SD,1948,"108,331"
Wind Cave NP,WICA,National Park,Midwest ,SD,1949,"118,268"
Wind Cave NP,WICA,National Park,Midwest ,SD,1950,"79,344"
Wind Cave NP,WICA,National Park,Midwest ,SD,1951,"130,337"
Wind Cave NP,WICA,National Park,Midwest ,SD,1952,"352,577"
Wind Cave NP,WICA,National Park,Midwest ,SD,1953,"305,875"
Wind Cave NP,WICA,National Park,Midwest ,SD,1954,"276,700"
Wind Cave NP,WICA,National Park,Midwest ,SD,1955,"267,900"
Wind Cave NP,WICA,National Park,Midwest ,SD,1956,"279,200"
Wind Cave NP,WICA,National Park,Midwest ,SD,1957,"284,900"
Wind Cave NP,WICA,National Park,Midwest ,SD,1958,"279,400"
Wind Cave NP,WICA,National Park,Midwest ,SD,1959,"265,600"
Wind Cave NP,WICA,National Park,Midwest ,SD,1960,"864,600"
Wind Cave NP,WICA,National Park,Midwest ,SD,1961,"700,200"
Wind Cave NP,WICA,National Park,Midwest ,SD,1962,"818,600"
Wind Cave NP,WICA,National Park,Midwest ,SD,1963,"931,100"
Wind Cave NP,WICA,National Park,Midwest ,SD,1964,"894,300"
Wind Cave NP,WICA,National Park,Midwest ,SD,1965,"885,600"
Wind Cave NP,WICA,National Park,Midwest ,SD,1966,"928,500"
Wind Cave NP,WICA,National Park,Midwest ,SD,1967,"882,100"
Wind Cave NP,WICA,National Park,Midwest ,SD,1968,"962,200"
Wind Cave NP,WICA,National Park,Midwest ,SD,1969,"896,600"
Wind Cave NP,WICA,National Park,Midwest ,SD,1970,"997,100"
Wind Cave NP,WICA,National Park,Midwest ,SD,1971,"550,100"
Wind Cave NP,WICA,National Park,Midwest ,SD,1972,"505,000"
Wind Cave NP,WICA,National Park,Midwest ,SD,1973,"479,900"
Wind Cave NP,WICA,National Park,Midwest ,SD,1974,"428,700"
Wind Cave NP,WICA,National Park,Midwest ,SD,1975,"324,500"
Wind Cave NP,WICA,National Park,Midwest ,SD,1976,"458,100"
Wind Cave NP,WICA,National Park,Midwest ,SD,1977,"532,700"
Wind Cave NP,WICA,National Park,Midwest ,SD,1978,"539,053"
Wind Cave NP,WICA,National Park,Midwest ,SD,1979,"963,359"
Wind Cave NP,WICA,National Park,Midwest ,SD,1980,"980,457"
Wind Cave NP,WICA,National Park,Midwest ,SD,1981,"1,034,090"
Wind Cave NP,WICA,National Park,Midwest ,SD,1982,"953,079"
Wind Cave NP,WICA,National Park,Midwest ,SD,1983,"1,025,791"
Wind Cave NP,WICA,National Park,Midwest ,SD,1984,"1,050,292"
Wind Cave NP,WICA,National Park,Midwest ,SD,1985,"975,539"
Wind Cave NP,WICA,National Park,Midwest ,SD,1986,"994,949"
Wind Cave NP,WICA,National Park,Midwest ,SD,1987,"1,161,757"
Wind Cave NP,WICA,National Park,Midwest ,SD,1988,"1,197,034"
Wind Cave NP,WICA,National Park,Midwest ,SD,1989,"1,136,779"
Wind Cave NP,WICA,National Park,Midwest ,SD,1990,"1,180,412"
Wind Cave NP,WICA,National Park,Midwest ,SD,1991,"1,193,053"
Wind Cave NP,WICA,National Park,Midwest ,SD,1992,"1,317,747"
Wind Cave NP,WICA,National Park,Midwest ,SD,1993,"753,338"
Wind Cave NP,WICA,National Park,Midwest ,SD,1994,"1,190,469"
Wind Cave NP,WICA,National Park,Midwest ,SD,1995,"1,105,014"
Wind Cave NP,WICA,National Park,Midwest ,SD,1996,"1,063,068"
Wind Cave NP,WICA,National Park,Midwest ,SD,1997,"1,134,193"
Wind Cave NP,WICA,National Park,Midwest ,SD,1998,"1,167,639"
Wind Cave NP,WICA,National Park,Midwest ,SD,1999,"1,026,705"
Wind Cave NP,WICA,National Park,Midwest ,SD,2000,"891,232"
Wind Cave NP,WICA,National Park,Midwest ,SD,2001,"882,479"
Wind Cave NP,WICA,National Park,Midwest ,SD,2002,"1,111,500"
Wind Cave NP,WICA,National Park,Midwest ,SD,2003,"1,210,338"
Wind Cave NP,WICA,National Park,Midwest ,SD,2004,"835,648"
Wind Cave NP,WICA,National Park,Midwest ,SD,2005,"860,390"
Wind Cave NP,WICA,National Park,Midwest ,SD,2006,"833,605"
Wind Cave NP,WICA,National Park,Midwest ,SD,2007,"846,927"
Wind Cave NP,WICA,National Park,Midwest ,SD,2008,"807,371"
Wind Cave NP,WICA,National Park,Midwest ,SD,2009,"820,549"
Wind Cave NP,WICA,National Park,Midwest ,SD,2010,"807,815"
Wind Cave NP,WICA,National Park,Midwest ,SD,2011,"761,788"
Wind Cave NP,WICA,National Park,Midwest ,SD,2012,"760,331"
Wind Cave NP,WICA,National Park,Midwest ,SD,2013,"740,349"
Wind Cave NP,WICA,National Park,Midwest ,SD,2014,"769,637"
Wind Cave NP,WICA,National Park,Midwest ,SD,2015,"865,572"
Wind Cave NP,WICA,National Park,Midwest ,SD,2016,"876,645"
Wind Cave NP,WICA,National Park,Midwest ,SD,2017,"884,499"
Wind Cave NP,WICA,National Park,Midwest ,SD,2018,"928,131"
Wind Cave NP,WICA,National Park,Midwest ,SD,2019,"864,256"
Wind Cave NP,WICA,National Park,Midwest ,SD,2020,"645,425"
Wind Cave NP,WICA,National Park,Midwest ,SD,2021,"997,733"
Wind Cave NP,WICA,National Park,Midwest ,SD,2022,"862,766"
Wind Cave NP,WICA,National Park,Midwest ,SD,2023,"842,808"
Wind Cave NP,WICA,National Park,Midwest ,SD,2024,"706,557"
Wrangell-St. Elias NP & PRES,WRST,National Park,Alaska,AK,1982,"16,684"
Wrangell-St. Elias NP & PRES,WRST,National Park,Alaska,AK,1983,"21,279"
Wrangell-St. Elias NP & PRES,WRST,National Park,Alaska,AK,1984,"25,136"
Wrangell-St. Elias NP & PRES,WRST,National Park,Alaska,AK,1985,"26,456"
Wrangell-St. Elias NP & PRES,WRST,National Park,Alaska,AK,1986,"30,823"
Wrangell-St. Elias NP & PRES,WRST,National Park,Alaska,AK,1987,"33,477"
Wrangell-St. Elias NP & PRES,WRST,National Park,Alaska,AK,1988,"35,606"
Wrangell-St. Elias NP & PRES,WRST,National Park,Alaska,AK,1989,"38,114"
Wrangell-St. Elias NP & PRES,WRST,National Park,Alaska,AK,1990,"40,421"
Wrangell-St. Elias NP & PRES,WRST,National Park,Alaska,AK,1991,"42,194"
Wrangell-St. Elias NP & PRES,WRST,National Park,Alaska,AK,1992,"45,815"
Wrangell-St. Elias NP & PRES,WRST,National Park,Alaska,AK,1993,"53,531"
Wrangell-St. Elias NP & PRES,WRST,National Park,Alaska,AK,1994,"62,578"
Wrangell-St. Elias NP & PRES,WRST,National Park,Alaska,AK,1995,"72,424"
Wrangell-St. Elias NP & PRES,WRST,National Park,Alaska,AK,1996,"60,501"
Wrangell-St. Elias NP & PRES,WRST,National Park,Alaska,AK,1997,"61,903"
Wrangell-St. Elias NP & PRES,WRST,National Park,Alaska,AK,1998,"35,450"
Wrangell-St. Elias NP & PRES,WRST,National Park,Alaska,AK,1999,"35,856"
Wrangell-St. Elias NP & PRES,WRST,National Park,Alaska,AK,2000,"30,353"
Wrangell-St. Elias NP & PRES,WRST,National Park,Alaska,AK,2001,"28,656"
Wrangell-St. Elias NP & PRES,WRST,National Park,Alaska,AK,2002,"40,352"
Wrangell-St. Elias NP & PRES,WRST,National Park,Alaska,AK,2003,"43,311"
Wrangell-St. Elias NP & PRES,WRST,National Park,Alaska,AK,2004,"57,221"
Wrangell-St. Elias NP & PRES,WRST,National Park,Alaska,AK,2005,"56,224"
Wrangell-St. Elias NP & PRES,WRST,National Park,Alaska,AK,2006,"50,336"
Wrangell-St. Elias NP & PRES,WRST,National Park,Alaska,AK,2007,"61,085"
Wrangell-St. Elias NP & PRES,WRST,National Park,Alaska,AK,2008,"65,693"
Wrangell-St. Elias NP & PRES,WRST,National Park,Alaska,AK,2009,"59,966"
Wrangell-St. Elias NP & PRES,WRST,National Park,Alaska,AK,2010,"73,170"
Wrangell-St. Elias NP & PRES,WRST,National Park,Alaska,AK,2011,"65,225"
Wrangell-St. Elias NP & PRES,WRST,National Park,Alaska,AK,2012,"87,158"
Wrangell-St. Elias NP & PRES,WRST,National Park,Alaska,AK,2013,"69,984"
Wrangell-St. Elias NP & PRES,WRST,National Park,Alaska,AK,2014,"74,722"
Wrangell-St. Elias NP & PRES,WRST,National Park,Alaska,AK,2015,"80,366"
Wrangell-St. Elias NP & PRES,WRST,National Park,Alaska,AK,2016,"79,047"
Wrangell-St. Elias NP & PRES,WRST,National Park,Alaska,AK,2017,"68,292"
Wrangell-St. Elias NP & PRES,WRST,National Park,Alaska,AK,2018,"79,450"
Wrangell-St. Elias NP & PRES,WRST,National Park,Alaska,AK,2019,"74,518"
Wrangell-St. Elias NP & PRES,WRST,National Park,Alaska,AK,2020,"17,084"
Wrangell-St. Elias NP & PRES,WRST,National Park,Alaska,AK,2021,"52,946"
Wrangell-St. Elias NP & PRES,WRST,National Park,Alaska,AK,2022,"72,655"
Wrangell-St. Elias NP & PRES,WRST,National Park,Alaska,AK,2023,"111,044"
Wrangell-St. Elias NP & PRES,WRST,National Park,Alaska,AK,2024,"104,096"
Yellowstone NP,YELL,National Park,Intermountain ,MT,1904,"13,727"
Yellowstone NP,YELL,National Park,Intermountain ,MT,1905,"26,188"
Yellowstone NP,YELL,National Park,Intermountain ,MT,1906,"17,182"
Yellowstone NP,YELL,National Park,Intermountain ,MT,1907,"16,414"
Yellowstone NP,YELL,National Park,Intermountain ,MT,1908,"19,542"
Yellowstone NP,YELL,National Park,Intermountain ,MT,1909,"32,545"
Yellowstone NP,YELL,National Park,Intermountain ,MT,1910,"19,575"
Yellowstone NP,YELL,National Park,Intermountain ,MT,1911,"23,054"
Yellowstone NP,YELL,National Park,Intermountain ,MT,1912,"22,970"
Yellowstone NP,YELL,National Park,Intermountain ,MT,1913,"24,929"
Yellowstone NP,YELL,National Park,Intermountain ,MT,1914,"20,250"
Yellowstone NP,YELL,National Park,Intermountain ,MT,1915,"51,895"
Yellowstone NP,YELL,National Park,Intermountain ,MT,1916,"35,849"
Yellowstone NP,YELL,National Park,Intermountain ,MT,1917,"35,400"
Yellowstone NP,YELL,National Park,Intermountain ,MT,1918,"21,275"
Yellowstone NP,YELL,National Park,Intermountain ,MT,1919,"62,261"
Yellowstone NP,YELL,National Park,Intermountain ,MT,1920,"79,777"
Yellowstone NP,YELL,National Park,Intermountain ,MT,1921,"81,651"
Yellowstone NP,YELL,National Park,Intermountain ,MT,1922,"98,223"
Yellowstone NP,YELL,National Park,Intermountain ,MT,1923,"138,352"
Yellowstone NP,YELL,National Park,Intermountain ,MT,1924,"144,158"
Yellowstone NP,YELL,National Park,Intermountain ,MT,1925,"154,282"
Yellowstone NP,YELL,National Park,Intermountain ,MT,1926,"187,807"
Yellowstone NP,YELL,National Park,Intermountain ,MT,1927,"200,825"
Yellowstone NP,YELL,National Park,Intermountain ,MT,1928,"230,984"
Yellowstone NP,YELL,National Park,Intermountain ,MT,1929,"260,697"
Yellowstone NP,YELL,National Park,Intermountain ,MT,1930,"227,901"
Yellowstone NP,YELL,National Park,Intermountain ,MT,1931,"221,248"
Yellowstone NP,YELL,National Park,Intermountain ,MT,1932,"157,624"
Yellowstone NP,YELL,National Park,Intermountain ,MT,1933,"161,938"
Yellowstone NP,YELL,National Park,Intermountain ,MT,1934,"260,775"
Yellowstone NP,YELL,National Park,Intermountain ,MT,1935,"317,998"
Yellowstone NP,YELL,National Park,Intermountain ,MT,1936,"432,570"
Yellowstone NP,YELL,National Park,Intermountain ,MT,1937,"499,242"
Yellowstone NP,YELL,National Park,Intermountain ,MT,1938,"466,185"
Yellowstone NP,YELL,National Park,Intermountain ,MT,1939,"486,936"
Yellowstone NP,YELL,National Park,Intermountain ,MT,1940,"526,437"
Yellowstone NP,YELL,National Park,Intermountain ,MT,1941,"579,696"
Yellowstone NP,YELL,National Park,Intermountain ,MT,1942,"185,746"
Yellowstone NP,YELL,National Park,Intermountain ,MT,1943,"61,696"
Yellowstone NP,YELL,National Park,Intermountain ,MT,1944,"86,593"
Yellowstone NP,YELL,National Park,Intermountain ,MT,1945,"189,264"
Yellowstone NP,YELL,National Park,Intermountain ,MT,1946,"807,917"
Yellowstone NP,YELL,National Park,Intermountain ,MT,1947,"937,776"
Yellowstone NP,YELL,National Park,Intermountain ,MT,1948,"1,018,279"
Yellowstone NP,YELL,National Park,Intermountain ,MT,1949,"1,131,159"
Yellowstone NP,YELL,National Park,Intermountain ,MT,1950,"1,110,524"
Yellowstone NP,YELL,National Park,Intermountain ,MT,1951,"1,163,894"
Yellowstone NP,YELL,National Park,Intermountain ,MT,1952,"1,350,295"
Yellowstone NP,YELL,National Park,Intermountain ,MT,1953,"1,326,858"
Yellowstone NP,YELL,National Park,Intermountain ,MT,1954,"1,328,900"
Yellowstone NP,YELL,National Park,Intermountain ,MT,1955,"1,368,500"
Yellowstone NP,YELL,National Park,Intermountain ,MT,1956,"1,457,800"
Yellowstone NP,YELL,National Park,Intermountain ,MT,1957,"1,595,900"
Yellowstone NP,YELL,National Park,Intermountain ,MT,1958,"1,442,400"
Yellowstone NP,YELL,National Park,Intermountain ,MT,1959,"1,408,700"
Yellowstone NP,YELL,National Park,Intermountain ,MT,1960,"1,443,300"
Yellowstone NP,YELL,National Park,Intermountain ,MT,1961,"1,524,100"
Yellowstone NP,YELL,National Park,Intermountain ,MT,1962,"1,925,200"
Yellowstone NP,YELL,National Park,Intermountain ,MT,1963,"1,872,500"
Yellowstone NP,YELL,National Park,Intermountain ,MT,1964,"1,929,300"
Yellowstone NP,YELL,National Park,Intermountain ,MT,1965,"2,062,500"
Yellowstone NP,YELL,National Park,Intermountain ,MT,1966,"2,130,300"
Yellowstone NP,YELL,National Park,Intermountain ,MT,1967,"2,210,000"
Yellowstone NP,YELL,National Park,Intermountain ,MT,1968,"2,229,700"
Yellowstone NP,YELL,National Park,Intermountain ,MT,1969,"2,193,700"
Yellowstone NP,YELL,National Park,Intermountain ,MT,1970,"2,297,300"
Yellowstone NP,YELL,National Park,Intermountain ,MT,1971,"2,120,500"
Yellowstone NP,YELL,National Park,Intermountain ,MT,1972,"2,236,888"
Yellowstone NP,YELL,National Park,Intermountain ,MT,1973,"2,061,700"
Yellowstone NP,YELL,National Park,Intermountain ,MT,1974,"1,928,900"
Yellowstone NP,YELL,National Park,Intermountain ,MT,1975,"2,239,500"
Yellowstone NP,YELL,National Park,Intermountain ,MT,1976,"2,519,200"
Yellowstone NP,YELL,National Park,Intermountain ,MT,1977,"2,481,900"
Yellowstone NP,YELL,National Park,Intermountain ,MT,1978,"2,618,380"
Yellowstone NP,YELL,National Park,Intermountain ,WY,1979,"3,169,590"
Yellowstone NP,YELL,National Park,Intermountain ,WY,1980,"3,238,794"
Yellowstone NP,YELL,National Park,Intermountain ,WY,1981,"3,934,895"
Yellowstone NP,YELL,National Park,Intermountain ,WY,1982,"3,721,585"
Yellowstone NP,YELL,National Park,Intermountain ,WY,1983,"3,698,035"
Yellowstone NP,YELL,National Park,Intermountain ,WY,1984,"3,547,943"
Yellowstone NP,YELL,National Park,Intermountain ,WY,1985,"3,532,847"
Yellowstone NP,YELL,National Park,Intermountain ,WY,1986,"3,713,370"
Yellowstone NP,YELL,National Park,Intermountain ,WY,1987,"4,016,001"
Yellowstone NP,YELL,National Park,Intermountain ,WY,1988,"3,328,124"
Yellowstone NP,YELL,National Park,Intermountain ,WY,1989,"3,972,411"
Yellowstone NP,YELL,National Park,Intermountain ,WY,1990,"4,202,240"
Yellowstone NP,YELL,National Park,Intermountain ,WY,1991,"4,334,305"
Yellowstone NP,YELL,National Park,Intermountain ,WY,1992,"4,578,803"
Yellowstone NP,YELL,National Park,Intermountain ,WY,1993,"5,093,824"
Yellowstone NP,YELL,National Park,Intermountain ,WY,1994,"5,308,822"
Yellowstone NP,YELL,National Park,Intermountain ,WY,1995,"5,352,454"
Yellowstone NP,YELL,National Park,Intermountain ,WY,1996,"5,154,533"
Yellowstone NP,YELL,National Park,Intermountain ,WY,1997,"5,076,591"
Yellowstone NP,YELL,National Park,Intermountain ,WY,1998,"5,341,948"
Yellowstone NP,YELL,National Park,Intermountain ,WY,1999,"5,362,183"
Yellowstone NP,YELL,National Park,Intermountain ,WY,2000,"4,986,064"
Yellowstone NP,YELL,National Park,Intermountain ,WY,2001,"4,927,859"
Yellowstone NP,YELL,National Park,Intermountain ,WY,2002,"5,200,052"
Yellowstone NP,YELL,National Park,Intermountain ,WY,2003,"5,210,375"
Yellowstone NP,YELL,National Park,Intermountain ,WY,2004,"5,013,212"
Yellowstone NP,YELL,National Park,Intermountain ,WY,2005,"4,965,302"
Yellowstone NP,YELL,National Park,Intermountain ,WY,2006,"4,982,031"
Yellowstone NP,YELL,National Park,Intermountain ,WY,2007,"5,430,105"
Yellowstone NP,YELL,National Park,Intermountain ,WY,2008,"5,139,317"
Yellowstone NP,YELL,National Park,Intermountain ,WY,2009,"5,427,822"
Yellowstone NP,YELL,National Park,Intermountain ,WY,2010,"5,859,166"
Yellowstone NP,YELL,National Park,Intermountain ,WY,2011,"5,650,820"
Yellowstone NP,YELL,National Park,Intermountain ,WY,2012,"5,808,010"
Yellowstone NP,YELL,National Park,Intermountain ,WY,2013,"5,571,139"
Yellowstone NP,YELL,National Park,Intermountain ,WY,2014,"5,884,297"
Yellowstone NP,YELL,National Park,Intermountain ,WY,2015,"6,622,339"
Yellowstone NP,YELL,National Park,Intermountain ,WY,2016,"6,844,607"
Yellowstone NP,YELL,National Park,Intermountain ,WY,2017,"6,812,052"
Yellowstone NP,YELL,National Park,Intermountain ,WY,2018,"6,810,567"
Yellowstone NP,YELL,National Park,Intermountain ,WY,2019,"6,545,563"
Yellowstone NP,YELL,National Park,Intermountain ,WY,2020,"5,564,845"
Yellowstone NP,YELL,National Park,Intermountain ,WY,2021,"7,203,802"
Yellowstone NP,YELL,National Park,Intermountain ,WY,2022,"5,629,092"
Yellowstone NP,YELL,National Park,Intermountain ,WY,2023,"6,960,777"
Yellowstone NP,YELL,National Park,Intermountain ,WY,2024,"7,252,699"
Yosemite NP,YOSE,National Park,Pacific West ,CA,1906,"5,414"
Yosemite NP,YOSE,National Park,Pacific West ,CA,1907,"7,102"
Yosemite NP,YOSE,National Park,Pacific West ,CA,1908,"8,850"
Yosemite NP,YOSE,National Park,Pacific West ,CA,1909,"13,182"
Yosemite NP,YOSE,National Park,Pacific West ,CA,1910,"13,619"
Yosemite NP,YOSE,National Park,Pacific West ,CA,1911,"12,530"
Yosemite NP,YOSE,National Park,Pacific West ,CA,1912,"10,884"
Yosemite NP,YOSE,National Park,Pacific West ,CA,1913,"13,735"
Yosemite NP,YOSE,National Park,Pacific West ,CA,1914,"15,145"
Yosemite NP,YOSE,National Park,Pacific West ,CA,1915,"33,452"
Yosemite NP,YOSE,National Park,Pacific West ,CA,1916,"33,390"
Yosemite NP,YOSE,National Park,Pacific West ,CA,1917,"34,510"
Yosemite NP,YOSE,National Park,Pacific West ,CA,1918,"33,527"
Yosemite NP,YOSE,National Park,Pacific West ,CA,1919,"58,362"
Yosemite NP,YOSE,National Park,Pacific West ,CA,1920,"68,906"
Yosemite NP,YOSE,National Park,Pacific West ,CA,1921,"91,513"
Yosemite NP,YOSE,National Park,Pacific West ,CA,1922,"100,506"
Yosemite NP,YOSE,National Park,Pacific West ,CA,1923,"130,046"
Yosemite NP,YOSE,National Park,Pacific West ,CA,1924,"105,894"
Yosemite NP,YOSE,National Park,Pacific West ,CA,1925,"209,166"
Yosemite NP,YOSE,National Park,Pacific West ,CA,1926,"274,209"
Yosemite NP,YOSE,National Park,Pacific West ,CA,1927,"490,430"
Yosemite NP,YOSE,National Park,Pacific West ,CA,1928,"460,619"
Yosemite NP,YOSE,National Park,Pacific West ,CA,1929,"461,257"
Yosemite NP,YOSE,National Park,Pacific West ,CA,1930,"458,566"
Yosemite NP,YOSE,National Park,Pacific West ,CA,1931,"461,855"
Yosemite NP,YOSE,National Park,Pacific West ,CA,1932,"498,289"
Yosemite NP,YOSE,National Park,Pacific West ,CA,1933,"296,088"
Yosemite NP,YOSE,National Park,Pacific West ,CA,1934,"309,431"
Yosemite NP,YOSE,National Park,Pacific West ,CA,1935,"372,317"
Yosemite NP,YOSE,National Park,Pacific West ,CA,1936,"431,192"
Yosemite NP,YOSE,National Park,Pacific West ,CA,1937,"481,492"
Yosemite NP,YOSE,National Park,Pacific West ,CA,1938,"443,325"
Yosemite NP,YOSE,National Park,Pacific West ,CA,1939,"466,552"
Yosemite NP,YOSE,National Park,Pacific West ,CA,1940,"506,781"
Yosemite NP,YOSE,National Park,Pacific West ,CA,1941,"597,863"
Yosemite NP,YOSE,National Park,Pacific West ,CA,1942,"319,816"
Yosemite NP,YOSE,National Park,Pacific West ,CA,1943,"116,682"
Yosemite NP,YOSE,National Park,Pacific West ,CA,1944,"120,494"
Yosemite NP,YOSE,National Park,Pacific West ,CA,1945,"290,569"
Yosemite NP,YOSE,National Park,Pacific West ,CA,1946,"640,483"
Yosemite NP,YOSE,National Park,Pacific West ,CA,1947,"777,622"
Yosemite NP,YOSE,National Park,Pacific West ,CA,1948,"745,899"
Yosemite NP,YOSE,National Park,Pacific West ,CA,1949,"808,372"
Yosemite NP,YOSE,National Park,Pacific West ,CA,1950,"820,953"
Yosemite NP,YOSE,National Park,Pacific West ,CA,1951,"858,405"
Yosemite NP,YOSE,National Park,Pacific West ,CA,1952,"973,971"
Yosemite NP,YOSE,National Park,Pacific West ,CA,1953,"969,225"
Yosemite NP,YOSE,National Park,Pacific West ,CA,1954,"1,008,000"
Yosemite NP,YOSE,National Park,Pacific West ,CA,1955,"984,200"
Yosemite NP,YOSE,National Park,Pacific West ,CA,1956,"1,114,200"
Yosemite NP,YOSE,National Park,Pacific West ,CA,1957,"1,138,700"
Yosemite NP,YOSE,National Park,Pacific West ,CA,1958,"1,139,300"
Yosemite NP,YOSE,National Park,Pacific West ,CA,1959,"1,061,500"
Yosemite NP,YOSE,National Park,Pacific West ,CA,1960,"1,150,400"
Yosemite NP,YOSE,National Park,Pacific West ,CA,1961,"1,227,100"
Yosemite NP,YOSE,National Park,Pacific West ,CA,1962,"1,505,500"
Yosemite NP,YOSE,National Park,Pacific West ,CA,1963,"1,473,400"
Yosemite NP,YOSE,National Park,Pacific West ,CA,1964,"1,547,000"
Yosemite NP,YOSE,National Park,Pacific West ,CA,1965,"1,635,400"
Yosemite NP,YOSE,National Park,Pacific West ,CA,1966,"1,817,100"
Yosemite NP,YOSE,National Park,Pacific West ,CA,1967,"2,238,300"
Yosemite NP,YOSE,National Park,Pacific West ,CA,1968,"2,281,100"
Yosemite NP,YOSE,National Park,Pacific West ,CA,1969,"2,291,300"
Yosemite NP,YOSE,National Park,Pacific West ,CA,1970,"2,277,200"
Yosemite NP,YOSE,National Park,Pacific West ,CA,1971,"2,342,200"
Yosemite NP,YOSE,National Park,Pacific West ,CA,1972,"2,190,301"
Yosemite NP,YOSE,National Park,Pacific West ,CA,1973,"2,254,300"
Yosemite NP,YOSE,National Park,Pacific West ,CA,1974,"2,274,600"
Yosemite NP,YOSE,National Park,Pacific West ,CA,1975,"2,537,400"
Yosemite NP,YOSE,National Park,Pacific West ,CA,1976,"2,682,400"
Yosemite NP,YOSE,National Park,Pacific West ,CA,1977,"2,392,600"
Yosemite NP,YOSE,National Park,Pacific West ,CA,1978,"2,569,268"
Yosemite NP,YOSE,National Park,Pacific West ,CA,1979,"3,951,077"
Yosemite NP,YOSE,National Park,Pacific West ,CA,1980,"4,617,792"
Yosemite NP,YOSE,National Park,Pacific West ,CA,1981,"4,743,534"
Yosemite NP,YOSE,National Park,Pacific West ,CA,1982,"4,543,516"
Yosemite NP,YOSE,National Park,Pacific West ,CA,1983,"4,466,165"
Yosemite NP,YOSE,National Park,Pacific West ,CA,1984,"5,053,857"
Yosemite NP,YOSE,National Park,Pacific West ,CA,1985,"5,007,775"
Yosemite NP,YOSE,National Park,Pacific West ,CA,1986,"4,866,359"
Yosemite NP,YOSE,National Park,Pacific West ,CA,1987,"5,465,422"
Yosemite NP,YOSE,National Park,Pacific West ,CA,1988,"5,619,706"
Yosemite NP,YOSE,National Park,Pacific West ,CA,1989,"5,649,354"
Yosemite NP,YOSE,National Park,Pacific West ,CA,1990,"5,458,254"
Yosemite NP,YOSE,National Park,Pacific West ,CA,1991,"5,700,049"
Yosemite NP,YOSE,National Park,Pacific West ,CA,1992,"6,215,371"
Yosemite NP,YOSE,National Park,Pacific West ,CA,1993,"6,142,098"
Yosemite NP,YOSE,National Park,Pacific West ,CA,1994,"6,353,966"
Yosemite NP,YOSE,National Park,Pacific West ,CA,1995,"6,141,397"
Yosemite NP,YOSE,National Park,Pacific West ,CA,1996,"6,285,871"
Yosemite NP,YOSE,National Park,Pacific West ,CA,1997,"5,436,576"
Yosemite NP,YOSE,National Park,Pacific West ,CA,1998,"5,382,248"
Yosemite NP,YOSE,National Park,Pacific West ,CA,1999,"5,199,342"
Yosemite NP,YOSE,National Park,Pacific West ,CA,2000,"5,182,808"
Yosemite NP,YOSE,National Park,Pacific West ,CA,2001,"5,159,375"
Yosemite NP,YOSE,National Park,Pacific West ,CA,2002,"5,168,909"
Yosemite NP,YOSE,National Park,Pacific West ,CA,2003,"5,152,248"
Yosemite NP,YOSE,National Park,Pacific West ,CA,2004,"4,990,489"
Yosemite NP,YOSE,National Park,Pacific West ,CA,2005,"4,942,999"
Yosemite NP,YOSE,National Park,Pacific West ,CA,2006,"4,928,011"
Yosemite NP,YOSE,National Park,Pacific West ,CA,2007,"5,210,910"
Yosemite NP,YOSE,National Park,Pacific West ,CA,2008,"5,244,271"
Yosemite NP,YOSE,National Park,Pacific West ,CA,2009,"5,579,927"
Yosemite NP,YOSE,National Park,Pacific West ,CA,2010,"5,768,790"
Yosemite NP,YOSE,National Park,Pacific West ,CA,2011,"5,729,258"
Yosemite NP,YOSE,National Park,Pacific West ,CA,2012,"5,727,938"
Yosemite NP,YOSE,National Park,Pacific West ,CA,2013,"5,457,469"
Yosemite NP,YOSE,National Park,Pacific West ,CA,2014,"5,749,516"
Yosemite NP,YOSE,National Park,Pacific West ,CA,2015,"6,367,969"
Yosemite NP,YOSE,National Park,Pacific West ,CA,2016,"7,096,366"
Yosemite NP,YOSE,National Park,Pacific West ,CA,2017,"6,271,262"
Yosemite NP,YOSE,National Park,Pacific West ,CA,2018,"5,571,170"
Yosemite NP,YOSE,National Park,Pacific West ,CA,2019,"6,136,258"
Yosemite NP,YOSE,National Park,Pacific West ,CA,2020,"2,869,443"
Yosemite NP,YOSE,National Park,Pacific West ,CA,2021,"4,486,689"
Yosemite NP,YOSE,National Park,Pacific West ,CA,2022,"5,191,840"
Yosemite NP,YOSE,National Park,Pacific West ,CA,2023,"5,220,514"
Yosemite NP,YOSE,National Park,Pacific West ,CA,2024,"5,699,533"
Zion NP,ZION,National Park,Intermountain ,UT,1919,"1,814"
Zion NP,ZION,National Park,Intermountain ,UT,1920,"3,692"
Zion NP,ZION,National Park,Intermountain ,UT,1921,"2,937"
Zion NP,ZION,National Park,Intermountain ,UT,1922,"4,109"
Zion NP,ZION,National Park,Intermountain ,UT,1923,"6,408"
Zion NP,ZION,National Park,Intermountain ,UT,1924,"8,400"
Zion NP,ZION,National Park,Intermountain ,UT,1925,"16,817"
Zion NP,ZION,National Park,Intermountain ,UT,1926,"21,964"
Zion NP,ZION,National Park,Intermountain ,UT,1927,"24,303"
Zion NP,ZION,National Park,Intermountain ,UT,1928,"30,016"
Zion NP,ZION,National Park,Intermountain ,UT,1929,"33,383"
Zion NP,ZION,National Park,Intermountain ,UT,1930,"55,297"
Zion NP,ZION,National Park,Intermountain ,UT,1931,"59,186"
Zion NP,ZION,National Park,Intermountain ,UT,1932,"51,650"
Zion NP,ZION,National Park,Intermountain ,UT,1933,"48,763"
Zion NP,ZION,National Park,Intermountain ,UT,1934,"68,801"
Zion NP,ZION,National Park,Intermountain ,UT,1935,"97,280"
Zion NP,ZION,National Park,Intermountain ,UT,1936,"124,393"
Zion NP,ZION,National Park,Intermountain ,UT,1937,"137,404"
Zion NP,ZION,National Park,Intermountain ,UT,1938,"149,075"
Zion NP,ZION,National Park,Intermountain ,UT,1939,"158,063"
Zion NP,ZION,National Park,Intermountain ,UT,1940,"165,029"
Zion NP,ZION,National Park,Intermountain ,UT,1941,"192,805"
Zion NP,ZION,National Park,Intermountain ,UT,1942,"68,797"
Zion NP,ZION,National Park,Intermountain ,UT,1943,"44,089"
Zion NP,ZION,National Park,Intermountain ,UT,1944,"42,243"
Zion NP,ZION,National Park,Intermountain ,UT,1945,"78,280"
Zion NP,ZION,National Park,Intermountain ,UT,1946,"212,280"
Zion NP,ZION,National Park,Intermountain ,UT,1947,"273,953"
Zion NP,ZION,National Park,Intermountain ,UT,1948,"297,571"
Zion NP,ZION,National Park,Intermountain ,UT,1949,"307,881"
Zion NP,ZION,National Park,Intermountain ,UT,1950,"323,402"
Zion NP,ZION,National Park,Intermountain ,UT,1951,"331,079"
Zion NP,ZION,National Park,Intermountain ,UT,1952,"352,921"
Zion NP,ZION,National Park,Intermountain ,UT,1953,"389,445"
Zion NP,ZION,National Park,Intermountain ,UT,1954,"416,800"
Zion NP,ZION,National Park,Intermountain ,UT,1955,"406,800"
Zion NP,ZION,National Park,Intermountain ,UT,1956,"421,200"
Zion NP,ZION,National Park,Intermountain ,UT,1957,"525,100"
Zion NP,ZION,National Park,Intermountain ,UT,1958,"590,700"
Zion NP,ZION,National Park,Intermountain ,UT,1959,"585,000"
Zion NP,ZION,National Park,Intermountain ,UT,1960,"575,800"
Zion NP,ZION,National Park,Intermountain ,UT,1961,"604,700"
Zion NP,ZION,National Park,Intermountain ,UT,1962,"622,100"
Zion NP,ZION,National Park,Intermountain ,UT,1963,"681,100"
Zion NP,ZION,National Park,Intermountain ,UT,1964,"705,200"
Zion NP,ZION,National Park,Intermountain ,UT,1965,"763,600"
Zion NP,ZION,National Park,Intermountain ,UT,1966,"815,200"
Zion NP,ZION,National Park,Intermountain ,UT,1967,"788,400"
Zion NP,ZION,National Park,Intermountain ,UT,1968,"877,100"
Zion NP,ZION,National Park,Intermountain ,UT,1969,"904,300"
Zion NP,ZION,National Park,Intermountain ,UT,1970,"903,600"
Zion NP,ZION,National Park,Intermountain ,UT,1971,"897,000"
Zion NP,ZION,National Park,Intermountain ,UT,1972,"889,417"
Zion NP,ZION,National Park,Intermountain ,UT,1973,"993,800"
Zion NP,ZION,National Park,Intermountain ,UT,1974,"859,300"
Zion NP,ZION,National Park,Intermountain ,UT,1975,"1,055,200"
Zion NP,ZION,National Park,Intermountain ,UT,1976,"1,090,000"
Zion NP,ZION,National Park,Intermountain ,UT,1977,"1,105,900"
Zion NP,ZION,National Park,Intermountain ,UT,1978,"1,193,212"
Zion NP,ZION,National Park,Intermountain ,UT,1979,"1,372,019"
Zion NP,ZION,National Park,Intermountain ,UT,1980,"1,479,609"
Zion NP,ZION,National Park,Intermountain ,UT,1981,"1,681,411"
Zion NP,ZION,National Park,Intermountain ,UT,1982,"1,619,852"
Zion NP,ZION,National Park,Intermountain ,UT,1983,"1,653,106"
Zion NP,ZION,National Park,Intermountain ,UT,1984,"1,818,996"
Zion NP,ZION,National Park,Intermountain ,UT,1985,"1,897,843"
Zion NP,ZION,National Park,Intermountain ,UT,1986,"2,101,305"
Zion NP,ZION,National Park,Intermountain ,UT,1987,"2,249,162"
Zion NP,ZION,National Park,Intermountain ,UT,1988,"2,460,982"
Zion NP,ZION,National Park,Intermountain ,UT,1989,"2,530,625"
Zion NP,ZION,National Park,Intermountain ,UT,1990,"2,634,665"
Zion NP,ZION,National Park,Intermountain ,UT,1991,"2,827,881"
Zion NP,ZION,National Park,Intermountain ,UT,1992,"3,018,140"
Zion NP,ZION,National Park,Intermountain ,UT,1993,"2,705,638"
Zion NP,ZION,National Park,Intermountain ,UT,1994,"2,578,863"
Zion NP,ZION,National Park,Intermountain ,UT,1995,"2,727,251"
Zion NP,ZION,National Park,Intermountain ,UT,1996,"2,803,120"
Zion NP,ZION,National Park,Intermountain ,UT,1997,"2,739,926"
Zion NP,ZION,National Park,Intermountain ,UT,1998,"2,625,454"
Zion NP,ZION,National Park,Intermountain ,UT,1999,"2,709,056"
Zion NP,ZION,National Park,Intermountain ,UT,2000,"2,696,836"
Zion NP,ZION,National Park,Intermountain ,UT,2001,"2,497,985"
Zion NP,ZION,National Park,Intermountain ,UT,2002,"2,860,871"
Zion NP,ZION,National Park,Intermountain ,UT,2003,"2,749,543"
Zion NP,ZION,National Park,Intermountain ,UT,2004,"2,970,621"
Zion NP,ZION,National Park,Intermountain ,UT,2005,"2,879,097"
Zion NP,ZION,National Park,Intermountain ,UT,2006,"2,864,128"
Zion NP,ZION,National Park,Intermountain ,UT,2007,"2,961,717"
Zion NP,ZION,National Park,Intermountain ,UT,2008,"3,012,636"
Zion NP,ZION,National Park,Intermountain ,UT,2009,"3,063,895"
Zion NP,ZION,National Park,Intermountain ,UT,2010,"2,992,080"
Zion NP,ZION,National Park,Intermountain ,UT,2011,"3,160,013"
Zion NP,ZION,National Park,Intermountain ,UT,2012,"3,331,596"
Zion NP,ZION,National Park,Intermountain ,UT,2013,"3,168,209"
Zion NP,ZION,National Park,Intermountain ,UT,2014,"3,542,005"
Zion NP,ZION,National Park,Intermountain ,UT,2015,"4,004,527"
Zion NP,ZION,National Park,Intermountain ,UT,2016,"4,656,004"
Zion NP,ZION,National Park,Intermountain ,UT,2017,"4,872,773"
Zion NP,ZION,National Park,Intermountain ,UT,2018,"4,680,234"
Zion NP,ZION,National Park,Intermountain ,UT,2019,"4,829,741"
Zion NP,ZION,National Park,Intermountain ,UT,2020,"3,790,487"
Zion NP,ZION,National Park,Intermountain ,UT,2021,"5,368,878"
Zion NP,ZION,National Park,Intermountain ,UT,2022,"5,039,067"
Zion NP,ZION,National Park,Intermountain ,UT,2023,"4,965,586"
Zion NP,ZION,National Park,Intermountain ,UT,2024,"5,304,600"
