Park,Unit Code,Park Type,Region,State,Year,Recreation Visits,Non-Recreation Visits,"ConcessionerLodging","ConcessionerCamping",Tent Campers,RV Campers,Backcountry Campers,Non-Recreation Overnight Stays,Misc. Overnight Stays
Acadia NP,ACAD,National Park,Northeast ,ME,1979,"2,787,366","395,913",0,0,"139,708","74,279",0,0,0
Acadia NP,ACAD,National Park,Northeast ,ME,1980,"2,779,666","493,429",0,0,"155,704","76,124",0,0,0
Acadia NP,ACAD,National Park,Northeast ,ME,1981,"2,997,972","405,001",0,0,"166,557","76,309",0,0,0
Acadia NP,ACAD,National Park,Northeast ,ME,1982,"3,572,114","183,047",0,0,"172,759","84,841",0,0,0
Acadia NP,ACAD,National Park,Northeast ,ME,1983,"4,124,639","183,024",0,0,"164,429","72,335",0,0,0
Acadia NP,ACAD,National Park,Northeast ,ME,1984,"3,734,763","183,034",0,0,"158,697","32,192",0,0,0
Acadia NP,ACAD,National Park,Northeast ,ME,1985,"3,745,570","183,024",0,0,"152,585","54,941",0,0,0
Acadia NP,ACAD,National Park,Northeast ,ME,1986,"3,929,054","183,024",0,0,"156,438","49,311",0,0,0
Acadia NP,ACAD,National Park,Northeast ,ME,1987,"4,288,154","188,280",0,0,"158,649","52,952",0,0,0
Acadia NP,ACAD,National Park,Northeast ,ME,1988,"4,502,283","188,676",0,0,"175,545","45,661",0,0,0
Acadia NP,ACAD,National Park,Northeast ,ME,1989,"5,440,952","188,676",0,0,"173,909","46,089",0,0,0
Acadia NP,ACAD,National Park,Northeast ,ME,1990,"2,339,591","252,546",0,0,"126,135","29,724",0,0,"9,748"
Acadia NP,ACAD,National Park,Northeast ,ME,1991,"2,475,857","252,576",0,0,"140,760","30,222",0,0,"9,581"
Acadia NP,ACAD,National Park,Northeast ,ME,1992,"2,382,113","252,576",0,0,"128,478","31,437",0,0,"9,796"
Acadia NP,ACAD,National Park,Northeast ,ME,1993,"2,656,034","252,576",0,0,"130,287","32,094",0,0,"10,518"
Acadia NP,ACAD,National Park,Northeast ,ME,1994,"2,710,749","252,576",0,0,"129,483","29,025",0,0,"10,511"
Acadia NP,ACAD,National Park,Northeast ,ME,1995,"2,845,378","252,576",0,0,"129,351","29,616",0,0,"10,476"
Acadia NP,ACAD,National Park,Northeast ,ME,1996,"2,704,831","252,576",0,0,"108,939","35,526",0,0,"9,512"
Acadia NP,ACAD,National Park,Northeast ,ME,1997,"2,760,306","252,576",0,0,"115,935","28,512",0,0,"10,286"
Acadia NP,ACAD,National Park,Northeast ,ME,1998,"2,594,497","252,576",0,0,"135,507","23,544",0,0,"11,111"
Acadia NP,ACAD,National Park,Northeast ,ME,1999,"2,602,227","252,576",0,0,"125,046","23,682",0,0,"10,218"
Acadia NP,ACAD,National Park,Northeast ,ME,2000,"2,469,238","252,576",0,0,"114,033","22,692",0,0,"9,747"
Acadia NP,ACAD,National Park,Northeast ,ME,2001,"2,516,551","252,576",0,0,"118,545","24,747",0,0,"10,382"
Acadia NP,ACAD,National Park,Northeast ,ME,2002,"2,558,572","252,576",0,0,"122,340","22,545",0,0,"11,262"
Acadia NP,ACAD,National Park,Northeast ,ME,2003,"2,431,062","34,500",0,0,"117,369","21,876",0,0,"9,693"
Acadia NP,ACAD,National Park,Northeast ,ME,2004,"2,207,847","34,500",0,0,"101,577","19,878",0,0,"8,618"
Acadia NP,ACAD,National Park,Northeast ,ME,2005,"2,051,484","47,100",0,0,"85,815","19,302","1,157",0,"5,378"
Acadia NP,ACAD,National Park,Northeast ,ME,2006,"2,083,588","47,100",0,0,"96,252","22,299","1,306",0,"7,300"
Acadia NP,ACAD,National Park,Northeast ,ME,2007,"2,202,228","47,100",0,0,"98,586","23,280","1,091",0,"7,352"
Acadia NP,ACAD,National Park,Northeast ,ME,2008,"2,075,857","47,100",0,0,"101,028","21,198","1,229",0,"6,698"
Acadia NP,ACAD,National Park,Northeast ,ME,2009,"2,227,698","47,100",0,0,"105,042","22,755","1,037",0,"7,212"
Acadia NP,ACAD,National Park,Northeast ,ME,2010,"2,504,208","47,100",0,0,"121,287","28,821",974,0,"8,549"
Acadia NP,ACAD,National Park,Northeast ,ME,2011,"2,374,645","47,100",0,0,"117,879","27,519","1,157",0,"7,243"
Acadia NP,ACAD,National Park,Northeast ,ME,2012,"2,431,052","47,100",0,0,"124,482","26,760","1,316",0,"8,083"
Acadia NP,ACAD,National Park,Northeast ,ME,2013,"2,254,922","47,100",0,0,"114,753","29,025","1,166",0,"7,047"
Acadia NP,ACAD,National Park,Northeast ,ME,2014,"2,563,129","47,100",0,0,"126,474","33,369","1,230",0,"8,474"
Acadia NP,ACAD,National Park,Northeast ,ME,2015,"2,811,184","47,100",0,0,"135,000","32,094","1,233",0,"8,343"
Acadia NP,ACAD,National Park,Northeast ,ME,2016,"3,303,393","47,100",0,977,"152,811","46,629","1,324",0,"8,563"
Acadia NP,ACAD,National Park,Northeast ,ME,2017,"3,509,271","47,100",0,"1,657","152,586","55,812","1,597",0,"10,889"
Acadia NP,ACAD,National Park,Northeast ,ME,2018,"3,537,575","47,100",0,"1,364","144,744","58,215","1,472",0,"11,698"
Acadia NP,ACAD,National Park,Northeast ,ME,2019,"3,437,286","47,100",0,"1,090","140,985","57,696","1,284",0,"11,674"
Acadia NP,ACAD,National Park,Northeast ,ME,2020,"2,669,034","47,100",0,307,0,0,0,0,0
Acadia NP,ACAD,National Park,Northeast ,ME,2021,"4,069,098","47,100",0,"1,607","107,758","40,672","1,612",0,0
Acadia NP,ACAD,National Park,Northeast ,ME,2022,"3,970,260","47,100",0,"1,884","136,183","49,647","1,472",0,"9,490"
Acadia NP,ACAD,National Park,Northeast ,ME,2023,"3,879,890","47,100",0,"1,603","120,615","49,074","1,570",0,"9,600"
Acadia NP,ACAD,National Park,Northeast ,ME,2024,"3,961,661","47,100",0,"1,667","142,739","52,950","1,175",0,"10,208"
Arches NP,ARCH,National Park,Intermountain ,UT,1979,"269,840",0,0,0,"18,772","17,605","2,332",0,"3,759"
Arches NP,ARCH,National Park,Intermountain ,UT,1980,"290,519",0,0,0,"20,590","15,855","1,886",0,"4,081"
Arches NP,ARCH,National Park,Intermountain ,UT,1981,"326,508",0,0,0,"24,951","14,210","2,236",0,"5,030"
Arches NP,ARCH,National Park,Intermountain ,UT,1982,"339,415",0,0,0,"21,660","14,591","2,542",0,"5,081"
Arches NP,ARCH,National Park,Intermountain ,UT,1983,"287,875",0,0,0,"17,652","13,245","1,695",0,"3,851"
Arches NP,ARCH,National Park,Intermountain ,UT,1984,"345,180",0,0,0,"17,171","11,959","1,425",0,"3,609"
Arches NP,ARCH,National Park,Intermountain ,UT,1985,"363,464",0,0,0,"22,258","14,049","1,596",0,"3,884"
Arches NP,ARCH,National Park,Intermountain ,UT,1986,"419,444",0,0,0,"24,227","16,438","1,906",0,"4,506"
Arches NP,ARCH,National Park,Intermountain ,UT,1987,"468,916",0,0,0,"24,469","17,627","2,137",0,"6,477"
Arches NP,ARCH,National Park,Intermountain ,UT,1988,"520,455",0,0,0,"25,046","19,751","1,818",0,"7,591"
Arches NP,ARCH,National Park,Intermountain ,UT,1989,"555,809",0,0,0,"27,072","15,017","2,297",0,"7,739"
Arches NP,ARCH,National Park,Intermountain ,UT,1990,"620,719",0,0,0,"31,632","16,870","2,228",0,"7,707"
Arches NP,ARCH,National Park,Intermountain ,UT,1991,"705,882",0,0,0,"29,698","17,871","2,850",0,"7,835"
Arches NP,ARCH,National Park,Intermountain ,UT,1992,"799,831",0,0,0,"32,777","15,893","3,033",0,"6,467"
Arches NP,ARCH,National Park,Intermountain ,UT,1993,"773,678",0,0,0,"30,028","12,002","2,289",0,"5,090"
Arches NP,ARCH,National Park,Intermountain ,UT,1994,"777,178",0,0,0,"28,835","13,039","1,267",0,"8,837"
Arches NP,ARCH,National Park,Intermountain ,UT,1995,"859,374",0,0,0,"27,963","12,437",868,0,"5,723"
Arches NP,ARCH,National Park,Intermountain ,UT,1996,"856,016",0,0,0,"27,266","12,905",555,0,"4,931"
Arches NP,ARCH,National Park,Intermountain ,UT,1997,"858,525",0,0,0,"28,229","13,284",728,0,"5,264"
Arches NP,ARCH,National Park,Intermountain ,UT,1998,"837,161",0,0,0,"30,348","13,618",420,0,"5,569"
Arches NP,ARCH,National Park,Intermountain ,UT,1999,"869,980",0,0,0,"26,984","15,520",817,0,"5,754"
Arches NP,ARCH,National Park,Intermountain ,UT,2000,"786,429",0,0,0,"26,940","14,116",643,0,"4,059"
Arches NP,ARCH,National Park,Intermountain ,UT,2001,"754,026",0,0,0,"29,711","12,466",414,0,"4,322"
Arches NP,ARCH,National Park,Intermountain ,UT,2002,"769,672",0,0,0,"29,450","12,074",402,0,"4,921"
Arches NP,ARCH,National Park,Intermountain ,UT,2003,"757,781",0,0,0,"28,308","11,974",341,0,"4,008"
Arches NP,ARCH,National Park,Intermountain ,UT,2004,"733,131",0,0,0,"29,524","13,616",378,0,"4,883"
Arches NP,ARCH,National Park,Intermountain ,UT,2005,"781,670",0,0,0,"32,040","14,380",471,0,"5,697"
Arches NP,ARCH,National Park,Intermountain ,UT,2006,"833,049",0,0,0,"30,090","15,454",286,0,"6,025"
Arches NP,ARCH,National Park,Intermountain ,UT,2007,"860,181",0,0,0,"29,023","15,081",277,0,"6,412"
Arches NP,ARCH,National Park,Intermountain ,UT,2008,"928,795",0,0,0,"29,299","14,595",366,0,"6,595"
Arches NP,ARCH,National Park,Intermountain ,UT,2009,"996,312",0,0,0,"30,542","16,411",808,0,"6,513"
Arches NP,ARCH,National Park,Intermountain ,UT,2010,"1,014,405",0,0,0,"23,616","15,478",923,0,"7,095"
Arches NP,ARCH,National Park,Intermountain ,UT,2011,"1,040,758",0,0,0,"26,264","16,643","1,192",0,"6,816"
Arches NP,ARCH,National Park,Intermountain ,UT,2012,"1,070,577",0,0,0,"27,002","14,742",851,0,"6,832"
Arches NP,ARCH,National Park,Intermountain ,UT,2013,"1,082,866",0,0,0,"27,705","14,431",953,0,"6,241"
Arches NP,ARCH,National Park,Intermountain ,UT,2014,"1,284,767",0,0,0,"25,252","15,436","1,211",0,"6,085"
Arches NP,ARCH,National Park,Intermountain ,UT,2015,"1,399,247",0,0,0,"27,158","16,565","1,208",0,"6,005"
Arches NP,ARCH,National Park,Intermountain ,UT,2016,"1,585,718",0,0,0,"28,046","18,658","1,174",0,"5,959"
Arches NP,ARCH,National Park,Intermountain ,UT,2017,"1,539,028",0,0,0,"1,426",826,65,0,0
Arches NP,ARCH,National Park,Intermountain ,UT,2018,"1,663,557",0,0,0,"17,938","16,157",368,0,"3,711"
Arches NP,ARCH,National Park,Intermountain ,UT,2019,"1,659,702",0,0,0,"17,523","16,290",405,0,"4,688"
Arches NP,ARCH,National Park,Intermountain ,UT,2020,"1,238,083",0,0,0,"10,382","10,621",34,0,"2,904"
Arches NP,ARCH,National Park,Intermountain ,UT,2021,"1,806,865",0,0,0,"13,746","15,294",312,0,"6,132"
Arches NP,ARCH,National Park,Intermountain ,UT,2022,"1,460,652",0,0,0,"14,913","20,216",272,0,"7,585"
Arches NP,ARCH,National Park,Intermountain ,UT,2023,"1,482,045",0,0,0,"14,885","19,602",175,0,"7,708"
Arches NP,ARCH,National Park,Intermountain ,UT,2024,"1,466,528","7,459",0,0,"14,588","25,619",140,0,"8,610"
Badlands NP,BADL,National Park,Midwest ,SD,1979,"858,000","12,000","3,595",0,"3,786","3,496",856,11,0
Badlands NP,BADL,National Park,Midwest ,SD,1980,"952,652","12,000","3,010",0,"15,810","12,170",938,7,0
Badlands NP,BADL,National Park,Midwest ,SD,1981,"1,175,952","12,000","3,822",0,"14,220","15,756",391,21,0
Badlands NP,BADL,National Park,Midwest ,SD,1982,"1,030,484","12,000","3,982",0,"9,610","10,359",104,205,0
Badlands NP,BADL,National Park,Midwest ,SD,1983,"1,026,981","12,000","4,299",0,"10,925","8,901",134,820,0
Badlands NP,BADL,National Park,Midwest ,SD,1984,"1,113,675","12,000","4,960",0,"11,036","11,122",70,736,0
Badlands NP,BADL,National Park,Midwest ,SD,1985,"950,242","12,000","5,168",0,"10,436","9,915",106,616,0
Badlands NP,BADL,National Park,Midwest ,SD,1986,"1,025,630","12,000","5,929",0,"10,537","11,244",188,471,0
Badlands NP,BADL,National Park,Midwest ,SD,1987,"1,174,398","12,000","6,811",0,"10,552","10,993",82,564,0
Badlands NP,BADL,National Park,Midwest ,SD,1988,"1,110,040","12,000","7,050",0,"13,485","9,599",115,522,0
Badlands NP,BADL,National Park,Midwest ,SD,1989,"1,237,956","12,000","7,859",0,"15,382","12,308",113,0,0
Badlands NP,BADL,National Park,Midwest ,SD,1990,"1,326,475","12,000","7,765",0,"15,242","12,292",124,0,0
Badlands NP,BADL,National Park,Midwest ,SD,1991,"1,518,396","12,000","8,112",0,"5,602","4,576",220,0,0
Badlands NP,BADL,National Park,Midwest ,SD,1992,"1,205,297","18,864","8,640",0,"27,097","18,999",279,0,0
Badlands NP,BADL,National Park,Midwest ,SD,1993,"1,179,458","18,864","8,674",0,"28,078","18,860",341,0,0
Badlands NP,BADL,National Park,Midwest ,SD,1994,"1,130,459","18,864","8,997",0,"33,751","17,963",699,0,0
Badlands NP,BADL,National Park,Midwest ,SD,1995,"1,075,569","18,864","9,139",0,"29,798","17,000",756,0,0
Badlands NP,BADL,National Park,Midwest ,SD,1996,"1,024,705","18,864","7,519",0,"24,696","14,949",841,0,0
Badlands NP,BADL,National Park,Midwest ,SD,1997,"970,696","18,864","8,901",0,"21,441","12,479","1,046",0,0
Badlands NP,BADL,National Park,Midwest ,SD,1998,"1,021,049","18,864","6,707",0,"19,370","11,534",862,0,0
Badlands NP,BADL,National Park,Midwest ,SD,1999,"950,453","18,864","8,358",0,"24,977","15,619",911,0,0
Badlands NP,BADL,National Park,Midwest ,SD,2000,"1,105,824","18,864","8,363",0,"30,205","14,869",859,0,0
Badlands NP,BADL,National Park,Midwest ,SD,2001,"955,469","18,864","8,019",0,"27,574","11,279",692,0,0
Badlands NP,BADL,National Park,Midwest ,SD,2002,"908,898","18,864","6,502",0,"23,192","10,766",540,0,0
Badlands NP,BADL,National Park,Midwest ,SD,2003,"871,034","18,864","7,995",0,"25,622","11,153",384,0,0
Badlands NP,BADL,National Park,Midwest ,SD,2004,"936,030","18,864","6,737",0,"24,225","12,149",879,0,0
Badlands NP,BADL,National Park,Midwest ,SD,2005,"909,146","18,864","8,045",0,"18,668","8,751",654,0,"1,395"
Badlands NP,BADL,National Park,Midwest ,SD,2006,"840,118","18,864","7,297",0,"17,578","8,284",397,0,"1,347"
Badlands NP,BADL,National Park,Midwest ,SD,2007,"886,654","18,864","15,852",0,"16,211","16,506",710,0,"2,031"
Badlands NP,BADL,National Park,Midwest ,SD,2008,"845,734","18,864","8,358",0,"14,787","7,949",613,0,890
Badlands NP,BADL,National Park,Midwest ,SD,2009,"933,918","18,864","5,874",0,"25,388","12,232","1,410",0,"1,351"
Badlands NP,BADL,National Park,Midwest ,SD,2010,"977,778","18,864","6,424","23,984","3,542",783,"1,658",0,115
Badlands NP,BADL,National Park,Midwest ,SD,2011,"870,741","18,864","7,313","32,485","2,645",464,"1,578",0,91
Badlands NP,BADL,National Park,Midwest ,SD,2012,"883,406","18,864","6,388","32,489","2,182",350,979,0,103
Badlands NP,BADL,National Park,Midwest ,SD,2013,"892,372","55,704","6,169","37,381","9,318","2,071","1,429",0,117
Badlands NP,BADL,National Park,Midwest ,SD,2014,"868,094","59,891","9,087","38,088","8,622","2,740","1,419",0,128
Badlands NP,BADL,National Park,Midwest ,SD,2015,"989,354","65,911","9,474","39,444","4,627",856,"1,445",0,215
Badlands NP,BADL,National Park,Midwest ,SD,2016,"996,263","70,721","9,875","47,131","7,934","1,500","1,410",0,318
Badlands NP,BADL,National Park,Midwest ,SD,2017,"1,054,325","67,459","9,646","48,157","4,930",859,"2,433",0,338
Badlands NP,BADL,National Park,Midwest ,SD,2018,"1,008,942","105,109","9,375","13,830","2,920",778,"2,926",0,0
Badlands NP,BADL,National Park,Midwest ,SD,2019,"970,998","55,984","7,092","19,820","3,490",930,"2,493",0,0
Badlands NP,BADL,National Park,Midwest ,SD,2020,"916,932","55,984","7,324","13,109","3,739",690,"4,514",0,0
Badlands NP,BADL,National Park,Midwest ,SD,2021,"1,224,226","55,984","10,668","16,607","3,194",688,"3,534",0,0
Badlands NP,BADL,National Park,Midwest ,SD,2022,"1,006,809","55,984","10,375","14,929","2,710",590,"2,319",0,0
Badlands NP,BADL,National Park,Midwest ,SD,2023,"1,046,400","55,984","10,841","11,734","3,262",910,"1,417",0,0
Badlands NP,BADL,National Park,Midwest ,SD,2024,"1,094,245","55,984","11,075","22,844","3,156",922,"1,441",0,0
Big Bend NP,BIBE,National Park,Intermountain ,TX,1979,"282,941","57,748","24,439","14,589","38,013","44,730","33,927",0,"43,349"
Big Bend NP,BIBE,National Park,Intermountain ,TX,1980,"174,008","35,642","20,968","11,806","41,304","34,886","38,863",444,"23,524"
Big Bend NP,BIBE,National Park,Intermountain ,TX,1981,"167,332","34,271","28,696","11,991","63,164","41,333","40,564",0,"23,443"
Big Bend NP,BIBE,National Park,Intermountain ,TX,1982,"180,144","36,894","27,180","13,046","60,505","41,320","46,979",0,"35,580"
Big Bend NP,BIBE,National Park,Intermountain ,TX,1983,"164,926","33,780","27,238","13,605","64,213","50,647","45,073",0,"19,343"
Big Bend NP,BIBE,National Park,Intermountain ,TX,1984,"167,665","34,340","27,671","14,055","68,858","53,255","46,668",0,"17,688"
Big Bend NP,BIBE,National Park,Intermountain ,TX,1985,"188,045","38,514","27,423","12,565","82,885","56,425","39,140",0,"19,171"
Big Bend NP,BIBE,National Park,Intermountain ,TX,1986,"200,622","41,091","27,170","13,629","63,468","50,206","41,886",0,"25,122"
Big Bend NP,BIBE,National Park,Intermountain ,TX,1987,"227,921","46,682","27,261","12,055","67,459","52,534","43,294",0,"22,552"
Big Bend NP,BIBE,National Park,Intermountain ,TX,1988,"239,595","2,364","26,181","13,531","59,981","41,516","45,654",0,"25,304"
Big Bend NP,BIBE,National Park,Intermountain ,TX,1989,"281,728","2,364","38,627","12,252","47,856","37,142","39,052",0,"24,026"
Big Bend NP,BIBE,National Park,Intermountain ,TX,1990,"257,378","2,364","46,135","12,539","55,686","38,301","40,179",0,"22,142"
Big Bend NP,BIBE,National Park,Intermountain ,TX,1991,"296,470","2,364","49,206","11,808","63,362","36,662","40,476",0,"22,993"
Big Bend NP,BIBE,National Park,Intermountain ,TX,1992,"294,535","2,364","48,915","12,381","66,108","43,392","42,465",0,"25,751"
Big Bend NP,BIBE,National Park,Intermountain ,TX,1993,"327,907","2,364","49,312","12,372","61,451","48,613","50,193",0,"41,738"
Big Bend NP,BIBE,National Park,Intermountain ,TX,1994,"330,417","2,364","49,461","12,325","62,365","44,060","54,110",0,"41,750"
Big Bend NP,BIBE,National Park,Intermountain ,TX,1995,"295,460","2,364","46,629","12,603","48,767","40,416","48,407",0,"41,806"
Big Bend NP,BIBE,National Park,Intermountain ,TX,1996,"279,454","2,364","47,565","11,261","45,644","36,265","32,373",0,"36,503"
Big Bend NP,BIBE,National Park,Intermountain ,TX,1997,"305,882","2,364","49,146","10,622","42,715","37,775","44,786",0,"40,218"
Big Bend NP,BIBE,National Park,Intermountain ,TX,1998,"338,442","2,364","46,189","9,869","41,143","37,472","41,781",0,"41,304"
Big Bend NP,BIBE,National Park,Intermountain ,TX,1999,"327,649","2,364","47,580","11,429","47,320","35,919","40,059",0,"35,895"
Big Bend NP,BIBE,National Park,Intermountain ,TX,2000,"262,320","2,364","44,627","10,473","34,052","34,261","32,675",0,"29,672"
Big Bend NP,BIBE,National Park,Intermountain ,TX,2001,"328,927","2,364","43,127","11,339","35,218","32,493","28,826",0,"37,072"
Big Bend NP,BIBE,National Park,Intermountain ,TX,2002,"327,747","2,364","44,449","11,625","42,236","34,607","30,418",0,"41,747"
Big Bend NP,BIBE,National Park,Intermountain ,TX,2003,"312,384","2,364","40,507","9,930","33,058","25,630","29,399",0,"37,726"
Big Bend NP,BIBE,National Park,Intermountain ,TX,2004,"357,723","2,364","42,172","11,638","33,537","33,921","29,720",0,"34,206"
Big Bend NP,BIBE,National Park,Intermountain ,TX,2005,"398,583","2,364","43,491","9,780","32,837","29,739","28,239",0,"36,268"
Big Bend NP,BIBE,National Park,Intermountain ,TX,2006,"298,717","2,364","41,811","10,017","30,388","29,546","22,668",0,"29,599"
Big Bend NP,BIBE,National Park,Intermountain ,TX,2007,"364,856","2,364","45,960","11,764","32,395","27,400","21,146",0,"31,251"
Big Bend NP,BIBE,National Park,Intermountain ,TX,2008,"362,512","2,364","44,535","8,570","34,308","24,361","19,306",0,"35,430"
Big Bend NP,BIBE,National Park,Intermountain ,TX,2009,"363,905","2,364","47,715","8,807","38,702","24,039","20,727",0,"30,626"
Big Bend NP,BIBE,National Park,Intermountain ,TX,2010,"372,330","2,364","47,378","9,303","39,257","24,522","22,712",0,"32,402"
Big Bend NP,BIBE,National Park,Intermountain ,TX,2011,"361,862","2,364","42,411","6,300","36,425","19,139","16,254",0,"28,270"
Big Bend NP,BIBE,National Park,Intermountain ,TX,2012,"292,055","2,364","40,955","7,392","35,853","22,916","15,648",0,"26,218"
Big Bend NP,BIBE,National Park,Intermountain ,TX,2013,"316,953","2,364","41,880","8,220","39,547","21,962","19,378",0,"24,208"
Big Bend NP,BIBE,National Park,Intermountain ,TX,2014,"314,102","2,364","46,057","9,858","47,035","21,990","24,723",0,"28,007"
Big Bend NP,BIBE,National Park,Intermountain ,TX,2015,"381,747","2,364","50,747","9,643","53,963","24,420","32,435",0,"33,945"
Big Bend NP,BIBE,National Park,Intermountain ,TX,2016,"388,290","2,364","48,280","11,654","64,593","27,385","41,793",0,"40,422"
Big Bend NP,BIBE,National Park,Intermountain ,TX,2017,"440,276","2,364","44,485","8,204","65,446","33,529","42,555",0,"44,203"
Big Bend NP,BIBE,National Park,Intermountain ,TX,2018,"440,091","2,364","48,065","13,060","55,863","33,209","23,858",0,"37,299"
Big Bend NP,BIBE,National Park,Intermountain ,TX,2019,"463,832","2,364","49,227","12,618","54,402","28,845","23,320",0,"37,020"
Big Bend NP,BIBE,National Park,Intermountain ,TX,2020,"393,907","2,364","15,534","4,866","32,197","26,952","28,219",0,"19,655"
Big Bend NP,BIBE,National Park,Intermountain ,TX,2021,"581,220","2,364","16,985","4,146","48,224","24,688","29,692",0,"44,795"
Big Bend NP,BIBE,National Park,Intermountain ,TX,2022,"514,107","2,700","18,184","3,213","26,609","20,415","55,173",0,"8,221"
Big Bend NP,BIBE,National Park,Intermountain ,TX,2023,"509,129","2,700","22,346","3,695","23,647","27,175","58,919",0,"9,069"
Big Bend NP,BIBE,National Park,Intermountain ,TX,2024,"561,458","2,700","22,479","3,661","69,606","27,860","48,597",0,"19,619"
Biscayne NP,BISC,National Park,Southeast ,FL,1979,"202,938",0,0,0,"2,232",0,0,0,"53,844"
Biscayne NP,BISC,National Park,Southeast ,FL,1980,"248,071",0,0,0,"2,352",0,0,0,"49,928"
Biscayne NP,BISC,National Park,Southeast ,FL,1981,"305,502",0,0,0,"2,336",0,0,0,"45,156"
Biscayne NP,BISC,National Park,Southeast ,FL,1982,"348,219",0,0,0,"3,408",0,0,0,"44,840"
Biscayne NP,BISC,National Park,Southeast ,FL,1983,"369,082",0,0,0,"4,076",0,0,0,"47,208"
Biscayne NP,BISC,National Park,Southeast ,FL,1984,"340,567",0,0,0,"4,888",0,0,0,"51,716"
Biscayne NP,BISC,National Park,Southeast ,FL,1985,"460,921",0,0,0,"2,888",0,0,0,"43,316"
Biscayne NP,BISC,National Park,Southeast ,FL,1986,"578,013",0,0,0,"2,484",0,0,0,"69,860"
Biscayne NP,BISC,National Park,Southeast ,FL,1987,"607,968",0,0,0,"4,632",0,0,0,"69,360"
Biscayne NP,BISC,National Park,Southeast ,FL,1988,"531,036",0,0,0,"2,892",0,0,0,"42,984"
Biscayne NP,BISC,National Park,Southeast ,FL,1989,"589,957",0,0,0,"3,027",0,0,0,"42,296"
Biscayne NP,BISC,National Park,Southeast ,FL,1990,"573,376",0,0,0,800,0,0,0,"28,560"
Biscayne NP,BISC,National Park,Southeast ,FL,1991,"488,134",0,0,0,"1,092",0,0,0,"8,115"
Biscayne NP,BISC,National Park,Southeast ,FL,1992,"307,512",0,0,0,"1,324",0,0,0,"4,479"
Biscayne NP,BISC,National Park,Southeast ,FL,1993,"19,950",0,0,0,0,0,0,0,0
Biscayne NP,BISC,National Park,Southeast ,FL,1994,"25,147",0,0,0,0,0,0,0,0
Biscayne NP,BISC,National Park,Southeast ,FL,1995,"584,519",0,0,0,0,0,0,0,0
Biscayne NP,BISC,National Park,Southeast ,FL,1996,"338,603",0,0,0,0,0,0,0,0
Biscayne NP,BISC,National Park,Southeast ,FL,1997,"392,069",0,0,0,0,0,0,0,0
Biscayne NP,BISC,National Park,Southeast ,FL,1998,"403,239",0,0,0,0,0,0,0,0
Biscayne NP,BISC,National Park,Southeast ,FL,1999,"442,585",0,0,0,0,0,0,0,0
Biscayne NP,BISC,National Park,Southeast ,FL,2000,"393,151",0,0,0,0,0,0,0,0
Biscayne NP,BISC,National Park,Southeast ,FL,2001,"489,343",0,0,0,0,0,0,0,0
Biscayne NP,BISC,National Park,Southeast ,FL,2002,"513,397",0,0,0,0,0,0,0,0
Biscayne NP,BISC,National Park,Southeast ,FL,2003,"490,031",0,0,0,0,0,0,0,0
Biscayne NP,BISC,National Park,Southeast ,FL,2004,"478,304",0,0,0,0,0,0,0,0
Biscayne NP,BISC,National Park,Southeast ,FL,2005,"563,728",0,0,0,0,0,0,0,0
Biscayne NP,BISC,National Park,Southeast ,FL,2006,"608,836",0,0,0,248,0,0,0,"7,752"
Biscayne NP,BISC,National Park,Southeast ,FL,2007,"517,442",0,0,0,"2,002",0,0,0,"6,583"
Biscayne NP,BISC,National Park,Southeast ,FL,2008,"686,062",0,0,0,807,0,0,0,"5,429"
Biscayne NP,BISC,National Park,Southeast ,FL,2009,"437,745",0,0,0,934,0,0,0,"7,383"
Biscayne NP,BISC,National Park,Southeast ,FL,2010,"467,612",0,0,0,"4,064",0,0,0,"8,638"
Biscayne NP,BISC,National Park,Southeast ,FL,2011,"476,077",0,0,0,"4,552",0,0,0,"9,433"
Biscayne NP,BISC,National Park,Southeast ,FL,2012,"495,613",0,0,0,"3,462",0,0,0,"5,926"
Biscayne NP,BISC,National Park,Southeast ,FL,2013,"486,848",0,0,0,"2,436",0,0,0,"4,917"
Biscayne NP,BISC,National Park,Southeast ,FL,2014,"525,745",0,0,0,"2,044",0,0,0,"4,328"
Biscayne NP,BISC,National Park,Southeast ,FL,2015,"508,164",0,0,0,"1,860",0,0,0,"4,305"
Biscayne NP,BISC,National Park,Southeast ,FL,2016,"514,709",0,0,0,"2,522",0,0,0,"4,516"
Biscayne NP,BISC,National Park,Southeast ,FL,2017,"446,961",0,0,0,"2,452",0,0,0,"5,414"
Biscayne NP,BISC,National Park,Southeast ,FL,2018,"469,253",0,0,0,"2,119",0,0,0,"4,788"
Biscayne NP,BISC,National Park,Southeast ,FL,2019,"708,522",0,0,0,238,0,0,0,"3,079"
Biscayne NP,BISC,National Park,Southeast ,FL,2020,"402,770",0,0,0,145,0,0,0,"1,079"
Biscayne NP,BISC,National Park,Southeast ,FL,2021,"705,655",0,0,0,"2,240",0,0,0,"2,198"
Biscayne NP,BISC,National Park,Southeast ,FL,2022,"701,023",0,0,0,"2,267",0,0,0,810
Biscayne NP,BISC,National Park,Southeast ,FL,2023,"571,242",0,0,0,"1,997",0,0,0,"2,013"
Biscayne NP,BISC,National Park,Southeast ,FL,2024,"512,213",0,0,0,393,0,0,0,"1,415"
Black Canyon of the Gunnison NP,BLCA,National Park,Intermountain ,CO,1979,"234,286",0,0,0,"11,925","11,652","1,404",0,0
Black Canyon of the Gunnison NP,BLCA,National Park,Intermountain ,CO,1980,"336,119",0,0,0,"13,032","11,267","1,560",0,0
Black Canyon of the Gunnison NP,BLCA,National Park,Intermountain ,CO,1981,"266,604",0,0,0,"11,804","11,964","2,136",0,0
Black Canyon of the Gunnison NP,BLCA,National Park,Intermountain ,CO,1982,"227,428",0,0,0,"11,414","10,396","1,708",0,0
Black Canyon of the Gunnison NP,BLCA,National Park,Intermountain ,CO,1983,"291,618",0,0,0,"10,309","9,865","1,116",0,0
Black Canyon of the Gunnison NP,BLCA,National Park,Intermountain ,CO,1984,"253,048",0,0,0,"8,721","7,459",567,0,0
Black Canyon of the Gunnison NP,BLCA,National Park,Intermountain ,CO,1985,"266,012",0,0,0,"2,574","2,345",409,0,0
Black Canyon of the Gunnison NP,BLCA,National Park,Intermountain ,CO,1986,"289,117",0,0,0,"2,642","2,296",405,0,0
Black Canyon of the Gunnison NP,BLCA,National Park,Intermountain ,CO,1987,"285,439",0,0,0,"2,867","2,119",436,0,0
Black Canyon of the Gunnison NP,BLCA,National Park,Intermountain ,CO,1988,"269,073",0,0,0,"2,214","2,026",563,0,0
Black Canyon of the Gunnison NP,BLCA,National Park,Intermountain ,CO,1989,"288,586",0,0,0,"2,352","1,957",685,0,0
Black Canyon of the Gunnison NP,BLCA,National Park,Intermountain ,CO,1990,"275,323",0,0,0,"5,332","5,307","1,011",0,0
Black Canyon of the Gunnison NP,BLCA,National Park,Intermountain ,CO,1991,"316,336",0,0,0,"10,069","9,929",693,0,0
Black Canyon of the Gunnison NP,BLCA,National Park,Intermountain ,CO,1992,"337,209",0,0,0,"9,601","7,978","1,516",0,0
Black Canyon of the Gunnison NP,BLCA,National Park,Intermountain ,CO,1993,"319,322",0,0,0,"10,640","7,392","1,872",0,0
Black Canyon of the Gunnison NP,BLCA,National Park,Intermountain ,CO,1994,"214,194",0,0,0,"6,509","4,918","3,865",0,0
Black Canyon of the Gunnison NP,BLCA,National Park,Intermountain ,CO,1995,"221,113",0,0,0,"7,168","4,236","1,968",0,0
Black Canyon of the Gunnison NP,BLCA,National Park,Intermountain ,CO,1996,"200,125",0,0,0,"5,912","4,751","2,156",0,0
Black Canyon of the Gunnison NP,BLCA,National Park,Intermountain ,CO,1997,"209,863",0,0,0,"4,940","4,031","1,839",0,0
Black Canyon of the Gunnison NP,BLCA,National Park,Intermountain ,CO,1998,"193,451",0,0,0,"5,803","3,953","1,493",0,0
Black Canyon of the Gunnison NP,BLCA,National Park,Intermountain ,CO,1999,"200,142",0,0,0,"7,419","3,268","1,597",0,0
Black Canyon of the Gunnison NP,BLCA,National Park,Intermountain ,CO,2000,"191,506",0,0,0,"7,446","3,824","2,456",0,0
Black Canyon of the Gunnison NP,BLCA,National Park,Intermountain ,CO,2001,"181,018",0,0,0,"7,318","4,751","1,729",0,0
Black Canyon of the Gunnison NP,BLCA,National Park,Intermountain ,CO,2002,"173,687",0,0,0,"6,355","3,811","1,884",0,0
Black Canyon of the Gunnison NP,BLCA,National Park,Intermountain ,CO,2003,"167,247",0,0,0,"5,726","7,110","2,037",0,0
Black Canyon of the Gunnison NP,BLCA,National Park,Intermountain ,CO,2004,"175,581",0,0,0,"6,948","6,637","1,782",0,0
Black Canyon of the Gunnison NP,BLCA,National Park,Intermountain ,CO,2005,"180,814",0,0,0,"6,691","5,464","1,635",0,0
Black Canyon of the Gunnison NP,BLCA,National Park,Intermountain ,CO,2006,"160,450",0,0,0,"6,410","4,624","1,829",0,0
Black Canyon of the Gunnison NP,BLCA,National Park,Intermountain ,CO,2007,"219,576",0,0,0,"7,271","6,401","1,705",0,0
Black Canyon of the Gunnison NP,BLCA,National Park,Intermountain ,CO,2008,"160,185",0,0,0,"7,021","5,540","1,259",0,0
Black Canyon of the Gunnison NP,BLCA,National Park,Intermountain ,CO,2009,"171,451",0,0,0,"7,341","5,771","1,412",0,0
Black Canyon of the Gunnison NP,BLCA,National Park,Intermountain ,CO,2010,"176,344",0,0,0,"8,165","7,089","1,146",0,0
Black Canyon of the Gunnison NP,BLCA,National Park,Intermountain ,CO,2011,"168,336",0,0,0,"9,919","7,568",631,0,0
Black Canyon of the Gunnison NP,BLCA,National Park,Intermountain ,CO,2012,"192,570",0,0,0,"10,057","8,979",666,0,0
Black Canyon of the Gunnison NP,BLCA,National Park,Intermountain ,CO,2013,"175,852",0,0,0,"9,949","8,306",575,0,0
Black Canyon of the Gunnison NP,BLCA,National Park,Intermountain ,CO,2014,"183,045",0,0,0,"9,685","7,369",390,0,0
Black Canyon of the Gunnison NP,BLCA,National Park,Intermountain ,CO,2015,"209,166",0,0,0,"12,490","8,619","1,090",0,0
Black Canyon of the Gunnison NP,BLCA,National Park,Intermountain ,CO,2016,"238,018",0,0,0,"19,070","11,878","1,936",0,0
Black Canyon of the Gunnison NP,BLCA,National Park,Intermountain ,CO,2017,"307,143",0,0,0,"18,795","12,257","1,708",0,0
Black Canyon of the Gunnison NP,BLCA,National Park,Intermountain ,CO,2018,"308,962",0,0,0,"19,527","12,531","2,088",0,0
Black Canyon of the Gunnison NP,BLCA,National Park,Intermountain ,CO,2019,"432,818",0,0,0,"17,796","12,273","1,861",0,0
Black Canyon of the Gunnison NP,BLCA,National Park,Intermountain ,CO,2020,"341,620",0,0,0,"18,768","10,979","2,419",0,0
Black Canyon of the Gunnison NP,BLCA,National Park,Intermountain ,CO,2021,"308,910",0,0,0,"17,020","13,825","2,035",0,0
Black Canyon of the Gunnison NP,BLCA,National Park,Intermountain ,CO,2022,"297,257",0,0,0,"14,854","12,945","1,685",0,0
Black Canyon of the Gunnison NP,BLCA,National Park,Intermountain ,CO,2023,"357,069",0,0,0,"17,248","14,690",828,0,0
Black Canyon of the Gunnison NP,BLCA,National Park,Intermountain ,CO,2024,"335,862",0,0,0,"16,795","12,577","1,273",0,0
Bryce Canyon NP,BRCA,National Park,Intermountain ,UT,1979,"558,095",982,"26,145",0,"47,916","48,403",871,0,"8,794"
Bryce Canyon NP,BRCA,National Park,Intermountain ,UT,1980,"571,541","1,947","32,715",0,"50,369","51,608","1,270",0,"4,243"
Bryce Canyon NP,BRCA,National Park,Intermountain ,UT,1981,"474,092","7,457","34,012",0,"49,519","44,133","2,208",0,"6,454"
Bryce Canyon NP,BRCA,National Park,Intermountain ,UT,1982,"471,517","233,279","25,311",0,"47,612","44,055","1,818",0,"3,710"
Bryce Canyon NP,BRCA,National Park,Intermountain ,UT,1983,"472,633","222,218","29,872",0,"44,342","41,260","1,595",348,"3,740"
Bryce Canyon NP,BRCA,National Park,Intermountain ,UT,1984,"495,104","268,192","34,064",0,"48,928","41,394","1,527",403,"3,785"
Bryce Canyon NP,BRCA,National Park,Intermountain ,UT,1985,"500,782","236,540","30,272",0,"44,347","43,898","1,326",505,"3,329"
Bryce Canyon NP,BRCA,National Park,Intermountain ,UT,1986,"578,018","256,658","33,708",0,"39,185","35,226","1,396",35,"2,330"
Bryce Canyon NP,BRCA,National Park,Intermountain ,UT,1987,"718,342","295,199","34,688",0,"46,838","48,143","2,425",0,"2,061"
Bryce Canyon NP,BRCA,National Park,Intermountain ,UT,1988,"791,348","323,428","35,285",0,"51,230","49,312","2,841",0,"2,981"
Bryce Canyon NP,BRCA,National Park,Intermountain ,UT,1989,"808,045","351,076","36,769",0,"51,110","49,615","2,953",0,"2,251"
Bryce Canyon NP,BRCA,National Park,Intermountain ,UT,1990,"862,659","350,835","41,364",0,"50,362","47,069","3,004",0,"2,528"
Bryce Canyon NP,BRCA,National Park,Intermountain ,UT,1991,"929,067","395,877","45,471",0,"54,404","43,384","3,452",0,"2,697"
Bryce Canyon NP,BRCA,National Park,Intermountain ,UT,1992,"1,018,174","459,150","45,422",0,"59,355","48,273","4,177",0,"1,534"
Bryce Canyon NP,BRCA,National Park,Intermountain ,UT,1993,"1,107,951","492,486","43,178",0,"57,626","39,591","5,237",0,"1,896"
Bryce Canyon NP,BRCA,National Park,Intermountain ,UT,1994,"1,028,134","471,509","49,489",0,"53,311","49,078","3,115",0,"1,614"
Bryce Canyon NP,BRCA,National Park,Intermountain ,UT,1995,"994,548","474,037","50,482",0,"35,807","60,327","2,766",0,"2,000"
Bryce Canyon NP,BRCA,National Park,Intermountain ,UT,1996,"1,269,600","473,608","46,009",0,"40,402","68,726","3,183",0,"1,546"
Bryce Canyon NP,BRCA,National Park,Intermountain ,UT,1997,"1,174,824","507,616","47,213",0,"43,220","64,828","2,826",0,"2,028"
Bryce Canyon NP,BRCA,National Park,Intermountain ,UT,1998,"1,166,331","522,242","46,126",0,"37,593","61,808","2,557",0,"1,670"
Bryce Canyon NP,BRCA,National Park,Intermountain ,UT,1999,"1,081,521","536,223","46,408",0,"40,020","59,779","2,532",0,"1,402"
Bryce Canyon NP,BRCA,National Park,Intermountain ,UT,2000,"1,099,275","541,182","46,376",0,"36,285","58,714","2,249",0,"1,830"
Bryce Canyon NP,BRCA,National Park,Intermountain ,UT,2001,"1,068,619","501,260","45,734",0,"33,618","54,690","1,864",0,"1,671"
Bryce Canyon NP,BRCA,National Park,Intermountain ,UT,2002,"886,436","482,818","45,792",0,"40,237","42,370","1,928",0,"1,614"
Bryce Canyon NP,BRCA,National Park,Intermountain ,UT,2003,"903,760","510,477","46,325",0,"37,635","39,395","1,988",0,"1,425"
Bryce Canyon NP,BRCA,National Park,Intermountain ,UT,2004,"987,253","535,905","44,934",0,"46,197","39,444","1,450",0,"1,366"
Bryce Canyon NP,BRCA,National Park,Intermountain ,UT,2005,"1,017,681","487,959","44,923",0,"35,793","42,517","1,548",0,"1,575"
Bryce Canyon NP,BRCA,National Park,Intermountain ,UT,2006,"890,676","494,029","45,651",0,"32,045","47,901","1,291",0,"1,237"
Bryce Canyon NP,BRCA,National Park,Intermountain ,UT,2007,"1,012,563","469,432","51,784",0,"34,069","50,455","1,432",0,"1,585"
Bryce Canyon NP,BRCA,National Park,Intermountain ,UT,2008,"1,043,321","482,504","44,247",0,"32,661","49,545","1,300",0,"1,779"
Bryce Canyon NP,BRCA,National Park,Intermountain ,UT,2009,"1,216,377","445,610","52,180",0,"37,822","56,155","1,824",0,"1,984"
Bryce Canyon NP,BRCA,National Park,Intermountain ,UT,2010,"1,285,492","496,845","51,156",0,"39,591","52,279","1,918",0,"2,021"
Bryce Canyon NP,BRCA,National Park,Intermountain ,UT,2011,"1,296,000","323,599","49,883",0,"35,527","45,014","1,702",0,"1,095"
Bryce Canyon NP,BRCA,National Park,Intermountain ,UT,2012,"1,385,352","423,628","50,191",0,"41,299","50,386","1,712",0,"1,094"
Bryce Canyon NP,BRCA,National Park,Intermountain ,UT,2013,"1,311,875","518,962","48,090",0,"37,839","48,291","1,662",0,"1,552"
Bryce Canyon NP,BRCA,National Park,Intermountain ,UT,2014,"1,435,741","434,913","52,063",0,"38,054","50,005","1,449",0,"1,068"
Bryce Canyon NP,BRCA,National Park,Intermountain ,UT,2015,"1,745,804","419,035","53,792",0,"36,532","56,658","2,072",0,"1,432"
Bryce Canyon NP,BRCA,National Park,Intermountain ,UT,2016,"2,365,110","427,347","56,844",0,"38,192","62,768","2,684",0,"2,201"
Bryce Canyon NP,BRCA,National Park,Intermountain ,UT,2017,"2,571,684","420,540","54,525",0,"33,492","61,386","2,414",0,"1,414"
Bryce Canyon NP,BRCA,National Park,Intermountain ,UT,2018,"2,679,478","419,953","51,690",0,"49,747","29,619","2,603",0,"1,268"
Bryce Canyon NP,BRCA,National Park,Intermountain ,UT,2019,"2,594,904","416,166","52,566",0,"30,080","23,653","1,394",0,509
Bryce Canyon NP,BRCA,National Park,Intermountain ,UT,2020,"1,464,655","412,465","20,447",0,"37,491","32,319","1,680",0,"1,289"
Bryce Canyon NP,BRCA,National Park,Intermountain ,UT,2021,"2,104,600","445,652","38,530",0,"51,524","39,051","2,063",0,"1,487"
Bryce Canyon NP,BRCA,National Park,Intermountain ,UT,2022,"2,354,660","409,353","45,674",0,"45,527","40,305","1,657",0,"1,376"
Bryce Canyon NP,BRCA,National Park,Intermountain ,UT,2023,"2,461,269","408,397","49,131",0,"44,897","44,563","2,667",0,"1,243"
Bryce Canyon NP,BRCA,National Park,Intermountain ,UT,2024,"2,498,075","408,146","49,773",0,"45,003","48,168","2,128",0,"1,338"
Canyonlands NP,CANY,National Park,Intermountain ,UT,1979,"74,545",588,0,0,"7,223","5,213","39,819",8,"2,374"
Canyonlands NP,CANY,National Park,Intermountain ,UT,1980,"56,505",460,0,0,"7,333","4,610","40,012",5,"2,106"
Canyonlands NP,CANY,National Park,Intermountain ,UT,1981,"89,915","1,005",0,0,"9,431","4,953","45,446",186,"3,761"
Canyonlands NP,CANY,National Park,Intermountain ,UT,1982,"97,079","1,231",0,0,"11,470","5,356","48,861",127,"3,669"
Canyonlands NP,CANY,National Park,Intermountain ,UT,1983,"100,022","1,757",0,0,"12,240","5,121","43,679",638,"4,160"
Canyonlands NP,CANY,National Park,Intermountain ,UT,1984,"102,533","3,113",0,0,"13,261","5,470","45,316",688,"2,866"
Canyonlands NP,CANY,National Park,Intermountain ,UT,1985,"116,672","7,496",0,0,"14,605","6,487","40,784",935,"3,514"
Canyonlands NP,CANY,National Park,Intermountain ,UT,1986,"172,987","4,072",0,0,"17,299","7,129","48,894",522,"4,905"
Canyonlands NP,CANY,National Park,Intermountain ,UT,1987,"172,384","8,325",0,0,"17,549","7,507","48,651",516,"5,020"
Canyonlands NP,CANY,National Park,Intermountain ,UT,1988,"212,100","2,117",0,0,"11,820","4,938","54,278",677,"6,499"
Canyonlands NP,CANY,National Park,Intermountain ,UT,1989,"257,411","1,751",0,0,"10,317","4,451","53,013",879,"6,846"
Canyonlands NP,CANY,National Park,Intermountain ,UT,1990,"276,831","5,212",0,0,"9,873","4,675","56,387","1,465","6,659"
Canyonlands NP,CANY,National Park,Intermountain ,UT,1991,"339,315","3,395",0,0,"12,035","4,405","67,469",951,"7,609"
Canyonlands NP,CANY,National Park,Intermountain ,UT,1992,"395,698","1,213",0,0,"19,742","8,686","77,213",222,"8,539"
Canyonlands NP,CANY,National Park,Intermountain ,UT,1993,"434,844",0,0,0,"22,690","11,206","74,293",0,"6,141"
Canyonlands NP,CANY,National Park,Intermountain ,UT,1994,"429,921",0,0,0,"21,024","9,055","66,215",0,"6,860"
Canyonlands NP,CANY,National Park,Intermountain ,UT,1995,"448,769",0,0,0,"20,825","9,632","70,815",0,"9,638"
Canyonlands NP,CANY,National Park,Intermountain ,UT,1996,"447,527",0,0,0,"19,212","9,003","70,963",0,"6,614"
Canyonlands NP,CANY,National Park,Intermountain ,UT,1997,"432,697",0,0,0,"20,573","8,733","69,664",0,"8,817"
Canyonlands NP,CANY,National Park,Intermountain ,UT,1998,"436,524",0,0,0,"21,759","8,156","69,452",0,"12,695"
Canyonlands NP,CANY,National Park,Intermountain ,UT,1999,"446,160",0,0,0,"22,251","7,836","72,148",0,"8,923"
Canyonlands NP,CANY,National Park,Intermountain ,UT,2000,"401,558",0,0,0,"21,310","7,287","71,411",0,"7,652"
Canyonlands NP,CANY,National Park,Intermountain ,UT,2001,"368,592",0,0,0,"19,287","7,787","70,745",0,"6,279"
Canyonlands NP,CANY,National Park,Intermountain ,UT,2002,"367,078",0,0,0,"16,907","7,512","62,365",0,"4,765"
Canyonlands NP,CANY,National Park,Intermountain ,UT,2003,"386,986",0,0,0,"16,888","7,939","64,009",0,"4,797"
Canyonlands NP,CANY,National Park,Intermountain ,UT,2004,"371,706",0,0,0,"16,504","7,514","65,281",0,"4,737"
Canyonlands NP,CANY,National Park,Intermountain ,UT,2005,"393,381",0,0,0,"15,335","8,035","69,708",0,"5,119"
Canyonlands NP,CANY,National Park,Intermountain ,UT,2006,"392,537",0,0,0,"15,413","7,690","59,478",0,"4,841"
Canyonlands NP,CANY,National Park,Intermountain ,UT,2007,"417,560",0,0,0,"13,444","7,770","64,750",0,"5,260"
Canyonlands NP,CANY,National Park,Intermountain ,UT,2008,"436,715",0,0,0,"14,633","8,454","68,810",0,"4,216"
Canyonlands NP,CANY,National Park,Intermountain ,UT,2009,"436,241",0,0,0,"14,424","7,486","62,595",0,"5,528"
Canyonlands NP,CANY,National Park,Intermountain ,UT,2010,"435,908",0,0,0,"13,730","8,019","61,368",0,"5,074"
Canyonlands NP,CANY,National Park,Intermountain ,UT,2011,"473,773",0,0,0,"15,797","8,097","60,557",0,"3,459"
Canyonlands NP,CANY,National Park,Intermountain ,UT,2012,"452,952",0,0,0,"14,846","7,275","58,546",0,"2,800"
Canyonlands NP,CANY,National Park,Intermountain ,UT,2013,"462,242",0,0,0,"13,013","8,073","60,691",0,"4,860"
Canyonlands NP,CANY,National Park,Intermountain ,UT,2014,"542,431",0,0,0,"14,892","8,810","77,518",0,"6,586"
Canyonlands NP,CANY,National Park,Intermountain ,UT,2015,"634,607",0,0,0,"13,638","8,470","74,388",0,"1,235"
Canyonlands NP,CANY,National Park,Intermountain ,UT,2016,"776,218",0,0,0,"13,513","8,288","86,227",0,400
Canyonlands NP,CANY,National Park,Intermountain ,UT,2017,"742,271",0,0,0,"13,565","8,519","82,188",0,828
Canyonlands NP,CANY,National Park,Intermountain ,UT,2018,"739,449",0,0,0,"13,221","10,517","78,375",0,416
Canyonlands NP,CANY,National Park,Intermountain ,UT,2019,"733,996",0,0,0,"9,135","7,785","77,695",0,508
Canyonlands NP,CANY,National Park,Intermountain ,UT,2020,"493,914",0,0,0,"5,606","4,413","59,800",0,160
Canyonlands NP,CANY,National Park,Intermountain ,UT,2021,"911,594",0,0,0,"9,517","7,744","90,466",0,"1,117"
Canyonlands NP,CANY,National Park,Intermountain ,UT,2022,"779,147",0,0,0,"7,500","7,955","80,264",0,"2,019"
Canyonlands NP,CANY,National Park,Intermountain ,UT,2023,"800,322",0,0,0,"8,136","8,790","68,953",0,"1,721"
Canyonlands NP,CANY,National Park,Intermountain ,UT,2024,"818,492",0,0,0,"8,509","10,209","67,957",0,"1,911"
Capitol Reef NP,CARE,National Park,Intermountain ,UT,1979,"288,860","28,200",0,0,"10,976","16,501","2,063",0,"2,023"
Capitol Reef NP,CARE,National Park,Intermountain ,UT,1980,"342,788","34,594",0,0,"11,909","16,513","1,836",0,"2,587"
Capitol Reef NP,CARE,National Park,Intermountain ,UT,1981,"397,789","33,599",0,0,"11,894","15,838","1,655",0,"2,299"
Capitol Reef NP,CARE,National Park,Intermountain ,UT,1982,"289,486","33,972",0,0,"11,656","18,831","1,742",0,"2,704"
Capitol Reef NP,CARE,National Park,Intermountain ,UT,1983,"331,734","41,387",0,0,"12,337","18,432","1,838",0,"2,430"
Capitol Reef NP,CARE,National Park,Intermountain ,UT,1984,"296,230","37,319",0,0,"12,522","17,450","1,937",0,"2,387"
Capitol Reef NP,CARE,National Park,Intermountain ,UT,1985,"320,503","37,737",0,0,"10,628","15,231","1,842",0,"2,577"
Capitol Reef NP,CARE,National Park,Intermountain ,UT,1986,"383,742","36,855",0,0,"12,415","17,174","2,413",0,"1,815"
Capitol Reef NP,CARE,National Park,Intermountain ,UT,1987,"428,808","42,492",0,0,"15,129","23,663","1,845",0,"1,772"
Capitol Reef NP,CARE,National Park,Intermountain ,UT,1988,"469,556","42,586",0,0,"15,248","25,206","1,506",0,"3,015"
Capitol Reef NP,CARE,National Park,Intermountain ,UT,1989,"515,278","45,099",0,0,"16,803","27,485","1,676",0,"2,544"
Capitol Reef NP,CARE,National Park,Intermountain ,UT,1990,"562,477","47,341",0,0,"16,713","26,165","2,312",0,"2,685"
Capitol Reef NP,CARE,National Park,Intermountain ,UT,1991,"618,056","50,788",0,0,"16,965","24,986","2,165",0,"2,553"
Capitol Reef NP,CARE,National Park,Intermountain ,UT,1992,"675,837","53,487",0,0,"18,804","23,678","1,898",0,"2,178"
Capitol Reef NP,CARE,National Park,Intermountain ,UT,1993,"610,707","50,141",0,0,"17,026","22,077","1,915",0,"2,291"
Capitol Reef NP,CARE,National Park,Intermountain ,UT,1994,"605,324","62,750",0,0,"17,479","21,707","1,951",0,"1,935"
Capitol Reef NP,CARE,National Park,Intermountain ,UT,1995,"648,864","57,401",0,0,"17,026","21,668","2,878",0,"2,168"
Capitol Reef NP,CARE,National Park,Intermountain ,UT,1996,"678,012","56,071",0,0,"17,963","21,711","2,678",0,"1,918"
Capitol Reef NP,CARE,National Park,Intermountain ,UT,1997,"625,680","59,676",0,0,"17,116","21,022","2,574",0,"1,535"
Capitol Reef NP,CARE,National Park,Intermountain ,UT,1998,"656,026","59,640",0,0,"17,225","21,197","2,239",0,"1,811"
Capitol Reef NP,CARE,National Park,Intermountain ,UT,1999,"680,153","60,767",0,0,"16,445","20,708","2,272",0,"2,041"
Capitol Reef NP,CARE,National Park,Intermountain ,UT,2000,"612,656","70,350",0,0,"17,757","19,657","2,735",0,"1,795"
Capitol Reef NP,CARE,National Park,Intermountain ,UT,2001,"527,760","73,176",0,0,"16,341","17,928","1,721",0,"1,844"
Capitol Reef NP,CARE,National Park,Intermountain ,UT,2002,"525,646","80,501",0,0,"16,380","23,462","1,646",0,"1,197"
Capitol Reef NP,CARE,National Park,Intermountain ,UT,2003,"535,441","67,040",0,0,"15,415","17,986","1,226",0,"1,917"
Capitol Reef NP,CARE,National Park,Intermountain ,UT,2004,"549,708","67,487",0,0,"15,607","17,779","1,477",0,"1,840"
Capitol Reef NP,CARE,National Park,Intermountain ,UT,2005,"550,255","63,389",0,0,"14,154","17,638","1,544",0,"1,927"
Capitol Reef NP,CARE,National Park,Intermountain ,UT,2006,"511,511","67,175",0,0,"12,147","17,372","1,158",0,"1,895"
Capitol Reef NP,CARE,National Park,Intermountain ,UT,2007,"554,907","61,477",0,0,"14,189","17,876","1,136",0,"1,629"
Capitol Reef NP,CARE,National Park,Intermountain ,UT,2008,"604,811","47,198",0,0,"17,195","17,490","1,435",0,"1,752"
Capitol Reef NP,CARE,National Park,Intermountain ,UT,2009,"617,208","47,775",0,0,"14,526","17,710","1,453",0,"1,800"
Capitol Reef NP,CARE,National Park,Intermountain ,UT,2010,"662,661","48,104",0,0,"15,996","18,955","1,652",0,"1,963"
Capitol Reef NP,CARE,National Park,Intermountain ,UT,2011,"668,834","46,871",0,0,"14,771","18,434","1,504",0,"1,868"
Capitol Reef NP,CARE,National Park,Intermountain ,UT,2012,"673,345","37,876",0,0,"16,733","16,976","1,810",0,"2,049"
Capitol Reef NP,CARE,National Park,Intermountain ,UT,2013,"663,670","46,150",0,0,"15,213","17,565","1,981",0,"2,184"
Capitol Reef NP,CARE,National Park,Intermountain ,UT,2014,"786,514","46,923",0,0,"17,147","21,285","2,081",0,"2,124"
Capitol Reef NP,CARE,National Park,Intermountain ,UT,2015,"941,029","47,485",0,0,"18,334","20,695","2,593",0,"1,900"
Capitol Reef NP,CARE,National Park,Intermountain ,UT,2016,"1,064,904","50,289",0,0,"19,507","20,917","2,996",0,"2,095"
Capitol Reef NP,CARE,National Park,Intermountain ,UT,2017,"1,150,165","53,170",0,0,"18,139","20,824","3,813",0,"2,137"
Capitol Reef NP,CARE,National Park,Intermountain ,UT,2018,"1,227,627","55,435",0,0,"24,822","27,143","4,048",0,"2,445"
Capitol Reef NP,CARE,National Park,Intermountain ,UT,2019,"1,226,519","56,871",0,0,"25,665","23,993","4,010",0,"2,738"
Capitol Reef NP,CARE,National Park,Intermountain ,UT,2020,"981,038","66,851",0,0,"14,787","16,005","2,849",0,"1,270"
Capitol Reef NP,CARE,National Park,Intermountain ,UT,2021,"1,405,353","54,763",0,0,"20,263","30,924","4,490",0,"3,120"
Capitol Reef NP,CARE,National Park,Intermountain ,UT,2022,"1,227,608","68,627",0,0,"24,023","25,923","3,393",0,"2,994"
Capitol Reef NP,CARE,National Park,Intermountain ,UT,2023,"1,268,861","87,886",0,0,"16,534","31,608","3,115",0,"3,251"
Capitol Reef NP,CARE,National Park,Intermountain ,UT,2024,"1,422,490","99,342",0,0,"25,833","29,888","2,298",0,"3,142"
Carlsbad Caverns NP,CAVE,National Park,Intermountain ,NM,1979,"721,647",0,0,0,0,0,"1,570",0,0
Carlsbad Caverns NP,CAVE,National Park,Intermountain ,NM,1980,"672,963",0,0,0,0,0,"1,245",0,0
Carlsbad Caverns NP,CAVE,National Park,Intermountain ,NM,1981,"771,766",0,0,0,0,0,"1,437",0,0
Carlsbad Caverns NP,CAVE,National Park,Intermountain ,NM,1982,"781,963",0,0,0,0,0,"1,534",0,0
Carlsbad Caverns NP,CAVE,National Park,Intermountain ,NM,1983,"712,247",0,0,0,0,0,923,0,0
Carlsbad Caverns NP,CAVE,National Park,Intermountain ,NM,1984,"712,989",0,0,0,0,0,252,0,0
Carlsbad Caverns NP,CAVE,National Park,Intermountain ,NM,1985,"732,482",0,0,0,0,0,256,0,0
Carlsbad Caverns NP,CAVE,National Park,Intermountain ,NM,1986,"752,552",0,0,0,0,0,159,0,0
Carlsbad Caverns NP,CAVE,National Park,Intermountain ,NM,1987,"781,300",0,0,0,0,0,91,0,0
Carlsbad Caverns NP,CAVE,National Park,Intermountain ,NM,1988,"786,135",0,0,0,0,0,351,0,0
Carlsbad Caverns NP,CAVE,National Park,Intermountain ,NM,1989,"792,378",0,0,0,0,0,122,0,0
Carlsbad Caverns NP,CAVE,National Park,Intermountain ,NM,1990,"747,016",0,0,0,0,0,147,0,0
Carlsbad Caverns NP,CAVE,National Park,Intermountain ,NM,1991,"679,450",0,0,0,0,0,161,0,0
Carlsbad Caverns NP,CAVE,National Park,Intermountain ,NM,1992,"688,742",0,0,0,0,0,164,0,0
Carlsbad Caverns NP,CAVE,National Park,Intermountain ,NM,1993,"687,161",0,0,0,0,0,165,0,0
Carlsbad Caverns NP,CAVE,National Park,Intermountain ,NM,1994,"617,087",0,0,0,0,0,273,0,0
Carlsbad Caverns NP,CAVE,National Park,Intermountain ,NM,1995,"588,609",0,0,0,0,0,319,0,0
Carlsbad Caverns NP,CAVE,National Park,Intermountain ,NM,1996,"557,217",0,0,0,0,0,303,0,0
Carlsbad Caverns NP,CAVE,National Park,Intermountain ,NM,1997,"540,797",0,0,0,0,0,393,0,0
Carlsbad Caverns NP,CAVE,National Park,Intermountain ,NM,1998,"522,076",0,0,0,0,0,922,0,0
Carlsbad Caverns NP,CAVE,National Park,Intermountain ,NM,1999,"514,418",0,0,0,0,0,257,0,0
Carlsbad Caverns NP,CAVE,National Park,Intermountain ,NM,2000,"469,303",0,0,0,0,0,140,0,0
Carlsbad Caverns NP,CAVE,National Park,Intermountain ,NM,2001,"455,621",0,0,0,0,0,157,0,0
Carlsbad Caverns NP,CAVE,National Park,Intermountain ,NM,2002,"476,259",0,0,0,0,0,162,0,0
Carlsbad Caverns NP,CAVE,National Park,Intermountain ,NM,2003,"457,631",0,0,0,0,0,160,0,0
Carlsbad Caverns NP,CAVE,National Park,Intermountain ,NM,2004,"419,599",0,0,0,0,0,155,0,0
Carlsbad Caverns NP,CAVE,National Park,Intermountain ,NM,2005,"413,786",0,0,0,0,0,137,0,0
Carlsbad Caverns NP,CAVE,National Park,Intermountain ,NM,2006,"407,367",0,0,0,0,0,95,0,0
Carlsbad Caverns NP,CAVE,National Park,Intermountain ,NM,2007,"409,560",0,0,0,0,0,93,0,0
Carlsbad Caverns NP,CAVE,National Park,Intermountain ,NM,2008,"400,381",0,0,0,0,0,86,0,0
Carlsbad Caverns NP,CAVE,National Park,Intermountain ,NM,2009,"432,639",0,0,0,0,0,114,0,0
Carlsbad Caverns NP,CAVE,National Park,Intermountain ,NM,2010,"428,524",0,0,0,0,0,170,0,0
Carlsbad Caverns NP,CAVE,National Park,Intermountain ,NM,2011,"365,000",0,0,0,0,0,107,0,0
Carlsbad Caverns NP,CAVE,National Park,Intermountain ,NM,2012,"381,058",0,0,0,0,0,151,0,0
Carlsbad Caverns NP,CAVE,National Park,Intermountain ,NM,2013,"388,566",0,0,0,0,0,176,0,0
Carlsbad Caverns NP,CAVE,National Park,Intermountain ,NM,2014,"397,309",0,0,0,0,0,146,0,0
Carlsbad Caverns NP,CAVE,National Park,Intermountain ,NM,2015,"445,720",0,0,0,0,0,135,0,0
Carlsbad Caverns NP,CAVE,National Park,Intermountain ,NM,2016,"466,773",0,0,0,0,0,251,0,0
Carlsbad Caverns NP,CAVE,National Park,Intermountain ,NM,2017,"520,026",0,0,0,0,0,202,0,0
Carlsbad Caverns NP,CAVE,National Park,Intermountain ,NM,2018,"465,912",0,0,0,0,0,184,0,0
Carlsbad Caverns NP,CAVE,National Park,Intermountain ,NM,2019,"440,691",0,0,0,0,0,225,0,0
Carlsbad Caverns NP,CAVE,National Park,Intermountain ,NM,2020,"183,835",0,0,0,0,0,116,0,0
Carlsbad Caverns NP,CAVE,National Park,Intermountain ,NM,2021,"349,244",0,0,0,0,0,191,0,0
Carlsbad Caverns NP,CAVE,National Park,Intermountain ,NM,2022,"390,932",0,0,0,0,0,66,0,0
Carlsbad Caverns NP,CAVE,National Park,Intermountain ,NM,2023,"394,121",0,0,0,0,0,0,0,0
Carlsbad Caverns NP,CAVE,National Park,Intermountain ,NM,2024,"460,474",0,0,0,0,0,0,0,0
Channel Islands NP,CHIS,National Park,Pacific West ,CA,1979,"82,937","20,574",0,0,"1,938",0,0,"7,560","8,293"
Channel Islands NP,CHIS,National Park,Pacific West ,CA,1980,"104,574","31,008",0,0,"1,558",0,0,"11,892","10,507"
Channel Islands NP,CHIS,National Park,Pacific West ,CA,1981,"87,514","21,903",0,0,969,0,0,"7,915","9,694"
Channel Islands NP,CHIS,National Park,Pacific West ,CA,1982,"172,287","20,322",0,0,"2,173",0,0,"7,522","9,540"
Channel Islands NP,CHIS,National Park,Pacific West ,CA,1983,"205,024","22,287",0,0,0,0,"1,333","9,225","11,043"
Channel Islands NP,CHIS,National Park,Pacific West ,CA,1984,"203,411","22,445",0,0,0,0,"1,913","22,667","34,346"
Channel Islands NP,CHIS,National Park,Pacific West ,CA,1985,"164,132","51,600",0,0,0,0,"1,831","21,575","32,864"
Channel Islands NP,CHIS,National Park,Pacific West ,CA,1986,"172,913","53,920",0,0,0,0,"1,891","23,236","35,480"
Channel Islands NP,CHIS,National Park,Pacific West ,CA,1987,"174,607","55,075",0,0,0,0,"1,596","23,537","35,969"
Channel Islands NP,CHIS,National Park,Pacific West ,CA,1988,"168,592","52,634",0,0,0,0,"1,786","22,565","34,524"
Channel Islands NP,CHIS,National Park,Pacific West ,CA,1989,"152,662","47,774",0,0,0,0,"1,805","20,649","31,517"
Channel Islands NP,CHIS,National Park,Pacific West ,CA,1990,"144,083","45,343",0,0,0,0,"1,739","20,455","30,426"
Channel Islands NP,CHIS,National Park,Pacific West ,CA,1991,"149,263","46,722",0,0,0,0,"1,437","22,981","30,324"
Channel Islands NP,CHIS,National Park,Pacific West ,CA,1992,"169,181","53,086",0,0,0,0,"2,330","24,969","26,714"
Channel Islands NP,CHIS,National Park,Pacific West ,CA,1993,"184,867","58,098",0,0,0,0,"1,672","28,771","32,928"
Channel Islands NP,CHIS,National Park,Pacific West ,CA,1994,"175,226","54,439",0,0,0,0,"1,553","27,520","31,045"
Channel Islands NP,CHIS,National Park,Pacific West ,CA,1995,"525,882","35,958",0,0,0,0,"5,258","54,102","136,205"
Channel Islands NP,CHIS,National Park,Pacific West ,CA,1996,"490,715","32,623",0,0,0,0,"6,165","52,423","85,562"
Channel Islands NP,CHIS,National Park,Pacific West ,CA,1997,"488,757","34,764",0,0,0,0,"9,287","31,930","86,286"
Channel Islands NP,CHIS,National Park,Pacific West ,CA,1998,"574,270","41,720",0,0,0,0,"11,314","23,987","93,841"
Channel Islands NP,CHIS,National Park,Pacific West ,CA,1999,"607,057","47,837",0,0,0,0,"9,459","61,415","92,987"
Channel Islands NP,CHIS,National Park,Pacific West ,CA,2000,"482,571","20,213",0,0,0,0,"10,227","31,731","59,056"
Channel Islands NP,CHIS,National Park,Pacific West ,CA,2001,"520,428","18,206",0,0,0,0,"10,326","27,246","87,335"
Channel Islands NP,CHIS,National Park,Pacific West ,CA,2002,"613,935","17,773",0,0,0,0,"13,338","37,362","92,118"
Channel Islands NP,CHIS,National Park,Pacific West ,CA,2003,"585,919","19,835",0,0,0,0,"15,318","32,736","82,551"
Channel Islands NP,CHIS,National Park,Pacific West ,CA,2004,"537,716","17,155",0,0,0,0,"17,086","28,412","82,079"
Channel Islands NP,CHIS,National Park,Pacific West ,CA,2005,"434,107","10,855",0,0,0,0,"19,174","16,099","94,723"
Channel Islands NP,CHIS,National Park,Pacific West ,CA,2006,"375,256","26,603",0,0,0,0,"17,692","63,656","146,712"
Channel Islands NP,CHIS,National Park,Pacific West ,CA,2007,"360,806","14,249",0,0,0,0,"17,801","23,070","87,791"
Channel Islands NP,CHIS,National Park,Pacific West ,CA,2008,"332,177","8,731",0,0,0,0,"16,949","16,820","18,673"
Channel Islands NP,CHIS,National Park,Pacific West ,CA,2009,"348,745","13,388",0,0,0,0,"20,197","19,029","16,437"
Channel Islands NP,CHIS,National Park,Pacific West ,CA,2010,"277,515","10,671",0,0,0,0,"37,071","14,138","22,513"
Channel Islands NP,CHIS,National Park,Pacific West ,CA,2011,"242,756","9,056",0,0,0,0,"22,831","10,938","27,153"
Channel Islands NP,CHIS,National Park,Pacific West ,CA,2012,"249,594","5,141",0,0,0,0,"19,785","8,750","20,815"
Channel Islands NP,CHIS,National Park,Pacific West ,CA,2013,"212,029","6,006",0,0,0,0,"20,032","7,874","27,787"
Channel Islands NP,CHIS,National Park,Pacific West ,CA,2014,"342,161","6,574",0,0,0,0,"23,068","8,959","20,017"
Channel Islands NP,CHIS,National Park,Pacific West ,CA,2015,"324,816","9,365",0,0,0,0,"23,326","12,416","33,403"
Channel Islands NP,CHIS,National Park,Pacific West ,CA,2016,"364,807","7,387",0,0,0,0,"22,885","10,688","25,953"
Channel Islands NP,CHIS,National Park,Pacific West ,CA,2017,"383,687","11,449",0,0,0,0,"22,934","12,925","28,017"
Channel Islands NP,CHIS,National Park,Pacific West ,CA,2018,"366,250","5,863",0,0,0,0,"21,463","9,166","18,543"
Channel Islands NP,CHIS,National Park,Pacific West ,CA,2019,"409,630","4,445",0,0,0,0,"23,411","7,888","45,077"
Channel Islands NP,CHIS,National Park,Pacific West ,CA,2020,"167,290","3,144",0,0,0,0,"9,264","8,072","45,077"
Channel Islands NP,CHIS,National Park,Pacific West ,CA,2021,"319,252","12,098",0,0,0,0,"24,529","8,032","45,077"
Channel Islands NP,CHIS,National Park,Pacific West ,CA,2022,"323,245","14,192",0,0,0,0,"28,210","9,010","45,077"
Channel Islands NP,CHIS,National Park,Pacific West ,CA,2023,"328,746","12,197",0,0,0,0,"23,881","8,591","45,077"
Channel Islands NP,CHIS,National Park,Pacific West ,CA,2024,"262,581","7,852",0,0,0,0,"53,974","7,852","45,077"
Congaree NP,CONG,National Park,Southeast ,SC,1985,"12,332",89,0,0,0,0,55,0,98
Congaree NP,CONG,National Park,Southeast ,SC,1986,"16,508",16,0,0,0,0,92,0,191
Congaree NP,CONG,National Park,Southeast ,SC,1987,"20,312",0,0,0,0,0,382,0,115
Congaree NP,CONG,National Park,Southeast ,SC,1988,"26,257",0,0,0,0,0,322,0,238
Congaree NP,CONG,National Park,Southeast ,SC,1989,"25,445",0,0,0,0,0,274,0,271
Congaree NP,CONG,National Park,Southeast ,SC,1990,"23,223",0,0,0,0,0,181,0,148
Congaree NP,CONG,National Park,Southeast ,SC,1991,"30,975",0,0,0,0,0,167,0,382
Congaree NP,CONG,National Park,Southeast ,SC,1992,"40,018",0,0,0,0,0,330,0,327
Congaree NP,CONG,National Park,Southeast ,SC,1993,"54,669",0,0,0,0,0,260,0,581
Congaree NP,CONG,National Park,Southeast ,SC,1994,"67,756",0,0,0,0,0,455,0,500
Congaree NP,CONG,National Park,Southeast ,SC,1995,"67,949",0,0,0,0,0,293,0,541
Congaree NP,CONG,National Park,Southeast ,SC,1996,"62,614",0,0,0,0,0,195,0,522
Congaree NP,CONG,National Park,Southeast ,SC,1997,"70,716",0,0,0,0,0,312,0,496
Congaree NP,CONG,National Park,Southeast ,SC,1998,"93,725",0,0,0,0,0,249,0,524
Congaree NP,CONG,National Park,Southeast ,SC,1999,"82,223",0,0,0,0,0,288,0,907
Congaree NP,CONG,National Park,Southeast ,SC,2000,"95,619",0,0,0,0,0,631,0,"1,016"
Congaree NP,CONG,National Park,Southeast ,SC,2001,"119,738",0,0,0,0,0,454,0,840
Congaree NP,CONG,National Park,Southeast ,SC,2002,"101,620",0,0,0,0,0,439,0,629
Congaree NP,CONG,National Park,Southeast ,SC,2003,"107,114",0,0,0,0,0,212,0,860
Congaree NP,CONG,National Park,Southeast ,SC,2004,"126,247",0,0,0,0,0,477,0,"1,067"
Congaree NP,CONG,National Park,Southeast ,SC,2005,"84,301",0,0,0,0,0,490,0,"1,517"
Congaree NP,CONG,National Park,Southeast ,SC,2006,"134,045",0,0,0,0,0,686,0,"1,539"
Congaree NP,CONG,National Park,Southeast ,SC,2007,"115,524",0,0,0,0,0,795,0,"2,079"
Congaree NP,CONG,National Park,Southeast ,SC,2008,"104,913",0,0,0,0,0,"1,084",0,"2,984"
Congaree NP,CONG,National Park,Southeast ,SC,2009,"122,970",0,0,0,0,0,861,0,"3,117"
Congaree NP,CONG,National Park,Southeast ,SC,2010,"121,208",0,0,0,0,0,"1,174",0,"3,807"
Congaree NP,CONG,National Park,Southeast ,SC,2011,"120,166",0,0,0,0,0,"1,176",0,"4,327"
Congaree NP,CONG,National Park,Southeast ,SC,2012,"109,685",0,0,0,0,0,867,0,"4,529"
Congaree NP,CONG,National Park,Southeast ,SC,2013,"120,340",0,0,0,0,0,579,0,"3,857"
Congaree NP,CONG,National Park,Southeast ,SC,2014,"120,122",0,0,0,0,0,460,0,"2,699"
Congaree NP,CONG,National Park,Southeast ,SC,2015,"87,513",0,0,0,0,0,387,0,"3,289"
Congaree NP,CONG,National Park,Southeast ,SC,2016,"143,843",0,0,0,0,0,286,0,"6,256"
Congaree NP,CONG,National Park,Southeast ,SC,2017,"159,595",0,0,0,0,0,"1,424",0,"9,816"
Congaree NP,CONG,National Park,Southeast ,SC,2018,"145,929",0,0,0,0,0,"1,023",0,"8,220"
Congaree NP,CONG,National Park,Southeast ,SC,2019,"159,445",0,0,0,0,0,881,0,"8,750"
Congaree NP,CONG,National Park,Southeast ,SC,2020,"119,306",0,0,0,0,0,724,0,"5,622"
Congaree NP,CONG,National Park,Southeast ,SC,2021,"215,181",0,0,0,0,0,"1,416",0,"13,064"
Congaree NP,CONG,National Park,Southeast ,SC,2022,"204,522",0,0,0,"6,055",0,805,0,"7,725"
Congaree NP,CONG,National Park,Southeast ,SC,2023,"250,114",0,0,0,"7,912",0,614,0,"3,931"
Congaree NP,CONG,National Park,Southeast ,SC,2024,"242,049",0,0,0,"7,915",0,745,0,"3,955"
Crater Lake NP,CRLA,National Park,Pacific West ,OR,1979,"410,749","35,648","18,097",0,"8,320","34,677","2,692",0,0
Crater Lake NP,CRLA,National Park,Pacific West ,OR,1980,"455,143","29,113","18,444",0,"24,465","26,001","1,902",0,0
Crater Lake NP,CRLA,National Park,Pacific West ,OR,1981,"503,404","33,315","19,566",0,"22,635","23,724","2,618",0,0
Crater Lake NP,CRLA,National Park,Pacific West ,OR,1982,"435,589","48,694","20,592",0,"18,885","16,821","2,154",0,0
Crater Lake NP,CRLA,National Park,Pacific West ,OR,1983,"379,008","50,578","19,429","11,829",0,0,"2,055",0,0
Crater Lake NP,CRLA,National Park,Pacific West ,OR,1984,"419,829","80,116","9,161","12,162",0,0,"1,649",0,0
Crater Lake NP,CRLA,National Park,Pacific West ,OR,1985,"390,604","37,323","15,912","32,281",0,0,"1,185",0,0
Crater Lake NP,CRLA,National Park,Pacific West ,OR,1986,"402,789","24,927","16,013","26,370",0,0,"1,376",0,0
Crater Lake NP,CRLA,National Park,Pacific West ,OR,1987,"460,550","32,031","17,540","37,923",0,0,"1,466",0,0
Crater Lake NP,CRLA,National Park,Pacific West ,OR,1988,"443,430","25,564","17,327","33,979","1,636",263,"1,508",0,0
Crater Lake NP,CRLA,National Park,Pacific West ,OR,1989,"430,734","24,003","6,868","36,704","3,253",296,"1,153",0,0
Crater Lake NP,CRLA,National Park,Pacific West ,OR,1990,"384,941","69,312","10,057","31,769","2,362",0,911,0,0
Crater Lake NP,CRLA,National Park,Pacific West ,OR,1991,"456,931","68,510","10,711","39,899",963,0,"1,775",0,0
Crater Lake NP,CRLA,National Park,Pacific West ,OR,1992,"461,668","49,832","20,946","35,808","1,390",0,"1,440",0,0
Crater Lake NP,CRLA,National Park,Pacific West ,OR,1993,"381,747","38,167","10,199","26,979","1,643",0,"1,558",0,0
Crater Lake NP,CRLA,National Park,Pacific West ,OR,1994,"454,215","45,865","10,342","33,428","2,372",0,"1,633",0,0
Crater Lake NP,CRLA,National Park,Pacific West ,OR,1995,"496,041","46,570","25,498","18,375","2,945",0,743,0,0
Crater Lake NP,CRLA,National Park,Pacific West ,OR,1996,"476,957","49,600","16,406","14,359",996,0,926,0,0
Crater Lake NP,CRLA,National Park,Pacific West ,OR,1997,"451,548","49,600","16,627","14,360","1,106",0,"1,839",0,0
Crater Lake NP,CRLA,National Park,Pacific West ,OR,1998,"471,865","49,600","34,025","31,859","1,443",0,"1,214",0,0
Crater Lake NP,CRLA,National Park,Pacific West ,OR,1999,"417,992","49,600","32,688","29,323","3,179",0,"1,258",0,0
Crater Lake NP,CRLA,National Park,Pacific West ,OR,2000,"426,883","49,600","33,900","35,227","2,408",0,"1,482",0,0
Crater Lake NP,CRLA,National Park,Pacific West ,OR,2001,"457,373","49,600","31,762","39,683","4,292",0,"2,009",0,0
Crater Lake NP,CRLA,National Park,Pacific West ,OR,2002,"456,620","49,600","33,432","36,558","6,803",0,"1,464",0,0
Crater Lake NP,CRLA,National Park,Pacific West ,OR,2003,"479,183","49,600","32,697","35,057","3,123",0,"1,500",0,0
Crater Lake NP,CRLA,National Park,Pacific West ,OR,2004,"417,066","49,600","33,488","33,924","4,266",0,"1,830",0,0
Crater Lake NP,CRLA,National Park,Pacific West ,OR,2005,"447,240","49,600","24,689","25,599","2,999",0,"1,142",0,0
Crater Lake NP,CRLA,National Park,Pacific West ,OR,2006,"388,972","49,600","28,976","29,421","2,401",0,"1,095",0,0
Crater Lake NP,CRLA,National Park,Pacific West ,OR,2007,"468,958","49,600","30,483","35,005","4,165",0,"1,442",0,0
Crater Lake NP,CRLA,National Park,Pacific West ,OR,2008,"415,686","49,600","31,099","33,461","2,751",0,"1,349",0,0
Crater Lake NP,CRLA,National Park,Pacific West ,OR,2009,"446,516","49,600","31,133","41,992","5,076",0,"1,852",0,0
Crater Lake NP,CRLA,National Park,Pacific West ,OR,2010,"448,319","49,600","32,993","39,881","5,778",0,"1,815",0,0
Crater Lake NP,CRLA,National Park,Pacific West ,OR,2011,"423,551","49,600","40,213","32,675","4,241",0,"1,925",0,0
Crater Lake NP,CRLA,National Park,Pacific West ,OR,2012,"447,251","49,600","33,028","44,734","6,527",0,"2,066",0,0
Crater Lake NP,CRLA,National Park,Pacific West ,OR,2013,"523,027","49,600","42,957","48,069",0,0,"3,022",0,0
Crater Lake NP,CRLA,National Park,Pacific West ,OR,2014,"535,508","49,600","34,053","49,994","3,313",0,"2,929",0,0
Crater Lake NP,CRLA,National Park,Pacific West ,OR,2015,"614,712","49,600","34,629","55,596","7,548",0,"3,253",0,0
Crater Lake NP,CRLA,National Park,Pacific West ,OR,2016,"756,344","49,600","35,871","50,761","6,280",0,"4,706",0,0
Crater Lake NP,CRLA,National Park,Pacific West ,OR,2017,"711,749","49,600","30,666","36,333","4,317",0,"2,851",0,0
Crater Lake NP,CRLA,National Park,Pacific West ,OR,2018,"720,659","49,600","34,647","42,039","6,739",0,"2,584",0,0
Crater Lake NP,CRLA,National Park,Pacific West ,OR,2019,"704,512","49,600","34,616","12,478","4,694",0,"2,436",0,0
Crater Lake NP,CRLA,National Park,Pacific West ,OR,2020,"670,500","49,600","24,491","17,658",0,0,"3,135",0,0
Crater Lake NP,CRLA,National Park,Pacific West ,OR,2021,"647,751","49,600","36,176","20,800",0,0,"2,279",0,0
Crater Lake NP,CRLA,National Park,Pacific West ,OR,2022,"527,259","49,600","31,154","24,384",0,0,"1,588",0,0
Crater Lake NP,CRLA,National Park,Pacific West ,OR,2023,"559,976","49,600","36,027","41,037",0,0,"1,530",0,0
Crater Lake NP,CRLA,National Park,Pacific West ,OR,2024,"504,942","49,600","31,394","38,144",0,0,"1,234",0,0
Cuyahoga Valley NP,CUVA,National Park,Midwest ,OH,1979,"543,025",0,0,0,0,0,0,0,0
Cuyahoga Valley NP,CUVA,National Park,Midwest ,OH,1980,"563,300",0,0,0,0,0,0,0,0
Cuyahoga Valley NP,CUVA,National Park,Midwest ,OH,1981,"596,300",0,0,0,0,0,0,0,0
Cuyahoga Valley NP,CUVA,National Park,Midwest ,OH,1982,"717,815","6,464",0,0,0,0,0,0,21
Cuyahoga Valley NP,CUVA,National Park,Midwest ,OH,1983,"939,562","9,696",0,0,0,0,0,57,0
Cuyahoga Valley NP,CUVA,National Park,Midwest ,OH,1984,"1,018,828","9,696",0,0,0,0,0,0,0
Cuyahoga Valley NP,CUVA,National Park,Midwest ,OH,1985,"1,004,858","9,696",0,0,0,0,0,0,0
Cuyahoga Valley NP,CUVA,National Park,Midwest ,OH,1986,"1,042,148","9,696",0,0,0,0,0,0,0
Cuyahoga Valley NP,CUVA,National Park,Midwest ,OH,1987,"1,113,405","9,688","1,334",0,0,0,0,0,0
Cuyahoga Valley NP,CUVA,National Park,Midwest ,OH,1988,"1,229,717","9,696","1,000",0,0,0,0,0,522
Cuyahoga Valley NP,CUVA,National Park,Midwest ,OH,1989,"1,159,648","9,696","1,144",0,0,0,0,0,"1,083"
Cuyahoga Valley NP,CUVA,National Park,Midwest ,OH,1990,"1,200,622","9,696","1,309",0,0,0,0,0,"1,524"
Cuyahoga Valley NP,CUVA,National Park,Midwest ,OH,1991,"1,358,984","9,696","1,352",0,0,0,0,0,"2,582"
Cuyahoga Valley NP,CUVA,National Park,Midwest ,OH,1992,"1,430,382","8,872","2,750",0,0,0,0,0,970
Cuyahoga Valley NP,CUVA,National Park,Midwest ,OH,1993,"2,266,139","9,710","2,668",0,0,0,0,0,"1,493"
Cuyahoga Valley NP,CUVA,National Park,Midwest ,OH,1994,"3,266,401","9,696","2,498",0,0,0,0,0,"2,313"
Cuyahoga Valley NP,CUVA,National Park,Midwest ,OH,1995,"3,195,207","8,888","2,676",0,0,0,0,0,"2,690"
Cuyahoga Valley NP,CUVA,National Park,Midwest ,OH,1996,"3,455,878","9,696","2,552",0,0,0,0,0,"2,914"
Cuyahoga Valley NP,CUVA,National Park,Midwest ,OH,1997,"3,527,837","9,696","2,561",0,0,0,0,0,"3,646"
Cuyahoga Valley NP,CUVA,National Park,Midwest ,OH,1998,"3,467,107","9,696","2,252",0,0,0,0,0,"3,067"
Cuyahoga Valley NP,CUVA,National Park,Midwest ,OH,1999,"3,324,284","9,696","2,402",0,0,0,0,0,"3,401"
Cuyahoga Valley NP,CUVA,National Park,Midwest ,OH,2000,"3,324,918","4,796","2,352",0,0,0,0,0,"3,167"
Cuyahoga Valley NP,CUVA,National Park,Midwest ,OH,2001,"3,123,353","1,296","2,336",0,0,0,0,0,"2,791"
Cuyahoga Valley NP,CUVA,National Park,Midwest ,OH,2002,"3,217,935",856,"5,116",0,0,0,0,0,"2,554"
Cuyahoga Valley NP,CUVA,National Park,Midwest ,OH,2003,"2,879,591",924,"2,761",0,0,0,0,0,"2,765"
Cuyahoga Valley NP,CUVA,National Park,Midwest ,OH,2004,"3,306,175",636,"2,792",0,0,0,0,0,"3,470"
Cuyahoga Valley NP,CUVA,National Park,Midwest ,OH,2005,"2,533,827",576,"3,060",0,0,0,0,0,"2,687"
Cuyahoga Valley NP,CUVA,National Park,Midwest ,OH,2006,"2,468,816",473,"2,529",0,0,0,0,0,"1,943"
Cuyahoga Valley NP,CUVA,National Park,Midwest ,OH,2007,"2,486,656",296,"1,922",0,0,0,0,0,"3,231"
Cuyahoga Valley NP,CUVA,National Park,Midwest ,OH,2008,"2,828,233",204,"1,880",0,0,0,0,0,"2,688"
Cuyahoga Valley NP,CUVA,National Park,Midwest ,OH,2009,"2,589,288",192,"1,747",0,0,0,0,0,546
Cuyahoga Valley NP,CUVA,National Park,Midwest ,OH,2010,"2,492,670",186,"1,911",0,0,0,0,0,808
Cuyahoga Valley NP,CUVA,National Park,Midwest ,OH,2011,"2,161,185",192,"4,040",0,0,0,0,0,"1,499"
Cuyahoga Valley NP,CUVA,National Park,Midwest ,OH,2012,"2,299,722",159,"5,915",0,0,0,0,0,"1,051"
Cuyahoga Valley NP,CUVA,National Park,Midwest ,OH,2013,"2,103,010",0,"6,137",0,0,0,0,0,955
Cuyahoga Valley NP,CUVA,National Park,Midwest ,OH,2014,"2,189,849",0,"6,632",0,0,0,0,0,"1,460"
Cuyahoga Valley NP,CUVA,National Park,Midwest ,OH,2015,"2,284,612",0,"7,351",0,0,0,0,0,"1,225"
Cuyahoga Valley NP,CUVA,National Park,Midwest ,OH,2016,"2,423,390",0,"7,797",0,0,0,0,0,"1,545"
Cuyahoga Valley NP,CUVA,National Park,Midwest ,OH,2017,"2,226,879",0,"7,670",0,0,0,0,0,997
Cuyahoga Valley NP,CUVA,National Park,Midwest ,OH,2018,"2,096,053",0,"8,607",0,0,0,0,0,"1,582"
Cuyahoga Valley NP,CUVA,National Park,Midwest ,OH,2019,"2,237,997",0,"7,777",0,0,0,0,0,"1,439"
Cuyahoga Valley NP,CUVA,National Park,Midwest ,OH,2020,"2,755,628",0,"2,141",0,0,0,0,0,0
Cuyahoga Valley NP,CUVA,National Park,Midwest ,OH,2021,"2,575,275",0,"5,390",0,0,0,0,0,0
Cuyahoga Valley NP,CUVA,National Park,Midwest ,OH,2022,"2,913,312",0,"6,586",0,0,0,0,0,"3,782"
Cuyahoga Valley NP,CUVA,National Park,Midwest ,OH,2023,"2,860,059",0,"5,795",0,0,0,0,0,"3,869"
Cuyahoga Valley NP,CUVA,National Park,Midwest ,OH,2024,"2,912,454",0,"5,350",0,0,0,0,0,"3,332"
Death Valley NP,DEVA,National Park,Pacific West ,CA,1979,"631,152","26,297","25,906","4,431","63,050","231,902",636,0,"6,263"
Death Valley NP,DEVA,National Park,Pacific West ,CA,1980,"618,140","25,756","23,333","4,471","60,508","224,234",291,0,"5,424"
Death Valley NP,DEVA,National Park,Pacific West ,CA,1981,"630,402","26,266","26,550","4,727","62,468","233,110",103,0,"7,057"
Death Valley NP,DEVA,National Park,Pacific West ,CA,1982,"679,992","28,332","23,716","4,689","66,605","267,948",777,0,"4,837"
Death Valley NP,DEVA,National Park,Pacific West ,CA,1983,"635,582","26,483","24,142","5,450","68,857","273,223",591,0,"5,356"
Death Valley NP,DEVA,National Park,Pacific West ,CA,1984,"621,197","25,885","21,857","5,645","56,091","242,661",519,0,"6,089"
Death Valley NP,DEVA,National Park,Pacific West ,CA,1985,"576,679","24,030","17,716","3,891","54,084","257,076",0,0,"4,433"
Death Valley NP,DEVA,National Park,Pacific West ,CA,1986,"586,668","24,445","19,415","5,085","57,435","241,167",0,0,"5,315"
Death Valley NP,DEVA,National Park,Pacific West ,CA,1987,"665,345","27,719","20,021","4,103","55,014","229,632",40,0,"5,562"
Death Valley NP,DEVA,National Park,Pacific West ,CA,1988,"692,267","28,844","25,353","4,646","61,743","249,726",0,0,"5,017"
Death Valley NP,DEVA,National Park,Pacific West ,CA,1989,"664,449","27,633","27,546","4,861","65,483","211,093",0,0,"4,466"
Death Valley NP,DEVA,National Park,Pacific West ,CA,1990,"690,965","28,789","26,564","4,216","63,024","194,788",0,0,"4,886"
Death Valley NP,DEVA,National Park,Pacific West ,CA,1991,"743,608","30,983","28,008","5,495","67,361","184,757",0,0,"2,983"
Death Valley NP,DEVA,National Park,Pacific West ,CA,1992,"869,183","36,216","32,567","5,651","59,167","183,800",0,0,"4,754"
Death Valley NP,DEVA,National Park,Pacific West ,CA,1993,"998,474","38,570","39,625","5,075","59,335","170,315",0,0,"2,665"
Death Valley NP,DEVA,National Park,Pacific West ,CA,1994,"971,487","37,111","35,892","5,527","59,599","179,494",0,0,126
Death Valley NP,DEVA,National Park,Pacific West ,CA,1995,"1,109,421","42,298","34,391","2,802","62,185","162,253",0,0,223
Death Valley NP,DEVA,National Park,Pacific West ,CA,1996,"1,189,215","45,195","30,094","2,444","53,610","138,684",0,0,139
Death Valley NP,DEVA,National Park,Pacific West ,CA,1997,"1,188,212","45,374","19,963","2,467","51,626","113,908",0,0,213
Death Valley NP,DEVA,National Park,Pacific West ,CA,1998,"1,177,746","45,102","22,073","2,738","59,282","139,173",0,0,227
Death Valley NP,DEVA,National Park,Pacific West ,CA,1999,"1,227,583","46,247","32,306","3,036","50,368","153,734",0,0,100
Death Valley NP,DEVA,National Park,Pacific West ,CA,2000,"1,179,094","43,886","35,132","2,506","54,375","133,117",0,0,259
Death Valley NP,DEVA,National Park,Pacific West ,CA,2001,"1,014,636","38,382","32,798","4,970","44,982","137,046",0,0,114
Death Valley NP,DEVA,National Park,Pacific West ,CA,2002,"897,596","34,413","27,869","6,368","44,801","107,481",0,0,"2,823"
Death Valley NP,DEVA,National Park,Pacific West ,CA,2003,"890,375","33,806","36,047","5,695","48,380","164,888",0,0,"3,503"
Death Valley NP,DEVA,National Park,Pacific West ,CA,2004,"764,820","28,910","32,157","5,751","32,601","108,064",0,0,"2,033"
Death Valley NP,DEVA,National Park,Pacific West ,CA,2005,"800,113","27,663","36,840","5,031","70,905","137,431",0,0,"1,188"
Death Valley NP,DEVA,National Park,Pacific West ,CA,2006,"744,440","27,090","40,536","4,833","48,259","117,029",0,0,"1,970"
Death Valley NP,DEVA,National Park,Pacific West ,CA,2007,"704,122","24,856","41,527","5,775","43,619","106,160",0,0,986
Death Valley NP,DEVA,National Park,Pacific West ,CA,2008,"871,938","30,785","46,264","6,404","50,851","92,604",0,0,"2,920"
Death Valley NP,DEVA,National Park,Pacific West ,CA,2009,"828,574","29,526","47,712","4,510","55,847","102,113",0,0,"2,773"
Death Valley NP,DEVA,National Park,Pacific West ,CA,2010,"984,775","35,766","42,599","4,456","70,222","102,720",0,0,"1,617"
Death Valley NP,DEVA,National Park,Pacific West ,CA,2011,"946,867","34,324","52,261","4,334","64,842","100,756",0,0,"2,186"
Death Valley NP,DEVA,National Park,Pacific West ,CA,2012,"984,568","35,343","51,861","5,809","45,159","78,338",0,0,300
Death Valley NP,DEVA,National Park,Pacific West ,CA,2013,"951,972","35,419","21,607","2,852","53,939","71,322",0,0,174
Death Valley NP,DEVA,National Park,Pacific West ,CA,2014,"1,101,312","40,655","30,730","12,271","53,868","67,415",0,0,490
Death Valley NP,DEVA,National Park,Pacific West ,CA,2015,"1,154,843","42,662","31,222","51,681","64,718","66,445",0,0,365
Death Valley NP,DEVA,National Park,Pacific West ,CA,2016,"1,296,283","49,687","24,668","13,653","97,443","106,399",0,0,449
Death Valley NP,DEVA,National Park,Pacific West ,CA,2017,"1,294,827","49,300","40,400","10,106","80,544","96,071",0,0,"2,246"
Death Valley NP,DEVA,National Park,Pacific West ,CA,2018,"1,678,660","66,206","33,211","2,548","78,970","97,563","1,485",0,459
Death Valley NP,DEVA,National Park,Pacific West ,CA,2019,"1,740,945","68,981","27,759","4,360","74,511","97,574","1,915",0,454
Death Valley NP,DEVA,National Park,Pacific West ,CA,2020,"820,023","33,210","7,753","1,890","68,417","78,746","1,674",0,188
Death Valley NP,DEVA,National Park,Pacific West ,CA,2021,"1,146,551","46,149","13,178","2,327","87,672","93,046","3,882",0,213
Death Valley NP,DEVA,National Park,Pacific West ,CA,2022,"1,128,862","44,315","23,067","2,862","81,453","95,799","3,283",0,471
Death Valley NP,DEVA,National Park,Pacific West ,CA,2023,"1,099,632","44,158","17,094","2,655","71,963","79,442","6,302",0,452
Death Valley NP,DEVA,National Park,Pacific West ,CA,2024,"1,440,484","57,328","27,282","2,638","82,598","87,760","8,856",0,476
Denali NP & PRES,DENA,National Park,Alaska,AK,1979,"251,105","287,291","33,054",0,"38,663","41,442","29,531",0,"3,345"
Denali NP & PRES,DENA,National Park,Alaska,AK,1980,"216,361","297,818","30,470",0,"33,929","31,038","30,334",0,"4,258"
Denali NP & PRES,DENA,National Park,Alaska,AK,1981,"256,593","262,271","30,854",0,"33,888","31,358","28,160",0,"4,042"
Denali NP & PRES,DENA,National Park,Alaska,AK,1982,"321,868","240,545","30,994",0,"37,117","28,131","27,812",0,"3,901"
Denali NP & PRES,DENA,National Park,Alaska,AK,1983,"346,082","234,296","29,970",0,"30,529","29,865","29,625",0,"2,845"
Denali NP & PRES,DENA,National Park,Alaska,AK,1984,"395,099","233,242","29,150",0,"34,194","35,923","26,722",0,"3,478"
Denali NP & PRES,DENA,National Park,Alaska,AK,1985,"436,545","510,570","28,020",0,"31,311","36,652","26,029",0,"3,001"
Denali NP & PRES,DENA,National Park,Alaska,AK,1986,"529,749","582,234","29,752",0,"33,523","33,548","27,999",0,"2,693"
Denali NP & PRES,DENA,National Park,Alaska,AK,1987,"575,013","1,538,391","23,780",0,"34,117","31,532","28,962",0,"2,086"
Denali NP & PRES,DENA,National Park,Alaska,AK,1988,"592,431","951,448","22,101",0,"35,669","41,831","29,460",0,"1,191"
Denali NP & PRES,DENA,National Park,Alaska,AK,1989,"543,640","1,043,303","23,429",0,"26,660","37,138","34,113",0,"1,637"
Denali NP & PRES,DENA,National Park,Alaska,AK,1990,"546,693","1,045,343","24,459",0,"25,348","30,981","35,918",0,"1,534"
Denali NP & PRES,DENA,National Park,Alaska,AK,1991,"558,870","838,270","24,311",0,"26,824","35,715","29,798",0,"2,683"
Denali NP & PRES,DENA,National Park,Alaska,AK,1992,"503,674","833,094","27,452",0,"41,981","31,085","38,262",0,"2,831"
Denali NP & PRES,DENA,National Park,Alaska,AK,1993,"505,565","889,860","25,683",0,"26,888","37,069","33,010",0,"2,034"
Denali NP & PRES,DENA,National Park,Alaska,AK,1994,"490,311","991,887","23,942",0,"13,401","49,681","41,455",0,"2,593"
Denali NP & PRES,DENA,National Park,Alaska,AK,1995,"543,309","774,465","22,506",0,"19,423","45,682","34,500",0,"1,807"
Denali NP & PRES,DENA,National Park,Alaska,AK,1996,"341,385","813,258","23,586",0,"15,888","40,628","37,188",0,"2,240"
Denali NP & PRES,DENA,National Park,Alaska,AK,1997,"354,278","788,845","22,223",0,"17,327","48,672","39,224",0,"2,019"
Denali NP & PRES,DENA,National Park,Alaska,AK,1998,"372,519","761,806","18,330",0,"27,360","37,078","37,504",0,"1,878"
Denali NP & PRES,DENA,National Park,Alaska,AK,1999,"386,867","743,776","19,912",0,"28,112","38,610","36,026",0,"1,349"
Denali NP & PRES,DENA,National Park,Alaska,AK,2000,"363,983","818,788","19,095",0,"30,169","37,262","32,579",0,"2,002"
Denali NP & PRES,DENA,National Park,Alaska,AK,2001,"360,191","791,764","19,106",0,"13,061","29,809","35,301",0,"1,457"
Denali NP & PRES,DENA,National Park,Alaska,AK,2002,"311,335","859,037",0,0,"15,517","12,183","24,115",0,455
Denali NP & PRES,DENA,National Park,Alaska,AK,2003,"360,189","828,894",0,0,"24,336","38,234","33,170",0,801
Denali NP & PRES,DENA,National Park,Alaska,AK,2004,"404,236","776,984",0,0,"34,541","51,211","34,016",0,"3,309"
Denali NP & PRES,DENA,National Park,Alaska,AK,2005,"403,520","775,255",0,0,"29,253","53,198","30,833",0,"2,111"
Denali NP & PRES,DENA,National Park,Alaska,AK,2006,"415,935","764,796",0,0,"21,904","47,432","28,623",0,"1,798"
Denali NP & PRES,DENA,National Park,Alaska,AK,2007,"458,308","724,493",0,0,"23,877","38,428","30,919",0,"1,785"
Denali NP & PRES,DENA,National Park,Alaska,AK,2008,"432,309","754,986",0,0,"31,715","28,686","31,621",0,"1,842"
Denali NP & PRES,DENA,National Park,Alaska,AK,2009,"358,041","826,692",0,0,"18,857","39,920","29,855",0,"1,226"
Denali NP & PRES,DENA,National Park,Alaska,AK,2010,"378,855","872,110",0,0,"22,570","43,486","38,625",0,"1,427"
Denali NP & PRES,DENA,National Park,Alaska,AK,2011,"406,582","866,398",0,0,"20,962","46,213","39,914",0,"1,958"
Denali NP & PRES,DENA,National Park,Alaska,AK,2012,"388,433","885,179",0,0,"17,129","50,335","41,685",0,"1,224"
Denali NP & PRES,DENA,National Park,Alaska,AK,2013,"530,922","838,590",0,0,"21,644","48,758","37,862",0,"1,492"
Denali NP & PRES,DENA,National Park,Alaska,AK,2014,"531,315","837,617",0,0,"25,873","45,413","38,443",0,"1,511"
Denali NP & PRES,DENA,National Park,Alaska,AK,2015,"560,757","821,207",0,0,"54,708","33,897","35,785",0,"2,159"
Denali NP & PRES,DENA,National Park,Alaska,AK,2016,"587,412","805,746",0,0,"50,269","21,257","49,309",0,0
Denali NP & PRES,DENA,National Park,Alaska,AK,2017,"642,809","793,286",0,"27,248",0,0,"32,887",0,0
Denali NP & PRES,DENA,National Park,Alaska,AK,2018,"594,660","784,032",0,"27,587",0,0,"23,748",0,0
Denali NP & PRES,DENA,National Park,Alaska,AK,2019,"601,152","787,826",0,"26,382",0,0,"26,211",0,0
Denali NP & PRES,DENA,National Park,Alaska,AK,2020,"54,850","556,019",0,"12,831",0,0,"5,332",0,0
Denali NP & PRES,DENA,National Park,Alaska,AK,2021,"229,521","1,118,096",0,"21,477",0,0,"35,646",0,0
Denali NP & PRES,DENA,National Park,Alaska,AK,2022,"427,562","903,543",0,"19,877",0,0,"33,335",0,0
Denali NP & PRES,DENA,National Park,Alaska,AK,2023,"498,722","847,073",0,"20,069",0,0,"29,720",0,0
Denali NP & PRES,DENA,National Park,Alaska,AK,2024,"466,227","887,033",0,"17,440",0,0,"29,405",0,0
Dry Tortugas NP,DRTO,National Park,Southeast ,FL,1979,"9,076","10,595",0,0,"2,108",0,0,"10,912","11,181"
Dry Tortugas NP,DRTO,National Park,Southeast ,FL,1980,"8,644","9,676",0,0,"1,577",0,0,"9,196","11,125"
Dry Tortugas NP,DRTO,National Park,Southeast ,FL,1981,"10,150","9,497",0,0,"2,161",0,0,"9,342","13,843"
Dry Tortugas NP,DRTO,National Park,Southeast ,FL,1982,"10,700","7,950",0,0,"2,057",0,0,"11,154","13,692"
Dry Tortugas NP,DRTO,National Park,Southeast ,FL,1983,"11,004","6,995",0,0,"1,683",0,0,"10,724","10,130"
Dry Tortugas NP,DRTO,National Park,Southeast ,FL,1984,"11,900","6,091",0,0,"2,384",0,0,"9,793","11,363"
Dry Tortugas NP,DRTO,National Park,Southeast ,FL,1985,"13,213","7,335",0,0,"1,988",0,0,"9,338","12,780"
Dry Tortugas NP,DRTO,National Park,Southeast ,FL,1986,"15,379","8,379",0,0,"2,684",0,0,"11,883","14,362"
Dry Tortugas NP,DRTO,National Park,Southeast ,FL,1987,"16,315","8,672",0,0,"1,931",0,0,"11,204","16,361"
Dry Tortugas NP,DRTO,National Park,Southeast ,FL,1988,"16,937","10,408",0,0,"2,292",0,0,"13,705","17,236"
Dry Tortugas NP,DRTO,National Park,Southeast ,FL,1989,"19,441","9,414",0,0,"2,381",0,0,"12,917","18,829"
Dry Tortugas NP,DRTO,National Park,Southeast ,FL,1990,"19,402","7,958",0,0,"2,822",0,0,"16,167","21,784"
Dry Tortugas NP,DRTO,National Park,Southeast ,FL,1991,"18,231","8,639",0,0,"2,238",0,0,"19,975","24,104"
Dry Tortugas NP,DRTO,National Park,Southeast ,FL,1992,"21,581","12,677",0,0,"3,676",0,0,"21,028","28,728"
Dry Tortugas NP,DRTO,National Park,Southeast ,FL,1993,"24,020","11,189",0,0,"3,387",0,0,"20,763","26,006"
Dry Tortugas NP,DRTO,National Park,Southeast ,FL,1994,"16,736","4,799",0,0,"3,357",0,0,"14,782","25,223"
Dry Tortugas NP,DRTO,National Park,Southeast ,FL,1995,"32,870","13,684",0,0,"32,856",0,0,"13,684","27,509"
Dry Tortugas NP,DRTO,National Park,Southeast ,FL,1996,"35,127","11,440",0,0,"44,448",0,0,"11,440","31,782"
Dry Tortugas NP,DRTO,National Park,Southeast ,FL,1997,"47,224","8,983",0,0,"52,728",0,0,"8,983","37,855"
Dry Tortugas NP,DRTO,National Park,Southeast ,FL,1998,"60,136","9,329",0,0,"4,690",0,0,"9,329","52,098"
Dry Tortugas NP,DRTO,National Park,Southeast ,FL,1999,"74,186","9,923",0,0,"5,244",0,0,"9,923","23,073"
Dry Tortugas NP,DRTO,National Park,Southeast ,FL,2000,"83,704","11,557",0,0,"6,325",0,0,"11,557","23,050"
Dry Tortugas NP,DRTO,National Park,Southeast ,FL,2001,"79,186","9,488",0,0,"6,565",0,0,"9,488","21,855"
Dry Tortugas NP,DRTO,National Park,Southeast ,FL,2002,"79,582","6,769",0,0,"3,678",0,0,"6,769","16,862"
Dry Tortugas NP,DRTO,National Park,Southeast ,FL,2003,"74,741","4,761",0,0,10,0,0,"4,761","13,506"
Dry Tortugas NP,DRTO,National Park,Southeast ,FL,2004,"67,917","3,962",0,0,"4,676",0,0,"3,962","13,918"
Dry Tortugas NP,DRTO,National Park,Southeast ,FL,2005,"61,765","3,052",0,0,"4,312",0,0,"3,052","10,304"
Dry Tortugas NP,DRTO,National Park,Southeast ,FL,2006,"64,122","5,012",0,0,"3,052",0,0,"5,012","11,788"
Dry Tortugas NP,DRTO,National Park,Southeast ,FL,2007,"60,895","2,580",0,0,"2,174",0,0,"2,580","7,588"
Dry Tortugas NP,DRTO,National Park,Southeast ,FL,2008,"63,947","1,557",0,0,"4,118",0,0,"1,557","12,972"
Dry Tortugas NP,DRTO,National Park,Southeast ,FL,2009,"52,011",873,0,0,"3,394",0,0,873,"8,736"
Dry Tortugas NP,DRTO,National Park,Southeast ,FL,2010,"53,890",381,0,0,"3,362",0,0,381,"10,424"
Dry Tortugas NP,DRTO,National Park,Southeast ,FL,2011,"75,171","1,932",0,0,"3,822",0,0,"1,932","33,564"
Dry Tortugas NP,DRTO,National Park,Southeast ,FL,2012,"60,550","3,213",0,0,"2,982",0,0,"3,213","16,279"
Dry Tortugas NP,DRTO,National Park,Southeast ,FL,2013,"58,401","5,214",0,0,"2,836",0,0,"5,214","4,900"
Dry Tortugas NP,DRTO,National Park,Southeast ,FL,2014,"64,865","5,847",0,0,"4,438",0,0,"5,847","6,387"
Dry Tortugas NP,DRTO,National Park,Southeast ,FL,2015,"70,862","12,117",0,0,"4,546",0,0,"12,117","6,494"
Dry Tortugas NP,DRTO,National Park,Southeast ,FL,2016,"73,661","10,200",0,0,"5,934",0,0,"10,200","9,442"
Dry Tortugas NP,DRTO,National Park,Southeast ,FL,2017,"54,281","1,476",0,0,"5,342",0,0,"1,476","5,524"
Dry Tortugas NP,DRTO,National Park,Southeast ,FL,2018,"56,810","4,455",0,0,"4,930",0,0,"4,455","7,138"
Dry Tortugas NP,DRTO,National Park,Southeast ,FL,2019,"79,200","2,586",0,0,"6,786",0,0,"2,586","8,855"
Dry Tortugas NP,DRTO,National Park,Southeast ,FL,2020,"48,543","1,392",0,0,"3,954",0,0,"1,392","5,802"
Dry Tortugas NP,DRTO,National Park,Southeast ,FL,2021,"83,817","1,338",0,0,"6,574",0,0,"1,338","7,034"
Dry Tortugas NP,DRTO,National Park,Southeast ,FL,2022,"78,488","2,109",0,0,"5,324",0,0,"2,109","7,635"
Dry Tortugas NP,DRTO,National Park,Southeast ,FL,2023,"84,285","1,608",0,0,"6,320",0,0,"1,608","7,526"
Dry Tortugas NP,DRTO,National Park,Southeast ,FL,2024,"84,873","1,710",0,0,"5,536",0,0,"1,710","6,993"
Everglades NP,EVER,National Park,Southeast ,FL,1979,"718,102","120,511","43,141",0,"28,775","72,065","17,909",0,"3,978"
Everglades NP,EVER,National Park,Southeast ,FL,1980,"744,244","58,107","43,155",0,"27,256","70,009","11,192",0,"3,703"
Everglades NP,EVER,National Park,Southeast ,FL,1981,"564,721","58,222","38,712",0,"24,903","63,648","20,771",0,"4,194"
Everglades NP,EVER,National Park,Southeast ,FL,1982,"550,168","70,175","30,812",0,"25,500","57,182","15,945",0,"4,520"
Everglades NP,EVER,National Park,Southeast ,FL,1983,"577,439","2,505","34,043",0,"19,629","50,953","10,130",0,"4,360"
Everglades NP,EVER,National Park,Southeast ,FL,1984,"628,658","3,233","31,783",0,"18,949","56,441","13,454",0,"5,458"
Everglades NP,EVER,National Park,Southeast ,FL,1985,"697,646","3,040","35,033",0,"18,437","55,098","13,207",0,"3,610"
Everglades NP,EVER,National Park,Southeast ,FL,1986,"739,072","23,211","38,717",0,"19,836","57,517","13,894",0,"3,103"
Everglades NP,EVER,National Park,Southeast ,FL,1987,"787,493","28,261","43,092",0,"20,317","50,249","14,475",0,"3,973"
Everglades NP,EVER,National Park,Southeast ,FL,1988,"1,026,188","45,184","45,551",0,"20,442","54,666","8,015",0,"3,333"
Everglades NP,EVER,National Park,Southeast ,FL,1989,"913,372","54,520","45,713",0,"22,996","54,089","7,068",0,"2,727"
Everglades NP,EVER,National Park,Southeast ,FL,1990,"957,925","44,184","44,151",0,"22,699","50,663","10,204",0,0
Everglades NP,EVER,National Park,Southeast ,FL,1991,"1,292,014","55,629","46,268",0,"16,330","34,652","12,813",0,"2,783"
Everglades NP,EVER,National Park,Southeast ,FL,1992,"1,025,686","38,671","34,821",0,"8,347","22,639","12,471",0,246
Everglades NP,EVER,National Park,Southeast ,FL,1993,"973,706","87,937","47,308",0,"7,248","13,006","14,679",0,162
Everglades NP,EVER,National Park,Southeast ,FL,1994,"886,455","95,489","35,522",0,"8,227","15,868","15,436",0,417
Everglades NP,EVER,National Park,Southeast ,FL,1995,"820,466","88,897","37,282",0,"7,020","15,526","13,168",0,972
Everglades NP,EVER,National Park,Southeast ,FL,1996,"890,167","94,658","39,284",0,"15,633","30,629","15,679",0,"2,616"
Everglades NP,EVER,National Park,Southeast ,FL,1997,"989,532","62,420","38,235",0,"10,179","14,932","17,785",0,"1,888"
Everglades NP,EVER,National Park,Southeast ,FL,1998,"1,118,215","59,262","37,418",0,"13,488","22,424","19,975",0,"2,562"
Everglades NP,EVER,National Park,Southeast ,FL,1999,"1,073,982","67,461","39,811",0,"15,722","20,337","20,237",0,"3,257"
Everglades NP,EVER,National Park,Southeast ,FL,2000,"995,390","65,238","39,242",0,"17,683","25,068","19,868",0,"3,915"
Everglades NP,EVER,National Park,Southeast ,FL,2001,"1,049,851","58,539","39,637",0,"17,103","24,732","23,411",0,"2,922"
Everglades NP,EVER,National Park,Southeast ,FL,2002,"968,909","68,973","39,433",0,"20,074","25,157","22,997",0,"3,216"
Everglades NP,EVER,National Park,Southeast ,FL,2003,"1,040,648","59,949","38,758",0,"22,713","21,392","22,485",0,"2,099"
Everglades NP,EVER,National Park,Southeast ,FL,2004,"1,181,355","57,996","34,452",0,"18,803","25,638","18,744",0,"2,424"
Everglades NP,EVER,National Park,Southeast ,FL,2005,"1,233,837","47,406","26,520",0,"21,940","17,182","15,436",0,"2,292"
Everglades NP,EVER,National Park,Southeast ,FL,2006,"954,022","39,927",0,0,"10,281","15,074","9,610",0,"1,276"
Everglades NP,EVER,National Park,Southeast ,FL,2007,"1,074,764","40,182",0,0,"16,769","14,973","12,075",0,"2,187"
Everglades NP,EVER,National Park,Southeast ,FL,2008,"822,118","5,521",0,0,"14,784","18,454","17,090",0,"1,864"
Everglades NP,EVER,National Park,Southeast ,FL,2009,"900,882","3,278",0,0,"9,306","10,694","13,062",0,187
Everglades NP,EVER,National Park,Southeast ,FL,2010,"915,538","4,518",0,0,"8,756","11,107","12,991",0,256
Everglades NP,EVER,National Park,Southeast ,FL,2011,"934,351","4,687",0,0,"7,041","10,031","11,546",0,250
Everglades NP,EVER,National Park,Southeast ,FL,2012,"1,141,906","2,273",0,0,"8,918","12,421","8,456",0,471
Everglades NP,EVER,National Park,Southeast ,FL,2013,"1,047,116","2,003",0,0,"9,130","9,999","6,437",0,258
Everglades NP,EVER,National Park,Southeast ,FL,2014,"1,110,901","2,342",0,0,"9,984","11,483","5,875",0,173
Everglades NP,EVER,National Park,Southeast ,FL,2015,"1,077,427","1,448",0,0,"10,635","10,504","15,961",0,108
Everglades NP,EVER,National Park,Southeast ,FL,2016,"930,907","1,162",0,0,"8,410","10,799","12,726",0,198
Everglades NP,EVER,National Park,Southeast ,FL,2017,"1,018,557","6,766",0,0,"5,238","8,137","17,393",0,"3,981"
Everglades NP,EVER,National Park,Southeast ,FL,2018,"597,124","6,000",0,"8,440",0,0,"4,391",0,18
Everglades NP,EVER,National Park,Southeast ,FL,2019,"1,118,300","6,000",0,"26,901",0,0,"12,732",0,923
Everglades NP,EVER,National Park,Southeast ,FL,2020,"702,319","6,000",0,"49,078",0,0,"14,159",0,756
Everglades NP,EVER,National Park,Southeast ,FL,2021,"942,130","6,000",0,"38,652",0,0,"26,789",0,0
Everglades NP,EVER,National Park,Southeast ,FL,2022,"1,155,193","6,000",0,"64,607",0,0,"12,305",0,27
Everglades NP,EVER,National Park,Southeast ,FL,2023,"810,189","6,000",0,"68,954",0,0,"10,411",0,290
Everglades NP,EVER,National Park,Southeast ,FL,2024,"741,983","6,000",0,"29,377",0,0,"16,367",0,954
Gates of the Arctic NP & PRES,GAAR,National Park,Alaska,AK,1982,"1,381","2,341",0,0,0,0,"7,728","4,383",0
Gates of the Arctic NP & PRES,GAAR,National Park,Alaska,AK,1983,"2,138",950,0,0,0,0,"7,683","3,134",0
Gates of the Arctic NP & PRES,GAAR,National Park,Alaska,AK,1984,"2,440","2,139",0,0,0,0,"15,995","2,112",0
Gates of the Arctic NP & PRES,GAAR,National Park,Alaska,AK,1985,"1,381","2,951",0,0,0,0,"5,239","1,044",0
Gates of the Arctic NP & PRES,GAAR,National Park,Alaska,AK,1986,"2,801","2,150",0,0,0,0,"1,989",902,0
Gates of the Arctic NP & PRES,GAAR,National Park,Alaska,AK,1987,"1,060","1,058",0,0,0,0,"1,759","1,711",0
Gates of the Arctic NP & PRES,GAAR,National Park,Alaska,AK,1988,"1,258","1,050",0,0,0,0,"3,552","1,291",0
Gates of the Arctic NP & PRES,GAAR,National Park,Alaska,AK,1989,822,"1,058",0,0,0,0,"3,252","1,213",0
Gates of the Arctic NP & PRES,GAAR,National Park,Alaska,AK,1990,"1,010","1,029",0,0,0,0,"4,882","1,055",0
Gates of the Arctic NP & PRES,GAAR,National Park,Alaska,AK,1991,"1,154","1,031",0,0,0,0,"5,841","1,167",0
Gates of the Arctic NP & PRES,GAAR,National Park,Alaska,AK,1992,"2,116","1,301",0,0,0,0,"5,581","1,184",0
Gates of the Arctic NP & PRES,GAAR,National Park,Alaska,AK,1993,"2,245",554,0,0,0,0,"5,744",817,0
Gates of the Arctic NP & PRES,GAAR,National Park,Alaska,AK,1994,"1,726",535,0,0,0,0,"5,285",611,0
Gates of the Arctic NP & PRES,GAAR,National Park,Alaska,AK,1995,"7,074",803,0,0,0,0,"8,812",484,0
Gates of the Arctic NP & PRES,GAAR,National Park,Alaska,AK,1996,"6,448",268,0,0,0,0,"3,776",330,0
Gates of the Arctic NP & PRES,GAAR,National Park,Alaska,AK,1997,"6,949",174,0,0,0,0,"5,481",159,0
Gates of the Arctic NP & PRES,GAAR,National Park,Alaska,AK,1998,"8,266","1,522",0,0,0,0,"12,485","1,104",0
Gates of the Arctic NP & PRES,GAAR,National Park,Alaska,AK,1999,"8,166",760,0,0,0,0,"6,282",512,0
Gates of the Arctic NP & PRES,GAAR,National Park,Alaska,AK,2000,"11,278","1,082",0,0,0,0,0,730,0
Gates of the Arctic NP & PRES,GAAR,National Park,Alaska,AK,2001,"4,505",471,0,0,0,0,"1,366",314,0
Gates of the Arctic NP & PRES,GAAR,National Park,Alaska,AK,2002,"6,648",137,0,0,0,0,"2,655",606,0
Gates of the Arctic NP & PRES,GAAR,National Park,Alaska,AK,2003,"5,075",350,0,0,0,0,"4,293",330,0
Gates of the Arctic NP & PRES,GAAR,National Park,Alaska,AK,2004,"10,282",30,0,0,0,0,"5,345",525,0
Gates of the Arctic NP & PRES,GAAR,National Park,Alaska,AK,2005,"9,459",1,0,0,0,0,"4,383",10,0
Gates of the Arctic NP & PRES,GAAR,National Park,Alaska,AK,2006,"9,982",53,0,0,0,0,"6,040",415,0
Gates of the Arctic NP & PRES,GAAR,National Park,Alaska,AK,2007,"10,942",4,0,0,0,0,"5,461",0,0
Gates of the Arctic NP & PRES,GAAR,National Park,Alaska,AK,2008,"11,397",0,0,0,0,0,"6,274",0,0
Gates of the Arctic NP & PRES,GAAR,National Park,Alaska,AK,2009,"9,975",0,0,0,0,0,"4,638",0,0
Gates of the Arctic NP & PRES,GAAR,National Park,Alaska,AK,2010,"10,840",0,0,0,0,0,"7,175",0,0
Gates of the Arctic NP & PRES,GAAR,National Park,Alaska,AK,2011,"11,623",0,0,0,0,0,"6,576",0,0
Gates of the Arctic NP & PRES,GAAR,National Park,Alaska,AK,2012,"10,899",0,0,0,0,0,"5,708",0,0
Gates of the Arctic NP & PRES,GAAR,National Park,Alaska,AK,2013,"11,012",21,0,0,0,0,"7,646",238,0
Gates of the Arctic NP & PRES,GAAR,National Park,Alaska,AK,2014,"12,669",0,0,0,0,0,"6,166",0,0
Gates of the Arctic NP & PRES,GAAR,National Park,Alaska,AK,2015,"10,745",0,0,0,0,0,"9,473",0,0
Gates of the Arctic NP & PRES,GAAR,National Park,Alaska,AK,2016,"10,047",0,0,0,0,0,"7,971",0,0
Gates of the Arctic NP & PRES,GAAR,National Park,Alaska,AK,2017,"11,177",0,0,0,0,0,"6,355",0,0
Gates of the Arctic NP & PRES,GAAR,National Park,Alaska,AK,2018,"9,591",0,0,0,0,0,"7,561",0,0
Gates of the Arctic NP & PRES,GAAR,National Park,Alaska,AK,2019,"10,518",0,0,0,0,0,"4,058",0,0
Gates of the Arctic NP & PRES,GAAR,National Park,Alaska,AK,2020,"2,872",0,0,0,0,0,"1,086",0,0
Gates of the Arctic NP & PRES,GAAR,National Park,Alaska,AK,2021,"7,362",0,0,0,0,0,"1,632",0,0
Gates of the Arctic NP & PRES,GAAR,National Park,Alaska,AK,2022,"9,457",0,0,0,0,0,"4,017",0,0
Gates of the Arctic NP & PRES,GAAR,National Park,Alaska,AK,2023,"11,045",0,0,0,0,0,"4,000",0,0
Gates of the Arctic NP & PRES,GAAR,National Park,Alaska,AK,2024,"11,907",0,0,0,0,0,"3,577",0,0
Gateway Arch NP,JEFF,National Park,Midwest ,MO,1979,"1,859,431","39,048",0,0,0,0,0,0,1
Gateway Arch NP,JEFF,National Park,Midwest ,MO,1980,"1,928,825","40,976",0,0,0,0,0,330,0
Gateway Arch NP,JEFF,National Park,Midwest ,MO,1981,"2,282,261","43,011",0,0,0,0,0,0,0
Gateway Arch NP,JEFF,National Park,Midwest ,MO,1982,"2,967,323","23,061",0,0,0,0,0,0,0
Gateway Arch NP,JEFF,National Park,Midwest ,MO,1983,"2,948,022","15,746",0,0,0,0,0,0,0
Gateway Arch NP,JEFF,National Park,Midwest ,MO,1984,"1,709,993","1,200",0,0,0,0,0,0,0
Gateway Arch NP,JEFF,National Park,Midwest ,MO,1985,"2,140,316","1,200",0,0,0,0,0,0,0
Gateway Arch NP,JEFF,National Park,Midwest ,MO,1986,"2,311,147","13,820",0,0,0,0,0,0,0
Gateway Arch NP,JEFF,National Park,Midwest ,MO,1987,"2,364,694","146,950",0,0,0,0,0,0,0
Gateway Arch NP,JEFF,National Park,Midwest ,MO,1988,"2,477,458","156,055",0,0,0,0,0,0,0
Gateway Arch NP,JEFF,National Park,Midwest ,MO,1989,"2,518,712","154,850",0,0,0,0,0,0,0
Gateway Arch NP,JEFF,National Park,Midwest ,MO,1990,"2,382,612","156,980",0,0,0,0,0,0,0
Gateway Arch NP,JEFF,National Park,Midwest ,MO,1991,"2,622,425","184,050",0,0,0,0,0,0,0
Gateway Arch NP,JEFF,National Park,Midwest ,MO,1992,"2,415,514","165,414",0,0,0,0,0,0,0
Gateway Arch NP,JEFF,National Park,Midwest ,MO,1993,"2,539,740","186,875",0,0,0,0,0,0,0
Gateway Arch NP,JEFF,National Park,Midwest ,MO,1994,"2,553,696","136,248",0,0,0,0,0,0,0
Gateway Arch NP,JEFF,National Park,Midwest ,MO,1995,"3,234,977","315,669",0,0,0,0,0,0,0
Gateway Arch NP,JEFF,National Park,Midwest ,MO,1996,"3,649,308","458,751",0,0,0,0,0,0,0
Gateway Arch NP,JEFF,National Park,Midwest ,MO,1997,"3,420,076","527,028",0,0,0,0,0,0,0
Gateway Arch NP,JEFF,National Park,Midwest ,MO,1998,"3,420,352","494,814",0,0,0,0,0,0,0
Gateway Arch NP,JEFF,National Park,Midwest ,MO,1999,"3,481,042","541,053",0,0,0,0,0,0,0
Gateway Arch NP,JEFF,National Park,Midwest ,MO,2000,"3,458,956","545,686",0,0,0,0,0,0,0
Gateway Arch NP,JEFF,National Park,Midwest ,MO,2001,"3,532,524","445,868",0,0,0,0,0,0,0
Gateway Arch NP,JEFF,National Park,Midwest ,MO,2002,"3,333,454","371,995",0,0,0,0,0,0,0
Gateway Arch NP,JEFF,National Park,Midwest ,MO,2003,"2,685,219","298,557",0,0,0,0,0,0,0
Gateway Arch NP,JEFF,National Park,Midwest ,MO,2004,"2,779,350","324,405",0,0,0,0,0,0,0
Gateway Arch NP,JEFF,National Park,Midwest ,MO,2005,"2,944,976","283,101",0,0,0,0,0,0,0
Gateway Arch NP,JEFF,National Park,Midwest ,MO,2006,"2,572,072","258,332",0,0,0,0,0,0,0
Gateway Arch NP,JEFF,National Park,Midwest ,MO,2007,"2,385,387","308,172",0,0,0,0,0,0,0
Gateway Arch NP,JEFF,National Park,Midwest ,MO,2008,"1,954,810","291,041",0,0,0,0,0,0,0
Gateway Arch NP,JEFF,National Park,Midwest ,MO,2009,"2,360,109","270,413",0,0,0,0,0,0,0
Gateway Arch NP,JEFF,National Park,Midwest ,MO,2010,"2,436,110","282,437",0,0,0,0,0,0,0
Gateway Arch NP,JEFF,National Park,Midwest ,MO,2011,"2,259,020","241,059",0,0,0,0,0,0,0
Gateway Arch NP,JEFF,National Park,Midwest ,MO,2012,"2,496,726","245,240",0,0,0,0,0,0,0
Gateway Arch NP,JEFF,National Park,Midwest ,MO,2013,"2,377,258","261,735",0,0,0,0,0,0,0
Gateway Arch NP,JEFF,National Park,Midwest ,MO,2014,"1,817,091","173,727",0,0,0,0,0,0,0
Gateway Arch NP,JEFF,National Park,Midwest ,MO,2015,"1,698,656",0,0,0,0,0,0,0,0
Gateway Arch NP,JEFF,National Park,Midwest ,MO,2016,"1,271,855",0,0,0,0,0,0,0,0
Gateway Arch NP,JEFF,National Park,Midwest ,MO,2017,"1,398,188",0,0,0,0,0,0,0,0
Gateway Arch NP,JEFF,National Park,Midwest ,MO,2018,"2,016,180",0,0,0,0,0,0,0,0
Gateway Arch NP,JEFF,National Park,Midwest ,MO,2019,"2,055,309",0,0,0,0,0,0,0,0
Gateway Arch NP,JEFF,National Park,Midwest ,MO,2020,"486,021",0,0,0,0,0,0,0,0
Gateway Arch NP,JEFF,National Park,Midwest ,MO,2021,"1,145,081",0,0,0,0,0,0,0,0
Gateway Arch NP,JEFF,National Park,Midwest ,MO,2022,"1,618,774",0,0,0,0,0,0,0,0
Gateway Arch NP,JEFF,National Park,Midwest ,MO,2023,"2,422,836",0,0,0,0,0,0,0,0
Gateway Arch NP,JEFF,National Park,Midwest ,MO,2024,"2,563,052",0,0,0,0,0,0,0,0
Glacier Bay NP & PRES,GLBA,National Park,Alaska,AK,1979,"91,032","31,585","11,737",0,"1,399",0,"3,028","13,134","13,050"
Glacier Bay NP & PRES,GLBA,National Park,Alaska,AK,1980,"95,005","35,566","11,114",0,"1,566",0,"2,943","7,506","4,285"
Glacier Bay NP & PRES,GLBA,National Park,Alaska,AK,1981,"85,071","34,301","12,881",0,882,0,"3,503","5,052","5,801"
Glacier Bay NP & PRES,GLBA,National Park,Alaska,AK,1982,"90,354","41,132","9,650",0,924,0,"5,355","28,248","11,117"
Glacier Bay NP & PRES,GLBA,National Park,Alaska,AK,1983,"92,057","4,319","8,962",0,"1,519",0,"3,581","34,237","9,791"
Glacier Bay NP & PRES,GLBA,National Park,Alaska,AK,1984,"108,297","4,023","8,740",0,"1,519",0,"4,456","32,400","12,160"
Glacier Bay NP & PRES,GLBA,National Park,Alaska,AK,1985,"130,943","5,662","8,538",0,"1,631",0,"5,078","17,955","8,178"
Glacier Bay NP & PRES,GLBA,National Park,Alaska,AK,1986,"136,877","10,090","11,080",0,"2,048",0,"5,564","17,090","7,788"
Glacier Bay NP & PRES,GLBA,National Park,Alaska,AK,1987,"130,926","3,973","9,667",0,"2,459",0,"5,370","17,221","10,095"
Glacier Bay NP & PRES,GLBA,National Park,Alaska,AK,1988,"148,756","2,944","8,402",0,"2,165",0,"6,211","18,145","10,407"
Glacier Bay NP & PRES,GLBA,National Park,Alaska,AK,1989,"150,270","3,728","7,076",0,"3,215",0,"5,343","16,259","9,987"
Glacier Bay NP & PRES,GLBA,National Park,Alaska,AK,1990,"186,427","5,154","8,473",0,"1,743",0,"5,727","16,374","11,920"
Glacier Bay NP & PRES,GLBA,National Park,Alaska,AK,1991,"203,653","2,823","10,977",0,"1,250",0,"9,657","14,004","14,431"
Glacier Bay NP & PRES,GLBA,National Park,Alaska,AK,1992,"211,424","5,405","14,288",0,"1,844",0,"6,852","68,868","15,533"
Glacier Bay NP & PRES,GLBA,National Park,Alaska,AK,1993,"242,276","2,382","9,156",0,"1,996",0,"7,694","15,470","13,019"
Glacier Bay NP & PRES,GLBA,National Park,Alaska,AK,1994,"250,614","1,593","14,510",0,"1,409",0,"8,274","14,747","13,788"
Glacier Bay NP & PRES,GLBA,National Park,Alaska,AK,1995,"252,265","1,895","14,736",0,681,0,"9,119","21,929","13,217"
Glacier Bay NP & PRES,GLBA,National Park,Alaska,AK,1996,"304,374","2,067","15,651",0,773,0,"8,036","19,236","13,548"
Glacier Bay NP & PRES,GLBA,National Park,Alaska,AK,1997,"347,046","2,329","13,228",0,751,0,"8,563","16,354","11,753"
Glacier Bay NP & PRES,GLBA,National Park,Alaska,AK,1998,"403,512","1,734","17,446",0,"1,340",0,"7,824","14,884","11,988"
Glacier Bay NP & PRES,GLBA,National Park,Alaska,AK,1999,"442,607",674,"18,252",0,"1,280",0,"7,149","5,072","7,515"
Glacier Bay NP & PRES,GLBA,National Park,Alaska,AK,2000,"384,684",938,"16,776",0,971,0,"6,568","6,729","13,138"
Glacier Bay NP & PRES,GLBA,National Park,Alaska,AK,2001,"380,114","2,574","17,252",0,"1,272",0,"7,504","6,400","8,581"
Glacier Bay NP & PRES,GLBA,National Park,Alaska,AK,2002,"408,143","1,211","7,383",0,798,0,0,"9,085",0
Glacier Bay NP & PRES,GLBA,National Park,Alaska,AK,2003,"366,319",900,"14,782",0,479,0,"7,815","9,615","19,696"
Glacier Bay NP & PRES,GLBA,National Park,Alaska,AK,2004,"353,686",690,"5,214",0,680,0,"8,671","7,755","8,331"
Glacier Bay NP & PRES,GLBA,National Park,Alaska,AK,2005,"359,829",811,"4,722",0,424,0,"4,630","9,505",808
Glacier Bay NP & PRES,GLBA,National Park,Alaska,AK,2006,"413,382",734,"4,813",0,454,0,"4,674","8,965","4,296"
Glacier Bay NP & PRES,GLBA,National Park,Alaska,AK,2007,"438,211","1,186","10,919",0,582,0,"5,200","13,775","4,829"
Glacier Bay NP & PRES,GLBA,National Park,Alaska,AK,2008,"418,911",404,"3,601",0,532,0,"5,888","5,290","9,619"
Glacier Bay NP & PRES,GLBA,National Park,Alaska,AK,2009,"438,361",322,"7,132",0,389,0,"4,541","4,370",203
Glacier Bay NP & PRES,GLBA,National Park,Alaska,AK,2010,"444,530",454,"3,276",0,498,0,"6,122","5,905","5,325"
Glacier Bay NP & PRES,GLBA,National Park,Alaska,AK,2011,"431,986",428,"13,665",0,810,0,"4,736","5,375","9,723"
Glacier Bay NP & PRES,GLBA,National Park,Alaska,AK,2012,"454,337",396,"11,575",0,628,0,"5,381","5,510","15,742"
Glacier Bay NP & PRES,GLBA,National Park,Alaska,AK,2013,"500,590",595,"11,440",0,807,0,"4,018","5,460","5,904"
Glacier Bay NP & PRES,GLBA,National Park,Alaska,AK,2014,"500,727",336,"11,719",0,764,0,"6,303","4,255","26,486"
Glacier Bay NP & PRES,GLBA,National Park,Alaska,AK,2015,"551,353",273,"11,238",0,658,0,"6,254","3,675","10,320"
Glacier Bay NP & PRES,GLBA,National Park,Alaska,AK,2016,"520,171",600,"11,016",0,908,0,"6,161","6,745","14,289"
Glacier Bay NP & PRES,GLBA,National Park,Alaska,AK,2017,"547,057",381,"12,352",0,901,0,"5,986","4,030","13,267"
Glacier Bay NP & PRES,GLBA,National Park,Alaska,AK,2018,"597,915",644,"12,475",0,783,0,"5,840","3,845","17,668"
Glacier Bay NP & PRES,GLBA,National Park,Alaska,AK,2019,"672,087",489,"14,408",0,744,0,"4,211","2,840","14,938"
Glacier Bay NP & PRES,GLBA,National Park,Alaska,AK,2020,"5,748",203,0,0,94,0,989,"1,990","8,345"
Glacier Bay NP & PRES,GLBA,National Park,Alaska,AK,2021,"89,768",494,"18,575",0,813,0,"3,445","4,470","8,858"
Glacier Bay NP & PRES,GLBA,National Park,Alaska,AK,2022,"545,758",545,"15,554",0,724,0,"3,741","5,020","8,839"
Glacier Bay NP & PRES,GLBA,National Park,Alaska,AK,2023,"703,659",458,"12,354",0,669,0,"3,648","3,960","9,518"
Glacier Bay NP & PRES,GLBA,National Park,Alaska,AK,2024,"736,282",771,"13,748",0,773,0,"3,710","6,820","12,268"
Glacier NP,GLAC,National Park,Intermountain ,MT,1979,"1,446,086",150,"93,386",0,"92,000","134,647","25,439",0,0
Glacier NP,GLAC,National Park,Intermountain ,MT,1980,"1,474,578",960,"99,107",0,"88,718","112,314","22,640",0,0
Glacier NP,GLAC,National Park,Intermountain ,MT,1981,"1,786,523",320,"102,241",0,"106,615","152,207","17,744",0,0
Glacier NP,GLAC,National Park,Intermountain ,MT,1982,"1,666,114",316,"96,198",0,"95,212","134,574","16,198",0,0
Glacier NP,GLAC,National Park,Intermountain ,MT,1983,"2,203,847","3,046","99,775",0,"90,898","143,811","15,507",0,0
Glacier NP,GLAC,National Park,Intermountain ,MT,1984,"1,946,703","7,945","99,191",0,"83,373","128,488","15,032",0,0
Glacier NP,GLAC,National Park,Intermountain ,MT,1985,"1,603,011","8,484","93,339",0,"62,786","95,669","14,019",0,0
Glacier NP,GLAC,National Park,Intermountain ,MT,1986,"1,579,151","6,678","95,188",0,"65,251","111,506","14,771",0,0
Glacier NP,GLAC,National Park,Intermountain ,MT,1987,"1,660,737","7,613","98,632",0,"75,225","115,967","17,314",0,0
Glacier NP,GLAC,National Park,Intermountain ,MT,1988,"1,817,733","7,651","95,843",0,"85,248","128,401","16,909",0,0
Glacier NP,GLAC,National Park,Intermountain ,MT,1989,"1,821,523","7,604","106,798",0,"81,343","117,835","16,969",0,0
Glacier NP,GLAC,National Park,Intermountain ,MT,1990,"1,986,737","5,960","104,848",0,"85,736","120,108","19,456",0,0
Glacier NP,GLAC,National Park,Intermountain ,MT,1991,"2,096,966","7,519","105,823",0,"111,380","121,967","22,909",0,0
Glacier NP,GLAC,National Park,Intermountain ,MT,1992,"2,199,767","6,464","111,329",0,"105,051","108,715","27,353",0,0
Glacier NP,GLAC,National Park,Intermountain ,MT,1993,"2,141,704","4,602","96,159",0,"90,648","93,770","24,052",0,0
Glacier NP,GLAC,National Park,Intermountain ,MT,1994,"2,152,989","4,661","121,210",0,"110,671","102,476","30,660",0,0
Glacier NP,GLAC,National Park,Intermountain ,MT,1995,"1,839,518","10,197","116,540",0,"111,361","92,195","28,923",0,0
Glacier NP,GLAC,National Park,Intermountain ,MT,1996,"1,720,805","14,754","112,982",0,"101,427","84,917","27,806",0,0
Glacier NP,GLAC,National Park,Intermountain ,MT,1997,"1,708,856","14,411","112,800",0,"103,294","80,836","27,912",0,0
Glacier NP,GLAC,National Park,Intermountain ,MT,1998,"1,830,944","10,507","119,210",0,"105,699","84,159","29,836",0,0
Glacier NP,GLAC,National Park,Intermountain ,MT,1999,"1,684,604","9,295","131,088",0,"98,094","78,778","26,209",0,0
Glacier NP,GLAC,National Park,Intermountain ,MT,2000,"1,728,693","9,426","115,474",0,"94,007","74,461","25,010",0,0
Glacier NP,GLAC,National Park,Intermountain ,MT,2001,"1,680,614","7,520","110,039",0,"95,034","76,846","28,915",0,0
Glacier NP,GLAC,National Park,Intermountain ,MT,2002,"1,905,689","5,645","113,549",0,"90,246","91,137","27,076",0,0
Glacier NP,GLAC,National Park,Intermountain ,MT,2003,"1,664,046","7,805","77,843",0,"65,515","65,604","22,958",0,0
Glacier NP,GLAC,National Park,Intermountain ,MT,2004,"2,033,933","9,095","116,507",0,"80,155","86,373","27,640",0,"2,025"
Glacier NP,GLAC,National Park,Intermountain ,MT,2005,"1,925,101","11,942","124,417",0,"84,698","93,162","27,025",0,"1,481"
Glacier NP,GLAC,National Park,Intermountain ,MT,2006,"1,964,399","8,405","127,313",0,"86,327","89,856","26,002",0,"1,973"
Glacier NP,GLAC,National Park,Intermountain ,MT,2007,"2,083,329","11,324","127,696",0,"80,372","87,687","27,993",0,"4,522"
Glacier NP,GLAC,National Park,Intermountain ,MT,2008,"1,808,027","18,538","127,473",0,"88,718","81,879","26,867",0,"3,915"
Glacier NP,GLAC,National Park,Intermountain ,MT,2009,"2,031,348","22,986","129,517",0,"101,408","106,332","40,855",0,"1,507"
Glacier NP,GLAC,National Park,Intermountain ,MT,2010,"2,200,048","18,445","133,068",0,"101,603","104,832","30,680",0,"2,188"
Glacier NP,GLAC,National Park,Intermountain ,MT,2011,"1,853,564","22,914","103,070",0,"95,741","101,076","25,715",0,"6,889"
Glacier NP,GLAC,National Park,Intermountain ,MT,2012,"2,162,035","19,733","126,055",0,"102,963","105,534","26,634",0,"3,299"
Glacier NP,GLAC,National Park,Intermountain ,MT,2013,"2,190,374","7,897","127,031",0,"110,427","111,963","29,132",0,759
Glacier NP,GLAC,National Park,Intermountain ,MT,2014,"2,338,528","15,415","117,074",0,"110,583","104,379","29,869",0,"2,570"
Glacier NP,GLAC,National Park,Intermountain ,MT,2015,"2,366,056","18,826","105,997",0,"113,599","99,846","32,797",0,"1,975"
Glacier NP,GLAC,National Park,Intermountain ,MT,2016,"2,946,681","15,823","99,550",0,"136,599","126,933","38,421",0,789
Glacier NP,GLAC,National Park,Intermountain ,MT,2017,"3,305,512","15,807","109,228",0,"127,661","111,639","34,011",0,880
Glacier NP,GLAC,National Park,Intermountain ,MT,2018,"2,965,309","13,532","107,156",0,"110,507","109,566","32,349",0,"1,178"
Glacier NP,GLAC,National Park,Intermountain ,MT,2019,"3,049,839","13,103","119,960",0,"118,181","126,099","34,759",0,926
Glacier NP,GLAC,National Park,Intermountain ,MT,2020,"1,698,864",0,"34,029",0,"18,635","17,733","16,596",0,0
Glacier NP,GLAC,National Park,Intermountain ,MT,2021,"3,081,656","7,986","54,510",0,"81,037","85,365","33,548",0,"4,497"
Glacier NP,GLAC,National Park,Intermountain ,MT,2022,"2,908,458","13,835","110,380",0,"90,422","112,485","28,261",0,"6,788"
Glacier NP,GLAC,National Park,Intermountain ,MT,2023,"2,933,616","2,644","114,718",0,"132,219","132,336","32,074",0,"10,879"
Glacier NP,GLAC,National Park,Intermountain ,MT,2024,"3,208,755","3,058","118,588",0,"126,200","129,858","34,828",0,"11,309"
Grand Canyon NP,GRCA,National Park,Intermountain ,AZ,1979,"2,131,716","178,618","439,933","34,883","111,022","35,752","120,472","22,080",0
Grand Canyon NP,GRCA,National Park,Intermountain ,AZ,1980,"2,304,973","221,206","479,764","21,642","88,032","27,193","85,990","2,595",0
Grand Canyon NP,GRCA,National Park,Intermountain ,AZ,1981,"2,472,270","220,924","551,270","20,215","80,264","30,693","91,835","20,775",0
Grand Canyon NP,GRCA,National Park,Intermountain ,AZ,1982,"2,293,127","206,673","519,582","18,548","86,137","26,894","99,117","51,901",0
Grand Canyon NP,GRCA,National Park,Intermountain ,AZ,1983,"2,248,082","200,457","474,998","18,693","77,627","26,391","103,893","21,582",0
Grand Canyon NP,GRCA,National Park,Intermountain ,AZ,1984,"2,173,584","187,183","529,554","20,904","80,172","26,167","96,879","25,813",0
Grand Canyon NP,GRCA,National Park,Intermountain ,AZ,1985,"2,711,529","271,907","542,166","21,578","58,216","29,414","81,168","4,740",0
Grand Canyon NP,GRCA,National Park,Intermountain ,AZ,1986,"3,035,787","312,085","443,146","25,176","61,133","28,375","73,185","3,454",0
Grand Canyon NP,GRCA,National Park,Intermountain ,AZ,1987,"3,513,030","330,609","552,899","41,288","118,826","82,161","47,436",0,"23,844"
Grand Canyon NP,GRCA,National Park,Intermountain ,AZ,1988,"3,859,886","366,150","609,854","41,101","92,728","55,791","37,350",0,"31,081"
Grand Canyon NP,GRCA,National Park,Intermountain ,AZ,1989,"3,966,209","377,991","599,653","44,202","131,910","73,444","30,739",0,"5,166"
Grand Canyon NP,GRCA,National Park,Intermountain ,AZ,1990,"3,776,685","339,587","614,720","42,324","135,457","77,678","32,912",0,"4,933"
Grand Canyon NP,GRCA,National Park,Intermountain ,AZ,1991,"3,886,031","336,366","629,133","43,729","142,087","107,841","225,781",0,"37,667"
Grand Canyon NP,GRCA,National Park,Intermountain ,AZ,1992,"4,203,545","339,338","647,665","44,996","132,523","124,169","230,627",0,"33,281"
Grand Canyon NP,GRCA,National Park,Intermountain ,AZ,1993,"4,575,602","352,907","625,451","42,326","165,120","110,016","244,824",0,"25,855"
Grand Canyon NP,GRCA,National Park,Intermountain ,AZ,1994,"4,364,316","338,673","588,043","40,746","165,609","86,196","256,269",0,"27,076"
Grand Canyon NP,GRCA,National Park,Intermountain ,AZ,1995,"4,557,645","350,428","533,322","40,396","148,025","116,666","256,799",0,"27,990"
Grand Canyon NP,GRCA,National Park,Intermountain ,AZ,1996,"4,537,703","339,507","577,921","41,723","151,166","81,454","265,293",0,"26,022"
Grand Canyon NP,GRCA,National Park,Intermountain ,AZ,1997,"4,791,668","341,680","584,441","44,758","142,959","75,869","246,610",0,"24,597"
Grand Canyon NP,GRCA,National Park,Intermountain ,AZ,1998,"4,239,682","338,407","576,798","42,324","130,594","54,985","152,778",0,"15,357"
Grand Canyon NP,GRCA,National Park,Intermountain ,AZ,1999,"4,575,124","355,027","590,659","41,964","178,966","131,603","154,478",0,"34,085"
Grand Canyon NP,GRCA,National Park,Intermountain ,AZ,2000,"4,460,228","356,331","595,600","41,613","159,360","96,304","181,998",0,"10,579"
Grand Canyon NP,GRCA,National Park,Intermountain ,AZ,2001,"4,104,809","334,987","561,668","41,034","170,219","107,308","250,876",0,"20,967"
Grand Canyon NP,GRCA,National Park,Intermountain ,AZ,2002,"4,001,974","337,165","556,927","41,247","166,098","107,301","241,738",0,"29,569"
Grand Canyon NP,GRCA,National Park,Intermountain ,AZ,2003,"4,124,900","339,499","587,671","41,540","164,143","106,530","244,271",0,"28,693"
Grand Canyon NP,GRCA,National Park,Intermountain ,AZ,2004,"4,326,234","346,677","603,682","45,063","161,427","117,221","255,617",0,"36,586"
Grand Canyon NP,GRCA,National Park,Intermountain ,AZ,2005,"4,401,522","68,713","593,983","43,564","149,193","115,715","238,381",0,"43,630"
Grand Canyon NP,GRCA,National Park,Intermountain ,AZ,2006,"4,279,439","76,708","604,533","48,316","140,507","121,258","244,413",0,"47,698"
Grand Canyon NP,GRCA,National Park,Intermountain ,AZ,2007,"4,413,668","102,069","670,322","60,131","141,786","100,735","282,663",0,"43,059"
Grand Canyon NP,GRCA,National Park,Intermountain ,AZ,2008,"4,425,314","65,831","641,121","57,122","141,971","101,075","314,304",0,"43,308"
Grand Canyon NP,GRCA,National Park,Intermountain ,AZ,2009,"4,348,068","70,710","645,106","55,538","148,065","102,273","276,150",0,"42,707"
Grand Canyon NP,GRCA,National Park,Intermountain ,AZ,2010,"4,388,386","81,881","615,562","56,910","155,038","95,626","295,949",0,"26,798"
Grand Canyon NP,GRCA,National Park,Intermountain ,AZ,2011,"4,298,178","62,265","639,661","57,185","206,850","126,310","291,833",0,"35,840"
Grand Canyon NP,GRCA,National Park,Intermountain ,AZ,2012,"4,421,352","51,607","687,730","58,085","150,673","69,667","300,418",0,"32,296"
Grand Canyon NP,GRCA,National Park,Intermountain ,AZ,2013,"4,564,840","43,669","592,437","46,649","111,229","53,446","234,878",0,"27,286"
Grand Canyon NP,GRCA,National Park,Intermountain ,AZ,2014,"4,756,771","50,367","667,988","61,203","73,502","34,904","269,236",0,"36,537"
Grand Canyon NP,GRCA,National Park,Intermountain ,AZ,2015,"5,520,736","62,876","540,000","25,289","207,490","101,227","293,866",0,"32,709"
Grand Canyon NP,GRCA,National Park,Intermountain ,AZ,2016,"5,969,811","60,435","600,307","24,257","206,626","88,600","330,703",0,"40,891"
Grand Canyon NP,GRCA,National Park,Intermountain ,AZ,2017,"6,254,238","26,158","653,927","32,139","147,320","70,862","312,503",0,"29,005"
Grand Canyon NP,GRCA,National Park,Intermountain ,AZ,2018,"6,380,495","23,748","663,982","38,829","139,004","68,000","337,790",0,"27,947"
Grand Canyon NP,GRCA,National Park,Intermountain ,AZ,2019,"5,974,411","21,249","575,922","47,401","120,208","63,565","320,032",0,"25,201"
Grand Canyon NP,GRCA,National Park,Intermountain ,AZ,2020,"2,897,098","14,788","218,922","31,276","17,331","6,338","177,589",0,497
Grand Canyon NP,GRCA,National Park,Intermountain ,AZ,2021,"4,532,677","18,243","393,531","38,293","119,531","55,661","332,295",0,"7,991"
Grand Canyon NP,GRCA,National Park,Intermountain ,AZ,2022,"4,732,101","7,720","526,467","39,400","89,825","56,759","331,623",0,"14,141"
Grand Canyon NP,GRCA,National Park,Intermountain ,AZ,2023,"4,733,705","12,533","530,029","37,380","159,019","84,332","299,725",0,"27,290"
Grand Canyon NP,GRCA,National Park,Intermountain ,AZ,2024,"4,919,163","21,010","629,148","74,657","105,154","60,069","291,787",0,"15,097"
Grand Teton NP,GRTE,National Park,Intermountain ,WY,1979,"2,446,171","1,020,179","184,331","55,227","122,465","117,590","24,558",0,"28,110"
Grand Teton NP,GRTE,National Park,Intermountain ,WY,1980,"2,555,627","933,407","181,889","54,291","150,109","111,961","23,375",0,"34,187"
Grand Teton NP,GRTE,National Park,Intermountain ,WY,1981,"2,643,644","954,810","199,067","57,773","161,590","106,725","24,259",0,"40,544"
Grand Teton NP,GRTE,National Park,Intermountain ,WY,1982,"2,534,029","912,241","186,893","59,901","143,487","108,665","18,893",0,"28,345"
Grand Teton NP,GRTE,National Park,Intermountain ,WY,1983,"1,532,035","1,039,169","186,104","52,410","102,623","87,598","27,168",0,"28,032"
Grand Teton NP,GRTE,National Park,Intermountain ,WY,1984,"1,360,898","878,615","188,814","49,965","107,664","85,555","24,060",0,"26,189"
Grand Teton NP,GRTE,National Park,Intermountain ,WY,1985,"1,334,483","795,727","182,263","47,757","93,805","82,905","23,425",0,"21,893"
Grand Teton NP,GRTE,National Park,Intermountain ,WY,1986,"1,306,322","874,039","166,257","39,238","89,999","82,363","22,047",0,"21,081"
Grand Teton NP,GRTE,National Park,Intermountain ,WY,1987,"1,450,791","977,849","170,836","55,216","94,607","94,576","19,099",0,"18,494"
Grand Teton NP,GRTE,National Park,Intermountain ,WY,1988,"1,232,691","844,007","180,761","43,859","90,518","69,919","22,988",0,"19,989"
Grand Teton NP,GRTE,National Park,Intermountain ,WY,1989,"1,331,659","1,106,472","186,161","43,383","105,184","97,223","20,827",0,"21,471"
Grand Teton NP,GRTE,National Park,Intermountain ,WY,1990,"1,588,253","1,092,524","202,305","47,729","111,492","187,581","23,307",0,"24,561"
Grand Teton NP,GRTE,National Park,Intermountain ,WY,1991,"1,625,752","1,236,406","205,409","53,726","126,501","108,226","27,114",0,"25,540"
Grand Teton NP,GRTE,National Park,Intermountain ,WY,1992,"1,744,636","1,267,829","197,064","61,282","132,257","102,959","29,860",0,"38,215"
Grand Teton NP,GRTE,National Park,Intermountain ,WY,1993,"2,568,689","951,386","216,221","52,449","132,337","111,307","25,667",0,"12,742"
Grand Teton NP,GRTE,National Park,Intermountain ,WY,1994,"2,540,699","1,187,684","218,342","50,710","151,785","117,568","37,265",0,"19,675"
Grand Teton NP,GRTE,National Park,Intermountain ,WY,1995,"2,731,015","1,125,399","225,800","53,934","154,979","130,988","19,557",0,"16,948"
Grand Teton NP,GRTE,National Park,Intermountain ,WY,1996,"2,733,439","1,296,643","231,115","51,563","140,174","121,552","28,750",0,"19,318"
Grand Teton NP,GRTE,National Park,Intermountain ,WY,1997,"2,658,762","1,401,388","224,221","47,931","116,995","108,112","31,354",0,"23,268"
Grand Teton NP,GRTE,National Park,Intermountain ,WY,1998,"2,757,060","1,361,046","232,711","49,113","116,841","126,524","30,878",0,"18,492"
Grand Teton NP,GRTE,National Park,Intermountain ,WY,1999,"2,680,025","1,480,278","236,011","49,860","122,731","117,148","32,169",0,"20,573"
Grand Teton NP,GRTE,National Park,Intermountain ,WY,2000,"2,590,624","1,351,475","224,288","47,185","109,062","105,060","32,332",0,"14,196"
Grand Teton NP,GRTE,National Park,Intermountain ,WY,2001,"2,535,108","1,502,781","219,069","44,917","113,720","100,219","32,700",0,"16,642"
Grand Teton NP,GRTE,National Park,Intermountain ,WY,2002,"2,612,629","1,374,956","217,722","46,524","115,963","114,846","31,975",0,"18,134"
Grand Teton NP,GRTE,National Park,Intermountain ,WY,2003,"2,355,693","1,709,492","222,254","48,200","106,042","119,023","12,949",0,"16,752"
Grand Teton NP,GRTE,National Park,Intermountain ,WY,2004,"2,360,373","1,640,324","208,741","44,657","94,693","103,937","27,752",0,"12,005"
Grand Teton NP,GRTE,National Park,Intermountain ,WY,2005,"2,463,442","1,443,912","211,004","245,537",69,974,"22,424",0,"2,087"
Grand Teton NP,GRTE,National Park,Intermountain ,WY,2006,"2,406,476","1,442,157","212,527","308,706",383,"1,973","26,858",0,"2,880"
Grand Teton NP,GRTE,National Park,Intermountain ,WY,2007,"2,588,574","1,389,996","223,600","329,998",0,0,"29,906",0,"3,109"
Grand Teton NP,GRTE,National Park,Intermountain ,WY,2008,"2,485,987","1,346,029","214,545","308,310",66,366,"27,521",0,"2,927"
Grand Teton NP,GRTE,National Park,Intermountain ,WY,2009,"2,580,081","1,265,757","199,274","318,239",92,904,"30,731",0,"3,118"
Grand Teton NP,GRTE,National Park,Intermountain ,WY,2010,"2,669,374","1,332,651","207,771","276,208",0,0,"30,597",0,"3,094"
Grand Teton NP,GRTE,National Park,Intermountain ,WY,2011,"2,587,437","1,279,142","207,341","246,262",0,0,"28,216",0,"1,648"
Grand Teton NP,GRTE,National Park,Intermountain ,WY,2012,"2,705,256","1,213,162","196,474","266,892",0,0,"30,214",0,"1,914"
Grand Teton NP,GRTE,National Park,Intermountain ,WY,2013,"2,688,794","1,428,528","204,896","288,303",10,56,"30,157",0,"2,280"
Grand Teton NP,GRTE,National Park,Intermountain ,WY,2014,"2,791,392","1,505,120","215,811","302,762",46,459,"29,524",0,"1,340"
Grand Teton NP,GRTE,National Park,Intermountain ,WY,2015,"3,149,921","1,497,965","210,538","385,770",0,0,"33,798",0,"1,132"
Grand Teton NP,GRTE,National Park,Intermountain ,WY,2016,"3,270,076","1,552,896","196,577","297,084",0,0,"36,206",0,979
Grand Teton NP,GRTE,National Park,Intermountain ,WY,2017,"3,317,000","1,652,347","230,910","368,039",79,205,"40,193",0,"2,077"
Grand Teton NP,GRTE,National Park,Intermountain ,WY,2018,"3,491,151","1,617,873","86,797","320,111",0,0,"38,803",0,586
Grand Teton NP,GRTE,National Park,Intermountain ,WY,2019,"3,405,614","1,610,087","214,935","312,155",0,0,"36,292",0,0
Grand Teton NP,GRTE,National Park,Intermountain ,WY,2020,"3,289,638","1,220,029","53,969","314,398",0,0,"40,249",0,0
Grand Teton NP,GRTE,National Park,Intermountain ,WY,2021,"3,885,230","1,587,871","203,127","386,660",0,0,"44,435",0,0
Grand Teton NP,GRTE,National Park,Intermountain ,WY,2022,"2,806,223","1,536,763","196,981","402,336",0,0,"40,010",0,0
Grand Teton NP,GRTE,National Park,Intermountain ,WY,2023,"3,417,106","1,570,845","188,653","362,545",68,0,"41,705",0,0
Grand Teton NP,GRTE,National Park,Intermountain ,WY,2024,"3,628,222","1,528,765","196,568","355,025",49,5,"38,830",0,0
Great Basin NP,GRBA,National Park,Pacific West ,NV,1979,"29,947",600,0,0,0,0,0,0,0
Great Basin NP,GRBA,National Park,Pacific West ,NV,1980,"33,383",600,0,0,0,0,0,0,0
Great Basin NP,GRBA,National Park,Pacific West ,NV,1981,"33,367",600,0,0,0,0,0,0,0
Great Basin NP,GRBA,National Park,Pacific West ,NV,1982,"32,264","1,169",0,0,0,0,0,0,0
Great Basin NP,GRBA,National Park,Pacific West ,NV,1983,"30,335","1,412",0,0,0,0,0,0,0
Great Basin NP,GRBA,National Park,Pacific West ,NV,1984,"37,676","1,247",0,0,0,0,0,0,0
Great Basin NP,GRBA,National Park,Pacific West ,NV,1985,"36,343","1,045",0,0,0,0,0,0,0
Great Basin NP,GRBA,National Park,Pacific West ,NV,1986,"40,359","1,211",0,0,0,0,0,0,0
Great Basin NP,GRBA,National Park,Pacific West ,NV,1987,"63,532","1,502",0,0,"16,457","16,438",345,0,0
Great Basin NP,GRBA,National Park,Pacific West ,NV,1988,"73,559","1,569",0,0,"21,099","21,639",536,0,904
Great Basin NP,GRBA,National Park,Pacific West ,NV,1989,"70,259","1,848",0,0,"23,205","20,178",480,0,"1,227"
Great Basin NP,GRBA,National Park,Pacific West ,NV,1990,"65,026","1,782",0,0,"24,271","19,188",348,0,0
Great Basin NP,GRBA,National Park,Pacific West ,NV,1991,"63,864","1,538",0,0,"18,688","15,710",292,0,0
Great Basin NP,GRBA,National Park,Pacific West ,NV,1992,"69,144","1,701",0,0,"25,591","22,126",434,0,0
Great Basin NP,GRBA,National Park,Pacific West ,NV,1993,"91,915","2,152",0,0,"28,461","21,994",529,0,0
Great Basin NP,GRBA,National Park,Pacific West ,NV,1994,"88,024","1,144",0,0,"17,527","12,518",262,0,0
Great Basin NP,GRBA,National Park,Pacific West ,NV,1995,"87,829","2,088",0,0,"19,228","15,028",340,0,0
Great Basin NP,GRBA,National Park,Pacific West ,NV,1996,"86,635",747,0,0,"19,647","15,948",318,0,0
Great Basin NP,GRBA,National Park,Pacific West ,NV,1997,"90,760",707,0,0,"20,163","15,484",308,0,0
Great Basin NP,GRBA,National Park,Pacific West ,NV,1998,"80,363",114,0,0,"13,389","11,720",289,0,0
Great Basin NP,GRBA,National Park,Pacific West ,NV,1999,"90,119",6,0,0,"17,940","14,555",265,0,0
Great Basin NP,GRBA,National Park,Pacific West ,NV,2000,"81,045",0,0,0,"18,287","12,653",294,0,499
Great Basin NP,GRBA,National Park,Pacific West ,NV,2001,"81,712",0,0,0,"22,480","14,073",211,0,"1,092"
Great Basin NP,GRBA,National Park,Pacific West ,NV,2002,"85,777",680,0,0,"21,196","13,810",200,0,"1,834"
Great Basin NP,GRBA,National Park,Pacific West ,NV,2003,"87,020",661,0,0,"18,991","12,943",148,0,"1,800"
Great Basin NP,GRBA,National Park,Pacific West ,NV,2004,"79,879",670,0,0,"13,233","10,185",355,0,"1,759"
Great Basin NP,GRBA,National Park,Pacific West ,NV,2005,"77,741",666,0,0,"15,551","11,893",191,0,"1,704"
Great Basin NP,GRBA,National Park,Pacific West ,NV,2006,"78,524",673,0,0,"14,056","10,821",304,0,"2,443"
Great Basin NP,GRBA,National Park,Pacific West ,NV,2007,"81,364",687,0,0,"14,335","11,780",420,0,"3,247"
Great Basin NP,GRBA,National Park,Pacific West ,NV,2008,"69,235",690,0,0,"14,248","8,647",392,0,"2,423"
Great Basin NP,GRBA,National Park,Pacific West ,NV,2009,"84,974",700,0,0,"16,295","9,817",445,0,"3,431"
Great Basin NP,GRBA,National Park,Pacific West ,NV,2010,"88,870",700,0,0,"18,523","11,716",613,0,"5,081"
Great Basin NP,GRBA,National Park,Pacific West ,NV,2011,"91,451",695,0,0,"21,090","11,256",674,0,"3,006"
Great Basin NP,GRBA,National Park,Pacific West ,NV,2012,"94,850",695,0,0,"21,271","11,340",638,0,"2,863"
Great Basin NP,GRBA,National Park,Pacific West ,NV,2013,"92,893",668,0,0,"20,674","10,924",691,0,"3,001"
Great Basin NP,GRBA,National Park,Pacific West ,NV,2014,"107,526",695,0,0,"22,621","12,147","1,063",0,"2,679"
Great Basin NP,GRBA,National Park,Pacific West ,NV,2015,"116,123",695,0,0,"24,014","13,151","1,017",0,"2,519"
Great Basin NP,GRBA,National Park,Pacific West ,NV,2016,"144,846",637,0,0,"26,743","14,748","1,067",0,"1,868"
Great Basin NP,GRBA,National Park,Pacific West ,NV,2017,"168,028",748,0,0,"26,769","14,793",403,0,311
Great Basin NP,GRBA,National Park,Pacific West ,NV,2018,"153,094",816,0,0,"32,758","19,348",280,0,344
Great Basin NP,GRBA,National Park,Pacific West ,NV,2019,"131,802",896,0,0,"20,735","17,813",48,0,328
Great Basin NP,GRBA,National Park,Pacific West ,NV,2020,"120,248","1,150",0,0,"19,965","15,827",239,0,71
Great Basin NP,GRBA,National Park,Pacific West ,NV,2021,"144,875","1,250",0,0,"26,909","21,676",252,0,"5,503"
Great Basin NP,GRBA,National Park,Pacific West ,NV,2022,"142,115","1,200",0,0,"23,091","24,433",316,0,"2,021"
Great Basin NP,GRBA,National Park,Pacific West ,NV,2023,"143,265","1,200",0,0,"25,844","20,262",453,0,"1,193"
Great Basin NP,GRBA,National Park,Pacific West ,NV,2024,"152,068","3,500",0,0,"21,685","20,408",460,0,800
Great Sand Dunes NP & PRES,GRSA,National Park,Intermountain ,CO,1979,"162,546",201,0,0,"17,194","14,915",387,0,"4,924"
Great Sand Dunes NP & PRES,GRSA,National Park,Intermountain ,CO,1980,"142,427",176,0,0,"16,420","14,193",465,0,"4,782"
Great Sand Dunes NP & PRES,GRSA,National Park,Intermountain ,CO,1981,"172,505",176,0,0,"16,998","16,360",573,0,"5,037"
Great Sand Dunes NP & PRES,GRSA,National Park,Intermountain ,CO,1982,"175,273",176,0,0,"17,398","16,682",706,0,"5,246"
Great Sand Dunes NP & PRES,GRSA,National Park,Intermountain ,CO,1983,"150,177",176,0,0,"15,475","15,905",639,0,"4,472"
Great Sand Dunes NP & PRES,GRSA,National Park,Intermountain ,CO,1984,"141,833",176,0,0,"16,294","14,599",673,0,"4,436"
Great Sand Dunes NP & PRES,GRSA,National Park,Intermountain ,CO,1985,"182,713",171,0,0,"16,715","15,254",721,0,"5,146"
Great Sand Dunes NP & PRES,GRSA,National Park,Intermountain ,CO,1986,"221,449",171,0,0,"15,489","13,816",758,0,"4,971"
Great Sand Dunes NP & PRES,GRSA,National Park,Intermountain ,CO,1987,"225,937",171,0,0,"17,827","14,794",811,0,"7,510"
Great Sand Dunes NP & PRES,GRSA,National Park,Intermountain ,CO,1988,"274,286",187,0,0,"17,460","13,666","1,112",0,"5,341"
Great Sand Dunes NP & PRES,GRSA,National Park,Intermountain ,CO,1989,"266,321",426,0,0,"18,665","15,848",695,0,"5,032"
Great Sand Dunes NP & PRES,GRSA,National Park,Intermountain ,CO,1990,"272,136",408,0,0,"19,309","14,590",447,0,"5,256"
Great Sand Dunes NP & PRES,GRSA,National Park,Intermountain ,CO,1991,"295,070",426,0,0,"22,570","15,698",505,0,"4,952"
Great Sand Dunes NP & PRES,GRSA,National Park,Intermountain ,CO,1992,"290,654",470,0,0,"24,112","16,190",675,0,"4,889"
Great Sand Dunes NP & PRES,GRSA,National Park,Intermountain ,CO,1993,"294,282",470,0,0,"24,318","14,588",963,0,"4,743"
Great Sand Dunes NP & PRES,GRSA,National Park,Intermountain ,CO,1994,"312,225",470,0,0,"24,658","14,020","1,210",0,"4,251"
Great Sand Dunes NP & PRES,GRSA,National Park,Intermountain ,CO,1995,"323,663",470,0,0,"26,007","14,320","1,313",0,"4,627"
Great Sand Dunes NP & PRES,GRSA,National Park,Intermountain ,CO,1996,"309,283",470,0,0,"24,220","13,177","1,300",0,"4,408"
Great Sand Dunes NP & PRES,GRSA,National Park,Intermountain ,CO,1997,"309,855",470,0,0,"24,755","13,810","1,216",0,"4,373"
Great Sand Dunes NP & PRES,GRSA,National Park,Intermountain ,CO,1998,"279,768",470,0,0,"21,786","11,844","1,437",0,"5,583"
Great Sand Dunes NP & PRES,GRSA,National Park,Intermountain ,CO,1999,"286,745",470,0,0,"24,433","13,867","1,404",0,"5,155"
Great Sand Dunes NP & PRES,GRSA,National Park,Intermountain ,CO,2000,"260,789",470,0,0,"18,438","11,031","1,367",0,"3,887"
Great Sand Dunes NP & PRES,GRSA,National Park,Intermountain ,CO,2001,"277,523",470,0,0,"23,625","14,206","1,982",0,"6,453"
Great Sand Dunes NP & PRES,GRSA,National Park,Intermountain ,CO,2002,"234,776",470,0,0,"20,926","11,891","1,470",0,"3,667"
Great Sand Dunes NP & PRES,GRSA,National Park,Intermountain ,CO,2003,"251,375","1,620",0,0,"23,514","13,065","2,122",0,"4,855"
Great Sand Dunes NP & PRES,GRSA,National Park,Intermountain ,CO,2004,"267,204","1,620",0,0,"23,418","13,482","1,808",0,"4,402"
Great Sand Dunes NP & PRES,GRSA,National Park,Intermountain ,CO,2005,"279,589",470,0,0,"23,762","14,682","1,804",0,"5,582"
Great Sand Dunes NP & PRES,GRSA,National Park,Intermountain ,CO,2006,"258,660",470,0,0,"22,464","11,775","1,651",0,"5,079"
Great Sand Dunes NP & PRES,GRSA,National Park,Intermountain ,CO,2007,"285,121",470,0,0,"24,731","14,906","2,309",0,"3,970"
Great Sand Dunes NP & PRES,GRSA,National Park,Intermountain ,CO,2008,"273,903",470,0,0,"26,763","11,745","2,119",0,"4,787"
Great Sand Dunes NP & PRES,GRSA,National Park,Intermountain ,CO,2009,"289,955",470,0,0,"29,028","13,498","2,355",0,"6,411"
Great Sand Dunes NP & PRES,GRSA,National Park,Intermountain ,CO,2010,"283,284",470,0,0,"27,423","13,528","2,171",0,"6,704"
Great Sand Dunes NP & PRES,GRSA,National Park,Intermountain ,CO,2011,"280,058",470,0,0,"25,400","13,688","2,201",0,"5,541"
Great Sand Dunes NP & PRES,GRSA,National Park,Intermountain ,CO,2012,"254,674",470,0,0,"21,682","10,504","2,613",0,"4,540"
Great Sand Dunes NP & PRES,GRSA,National Park,Intermountain ,CO,2013,"242,841",470,0,0,"17,949","7,326","2,300",0,"5,461"
Great Sand Dunes NP & PRES,GRSA,National Park,Intermountain ,CO,2014,"271,774",470,0,0,"25,881","15,180","3,405",0,"5,618"
Great Sand Dunes NP & PRES,GRSA,National Park,Intermountain ,CO,2015,"299,513",470,0,0,"28,734","15,028","3,754",0,"6,262"
Great Sand Dunes NP & PRES,GRSA,National Park,Intermountain ,CO,2016,"388,308",470,0,0,"30,757","17,532","4,508",0,"7,454"
Great Sand Dunes NP & PRES,GRSA,National Park,Intermountain ,CO,2017,"486,935",470,0,0,"26,782","14,972","4,313",0,"5,623"
Great Sand Dunes NP & PRES,GRSA,National Park,Intermountain ,CO,2018,"442,905",470,0,0,"29,832","19,665","4,475",0,"7,644"
Great Sand Dunes NP & PRES,GRSA,National Park,Intermountain ,CO,2019,"527,546",470,0,0,"29,376","21,867","4,933",0,"7,889"
Great Sand Dunes NP & PRES,GRSA,National Park,Intermountain ,CO,2020,"461,532",470,0,0,"21,783","12,925","4,910",0,0
Great Sand Dunes NP & PRES,GRSA,National Park,Intermountain ,CO,2021,"602,613",470,0,0,"31,272","28,875","12,966",0,"11,044"
Great Sand Dunes NP & PRES,GRSA,National Park,Intermountain ,CO,2022,"493,428",470,0,0,"31,799","25,137","10,274",0,"8,279"
Great Sand Dunes NP & PRES,GRSA,National Park,Intermountain ,CO,2023,"512,219",470,0,0,"33,106","21,992","10,579",0,"10,721"
Great Sand Dunes NP & PRES,GRSA,National Park,Intermountain ,CO,2024,"437,661",470,0,0,"23,227","34,788","9,775",0,"10,967"
Great Smoky Mountains NP,GRSM,National Park,Southeast ,TN,1979,"8,019,788","3,167,151","7,532",0,"213,565","215,495","80,970",0,"28,485"
Great Smoky Mountains NP,GRSM,National Park,Southeast ,TN,1980,"8,440,953","3,459,838","7,450",0,"198,189","207,223","81,500",0,"26,793"
Great Smoky Mountains NP,GRSM,National Park,Southeast ,TN,1981,"8,312,884","3,693,963","8,136",0,"199,553","210,194","79,227",0,"23,591"
Great Smoky Mountains NP,GRSM,National Park,Southeast ,TN,1982,"8,177,869","4,751,591","7,761",0,"229,604","220,041","73,697",0,"28,962"
Great Smoky Mountains NP,GRSM,National Park,Southeast ,TN,1983,"8,435,475","4,579,773","7,784",0,"175,423","158,027","68,712",0,"24,235"
Great Smoky Mountains NP,GRSM,National Park,Southeast ,TN,1984,"8,508,390","5,021,760","9,811",0,"170,878","186,801","64,365",0,"23,736"
Great Smoky Mountains NP,GRSM,National Park,Southeast ,TN,1985,"9,319,290","5,115,353","9,633",0,"197,255","184,692","65,493",0,"21,546"
Great Smoky Mountains NP,GRSM,National Park,Southeast ,TN,1986,"9,836,306","6,033,331","9,720",0,"179,204","185,274","68,375",0,"17,342"
Great Smoky Mountains NP,GRSM,National Park,Southeast ,TN,1987,"10,209,841","6,316,669","9,549",0,"206,530","183,141","76,714",0,"19,156"
Great Smoky Mountains NP,GRSM,National Park,Southeast ,TN,1988,"8,770,781","9,126,840","9,989",0,"200,518","190,092","72,152",0,"21,477"
Great Smoky Mountains NP,GRSM,National Park,Southeast ,TN,1989,"8,333,553","9,373,386","10,042",0,"170,866","176,792","69,228",0,"22,754"
Great Smoky Mountains NP,GRSM,National Park,Southeast ,TN,1990,"8,151,769","9,392,462","10,416",0,"182,927","166,774","77,061",0,"25,771"
Great Smoky Mountains NP,GRSM,National Park,Southeast ,TN,1991,"8,654,459","9,267,038","10,499",0,"190,879","170,014","77,207",0,"31,153"
Great Smoky Mountains NP,GRSM,National Park,Southeast ,TN,1992,"8,931,690","9,661,970","10,340",0,"197,500","163,033","90,027",0,"27,722"
Great Smoky Mountains NP,GRSM,National Park,Southeast ,TN,1993,"9,283,848","10,286,504","9,209",0,"189,941","140,896","96,459",0,"23,686"
Great Smoky Mountains NP,GRSM,National Park,Southeast ,TN,1994,"8,628,174","11,380,638","10,816",0,"211,393","153,733","87,120",0,"26,174"
Great Smoky Mountains NP,GRSM,National Park,Southeast ,TN,1995,"9,080,420","11,570,626","10,541",0,"226,016","166,249","101,872",0,"23,781"
Great Smoky Mountains NP,GRSM,National Park,Southeast ,TN,1996,"9,265,667","10,877,968","10,823",0,"181,195","143,769","102,022",0,"22,495"
Great Smoky Mountains NP,GRSM,National Park,Southeast ,TN,1997,"9,965,075","11,836,342","10,758",0,"200,322","142,872","106,244",0,"27,584"
Great Smoky Mountains NP,GRSM,National Park,Southeast ,TN,1998,"9,989,395","11,270,440","10,784",0,"191,418","141,109","101,486",0,"25,096"
Great Smoky Mountains NP,GRSM,National Park,Southeast ,TN,1999,"10,283,598","11,011,907","10,666",0,"191,169","133,961","92,994",0,"25,459"
Great Smoky Mountains NP,GRSM,National Park,Southeast ,TN,2000,"10,175,812","10,934,683","10,614",0,"177,170","128,172","80,654",0,"24,379"
Great Smoky Mountains NP,GRSM,National Park,Southeast ,TN,2001,"9,197,697","11,158,947","10,626",0,"146,724","125,147","76,919",0,"21,428"
Great Smoky Mountains NP,GRSM,National Park,Southeast ,TN,2002,"9,316,420","11,158,947","10,799",0,"154,853","129,195","77,816",0,"20,222"
Great Smoky Mountains NP,GRSM,National Park,Southeast ,TN,2003,"9,366,845","11,267,615","10,889",0,"154,490","126,815","73,124",0,"19,931"
Great Smoky Mountains NP,GRSM,National Park,Southeast ,TN,2004,"9,167,046","11,246,770","9,848",0,"136,228","122,959","73,787",0,"17,283"
Great Smoky Mountains NP,GRSM,National Park,Southeast ,TN,2005,"9,192,477","11,246,770","9,860",0,"135,132","120,448","69,985",0,"19,461"
Great Smoky Mountains NP,GRSM,National Park,Southeast ,TN,2006,"9,289,215","11,682,141","10,826",0,"136,994","120,825","70,193",0,"23,169"
Great Smoky Mountains NP,GRSM,National Park,Southeast ,TN,2007,"9,372,253","11,671,604","9,958",0,"163,489","134,112","70,215",0,"26,741"
Great Smoky Mountains NP,GRSM,National Park,Southeast ,TN,2008,"9,044,010","11,229,220","10,731",0,"142,849","118,981","71,381",0,"23,492"
Great Smoky Mountains NP,GRSM,National Park,Southeast ,TN,2009,"9,491,437","11,743,856","10,984",0,"154,852","134,115","79,182",0,"21,699"
Great Smoky Mountains NP,GRSM,National Park,Southeast ,TN,2010,"9,463,538","11,571,286","11,277",0,"154,504","128,991","79,480",0,"19,560"
Great Smoky Mountains NP,GRSM,National Park,Southeast ,TN,2011,"9,008,830","11,287,493","11,261",0,"145,077","108,732","90,444",0,"23,316"
Great Smoky Mountains NP,GRSM,National Park,Southeast ,TN,2012,"9,685,829","11,090,194","11,284",0,"152,056","118,522","84,236",0,"23,391"
Great Smoky Mountains NP,GRSM,National Park,Southeast ,TN,2013,"9,354,695","10,928,876","10,794",0,"128,259","103,881","70,407",0,"20,367"
Great Smoky Mountains NP,GRSM,National Park,Southeast ,TN,2014,"10,099,276","11,234,780","11,201",0,"151,150","113,373","86,153",0,"23,242"
Great Smoky Mountains NP,GRSM,National Park,Southeast ,TN,2015,"10,712,674","11,234,780","11,186",0,"172,984","117,177","97,629",0,"26,918"
Great Smoky Mountains NP,GRSM,National Park,Southeast ,TN,2016,"11,312,786","11,215,231","11,493",0,"190,574","111,680","109,349",0,"24,777"
Great Smoky Mountains NP,GRSM,National Park,Southeast ,TN,2017,"11,338,893","10,396,268","11,160",0,"160,464","110,097","104,352",0,"22,285"
Great Smoky Mountains NP,GRSM,National Park,Southeast ,TN,2018,"11,421,200","10,544,377","11,163",0,"152,167","113,649","97,593",0,"20,105"
Great Smoky Mountains NP,GRSM,National Park,Southeast ,TN,2019,"12,547,743","10,544,367","10,955",0,"155,409","113,540","94,569",0,"18,828"
Great Smoky Mountains NP,GRSM,National Park,Southeast ,TN,2020,"12,095,720","10,544,367","8,083",0,"144,491","115,567","89,892",0,120
Great Smoky Mountains NP,GRSM,National Park,Southeast ,TN,2021,"14,161,548","10,141,683","10,542",0,"191,432","151,358","107,581",0,"19,564"
Great Smoky Mountains NP,GRSM,National Park,Southeast ,TN,2022,"12,937,633","10,832,000","10,461",0,"213,092","158,750","96,762",0,"38,637"
Great Smoky Mountains NP,GRSM,National Park,Southeast ,TN,2023,"13,297,647","10,832,000","10,373",0,"207,070","158,211","84,532",0,"38,296"
Great Smoky Mountains NP,GRSM,National Park,Southeast ,TN,2024,"12,191,834","10,832,000","10,657",0,"205,754","176,473","71,019",0,"37,899"
Guadalupe Mountains NP,GUMO,National Park,Intermountain ,TX,1979,"110,478",0,0,0,"8,435","8,366","3,090",0,0
Guadalupe Mountains NP,GUMO,National Park,Intermountain ,TX,1980,"113,825",0,0,0,"8,419","4,619","3,011",0,0
Guadalupe Mountains NP,GUMO,National Park,Intermountain ,TX,1981,"142,641",0,0,0,"8,945","5,744","3,237",0,0
Guadalupe Mountains NP,GUMO,National Park,Intermountain ,TX,1982,"140,620",0,0,0,"10,060","7,733","3,145",0,0
Guadalupe Mountains NP,GUMO,National Park,Intermountain ,TX,1983,"142,736",0,0,0,"10,895","7,473","3,165",0,0
Guadalupe Mountains NP,GUMO,National Park,Intermountain ,TX,1984,"151,862",0,0,0,"11,408","6,892","2,467",0,0
Guadalupe Mountains NP,GUMO,National Park,Intermountain ,TX,1985,"147,758",0,0,0,"11,107","6,948","2,895",0,0
Guadalupe Mountains NP,GUMO,National Park,Intermountain ,TX,1986,"163,313",0,0,0,"12,559","7,323","2,687",0,0
Guadalupe Mountains NP,GUMO,National Park,Intermountain ,TX,1987,"156,344",0,0,0,"12,288","7,083","2,414",0,0
Guadalupe Mountains NP,GUMO,National Park,Intermountain ,TX,1988,"178,910",0,0,0,"14,206","7,332","2,680",0,0
Guadalupe Mountains NP,GUMO,National Park,Intermountain ,TX,1989,"168,872",0,0,0,"10,265","5,919","2,788",0,0
Guadalupe Mountains NP,GUMO,National Park,Intermountain ,TX,1990,"192,890",0,0,0,"9,453","6,155","2,507",0,0
Guadalupe Mountains NP,GUMO,National Park,Intermountain ,TX,1991,"200,398",0,0,0,"10,854","6,426","3,069",0,0
Guadalupe Mountains NP,GUMO,National Park,Intermountain ,TX,1992,"175,120",0,0,0,"10,950","6,415","2,880",0,0
Guadalupe Mountains NP,GUMO,National Park,Intermountain ,TX,1993,"201,054",0,0,0,"12,408","6,300","3,885",0,0
Guadalupe Mountains NP,GUMO,National Park,Intermountain ,TX,1994,"203,520",0,0,0,"11,371","6,536","4,115",0,"1,620"
Guadalupe Mountains NP,GUMO,National Park,Intermountain ,TX,1995,"208,972",0,0,0,"11,581","6,767","3,782",0,"2,695"
Guadalupe Mountains NP,GUMO,National Park,Intermountain ,TX,1996,"223,485",0,0,0,"10,720","6,329","3,220",0,"1,405"
Guadalupe Mountains NP,GUMO,National Park,Intermountain ,TX,1997,"231,980",0,0,0,"11,280","6,129","3,550",0,"2,634"
Guadalupe Mountains NP,GUMO,National Park,Intermountain ,TX,1998,"227,924",0,0,0,"10,724","5,768","3,545",0,"2,003"
Guadalupe Mountains NP,GUMO,National Park,Intermountain ,TX,1999,"219,591",0,0,0,"11,000","6,565","3,399",0,"2,694"
Guadalupe Mountains NP,GUMO,National Park,Intermountain ,TX,2000,"198,762",0,0,0,"9,599","5,651","3,085",0,"2,136"
Guadalupe Mountains NP,GUMO,National Park,Intermountain ,TX,2001,"222,307",0,0,0,"9,973","5,445","2,853",0,"2,059"
Guadalupe Mountains NP,GUMO,National Park,Intermountain ,TX,2002,"202,911",0,0,0,"10,131","5,223","2,919",0,"1,994"
Guadalupe Mountains NP,GUMO,National Park,Intermountain ,TX,2003,"181,357",0,0,0,"9,471","5,039","2,795",0,"1,846"
Guadalupe Mountains NP,GUMO,National Park,Intermountain ,TX,2004,"182,351",0,0,0,"8,004","4,653","2,263",0,"1,999"
Guadalupe Mountains NP,GUMO,National Park,Intermountain ,TX,2005,"170,383",0,0,0,"7,912","4,213","2,035",0,"2,206"
Guadalupe Mountains NP,GUMO,National Park,Intermountain ,TX,2006,"174,157",0,0,0,"8,606","4,839","2,487",0,"1,751"
Guadalupe Mountains NP,GUMO,National Park,Intermountain ,TX,2007,"165,110",0,0,0,"8,509","4,545","1,855",0,"2,251"
Guadalupe Mountains NP,GUMO,National Park,Intermountain ,TX,2008,"163,709",0,0,0,"9,516","4,616","2,579",0,"1,863"
Guadalupe Mountains NP,GUMO,National Park,Intermountain ,TX,2009,"198,882",0,0,0,"10,052","4,947","2,405",0,"1,672"
Guadalupe Mountains NP,GUMO,National Park,Intermountain ,TX,2010,"192,210",0,0,0,"8,805","4,679","2,494",0,"1,467"
Guadalupe Mountains NP,GUMO,National Park,Intermountain ,TX,2011,"152,546",0,0,0,"6,893","3,575","2,235",0,"1,489"
Guadalupe Mountains NP,GUMO,National Park,Intermountain ,TX,2012,"159,360",0,0,0,"9,042","4,150","1,742",0,"2,098"
Guadalupe Mountains NP,GUMO,National Park,Intermountain ,TX,2013,"145,670",0,0,0,"8,200","3,589","3,621",0,"1,638"
Guadalupe Mountains NP,GUMO,National Park,Intermountain ,TX,2014,"166,868",0,0,0,"7,719","5,073","3,188",0,"1,435"
Guadalupe Mountains NP,GUMO,National Park,Intermountain ,TX,2015,"169,535",0,0,0,"9,175","4,816","2,507",0,"1,869"
Guadalupe Mountains NP,GUMO,National Park,Intermountain ,TX,2016,"181,839",0,0,0,"10,654","6,254","2,954",0,"1,866"
Guadalupe Mountains NP,GUMO,National Park,Intermountain ,TX,2017,"225,257",0,0,0,"12,100","7,183","3,896",0,"2,579"
Guadalupe Mountains NP,GUMO,National Park,Intermountain ,TX,2018,"172,347",0,0,0,"10,693","6,437","3,509",0,"1,390"
Guadalupe Mountains NP,GUMO,National Park,Intermountain ,TX,2019,"188,833","1,440",0,0,"10,621","6,383","2,838",0,"1,464"
Guadalupe Mountains NP,GUMO,National Park,Intermountain ,TX,2020,"151,256","1,440",0,0,"5,753","5,024","1,715",0,456
Guadalupe Mountains NP,GUMO,National Park,Intermountain ,TX,2021,"243,291","1,440",0,0,"13,789","8,830","2,572",0,"1,656"
Guadalupe Mountains NP,GUMO,National Park,Intermountain ,TX,2022,"219,987","1,440",0,0,"17,114","9,607","1,615",0,"4,263"
Guadalupe Mountains NP,GUMO,National Park,Intermountain ,TX,2023,"227,340","1,440",0,0,"16,731","8,839","2,508",0,"4,797"
Guadalupe Mountains NP,GUMO,National Park,Intermountain ,TX,2024,"226,134","1,440",0,0,"16,501","8,432","2,671",0,"5,167"
Haleakala NP,HALE,National Park,Pacific West ,HI,1979,"673,955","12,502",0,0,"9,755","3,251","5,163",0,"3,863"
Haleakala NP,HALE,National Park,Pacific West ,HI,1980,"560,238","16,821",0,0,"7,462","2,488","4,025",0,"3,830"
Haleakala NP,HALE,National Park,Pacific West ,HI,1981,"631,684","12,977",0,0,"8,275","2,523","3,994",0,"3,991"
Haleakala NP,HALE,National Park,Pacific West ,HI,1982,"771,762","23,901",0,0,"8,184",487,"3,699",0,"3,799"
Haleakala NP,HALE,National Park,Pacific West ,HI,1983,"864,289","25,136",0,0,"11,361",131,"3,482",0,"3,737"
Haleakala NP,HALE,National Park,Pacific West ,HI,1984,"1,003,821","22,741",0,0,"12,727",123,"3,303",0,"3,829"
Haleakala NP,HALE,National Park,Pacific West ,HI,1985,"1,194,651","23,525",0,0,"11,537",96,"3,195",0,"3,571"
Haleakala NP,HALE,National Park,Pacific West ,HI,1986,"1,281,219","23,111",0,0,"12,387",76,"3,150",0,"3,571"
Haleakala NP,HALE,National Park,Pacific West ,HI,1987,"1,333,900","25,986",0,0,"13,412",182,"3,371",0,"3,066"
Haleakala NP,HALE,National Park,Pacific West ,HI,1988,"1,314,683","29,537",0,0,"12,614",219,"2,923",0,"3,333"
Haleakala NP,HALE,National Park,Pacific West ,HI,1989,"1,367,761","28,760",0,0,"12,834",163,"2,789",0,"3,811"
Haleakala NP,HALE,National Park,Pacific West ,HI,1990,"1,260,601","29,302",0,0,"12,769",286,"2,688",0,"3,080"
Haleakala NP,HALE,National Park,Pacific West ,HI,1991,"1,228,332","33,047",0,0,"16,570",30,"3,384",0,"3,978"
Haleakala NP,HALE,National Park,Pacific West ,HI,1992,"1,183,124","29,088",0,0,"16,637",0,"2,918",0,"3,527"
Haleakala NP,HALE,National Park,Pacific West ,HI,1993,"1,317,433","29,088",0,0,"18,300",0,"4,145",0,"4,772"
Haleakala NP,HALE,National Park,Pacific West ,HI,1994,"1,527,329","29,088",0,0,"17,836",0,"3,260",0,"4,901"
Haleakala NP,HALE,National Park,Pacific West ,HI,1995,"1,594,596","29,088",0,0,"20,131",0,"3,567",0,"5,017"
Haleakala NP,HALE,National Park,Pacific West ,HI,1996,"1,553,344","29,088",0,0,"22,611",0,"3,256",0,"5,335"
Haleakala NP,HALE,National Park,Pacific West ,HI,1997,"1,673,561","29,088",0,0,"20,389",0,"2,704",0,"5,488"
Haleakala NP,HALE,National Park,Pacific West ,HI,1998,"1,476,842","29,088",0,0,"17,212",0,"2,436",0,"4,910"
Haleakala NP,HALE,National Park,Pacific West ,HI,1999,"1,963,187","29,088",0,0,"17,583",0,"2,317",0,"4,228"
Haleakala NP,HALE,National Park,Pacific West ,HI,2000,"1,620,083","29,088",0,0,"18,226",0,"2,309",0,"3,260"
Haleakala NP,HALE,National Park,Pacific West ,HI,2001,"1,410,974","29,088",0,0,"17,644",0,"2,705",0,"3,252"
Haleakala NP,HALE,National Park,Pacific West ,HI,2002,"1,521,080","29,088",0,0,"16,849",0,"1,877",0,"3,398"
Haleakala NP,HALE,National Park,Pacific West ,HI,2003,"1,444,668","29,088",0,0,"10,978",0,"1,562",0,"2,738"
Haleakala NP,HALE,National Park,Pacific West ,HI,2004,"1,455,477","29,088",0,0,"8,621",0,"1,416",0,"2,653"
Haleakala NP,HALE,National Park,Pacific West ,HI,2005,"1,474,681","29,088",0,0,"11,050",0,"1,395",0,"3,629"
Haleakala NP,HALE,National Park,Pacific West ,HI,2006,"1,426,068","29,088",0,0,"12,140",0,"1,324",0,"3,822"
Haleakala NP,HALE,National Park,Pacific West ,HI,2007,"1,322,817","29,088",0,0,"14,168",0,"1,521",0,"3,738"
Haleakala NP,HALE,National Park,Pacific West ,HI,2008,"1,185,068","29,088",0,0,"14,328",0,"1,480",0,"3,586"
Haleakala NP,HALE,National Park,Pacific West ,HI,2009,"1,109,104","29,088",0,0,"11,141",0,"1,671",0,"4,419"
Haleakala NP,HALE,National Park,Pacific West ,HI,2010,"1,105,606","29,088",0,0,"16,112",0,"1,260",0,"3,754"
Haleakala NP,HALE,National Park,Pacific West ,HI,2011,"956,989","29,088",0,0,"15,908",0,"1,562",0,"3,966"
Haleakala NP,HALE,National Park,Pacific West ,HI,2012,"1,094,668","29,088",0,0,"15,545",0,"1,587",0,"4,568"
Haleakala NP,HALE,National Park,Pacific West ,HI,2013,"785,300","29,088",0,0,"8,045",0,628,0,"3,067"
Haleakala NP,HALE,National Park,Pacific West ,HI,2014,"1,142,040","29,088",0,0,"7,907",0,"1,375",0,"3,812"
Haleakala NP,HALE,National Park,Pacific West ,HI,2015,"1,216,772","29,088",0,0,"7,896",0,"2,205",0,"3,982"
Haleakala NP,HALE,National Park,Pacific West ,HI,2016,"1,263,558","29,088",0,0,"8,332",0,"2,392",0,"3,519"
Haleakala NP,HALE,National Park,Pacific West ,HI,2017,"1,112,390","29,088",0,0,"7,191",0,"2,877",0,"4,840"
Haleakala NP,HALE,National Park,Pacific West ,HI,2018,"1,044,084","29,088",0,0,"7,201",0,"2,876",0,"4,270"
Haleakala NP,HALE,National Park,Pacific West ,HI,2019,"994,394","20,160",0,0,"9,071",0,"1,616",0,"1,825"
Haleakala NP,HALE,National Park,Pacific West ,HI,2020,"319,147","20,160",0,0,"2,400",0,392,0,594
Haleakala NP,HALE,National Park,Pacific West ,HI,2021,"853,181","20,160",0,0,"3,120",0,"4,759",0,"1,862"
Haleakala NP,HALE,National Park,Pacific West ,HI,2022,"1,087,616","20,160",0,0,"20,614",0,"5,604",0,"4,763"
Haleakala NP,HALE,National Park,Pacific West ,HI,2023,"791,292","20,160",0,0,"23,448",0,"6,114",0,"5,774"
Haleakala NP,HALE,National Park,Pacific West ,HI,2024,"732,477","20,160",0,0,"20,297",0,"4,874",0,"5,410"
Hawaii Volcanoes NP,HAVO,National Park,Pacific West ,HI,1979,"1,632,589","633,829","31,909",0,"4,282","1,618","7,010",0,"35,938"
Hawaii Volcanoes NP,HAVO,National Park,Pacific West ,HI,1980,"1,692,338","675,573","32,850",0,"4,866","1,698","5,988",0,"42,903"
Hawaii Volcanoes NP,HAVO,National Park,Pacific West ,HI,1981,"1,931,852","437,055","31,856",0,"4,374","1,610","8,444",0,"39,828"
Hawaii Volcanoes NP,HAVO,National Park,Pacific West ,HI,1982,"1,995,397","630,689","31,685",0,"7,618","3,053","4,624",0,"38,014"
Hawaii Volcanoes NP,HAVO,National Park,Pacific West ,HI,1983,"2,247,974","573,288","30,715",0,"10,333","3,094","4,660",0,"42,002"
Hawaii Volcanoes NP,HAVO,National Park,Pacific West ,HI,1984,"2,008,608","589,230","32,441",0,"7,568","2,670","3,641",0,"42,191"
Hawaii Volcanoes NP,HAVO,National Park,Pacific West ,HI,1985,"816,652","485,241","30,202",0,"7,204","2,688","3,661",0,"48,180"
Hawaii Volcanoes NP,HAVO,National Park,Pacific West ,HI,1986,"898,023","609,219","32,755",0,"8,028","2,248","4,056",0,"56,966"
Hawaii Volcanoes NP,HAVO,National Park,Pacific West ,HI,1987,"1,006,058","866,537","34,632",0,"7,602","1,709","3,616",0,"60,400"
Hawaii Volcanoes NP,HAVO,National Park,Pacific West ,HI,1988,"983,007","950,559","33,646",0,"10,254","1,197","4,393",0,"60,711"
Hawaii Volcanoes NP,HAVO,National Park,Pacific West ,HI,1989,"1,056,188","1,169,391","35,062",0,"9,574",900,"3,806",0,"64,665"
Hawaii Volcanoes NP,HAVO,National Park,Pacific West ,HI,1990,"1,096,816","1,271,343","30,287",0,"7,529",516,"4,067",0,"69,561"
Hawaii Volcanoes NP,HAVO,National Park,Pacific West ,HI,1991,"1,238,653","1,337,707","30,806",0,"9,221",328,"4,596",0,"66,073"
Hawaii Volcanoes NP,HAVO,National Park,Pacific West ,HI,1992,"1,151,661","1,341,703","87,918",0,"10,049",706,"4,550",0,"9,933"
Hawaii Volcanoes NP,HAVO,National Park,Pacific West ,HI,1993,"1,143,741","1,351,167","28,456",0,"6,117",319,"4,480",0,"71,090"
Hawaii Volcanoes NP,HAVO,National Park,Pacific West ,HI,1994,"1,174,289","1,324,496","28,955",0,"5,118",357,"3,774",0,"56,996"
Hawaii Volcanoes NP,HAVO,National Park,Pacific West ,HI,1995,"1,175,028","1,301,682","30,986",0,"7,826",418,"1,728",0,"68,437"
Hawaii Volcanoes NP,HAVO,National Park,Pacific West ,HI,1996,"1,231,557","1,319,736","31,485",0,"5,483",259,"5,025",0,"71,230"
Hawaii Volcanoes NP,HAVO,National Park,Pacific West ,HI,1997,"1,832,087","1,145,869","35,316",0,"6,500",301,"5,554",0,"67,397"
Hawaii Volcanoes NP,HAVO,National Park,Pacific West ,HI,1998,"1,352,373","1,300,957","33,715",0,"8,583",520,"4,110",0,"73,869"
Hawaii Volcanoes NP,HAVO,National Park,Pacific West ,HI,1999,"1,502,855","1,269,044","33,815",0,"9,727",385,"4,527",0,"72,314"
Hawaii Volcanoes NP,HAVO,National Park,Pacific West ,HI,2000,"1,514,636","1,159,181","28,526",0,"9,759",689,"3,764",0,"67,313"
Hawaii Volcanoes NP,HAVO,National Park,Pacific West ,HI,2001,"1,343,286","1,288,363","30,059",0,"9,684",554,"3,715",0,"74,808"
Hawaii Volcanoes NP,HAVO,National Park,Pacific West ,HI,2002,"1,110,998","1,288,363","31,738",0,"7,926",326,"4,169",0,"72,748"
Hawaii Volcanoes NP,HAVO,National Park,Pacific West ,HI,2003,"1,122,524","1,307,248","34,453",0,"9,680",355,"5,691",0,"71,887"
Hawaii Volcanoes NP,HAVO,National Park,Pacific West ,HI,2004,"1,307,391","1,297,906","34,873",0,"6,979",440,"5,070",0,"70,317"
Hawaii Volcanoes NP,HAVO,National Park,Pacific West ,HI,2005,"1,661,196","1,037,806","33,135",0,"10,011",537,"4,448",0,"79,993"
Hawaii Volcanoes NP,HAVO,National Park,Pacific West ,HI,2006,"1,612,246","1,729,866","33,870",0,"17,768",826,"5,345",0,"90,150"
Hawaii Volcanoes NP,HAVO,National Park,Pacific West ,HI,2007,"1,467,779","1,804,225","33,396",0,"10,981",293,"4,215",0,"94,871"
Hawaii Volcanoes NP,HAVO,National Park,Pacific West ,HI,2008,"1,270,538","1,830,175","26,788",0,"8,454",397,"4,729",0,"78,732"
Hawaii Volcanoes NP,HAVO,National Park,Pacific West ,HI,2009,"1,233,105","1,820,039","23,981",0,"10,094",492,"5,236",0,"74,367"
Hawaii Volcanoes NP,HAVO,National Park,Pacific West ,HI,2010,"1,304,667","1,857,057",0,0,"8,131",606,"4,501",0,"64,082"
Hawaii Volcanoes NP,HAVO,National Park,Pacific West ,HI,2011,"1,352,123","1,858,740",0,0,"8,811",757,"4,235",0,"67,077"
Hawaii Volcanoes NP,HAVO,National Park,Pacific West ,HI,2012,"1,483,928","1,862,134","2,352",0,"8,300",890,"4,466",0,"75,129"
Hawaii Volcanoes NP,HAVO,National Park,Pacific West ,HI,2013,"1,583,209","1,855,346","16,785","6,863","3,745",481,"4,660",0,"75,390"
Hawaii Volcanoes NP,HAVO,National Park,Pacific West ,HI,2014,"1,693,005","1,853,553","28,868","6,579",546,99,"4,621",0,"82,217"
Hawaii Volcanoes NP,HAVO,National Park,Pacific West ,HI,2015,"1,832,660","1,855,130","29,694","4,435","1,661",0,"4,903",0,"86,506"
Hawaii Volcanoes NP,HAVO,National Park,Pacific West ,HI,2016,"1,887,580","1,855,489","30,606","4,427","1,697",0,"5,178",0,"84,080"
Hawaii Volcanoes NP,HAVO,National Park,Pacific West ,HI,2017,"2,016,702","1,856,243","34,673","7,807","1,536",53,"4,755",0,"89,472"
Hawaii Volcanoes NP,HAVO,National Park,Pacific West ,HI,2018,"1,116,891","1,847,328","14,382","2,113",492,6,"2,145",0,"40,594"
Hawaii Volcanoes NP,HAVO,National Park,Pacific West ,HI,2019,"1,368,376","1,849,253","23,558","4,509","1,091",41,"3,658",0,"58,392"
Hawaii Volcanoes NP,HAVO,National Park,Pacific West ,HI,2020,"589,775","1,865,927","6,603",993,782,50,"4,052",0,"29,443"
Hawaii Volcanoes NP,HAVO,National Park,Pacific West ,HI,2021,"1,262,747","1,874,706","27,297","2,873","1,177",58,"5,174",0,"54,262"
Hawaii Volcanoes NP,HAVO,National Park,Pacific West ,HI,2022,"1,580,961","1,890,756","34,075","7,516",936,152,"4,864",0,"76,756"
Hawaii Volcanoes NP,HAVO,National Park,Pacific West ,HI,2023,"1,620,294","1,878,799","34,788","6,401",958,5,"3,704",0,"64,618"
Hawaii Volcanoes NP,HAVO,National Park,Pacific West ,HI,2024,"1,433,593","1,881,779","31,137","5,413","1,050",57,"5,558",0,"59,547"
Hot Springs NP,HOSP,National Park,Midwest ,AR,1979,"1,118,800","4,030,074",0,0,"1,606","7,431",0,0,0
Hot Springs NP,HOSP,National Park,Midwest ,AR,1980,"1,160,588","4,109,050",0,0,"1,486","5,975",0,0,0
Hot Springs NP,HOSP,National Park,Midwest ,AR,1981,"1,177,911","4,124,083",0,0,"2,069","6,658",0,0,0
Hot Springs NP,HOSP,National Park,Midwest ,AR,1982,"1,015,580","4,024,157",0,0,"1,774","6,237",0,0,0
Hot Springs NP,HOSP,National Park,Midwest ,AR,1983,"1,160,008","4,049,243",0,0,"4,596","12,242",0,0,0
Hot Springs NP,HOSP,National Park,Midwest ,AR,1984,"1,071,853","4,345,195",0,0,"4,311","10,980",0,0,0
Hot Springs NP,HOSP,National Park,Midwest ,AR,1985,"1,112,764","4,124,841",0,0,"4,571","11,775",0,0,0
Hot Springs NP,HOSP,National Park,Midwest ,AR,1986,"1,175,170","4,438,740",0,0,"4,006","11,392",0,0,0
Hot Springs NP,HOSP,National Park,Midwest ,AR,1987,"1,101,242","4,205,101",0,0,"3,738","8,767",0,0,0
Hot Springs NP,HOSP,National Park,Midwest ,AR,1988,"1,185,772","4,215,331",0,0,"3,626","9,554",0,0,0
Hot Springs NP,HOSP,National Park,Midwest ,AR,1989,"1,272,771","4,511,933",0,0,"2,912","7,553",0,0,0
Hot Springs NP,HOSP,National Park,Midwest ,AR,1990,"1,123,175","4,210,840",0,0,"2,353","6,095",0,0,0
Hot Springs NP,HOSP,National Park,Midwest ,AR,1991,"1,203,929","4,289,688",0,0,"3,338","6,904",0,0,0
Hot Springs NP,HOSP,National Park,Midwest ,AR,1992,"1,504,013","1,970,820",0,0,"4,117","7,971",0,0,0
Hot Springs NP,HOSP,National Park,Midwest ,AR,1993,"1,477,299","2,031,206",0,0,"3,466","7,285",0,0,0
Hot Springs NP,HOSP,National Park,Midwest ,AR,1994,"1,618,847","2,077,830",0,0,"4,168","6,674",0,0,0
Hot Springs NP,HOSP,National Park,Midwest ,AR,1995,"1,617,077","2,009,166",0,0,"4,812","6,155",0,0,0
Hot Springs NP,HOSP,National Park,Midwest ,AR,1996,"1,538,105","2,015,452",0,0,"2,202","3,081",0,0,0
Hot Springs NP,HOSP,National Park,Midwest ,AR,1997,"1,509,596","1,946,542",0,0,"3,141","4,711",0,0,0
Hot Springs NP,HOSP,National Park,Midwest ,AR,1998,"1,495,993","2,001,989",0,0,"3,131","4,019",0,0,0
Hot Springs NP,HOSP,National Park,Midwest ,AR,1999,"1,384,469","1,909,508",0,0,"3,152","3,671",0,0,0
Hot Springs NP,HOSP,National Park,Midwest ,AR,2000,"1,338,156","2,046,363",0,0,"1,591","2,070",0,0,0
Hot Springs NP,HOSP,National Park,Midwest ,AR,2001,"1,296,786","1,934,979",0,0,"2,968","2,564",0,0,0
Hot Springs NP,HOSP,National Park,Midwest ,AR,2002,"1,440,227","2,018,238",0,0,"3,072","2,988",0,0,0
Hot Springs NP,HOSP,National Park,Midwest ,AR,2003,"1,561,311","2,303,244",0,0,"3,481","2,824",0,0,0
Hot Springs NP,HOSP,National Park,Midwest ,AR,2004,"1,418,735","2,437,800",0,0,"3,088","2,815",0,0,0
Hot Springs NP,HOSP,National Park,Midwest ,AR,2005,"1,340,160","2,425,492",0,0,"3,175","2,975",0,0,0
Hot Springs NP,HOSP,National Park,Midwest ,AR,2006,"1,273,456","2,551,874",0,0,"3,175","2,975",0,0,0
Hot Springs NP,HOSP,National Park,Midwest ,AR,2007,"1,300,152","2,388,253",0,0,"3,990","2,295",0,0,0
Hot Springs NP,HOSP,National Park,Midwest ,AR,2008,"1,238,147","2,184,030",0,0,"4,771","1,693",0,0,0
Hot Springs NP,HOSP,National Park,Midwest ,AR,2009,"1,284,707","2,079,230",0,0,"4,597","5,018",0,0,0
Hot Springs NP,HOSP,National Park,Midwest ,AR,2010,"1,311,807","2,225,873",0,0,"4,086","8,323",0,0,0
Hot Springs NP,HOSP,National Park,Midwest ,AR,2011,"1,396,354","2,292,692",0,0,"4,570","9,373",0,0,0
Hot Springs NP,HOSP,National Park,Midwest ,AR,2012,"1,302,505","2,262,240",0,0,"3,050","6,938",0,0,0
Hot Springs NP,HOSP,National Park,Midwest ,AR,2013,"1,325,719","2,077,424",0,0,"4,273","10,827",0,0,0
Hot Springs NP,HOSP,National Park,Midwest ,AR,2014,"1,424,484","2,165,801",0,0,"3,901","15,705",0,0,0
Hot Springs NP,HOSP,National Park,Midwest ,AR,2015,"1,418,162","2,243,425",0,0,"4,735","19,413",0,0,0
Hot Springs NP,HOSP,National Park,Midwest ,AR,2016,"1,544,300","2,352,769",0,0,"3,706","20,315",0,0,0
Hot Springs NP,HOSP,National Park,Midwest ,AR,2017,"1,561,616","2,455,528",0,0,"1,467","22,543",0,0,0
Hot Springs NP,HOSP,National Park,Midwest ,AR,2018,"1,506,887","2,306,072",0,0,"1,233","22,712",0,0,0
Hot Springs NP,HOSP,National Park,Midwest ,AR,2019,"1,467,153","2,231,219",0,0,"1,455","24,251",0,0,0
Hot Springs NP,HOSP,National Park,Midwest ,AR,2020,"1,348,215","148,205",0,0,"3,190","27,217",0,0,0
Hot Springs NP,HOSP,National Park,Midwest ,AR,2021,"2,162,884","149,986",0,0,"1,179","31,469",0,0,0
Hot Springs NP,HOSP,National Park,Midwest ,AR,2022,"2,646,133","150,800",0,0,633,"35,741",0,0,0
Hot Springs NP,HOSP,National Park,Midwest ,AR,2023,"2,502,967","150,504",0,0,28,"22,062",0,0,0
Hot Springs NP,HOSP,National Park,Midwest ,AR,2024,"2,461,812","160,722",0,0,768,"43,157",0,0,0
Indiana Dunes NP,INDU,National Park,Midwest ,IN,1979,"1,606,166","410,625",0,0,0,0,0,"410,625",0
Indiana Dunes NP,INDU,National Park,Midwest ,IN,1980,"1,222,874","411,750",0,0,0,0,0,"411,250",0
Indiana Dunes NP,INDU,National Park,Midwest ,IN,1981,"1,023,436","341,275","2,635",0,0,0,0,"341,185",0
Indiana Dunes NP,INDU,National Park,Midwest ,IN,1982,"1,066,573","347,695","2,526",0,0,0,0,0,0
Indiana Dunes NP,INDU,National Park,Midwest ,IN,1983,"1,510,630","352,225","1,491",0,0,0,0,0,0
Indiana Dunes NP,INDU,National Park,Midwest ,IN,1984,"1,560,428","353,190",0,0,0,0,0,0,0
Indiana Dunes NP,INDU,National Park,Midwest ,IN,1985,"1,800,326","344,016",0,0,0,0,0,0,0
Indiana Dunes NP,INDU,National Park,Midwest ,IN,1986,"1,676,583","344,016",0,0,0,0,0,0,0
Indiana Dunes NP,INDU,National Park,Midwest ,IN,1987,"1,576,238","338,786",0,0,0,0,0,0,0
Indiana Dunes NP,INDU,National Park,Midwest ,IN,1988,"1,885,376","362,828",0,0,0,0,0,0,0
Indiana Dunes NP,INDU,National Park,Midwest ,IN,1989,"1,791,902","350,404",0,0,0,0,0,0,0
Indiana Dunes NP,INDU,National Park,Midwest ,IN,1990,"1,919,901","348,635",0,0,0,0,0,0,0
Indiana Dunes NP,INDU,National Park,Midwest ,IN,1991,"2,058,801","342,488",0,0,0,0,0,0,0
Indiana Dunes NP,INDU,National Park,Midwest ,IN,1992,"1,973,098","333,877",0,0,"2,260",747,0,0,0
Indiana Dunes NP,INDU,National Park,Midwest ,IN,1993,"1,763,094","323,321",0,0,"8,554","2,691",0,0,0
Indiana Dunes NP,INDU,National Park,Midwest ,IN,1994,"1,699,958","149,833",0,0,"10,796","3,478",0,0,0
Indiana Dunes NP,INDU,National Park,Midwest ,IN,1995,"1,696,488","145,639",0,0,"12,940","3,315",0,0,0
Indiana Dunes NP,INDU,National Park,Midwest ,IN,1996,"1,526,166","118,260",0,0,"13,157","3,720",0,0,0
Indiana Dunes NP,INDU,National Park,Midwest ,IN,1997,"1,483,782","118,260",0,0,"15,674","4,538",0,0,0
Indiana Dunes NP,INDU,National Park,Midwest ,IN,1998,"2,108,789","118,260",0,0,"18,991","4,346",0,0,0
Indiana Dunes NP,INDU,National Park,Midwest ,IN,1999,"1,748,047","118,260",0,0,"17,713","4,534",0,0,"4,394"
Indiana Dunes NP,INDU,National Park,Midwest ,IN,2000,"1,820,228","104,904",0,0,"18,997","5,348",0,0,"7,050"
Indiana Dunes NP,INDU,National Park,Midwest ,IN,2001,"1,735,404","104,904",0,0,"16,961","4,607",0,0,"6,400"
Indiana Dunes NP,INDU,National Park,Midwest ,IN,2002,"1,989,941","102,930",0,0,"19,121","5,183",0,0,"7,101"
Indiana Dunes NP,INDU,National Park,Midwest ,IN,2003,"1,953,449","70,986",0,0,"17,419","5,494",0,0,"5,683"
Indiana Dunes NP,INDU,National Park,Midwest ,IN,2004,"1,810,330","54,473",0,0,"22,819","6,858",0,0,"5,652"
Indiana Dunes NP,INDU,National Park,Midwest ,IN,2005,"2,127,336","51,352",0,0,"19,685","3,928",0,0,"5,940"
Indiana Dunes NP,INDU,National Park,Midwest ,IN,2006,"1,938,132","46,173",0,0,"16,597","3,742",0,0,"7,826"
Indiana Dunes NP,INDU,National Park,Midwest ,IN,2007,"1,972,344","45,693",0,0,"17,323","3,974",0,0,"5,697"
Indiana Dunes NP,INDU,National Park,Midwest ,IN,2008,"1,833,596","29,957",0,0,"18,501","4,503",0,0,"7,923"
Indiana Dunes NP,INDU,National Park,Midwest ,IN,2009,"1,944,568","21,447",0,0,"18,690","4,241",0,0,"5,186"
Indiana Dunes NP,INDU,National Park,Midwest ,IN,2010,"2,150,345","15,261",0,0,"19,065","4,375",0,0,961
Indiana Dunes NP,INDU,National Park,Midwest ,IN,2011,"1,840,513","5,585",0,0,"17,978","4,845",0,0,0
Indiana Dunes NP,INDU,National Park,Midwest ,IN,2012,"1,889,381","5,253",0,0,"16,538","3,170",0,0,0
Indiana Dunes NP,INDU,National Park,Midwest ,IN,2013,"1,681,695","5,253",0,0,"14,051","4,014",0,0,0
Indiana Dunes NP,INDU,National Park,Midwest ,IN,2014,"1,553,372","5,253",0,0,"11,643","3,655",0,0,0
Indiana Dunes NP,INDU,National Park,Midwest ,IN,2015,"1,640,195","5,253",0,0,"14,746","4,089",0,0,0
Indiana Dunes NP,INDU,National Park,Midwest ,IN,2016,"1,698,223","5,253",0,0,"16,716","3,790",0,0,0
Indiana Dunes NP,INDU,National Park,Midwest ,IN,2017,"2,158,471","5,253",0,0,"20,082","4,885",0,0,0
Indiana Dunes NP,INDU,National Park,Midwest ,IN,2018,"1,756,079","5,701",0,0,"13,308","4,598",0,0,0
Indiana Dunes NP,INDU,National Park,Midwest ,IN,2019,"2,134,285","4,054",0,0,"16,316","6,468",0,0,0
Indiana Dunes NP,INDU,National Park,Midwest ,IN,2020,"2,293,106","3,943",0,0,"18,572","4,765",0,0,0
Indiana Dunes NP,INDU,National Park,Midwest ,IN,2021,"3,177,210","3,943",0,0,"21,474","7,917",0,0,0
Indiana Dunes NP,INDU,National Park,Midwest ,IN,2022,"2,834,180","3,943",0,0,"22,460","11,039",0,0,0
Indiana Dunes NP,INDU,National Park,Midwest ,IN,2023,"2,765,892","3,943",0,0,"24,360","12,540",0,0,0
Indiana Dunes NP,INDU,National Park,Midwest ,IN,2024,"2,705,209","3,943",0,0,"23,247","13,060",0,0,0
Isle Royale NP,ISRO,National Park,Midwest ,MI,1979,"14,782",28,"9,657",333,"27,140",0,"21,144",630,"5,736"
Isle Royale NP,ISRO,National Park,Midwest ,MI,1980,"14,977",19,"8,970",282,"19,740",0,"28,043",531,"2,303"
Isle Royale NP,ISRO,National Park,Midwest ,MI,1981,"14,558",6,"9,564",505,"6,870",0,"37,853",429,"1,842"
Isle Royale NP,ISRO,National Park,Midwest ,MI,1982,"13,238",12,"9,660","1,537","5,985",0,"35,929",331,"1,404"
Isle Royale NP,ISRO,National Park,Midwest ,MI,1983,"12,928",45,"8,294","1,219","6,665",0,"35,221",322,"1,084"
Isle Royale NP,ISRO,National Park,Midwest ,MI,1984,"11,814","4,830","7,894","1,704","6,118",0,"30,864",663,"2,576"
Isle Royale NP,ISRO,National Park,Midwest ,MI,1985,"16,775","1,061","9,319","1,415","6,433",0,"32,262","1,009","2,751"
Isle Royale NP,ISRO,National Park,Midwest ,MI,1986,"26,122",76,"10,388","1,745","5,918",0,"33,228","1,465","3,392"
Isle Royale NP,ISRO,National Park,Midwest ,MI,1987,"31,760",198,"5,993","1,243","6,292",0,"33,251","1,498","4,812"
Isle Royale NP,ISRO,National Park,Midwest ,MI,1988,"26,593",59,"6,690","2,368","5,932",0,"31,807","1,217","4,016"
Isle Royale NP,ISRO,National Park,Midwest ,MI,1989,"27,133",315,"6,562","1,434","6,446",0,"33,977","1,124","3,982"
Isle Royale NP,ISRO,National Park,Midwest ,MI,1990,"23,495",124,"5,822","1,537","6,981",0,"37,489",706,"3,769"
Isle Royale NP,ISRO,National Park,Midwest ,MI,1991,"22,004",168,"5,850","1,852","6,902",0,"38,148",876,"3,239"
Isle Royale NP,ISRO,National Park,Midwest ,MI,1992,"22,728",196,"5,964","1,456","7,397",0,"39,663",915,"2,243"
Isle Royale NP,ISRO,National Park,Midwest ,MI,1993,"21,983",133,"5,689","1,616","8,058",0,"40,690",784,"3,154"
Isle Royale NP,ISRO,National Park,Midwest ,MI,1994,"24,843",198,"4,994","1,628","8,665",0,"43,673","1,192","4,262"
Isle Royale NP,ISRO,National Park,Midwest ,MI,1995,"23,470",104,"5,201","1,397","8,178",0,"45,564",985,"4,474"
Isle Royale NP,ISRO,National Park,Midwest ,MI,1996,"23,445",135,"8,273","1,432","8,343",0,"46,625",640,"4,035"
Isle Royale NP,ISRO,National Park,Midwest ,MI,1997,"21,381",122,"7,513",869,"6,882",0,"42,112",987,"3,237"
Isle Royale NP,ISRO,National Park,Midwest ,MI,1998,"23,932",270,"6,722",840,"7,748",0,"44,426","1,487","2,729"
Isle Royale NP,ISRO,National Park,Midwest ,MI,1999,"23,493",167,"7,642",664,"7,096",0,"44,028",904,"3,681"
Isle Royale NP,ISRO,National Park,Midwest ,MI,2000,"21,096",146,"7,730",591,"7,200",0,"40,157",807,"4,170"
Isle Royale NP,ISRO,National Park,Midwest ,MI,2001,"19,431",133,"6,576",535,"6,731",0,"49,077",477,"3,575"
Isle Royale NP,ISRO,National Park,Midwest ,MI,2002,"19,463",141,"6,682",506,"5,720",0,"40,389",453,"3,800"
Isle Royale NP,ISRO,National Park,Midwest ,MI,2003,"17,800",171,"6,375",662,"5,545",0,"40,069",548,"3,726"
Isle Royale NP,ISRO,National Park,Midwest ,MI,2004,"17,276",114,"6,699",542,"4,887",0,"36,706",374,"3,402"
Isle Royale NP,ISRO,National Park,Midwest ,MI,2005,"17,398",103,"7,996",525,"4,928",0,"36,889",52,"3,670"
Isle Royale NP,ISRO,National Park,Midwest ,MI,2006,"17,070",110,"7,769",384,"5,230",0,"35,439",166,"2,994"
Isle Royale NP,ISRO,National Park,Midwest ,MI,2007,"15,973",66,"6,974",485,"5,135",0,"35,400",110,"3,265"
Isle Royale NP,ISRO,National Park,Midwest ,MI,2008,"14,038",183,"6,144",315,"5,096",0,"32,289",248,"2,369"
Isle Royale NP,ISRO,National Park,Midwest ,MI,2009,"14,653",181,"5,948",327,"4,551",0,"28,864",343,"2,831"
Isle Royale NP,ISRO,National Park,Midwest ,MI,2010,"15,793",100,"6,359",361,"5,502",0,"34,116",155,"2,615"
Isle Royale NP,ISRO,National Park,Midwest ,MI,2011,"15,892",144,"6,138",365,"5,130",0,"34,221",153,"2,780"
Isle Royale NP,ISRO,National Park,Midwest ,MI,2012,"16,663",41,"6,225",322,"5,463",0,"33,808",70,"2,178"
Isle Royale NP,ISRO,National Park,Midwest ,MI,2013,"16,274",109,"6,527",0,"5,289",0,"32,343",202,"2,253"
Isle Royale NP,ISRO,National Park,Midwest ,MI,2014,"14,560",166,"7,331",346,"5,758",0,"29,662",483,"1,671"
Isle Royale NP,ISRO,National Park,Midwest ,MI,2015,"18,684",142,"7,072",292,"5,133",0,"30,072",507,900
Isle Royale NP,ISRO,National Park,Midwest ,MI,2016,"24,966",73,"10,128",171,"3,160",0,"22,604",338,"12,665"
Isle Royale NP,ISRO,National Park,Midwest ,MI,2017,"28,196",133,"11,372",185,"3,850",0,"21,693",423,"12,538"
Isle Royale NP,ISRO,National Park,Midwest ,MI,2018,"25,798",158,"9,562",218,"5,173",0,"24,758","1,180","11,173"
Isle Royale NP,ISRO,National Park,Midwest ,MI,2019,"26,410",291,"12,308",172,"4,902",0,"26,899","1,035","9,932"
Isle Royale NP,ISRO,National Park,Midwest ,MI,2020,"6,493",150,0,0,"2,086",0,"8,024",912,"2,023"
Isle Royale NP,ISRO,National Park,Midwest ,MI,2021,"25,844",88,"8,249",258,"6,450",0,"32,128",852,"11,102"
Isle Royale NP,ISRO,National Park,Midwest ,MI,2022,"25,454",122,"11,119",217,"6,201",0,"27,619","1,954","12,003"
Isle Royale NP,ISRO,National Park,Midwest ,MI,2023,"28,965",94,"13,699",445,"6,166",0,"30,072","2,019","11,524"
Isle Royale NP,ISRO,National Park,Midwest ,MI,2024,"28,806",68,"11,468",193,"6,436",0,"29,259","1,437","18,144"
Joshua Tree NP,JOTR,National Park,Pacific West ,CA,1979,"590,543","2,439",0,0,"51,000","76,812","1,623",0,"35,068"
Joshua Tree NP,JOTR,National Park,Pacific West ,CA,1980,"545,357","2,365",0,0,"55,656","72,696","2,241",0,"27,192"
Joshua Tree NP,JOTR,National Park,Pacific West ,CA,1981,"612,966","2,521",0,0,"53,634","66,651","1,854",0,"34,788"
Joshua Tree NP,JOTR,National Park,Pacific West ,CA,1982,"673,201","2,909",0,0,"62,339","70,371","2,782",0,"29,049"
Joshua Tree NP,JOTR,National Park,Pacific West ,CA,1983,"671,426","2,918",0,0,"65,880","75,207","2,387",0,"27,135"
Joshua Tree NP,JOTR,National Park,Pacific West ,CA,1984,"663,798","2,757",0,0,"66,842","75,544","1,563",0,"13,392"
Joshua Tree NP,JOTR,National Park,Pacific West ,CA,1985,"641,172","2,826",0,0,"66,714","68,195","1,455",0,"13,630"
Joshua Tree NP,JOTR,National Park,Pacific West ,CA,1986,"783,224","3,075",0,0,"74,826","70,222","2,641",0,"21,386"
Joshua Tree NP,JOTR,National Park,Pacific West ,CA,1987,"830,085","3,371",0,0,"77,370","71,643","3,369",0,"36,730"
Joshua Tree NP,JOTR,National Park,Pacific West ,CA,1988,"955,246","3,712",0,0,"72,512","67,343","3,304",0,"43,612"
Joshua Tree NP,JOTR,National Park,Pacific West ,CA,1989,"990,214","4,041",0,0,"85,130","70,186","3,410",0,"52,540"
Joshua Tree NP,JOTR,National Park,Pacific West ,CA,1990,"1,022,396","4,034",0,0,"122,841","51,240","5,605",0,"51,631"
Joshua Tree NP,JOTR,National Park,Pacific West ,CA,1991,"1,145,458","4,568",0,0,"138,444","50,355","6,196",0,"56,578"
Joshua Tree NP,JOTR,National Park,Pacific West ,CA,1992,"1,220,539","4,707",0,0,"142,539","50,736","13,817",0,"56,496"
Joshua Tree NP,JOTR,National Park,Pacific West ,CA,1993,"1,252,401","4,527",0,0,"151,545","45,846","13,062",0,"56,108"
Joshua Tree NP,JOTR,National Park,Pacific West ,CA,1994,"1,184,871","4,304",0,0,"153,882","39,885","10,357",0,"44,165"
Joshua Tree NP,JOTR,National Park,Pacific West ,CA,1995,"1,235,702","4,280",0,0,"141,747","40,284","7,969",0,"53,887"
Joshua Tree NP,JOTR,National Park,Pacific West ,CA,1996,"1,095,046","3,743",0,0,"144,729","50,265","6,930",0,"53,398"
Joshua Tree NP,JOTR,National Park,Pacific West ,CA,1997,"1,226,273","4,420",0,0,"130,905","40,797","8,207",0,"49,564"
Joshua Tree NP,JOTR,National Park,Pacific West ,CA,1998,"1,410,312","4,987",0,0,"131,259","49,773","7,800",0,"57,040"
Joshua Tree NP,JOTR,National Park,Pacific West ,CA,1999,"1,316,340","4,551",0,0,"134,982","55,785","6,383",0,"56,492"
Joshua Tree NP,JOTR,National Park,Pacific West ,CA,2000,"1,233,935","4,323",0,0,"139,671","49,026","7,379",0,"49,380"
Joshua Tree NP,JOTR,National Park,Pacific West ,CA,2001,"1,280,917","4,782",0,0,"128,532","44,856","5,868",0,"55,143"
Joshua Tree NP,JOTR,National Park,Pacific West ,CA,2002,"1,178,376","4,314",0,0,"175,536","47,526","6,919",0,"48,163"
Joshua Tree NP,JOTR,National Park,Pacific West ,CA,2003,"1,283,346","4,639",0,0,"191,480","44,085","5,384",0,"48,530"
Joshua Tree NP,JOTR,National Park,Pacific West ,CA,2004,"1,243,659","4,444",0,0,"148,168","33,126","7,407",0,"56,467"
Joshua Tree NP,JOTR,National Park,Pacific West ,CA,2005,"1,375,111","4,978",0,0,"148,036","61,872","5,875",0,"52,648"
Joshua Tree NP,JOTR,National Park,Pacific West ,CA,2006,"1,256,421","4,549",0,0,"150,400","39,324","5,497",0,"55,754"
Joshua Tree NP,JOTR,National Park,Pacific West ,CA,2007,"1,298,979","4,807",0,0,"157,028","40,032","4,739",0,"55,666"
Joshua Tree NP,JOTR,National Park,Pacific West ,CA,2008,"1,392,446","5,108",0,0,"131,380","34,809","3,865",0,"64,566"
Joshua Tree NP,JOTR,National Park,Pacific West ,CA,2009,"1,304,471","4,823",0,0,"159,456","37,821","5,592",0,"63,357"
Joshua Tree NP,JOTR,National Park,Pacific West ,CA,2010,"1,434,976","5,265",0,0,"165,152","43,704","8,041",0,"70,868"
Joshua Tree NP,JOTR,National Park,Pacific West ,CA,2011,"1,396,237","5,153",0,0,"164,380","40,692","8,664",0,"67,808"
Joshua Tree NP,JOTR,National Park,Pacific West ,CA,2012,"1,396,117","5,106",0,0,"179,412","46,530","9,983",0,"62,957"
Joshua Tree NP,JOTR,National Park,Pacific West ,CA,2013,"1,383,340","4,956",0,0,"181,056","46,758","9,899",0,"72,977"
Joshua Tree NP,JOTR,National Park,Pacific West ,CA,2014,"1,589,904","5,820",0,0,"192,548","62,214","10,604",0,"80,494"
Joshua Tree NP,JOTR,National Park,Pacific West ,CA,2015,"2,025,756","7,680",0,0,"222,184","74,952","14,141",0,"74,085"
Joshua Tree NP,JOTR,National Park,Pacific West ,CA,2016,"2,505,286","9,553",0,0,"232,964","65,409","21,195",0,"77,972"
Joshua Tree NP,JOTR,National Park,Pacific West ,CA,2017,"2,853,619","10,688",0,0,"250,384","78,135","19,590",0,"72,201"
Joshua Tree NP,JOTR,National Park,Pacific West ,CA,2018,"2,942,382","10,516",0,0,"222,228","73,485","19,437",0,"77,206"
Joshua Tree NP,JOTR,National Park,Pacific West ,CA,2019,"2,988,547","10,442",0,0,"232,300","78,192","18,184",0,"60,997"
Joshua Tree NP,JOTR,National Park,Pacific West ,CA,2020,"2,399,542","9,028",0,0,"179,600","54,393","8,915",0,"26,673"
Joshua Tree NP,JOTR,National Park,Pacific West ,CA,2021,"3,064,400","11,345",0,0,"198,248","75,690","14,916",0,"58,665"
Joshua Tree NP,JOTR,National Park,Pacific West ,CA,2022,"3,058,294","11,329",0,0,"211,452","97,494","12,591",0,"74,494"
Joshua Tree NP,JOTR,National Park,Pacific West ,CA,2023,"3,270,404","12,171",0,0,"200,056","101,514","17,396",0,"77,092"
Joshua Tree NP,JOTR,National Park,Pacific West ,CA,2024,"2,991,874","10,704",0,0,"194,464","111,471","16,604",0,"71,818"
Katmai NP & PRES,KATM,National Park,Alaska,AK,1979,"10,659",47,"3,377",0,"2,746",0,"1,703",139,303
Katmai NP & PRES,KATM,National Park,Alaska,AK,1980,"11,824",44,"2,772",0,"1,589",0,"1,328",138,292
Katmai NP & PRES,KATM,National Park,Alaska,AK,1981,"13,115",25,"2,947",0,"2,396",0,"1,339",61,290
Katmai NP & PRES,KATM,National Park,Alaska,AK,1982,"14,377",106,"2,918",0,"2,751",0,"1,739",235,245
Katmai NP & PRES,KATM,National Park,Alaska,AK,1983,"11,182",157,"2,908",0,769,0,190,157,20
Katmai NP & PRES,KATM,National Park,Alaska,AK,1984,"20,074",255,"3,596",0,"2,588",12,367,235,0
Katmai NP & PRES,KATM,National Park,Alaska,AK,1985,"25,142",198,"3,828",0,674,0,387,165,0
Katmai NP & PRES,KATM,National Park,Alaska,AK,1986,"41,663",113,"3,634",0,"2,368",0,"2,564",78,0
Katmai NP & PRES,KATM,National Park,Alaska,AK,1987,"38,212",98,"4,334",0,"2,253",0,"2,038",68,13
Katmai NP & PRES,KATM,National Park,Alaska,AK,1988,"45,710",20,"3,231",0,"3,157",0,"3,079",9,141
Katmai NP & PRES,KATM,National Park,Alaska,AK,1989,"40,247","9,007","3,740",0,"3,227",0,"2,901","2,172",30
Katmai NP & PRES,KATM,National Park,Alaska,AK,1990,"40,778","1,991","3,599",0,"3,133",0,"5,812",497,0
Katmai NP & PRES,KATM,National Park,Alaska,AK,1991,"41,417",151,"3,678",0,"3,564",0,"5,327",56,0
Katmai NP & PRES,KATM,National Park,Alaska,AK,1992,"46,196",117,"3,998",0,"3,683",0,"5,424",224,0
Katmai NP & PRES,KATM,National Park,Alaska,AK,1993,"53,421",201,"3,820",0,"3,653",0,"8,159",775,30
Katmai NP & PRES,KATM,National Park,Alaska,AK,1994,"55,728",896,"4,813",0,"3,705",0,"10,422",395,0
Katmai NP & PRES,KATM,National Park,Alaska,AK,1995,0,0,0,0,0,0,0,0,0
Katmai NP & PRES,KATM,National Park,Alaska,AK,1997,"18,802",0,"4,128",0,"2,724",0,"8,365",0,0
Katmai NP & PRES,KATM,National Park,Alaska,AK,1998,"45,470",75,"5,030",0,"1,269",0,"6,667",913,786
Katmai NP & PRES,KATM,National Park,Alaska,AK,1999,"51,399",260,"4,046",0,"3,025",0,"12,952","2,700","1,777"
Katmai NP & PRES,KATM,National Park,Alaska,AK,2000,"71,389",333,"3,908",0,"3,084",0,"21,231",363,259
Katmai NP & PRES,KATM,National Park,Alaska,AK,2001,"67,038",338,"3,501",0,"2,315",0,"20,903",373,134
Katmai NP & PRES,KATM,National Park,Alaska,AK,2002,"59,025",338,"4,040",0,"2,315",0,"21,186",373,134
Katmai NP & PRES,KATM,National Park,Alaska,AK,2003,"51,589",21,"3,775",0,"2,043",0,345,226,0
Katmai NP & PRES,KATM,National Park,Alaska,AK,2004,"56,787",348,"3,899",0,"2,521",0,316,0,0
Katmai NP & PRES,KATM,National Park,Alaska,AK,2005,"54,274",348,"4,216",0,"2,881",0,653,0,0
Katmai NP & PRES,KATM,National Park,Alaska,AK,2006,"68,630",335,"4,096",0,"2,873",0,461,0,0
Katmai NP & PRES,KATM,National Park,Alaska,AK,2007,"82,634",325,"3,362",0,"2,296",0,494,0,0
Katmai NP & PRES,KATM,National Park,Alaska,AK,2008,"7,970",0,"1,156",0,0,0,0,0,0
Katmai NP & PRES,KATM,National Park,Alaska,AK,2009,"43,035",250,"2,368",0,"1,993",0,383,0,0
Katmai NP & PRES,KATM,National Park,Alaska,AK,2010,"55,172",0,"3,895",0,"2,319",0,483,0,0
Katmai NP & PRES,KATM,National Park,Alaska,AK,2011,"48,939",13,"3,825",0,"4,014",0,400,0,0
Katmai NP & PRES,KATM,National Park,Alaska,AK,2012,"39,818",0,"4,219",0,"3,547",0,"2,754",0,0
Katmai NP & PRES,KATM,National Park,Alaska,AK,2013,"28,966",0,"4,216",0,"2,881",0,483,0,0
Katmai NP & PRES,KATM,National Park,Alaska,AK,2014,"30,896",0,"4,216",0,"1,898",0,483,0,0
Katmai NP & PRES,KATM,National Park,Alaska,AK,2015,"37,818",0,"4,216",0,"2,098",0,483,0,0
Katmai NP & PRES,KATM,National Park,Alaska,AK,2016,"37,818",0,"4,216",0,"2,098",0,483,0,0
Katmai NP & PRES,KATM,National Park,Alaska,AK,2017,"37,818",0,"4,216",0,"2,098",0,483,0,0
Katmai NP & PRES,KATM,National Park,Alaska,AK,2018,"37,818",0,"4,216",0,"2,098",0,483,0,0
Katmai NP & PRES,KATM,National Park,Alaska,AK,2019,"84,167",0,"4,268",0,"2,560",0,458,0,0
Katmai NP & PRES,KATM,National Park,Alaska,AK,2020,"51,511",700,654,0,0,0,"20,298",480,70
Katmai NP & PRES,KATM,National Park,Alaska,AK,2021,"24,764","6,266","4,577",0,"2,585",0,"3,491",909,0
Katmai NP & PRES,KATM,National Park,Alaska,AK,2022,"33,908","7,536","4,867",0,"5,812",0,"5,391","1,965",0
Katmai NP & PRES,KATM,National Park,Alaska,AK,2023,"33,763","7,025","4,947",0,"6,172",0,"5,564","2,408",0
Katmai NP & PRES,KATM,National Park,Alaska,AK,2024,"36,230","7,547","5,190",0,"5,921",0,"3,766","1,498",0
Kenai Fjords NP,KEFJ,National Park,Alaska,AK,1982,"16,118",465,27,0,0,0,478,669,0
Kenai Fjords NP,KEFJ,National Park,Alaska,AK,1983,"24,048",360,126,0,0,0,451,"1,018",24
Kenai Fjords NP,KEFJ,National Park,Alaska,AK,1984,"30,703",254,16,0,0,0,561,121,0
Kenai Fjords NP,KEFJ,National Park,Alaska,AK,1985,"35,758",480,0,0,0,0,"1,430",961,160
Kenai Fjords NP,KEFJ,National Park,Alaska,AK,1986,"54,296",470,0,0,340,0,"1,762",814,294
Kenai Fjords NP,KEFJ,National Park,Alaska,AK,1987,"60,428",646,0,0,769,0,"1,934",634,578
Kenai Fjords NP,KEFJ,National Park,Alaska,AK,1988,"59,017",516,74,8,271,35,7,0,34
Kenai Fjords NP,KEFJ,National Park,Alaska,AK,1989,"75,557","1,939",91,76,243,0,427,18,63
Kenai Fjords NP,KEFJ,National Park,Alaska,AK,1990,"66,115",797,145,39,571,66,417,55,15
Kenai Fjords NP,KEFJ,National Park,Alaska,AK,1991,"107,041",932,0,0,712,222,"1,098",196,34
Kenai Fjords NP,KEFJ,National Park,Alaska,AK,1992,"108,130",686,0,0,862,62,80,5,108
Kenai Fjords NP,KEFJ,National Park,Alaska,AK,1993,"189,712",751,0,0,784,74,12,245,12
Kenai Fjords NP,KEFJ,National Park,Alaska,AK,1994,"209,516","1,005",0,0,"1,320",30,44,0,16
Kenai Fjords NP,KEFJ,National Park,Alaska,AK,1995,"230,657","1,051",0,0,"1,882",8,90,14,0
Kenai Fjords NP,KEFJ,National Park,Alaska,AK,1996,"274,034",930,0,0,"2,074",0,38,0,10
Kenai Fjords NP,KEFJ,National Park,Alaska,AK,1997,"306,164","1,255",0,0,"1,818",72,20,9,0
Kenai Fjords NP,KEFJ,National Park,Alaska,AK,1998,"263,948","1,800",0,0,"1,928",332,"1,487",0,0
Kenai Fjords NP,KEFJ,National Park,Alaska,AK,1999,"290,673",0,0,0,"1,628",86,"2,989",0,0
Kenai Fjords NP,KEFJ,National Park,Alaska,AK,2000,"254,790",0,0,0,"1,292",28,"2,342",0,0
Kenai Fjords NP,KEFJ,National Park,Alaska,AK,2001,"262,353",0,0,0,"1,574",0,"2,973",0,0
Kenai Fjords NP,KEFJ,National Park,Alaska,AK,2002,"251,799",0,0,0,"1,032",52,"2,704",0,0
Kenai Fjords NP,KEFJ,National Park,Alaska,AK,2003,"243,719",0,0,0,34,164,"2,387",0,0
Kenai Fjords NP,KEFJ,National Park,Alaska,AK,2004,"244,232",0,0,0,"1,184",66,"1,840",0,0
Kenai Fjords NP,KEFJ,National Park,Alaska,AK,2005,"258,297",0,0,0,"1,718",0,"1,479",0,0
Kenai Fjords NP,KEFJ,National Park,Alaska,AK,2006,"251,630",0,0,0,"1,236",0,"1,637",0,0
Kenai Fjords NP,KEFJ,National Park,Alaska,AK,2007,"284,604",0,0,0,"1,460",0,195,0,0
Kenai Fjords NP,KEFJ,National Park,Alaska,AK,2008,"272,190",0,0,0,"1,478",0,194,0,0
Kenai Fjords NP,KEFJ,National Park,Alaska,AK,2009,"218,358",0,0,0,"1,146",0,953,0,0
Kenai Fjords NP,KEFJ,National Park,Alaska,AK,2010,"297,596",0,0,0,"1,284",0,"1,692",0,0
Kenai Fjords NP,KEFJ,National Park,Alaska,AK,2011,"346,852",0,0,0,"1,250",0,541,0,0
Kenai Fjords NP,KEFJ,National Park,Alaska,AK,2012,"281,279",0,0,0,986,0,514,0,0
Kenai Fjords NP,KEFJ,National Park,Alaska,AK,2013,"283,502",0,0,0,822,0,279,0,0
Kenai Fjords NP,KEFJ,National Park,Alaska,AK,2014,"270,666",0,0,0,"1,130",0,432,0,0
Kenai Fjords NP,KEFJ,National Park,Alaska,AK,2015,"296,697",0,0,0,"1,434",0,640,0,0
Kenai Fjords NP,KEFJ,National Park,Alaska,AK,2016,"346,534",0,0,0,"1,514",0,648,0,0
Kenai Fjords NP,KEFJ,National Park,Alaska,AK,2017,"303,598",0,0,0,"1,176",0,674,0,0
Kenai Fjords NP,KEFJ,National Park,Alaska,AK,2018,"321,596",0,0,0,"1,080",0,676,0,0
Kenai Fjords NP,KEFJ,National Park,Alaska,AK,2019,"356,601",0,0,0,"1,076",0,566,0,0
Kenai Fjords NP,KEFJ,National Park,Alaska,AK,2020,"115,882",0,0,0,0,0,122,0,0
Kenai Fjords NP,KEFJ,National Park,Alaska,AK,2021,"411,782",0,0,0,694,0,32,0,632
Kenai Fjords NP,KEFJ,National Park,Alaska,AK,2022,"389,943",0,0,0,556,0,70,0,994
Kenai Fjords NP,KEFJ,National Park,Alaska,AK,2023,"387,525",0,0,0,688,0,57,0,665
Kenai Fjords NP,KEFJ,National Park,Alaska,AK,2024,"419,468",0,0,0,732,0,88,0,717
Kings Canyon NP,KICA,National Park,Pacific West ,CA,1979,"804,175","5,117","20,301",0,"85,137","83,371","98,697",0,0
Kings Canyon NP,KICA,National Park,Pacific West ,CA,1980,"819,065","4,730","22,377",0,"97,297","85,485","137,636",0,0
Kings Canyon NP,KICA,National Park,Pacific West ,CA,1981,"776,850","3,567","24,408",0,"103,838","92,848","92,294",0,0
Kings Canyon NP,KICA,National Park,Pacific West ,CA,1982,"831,044","3,764","23,788",0,"88,319","69,442","81,894",0,0
Kings Canyon NP,KICA,National Park,Pacific West ,CA,1983,"765,755","3,691","22,092",0,"99,991","66,500","103,033",0,0
Kings Canyon NP,KICA,National Park,Pacific West ,CA,1984,"937,262","3,253","22,196",0,"65,324","87,220","97,636",0,0
Kings Canyon NP,KICA,National Park,Pacific West ,CA,1985,"874,456","2,880","25,168",0,"100,542","70,031","73,582",0,0
Kings Canyon NP,KICA,National Park,Pacific West ,CA,1986,"1,028,785","2,102","25,752",0,"90,911","76,707","74,032",0,0
Kings Canyon NP,KICA,National Park,Pacific West ,CA,1987,"1,081,172","4,494","26,769",0,"84,136","87,653","85,204",0,0
Kings Canyon NP,KICA,National Park,Pacific West ,CA,1988,"1,007,695","4,336","27,257",0,"110,663","71,433","77,904",0,0
Kings Canyon NP,KICA,National Park,Pacific West ,CA,1989,"1,037,349","3,587","28,084",0,"129,826","67,446","64,143",0,0
Kings Canyon NP,KICA,National Park,Pacific West ,CA,1990,"1,062,867","3,878","26,356",0,"127,396","79,121","69,202",0,0
Kings Canyon NP,KICA,National Park,Pacific West ,CA,1991,"1,071,022","3,143","30,806",0,"116,295","62,776","65,050",0,0
Kings Canyon NP,KICA,National Park,Pacific West ,CA,1992,"637,446","1,918","34,137",0,"104,432","54,142","89,208",0,"10,894"
Kings Canyon NP,KICA,National Park,Pacific West ,CA,1993,"636,515","3,260","31,311",0,"104,722","46,565","77,229",0,"7,894"
Kings Canyon NP,KICA,National Park,Pacific West ,CA,1994,"725,930","1,232","32,930",0,"97,928","46,173","83,523",0,"5,044"
Kings Canyon NP,KICA,National Park,Pacific West ,CA,1995,"832,794","5,271","35,404",0,"110,476","43,343","62,982",0,"7,314"
Kings Canyon NP,KICA,National Park,Pacific West ,CA,1996,"502,749","10,272","35,083",0,"90,093","39,574","54,392",0,"6,730"
Kings Canyon NP,KICA,National Park,Pacific West ,CA,1997,"484,718","26,450","31,403",0,"89,635","42,568","54,058",0,"5,557"
Kings Canyon NP,KICA,National Park,Pacific West ,CA,1998,"540,212","27,497","31,518",0,"85,114","34,828","61,782",0,"6,697"
Kings Canyon NP,KICA,National Park,Pacific West ,CA,1999,"559,534","33,886","38,868",0,"86,076","37,192","72,314",0,"6,591"
Kings Canyon NP,KICA,National Park,Pacific West ,CA,2000,"528,987","31,108","45,592",0,"73,865","31,634","59,701",0,"6,067"
Kings Canyon NP,KICA,National Park,Pacific West ,CA,2001,"541,787","33,345","46,114",0,"71,608","30,265","81,057",0,"6,574"
Kings Canyon NP,KICA,National Park,Pacific West ,CA,2002,"545,420","32,062","35,003",0,"74,123","29,707","54,484",0,"5,299"
Kings Canyon NP,KICA,National Park,Pacific West ,CA,2003,"555,987","21,749","38,501",0,"72,909","28,751","64,369",0,"9,777"
Kings Canyon NP,KICA,National Park,Pacific West ,CA,2004,"525,035","21,336","34,131",0,"62,464","26,032","15,002",0,"46,865"
Kings Canyon NP,KICA,National Park,Pacific West ,CA,2005,"594,893","18,039","34,785",0,"71,131","32,123","12,793",0,"17,223"
Kings Canyon NP,KICA,National Park,Pacific West ,CA,2006,"552,766","21,603","25,909",0,"67,448","29,532","15,697",0,"14,651"
Kings Canyon NP,KICA,National Park,Pacific West ,CA,2007,"580,129","20,325","39,493",0,"69,607","32,954","11,760",0,"13,821"
Kings Canyon NP,KICA,National Park,Pacific West ,CA,2008,"574,870","20,339","40,246",0,"74,367","35,710","14,180",0,"15,701"
Kings Canyon NP,KICA,National Park,Pacific West ,CA,2009,"609,296","20,452","40,126",0,"77,583","32,897","14,309",0,"17,163"
Kings Canyon NP,KICA,National Park,Pacific West ,CA,2010,"598,205","21,664","39,752",0,"85,501","37,422","15,203",0,"13,550"
Kings Canyon NP,KICA,National Park,Pacific West ,CA,2011,"566,810","21,603","38,281",0,"83,502","30,611","11,186",0,"18,695"
Kings Canyon NP,KICA,National Park,Pacific West ,CA,2012,"591,033","21,702","26,215",0,"80,529","33,044","12,121",0,"17,952"
Kings Canyon NP,KICA,National Park,Pacific West ,CA,2013,"567,544","19,733","43,597",0,"77,260","29,558","13,303",0,"22,016"
Kings Canyon NP,KICA,National Park,Pacific West ,CA,2014,"502,268","27,328","50,938",0,"81,537","25,783","15,603",0,"19,560"
Kings Canyon NP,KICA,National Park,Pacific West ,CA,2015,"468,106","31,756","47,293",0,"73,622","24,531","10,765",0,"1,871"
Kings Canyon NP,KICA,National Park,Pacific West ,CA,2016,"607,479","30,638","50,079",0,"110,490","32,686","12,046",0,"2,397"
Kings Canyon NP,KICA,National Park,Pacific West ,CA,2017,"692,932","28,326","55,293",0,"124,284","37,906","25,645",0,"2,601"
Kings Canyon NP,KICA,National Park,Pacific West ,CA,2018,"699,023","28,923","58,563",0,"114,921","40,043","23,876",0,"2,341"
Kings Canyon NP,KICA,National Park,Pacific West ,CA,2019,"632,110","29,261","57,092",0,"103,643","32,589","15,650",0,"2,411"
Kings Canyon NP,KICA,National Park,Pacific West ,CA,2020,"415,077","17,122","11,461",0,"17,846","4,328","10,831",0,0
Kings Canyon NP,KICA,National Park,Pacific West ,CA,2021,"562,918","23,976","26,593",0,"135,611","37,842","12,297",0,0
Kings Canyon NP,KICA,National Park,Pacific West ,CA,2022,"640,986","27,247","35,167",0,"111,236","34,940","13,798",0,"1,934"
Kings Canyon NP,KICA,National Park,Pacific West ,CA,2023,"643,065","24,225","17,439",0,"49,300","18,088","4,707",0,910
Kings Canyon NP,KICA,National Park,Pacific West ,CA,2024,"699,389","25,305","33,935",0,"59,081","25,850","10,361",0,"1,302"
Kobuk Valley NP,KOVA,National Park,Alaska,AK,1982,"3,775","4,305",0,0,0,0,895,650,0
Kobuk Valley NP,KOVA,National Park,Alaska,AK,1983,"2,365","2,810",0,0,0,0,100,"1,115",0
Kobuk Valley NP,KOVA,National Park,Alaska,AK,1984,"1,075","7,015",0,0,0,0,145,440,0
Kobuk Valley NP,KOVA,National Park,Alaska,AK,1985,"1,305","6,540",0,0,0,0,240,"1,080",0
Kobuk Valley NP,KOVA,National Park,Alaska,AK,1986,"1,085","4,550",0,0,0,0,185,"1,080",0
Kobuk Valley NP,KOVA,National Park,Alaska,AK,1987,230,"5,090",0,0,0,0,120,640,0
Kobuk Valley NP,KOVA,National Park,Alaska,AK,1988,"2,275","5,635",0,0,0,0,640,"1,430",0
Kobuk Valley NP,KOVA,National Park,Alaska,AK,1989,"1,970","4,735",0,0,0,0,355,700,0
Kobuk Valley NP,KOVA,National Park,Alaska,AK,1990,"2,586","4,745",0,0,0,0,253,557,0
Kobuk Valley NP,KOVA,National Park,Alaska,AK,1991,"2,795","4,812",0,0,0,0,243,518,0
Kobuk Valley NP,KOVA,National Park,Alaska,AK,1992,"2,829","5,500",0,0,0,0,259,554,0
Kobuk Valley NP,KOVA,National Park,Alaska,AK,1993,"2,816","5,759",0,0,0,0,262,531,0
Kobuk Valley NP,KOVA,National Park,Alaska,AK,1994,"2,781","5,678",0,0,0,0,256,510,0
Kobuk Valley NP,KOVA,National Park,Alaska,AK,1995,"2,781","5,678",0,0,0,0,0,0,0
Kobuk Valley NP,KOVA,National Park,Alaska,AK,1996,"2,781","5,678",0,0,0,0,256,0,0
Kobuk Valley NP,KOVA,National Park,Alaska,AK,1997,"2,781","5,678",0,0,0,0,256,510,0
Kobuk Valley NP,KOVA,National Park,Alaska,AK,1998,"5,550","6,600",0,0,0,0,0,0,0
Kobuk Valley NP,KOVA,National Park,Alaska,AK,1999,"6,309","7,400",0,0,0,0,0,0,0
Kobuk Valley NP,KOVA,National Park,Alaska,AK,2000,"2,646","5,650",0,0,0,0,0,250,0
Kobuk Valley NP,KOVA,National Park,Alaska,AK,2001,"4,217","6,970",0,0,0,0,0,0,0
Kobuk Valley NP,KOVA,National Park,Alaska,AK,2002,"4,046","7,150",0,0,0,0,50,100,0
Kobuk Valley NP,KOVA,National Park,Alaska,AK,2003,"4,006","4,690",0,0,0,0,35,350,0
Kobuk Valley NP,KOVA,National Park,Alaska,AK,2004,"4,744","4,620",0,0,0,0,0,0,0
Kobuk Valley NP,KOVA,National Park,Alaska,AK,2005,"5,037","4,374",0,0,0,0,148,401,0
Kobuk Valley NP,KOVA,National Park,Alaska,AK,2006,"3,005","2,161",0,0,0,0,509,"1,253",0
Kobuk Valley NP,KOVA,National Park,Alaska,AK,2007,847,"1,341",0,0,0,0,292,"1,039",0
Kobuk Valley NP,KOVA,National Park,Alaska,AK,2008,"1,565","1,365",0,0,0,0,334,"1,321",0
Kobuk Valley NP,KOVA,National Park,Alaska,AK,2009,"1,879","1,326",0,0,0,0,818,"1,148",0
Kobuk Valley NP,KOVA,National Park,Alaska,AK,2010,"3,164",370,0,0,0,0,503,246,0
Kobuk Valley NP,KOVA,National Park,Alaska,AK,2011,"11,485","4,843",0,0,0,0,"4,896","4,819",0
Kobuk Valley NP,KOVA,National Park,Alaska,AK,2012,"29,550","14,300",0,0,0,0,"8,400","8,500",0
Kobuk Valley NP,KOVA,National Park,Alaska,AK,2013,"16,875","7,180",0,0,0,0,"5,925","6,975",0
Kobuk Valley NP,KOVA,National Park,Alaska,AK,2014,0,0,0,0,0,0,0,0,0
Kobuk Valley NP,KOVA,National Park,Alaska,AK,2015,0,0,0,0,0,0,0,0,0
Kobuk Valley NP,KOVA,National Park,Alaska,AK,2016,"15,500","7,750",0,0,0,0,"7,050","7,100",0
Kobuk Valley NP,KOVA,National Park,Alaska,AK,2017,"15,500","7,750",0,0,0,0,"7,050","7,100",0
Kobuk Valley NP,KOVA,National Park,Alaska,AK,2018,"14,937","7,750",0,0,0,0,"7,050","5,350",0
Kobuk Valley NP,KOVA,National Park,Alaska,AK,2019,"15,766","7,750",0,0,0,0,"7,050","7,100",0
Kobuk Valley NP,KOVA,National Park,Alaska,AK,2020,"11,185","7,961",0,0,0,0,"4,888","5,660",0
Kobuk Valley NP,KOVA,National Park,Alaska,AK,2021,"11,540","6,530",0,0,0,0,"5,164","5,860",0
Kobuk Valley NP,KOVA,National Park,Alaska,AK,2022,"16,925","7,750",0,0,0,0,"7,350","6,800",0
Kobuk Valley NP,KOVA,National Park,Alaska,AK,2023,"17,616","7,700",0,0,0,0,"6,675","7,150",0
Kobuk Valley NP,KOVA,National Park,Alaska,AK,2024,"17,233","7,621",0,0,0,0,"6,301","6,856",0
Lake Clark NP & PRES,LACL,National Park,Alaska,AK,1982,"10,440","4,240",0,0,0,0,"1,612",90,0
Lake Clark NP & PRES,LACL,National Park,Alaska,AK,1983,"12,332","5,243",0,0,0,0,816,"1,145",0
Lake Clark NP & PRES,LACL,National Park,Alaska,AK,1984,"12,505","4,777",0,0,0,0,"1,232","2,091",0
Lake Clark NP & PRES,LACL,National Park,Alaska,AK,1985,"12,701","5,659",0,0,0,0,"2,332","3,750",0
Lake Clark NP & PRES,LACL,National Park,Alaska,AK,1986,"13,611","7,031",0,0,0,0,"1,975","2,863",0
Lake Clark NP & PRES,LACL,National Park,Alaska,AK,1987,"16,418","5,720",0,0,0,0,"2,967",3,0
Lake Clark NP & PRES,LACL,National Park,Alaska,AK,1988,"18,863","6,208",0,0,0,0,"2,962",0,0
Lake Clark NP & PRES,LACL,National Park,Alaska,AK,1989,"14,879","6,773",0,0,0,0,363,6,0
Lake Clark NP & PRES,LACL,National Park,Alaska,AK,1990,"10,196","3,761",0,0,0,0,"1,012",0,0
Lake Clark NP & PRES,LACL,National Park,Alaska,AK,1991,"4,133",66,0,0,0,0,859,22,0
Lake Clark NP & PRES,LACL,National Park,Alaska,AK,1992,"9,233",0,0,0,0,0,"2,381",0,0
Lake Clark NP & PRES,LACL,National Park,Alaska,AK,1993,"12,153",0,0,0,0,0,"2,369",0,0
Lake Clark NP & PRES,LACL,National Park,Alaska,AK,1994,"12,143",0,0,0,0,0,"2,737",0,0
Lake Clark NP & PRES,LACL,National Park,Alaska,AK,1995,"12,698",0,0,0,0,0,"3,302",0,0
Lake Clark NP & PRES,LACL,National Park,Alaska,AK,1996,"12,727",0,0,0,0,0,"3,119",0,0
Lake Clark NP & PRES,LACL,National Park,Alaska,AK,1997,"9,173",0,0,0,0,0,"3,184",0,0
Lake Clark NP & PRES,LACL,National Park,Alaska,AK,1998,"11,335",0,0,0,0,0,"3,008",0,0
Lake Clark NP & PRES,LACL,National Park,Alaska,AK,1999,"6,190",0,0,0,0,0,"2,878",0,0
Lake Clark NP & PRES,LACL,National Park,Alaska,AK,2000,"6,493",0,0,0,0,0,"2,009",0,0
Lake Clark NP & PRES,LACL,National Park,Alaska,AK,2001,"4,397",0,0,0,0,0,"2,338",0,0
Lake Clark NP & PRES,LACL,National Park,Alaska,AK,2002,"4,325",0,0,0,0,0,"2,350",0,0
Lake Clark NP & PRES,LACL,National Park,Alaska,AK,2003,"4,505",0,0,0,0,0,"1,970",0,0
Lake Clark NP & PRES,LACL,National Park,Alaska,AK,2004,"4,906",0,0,0,0,0,"2,000",0,0
Lake Clark NP & PRES,LACL,National Park,Alaska,AK,2005,"5,408",0,0,0,0,0,"1,960",0,0
Lake Clark NP & PRES,LACL,National Park,Alaska,AK,2006,"5,320",0,0,0,0,0,"1,665",0,0
Lake Clark NP & PRES,LACL,National Park,Alaska,AK,2007,"5,549",0,0,0,0,0,"1,477",0,0
Lake Clark NP & PRES,LACL,National Park,Alaska,AK,2008,"6,802",0,0,0,0,0,"2,346",0,0
Lake Clark NP & PRES,LACL,National Park,Alaska,AK,2009,"9,711",0,0,0,0,0,"3,321",0,0
Lake Clark NP & PRES,LACL,National Park,Alaska,AK,2010,"9,931",0,0,0,0,0,"5,149",0,0
Lake Clark NP & PRES,LACL,National Park,Alaska,AK,2011,"5,158",0,0,0,0,0,"1,931",0,0
Lake Clark NP & PRES,LACL,National Park,Alaska,AK,2012,"11,639",0,0,0,0,0,"3,237",0,0
Lake Clark NP & PRES,LACL,National Park,Alaska,AK,2013,"13,000",0,0,0,0,0,"2,376",0,0
Lake Clark NP & PRES,LACL,National Park,Alaska,AK,2014,"16,100",0,0,0,0,0,"2,174",0,0
Lake Clark NP & PRES,LACL,National Park,Alaska,AK,2015,"17,818",0,0,0,0,0,"2,166",0,0
Lake Clark NP & PRES,LACL,National Park,Alaska,AK,2016,"21,102",0,0,0,0,0,"6,486",0,0
Lake Clark NP & PRES,LACL,National Park,Alaska,AK,2017,"22,755",0,0,0,0,0,"7,198",0,0
Lake Clark NP & PRES,LACL,National Park,Alaska,AK,2018,"14,479",0,0,0,0,0,"7,198",0,0
Lake Clark NP & PRES,LACL,National Park,Alaska,AK,2019,"17,157",0,0,0,0,0,686,0,0
Lake Clark NP & PRES,LACL,National Park,Alaska,AK,2020,"4,948",0,0,0,0,0,"3,048",0,0
Lake Clark NP & PRES,LACL,National Park,Alaska,AK,2021,"18,278","2,771",0,0,0,0,"6,054","1,484",139
Lake Clark NP & PRES,LACL,National Park,Alaska,AK,2022,"18,187","2,722",0,0,0,0,"5,421","1,752",331
Lake Clark NP & PRES,LACL,National Park,Alaska,AK,2023,"16,728","3,223",0,0,0,0,"4,555","1,428",396
Lake Clark NP & PRES,LACL,National Park,Alaska,AK,2024,"18,505","3,214",0,0,0,0,"7,760","3,035",372
Lassen Volcanic NP,LAVO,National Park,Pacific West ,CA,1979,"380,014",0,"3,495",0,"39,225","32,202","11,462",0,"4,755"
Lassen Volcanic NP,LAVO,National Park,Pacific West ,CA,1980,"394,425",0,"3,551",0,"41,830","25,072","11,266",0,"5,402"
Lassen Volcanic NP,LAVO,National Park,Pacific West ,CA,1981,"415,045",0,"4,492",0,"51,510","31,926","12,306",0,"3,915"
Lassen Volcanic NP,LAVO,National Park,Pacific West ,CA,1982,"414,859",0,"4,300",0,"45,405","27,013","10,002",0,"3,541"
Lassen Volcanic NP,LAVO,National Park,Pacific West ,CA,1983,"429,867",0,"3,573","33,216","15,611","7,093","8,669",0,"5,006"
Lassen Volcanic NP,LAVO,National Park,Pacific West ,CA,1984,"463,275",0,"4,099","38,121","24,852","15,082","8,089",0,"5,064"
Lassen Volcanic NP,LAVO,National Park,Pacific West ,CA,1985,"451,497",0,"4,732","29,863","29,871","10,586","8,480",0,"3,676"
Lassen Volcanic NP,LAVO,National Park,Pacific West ,CA,1986,"439,723",0,"4,934","38,232","27,207","11,991","7,599",0,"4,968"
Lassen Volcanic NP,LAVO,National Park,Pacific West ,CA,1987,"472,431",0,"4,644","42,568","30,989","13,014","7,995",0,"6,533"
Lassen Volcanic NP,LAVO,National Park,Pacific West ,CA,1988,"495,628",0,"5,215",0,"56,292","31,173","7,030",0,"6,500"
Lassen Volcanic NP,LAVO,National Park,Pacific West ,CA,1989,"466,115",0,"5,209",0,"55,746","33,226","7,014",0,"6,450"
Lassen Volcanic NP,LAVO,National Park,Pacific West ,CA,1990,"460,917",0,"5,484",0,"57,961","33,827","9,139",0,"6,782"
Lassen Volcanic NP,LAVO,National Park,Pacific West ,CA,1991,"463,179",0,"5,402",0,"76,683","37,488","8,440",0,950
Lassen Volcanic NP,LAVO,National Park,Pacific West ,CA,1992,"468,011",0,"6,146",0,"81,369","39,321","7,052",0,"3,048"
Lassen Volcanic NP,LAVO,National Park,Pacific West ,CA,1993,"434,264",0,"5,252",0,"52,440","34,644","7,266",0,"2,321"
Lassen Volcanic NP,LAVO,National Park,Pacific West ,CA,1994,"385,489",0,"5,410",0,"50,568","28,557","8,077",0,"3,779"
Lassen Volcanic NP,LAVO,National Park,Pacific West ,CA,1995,"351,001",0,"5,373",0,"45,159","23,772","6,089",0,"7,839"
Lassen Volcanic NP,LAVO,National Park,Pacific West ,CA,1996,"351,632",0,"5,959",0,"46,605","27,963","8,219",0,"4,746"
Lassen Volcanic NP,LAVO,National Park,Pacific West ,CA,1997,"391,816",0,"5,821",0,"51,672","22,095","7,493",0,"5,066"
Lassen Volcanic NP,LAVO,National Park,Pacific West ,CA,1998,"318,049",0,"5,139",0,"42,138","16,848","7,401",0,"4,672"
Lassen Volcanic NP,LAVO,National Park,Pacific West ,CA,1999,"353,756",0,"5,649",0,"44,196","20,481","7,471",0,"5,710"
Lassen Volcanic NP,LAVO,National Park,Pacific West ,CA,2000,"374,911",0,"5,457",0,"44,091","16,674","6,635",0,"6,363"
Lassen Volcanic NP,LAVO,National Park,Pacific West ,CA,2001,"376,695",0,"5,908",0,"54,213","18,918","8,452",0,"7,400"
Lassen Volcanic NP,LAVO,National Park,Pacific West ,CA,2002,"388,149",0,"5,897",0,"46,851","20,106","8,786",0,"5,626"
Lassen Volcanic NP,LAVO,National Park,Pacific West ,CA,2003,"404,384",0,"5,581",0,"42,252","21,657","6,139",0,"7,746"
Lassen Volcanic NP,LAVO,National Park,Pacific West ,CA,2004,"379,667",0,"5,941",0,"45,006","18,816","5,434",0,"4,478"
Lassen Volcanic NP,LAVO,National Park,Pacific West ,CA,2005,"365,535",0,"5,659",0,"40,752","17,067","5,485",0,"5,154"
Lassen Volcanic NP,LAVO,National Park,Pacific West ,CA,2006,"388,741",0,"5,146",0,"38,628","18,228","5,083",0,"4,221"
Lassen Volcanic NP,LAVO,National Park,Pacific West ,CA,2007,"395,057",0,"5,435",0,"40,764","17,658","5,413",0,"6,275"
Lassen Volcanic NP,LAVO,National Park,Pacific West ,CA,2008,"377,361",0,"5,598",0,"40,266","17,643","5,733",0,"9,050"
Lassen Volcanic NP,LAVO,National Park,Pacific West ,CA,2009,"365,639",0,"5,204",0,"53,856","22,590","5,798",0,"11,483"
Lassen Volcanic NP,LAVO,National Park,Pacific West ,CA,2010,"384,570",0,"5,123",0,"55,926","23,583","6,006",0,"8,048"
Lassen Volcanic NP,LAVO,National Park,Pacific West ,CA,2011,"351,269",0,"4,858",0,"47,964","21,822","6,104",0,"7,819"
Lassen Volcanic NP,LAVO,National Park,Pacific West ,CA,2012,"407,653",0,"4,607",0,"48,837","21,234","4,173",0,"7,138"
Lassen Volcanic NP,LAVO,National Park,Pacific West ,CA,2013,"427,409",0,"5,119",0,"54,435","25,620","5,905",0,"14,797"
Lassen Volcanic NP,LAVO,National Park,Pacific West ,CA,2014,"432,977",0,"5,904",0,"56,334","27,054","5,898",0,"11,157"
Lassen Volcanic NP,LAVO,National Park,Pacific West ,CA,2015,"468,092",0,"6,209",0,"73,794","28,422","9,170",0,"14,889"
Lassen Volcanic NP,LAVO,National Park,Pacific West ,CA,2016,"536,068",0,"6,182",0,"59,742","27,633","9,057",0,"14,508"
Lassen Volcanic NP,LAVO,National Park,Pacific West ,CA,2017,"507,256",0,"5,575",0,"56,772","29,730","6,724",0,"16,614"
Lassen Volcanic NP,LAVO,National Park,Pacific West ,CA,2018,"499,435",0,"3,519",0,"59,733","28,038","7,320",0,"15,197"
Lassen Volcanic NP,LAVO,National Park,Pacific West ,CA,2019,"517,039",0,"5,487","2,154","56,856","29,916","6,685",0,"12,634"
Lassen Volcanic NP,LAVO,National Park,Pacific West ,CA,2020,"542,274",0,"3,914","2,046","70,239","32,754","5,187",0,"14,282"
Lassen Volcanic NP,LAVO,National Park,Pacific West ,CA,2021,"359,635",0,"2,321","1,359","40,185","20,814","3,034",0,"8,286"
Lassen Volcanic NP,LAVO,National Park,Pacific West ,CA,2022,"446,291",0,0,0,"60,426","29,355",903,0,"12,520"
Lassen Volcanic NP,LAVO,National Park,Pacific West ,CA,2023,"418,978",0,0,0,"43,752","21,273","1,168",0,"9,889"
Lassen Volcanic NP,LAVO,National Park,Pacific West ,CA,2024,"357,651",0,0,0,"42,267","23,775","1,130",0,"9,099"
Mammoth Cave NP,MACA,National Park,Southeast ,KY,1979,"1,384,910","173,088","36,618",0,"28,032","19,900","2,491",0,"2,042"
Mammoth Cave NP,MACA,National Park,Southeast ,KY,1980,"1,495,787","173,088","31,945",0,"33,669","27,478","3,250",0,"2,496"
Mammoth Cave NP,MACA,National Park,Southeast ,KY,1981,"1,404,317","173,088","31,874",0,"35,882","30,328","1,776",0,"2,506"
Mammoth Cave NP,MACA,National Park,Southeast ,KY,1982,"1,526,676","173,088","35,342",0,"36,919","32,348","2,196",0,"3,343"
Mammoth Cave NP,MACA,National Park,Southeast ,KY,1983,"1,498,503","173,088","29,245",0,"30,814","25,036","1,998",0,"4,696"
Mammoth Cave NP,MACA,National Park,Southeast ,KY,1984,"1,501,450","173,088","29,905",0,"30,689","23,822","1,909",0,"2,136"
Mammoth Cave NP,MACA,National Park,Southeast ,KY,1985,"1,507,939","173,088","31,720",0,"31,366","25,804","2,064",0,"3,298"
Mammoth Cave NP,MACA,National Park,Southeast ,KY,1986,"1,646,673","173,088","33,022",0,"28,976","23,440","2,017",0,"3,106"
Mammoth Cave NP,MACA,National Park,Southeast ,KY,1987,"1,636,340","173,088","33,060",0,"27,385","23,596","1,636",0,"3,025"
Mammoth Cave NP,MACA,National Park,Southeast ,KY,1988,"1,735,610","173,088","33,057",0,"32,464","25,388","2,121",0,"4,320"
Mammoth Cave NP,MACA,National Park,Southeast ,KY,1989,"1,672,840","173,088","30,981",0,"33,184","24,485","2,200",0,"3,591"
Mammoth Cave NP,MACA,National Park,Southeast ,KY,1990,"1,924,538","173,088","31,493",0,"33,952","24,367","3,277",0,"4,531"
Mammoth Cave NP,MACA,National Park,Southeast ,KY,1991,"2,158,195","173,088","30,159",0,"39,171","29,119","3,331",0,"5,261"
Mammoth Cave NP,MACA,National Park,Southeast ,KY,1992,"2,392,858","173,088","29,994",0,"30,221","20,673","2,578",0,"5,762"
Mammoth Cave NP,MACA,National Park,Southeast ,KY,1993,"2,396,234","173,088","27,033",0,"43,700","28,444","3,452",0,"6,479"
Mammoth Cave NP,MACA,National Park,Southeast ,KY,1994,"2,009,935","92,253","30,182",0,"36,804","24,224","4,018",0,"5,117"
Mammoth Cave NP,MACA,National Park,Southeast ,KY,1995,"1,935,709","92,253","27,879",0,"37,400","26,664","3,394",0,"5,980"
Mammoth Cave NP,MACA,National Park,Southeast ,KY,1996,"1,896,829","92,253","26,148",0,"37,728","21,328","3,550",0,"6,730"
Mammoth Cave NP,MACA,National Park,Southeast ,KY,1997,"1,997,658","92,253","22,449",0,"41,296","22,456","4,418",0,"6,655"
Mammoth Cave NP,MACA,National Park,Southeast ,KY,1998,"2,113,992","92,253","27,099",0,"38,468","18,156","4,276",0,"5,995"
Mammoth Cave NP,MACA,National Park,Southeast ,KY,1999,"1,710,983","92,253","28,240",0,"40,540","16,204","4,329",0,"3,967"
Mammoth Cave NP,MACA,National Park,Southeast ,KY,2000,"1,749,268","92,253","30,435",0,"37,196","15,148","4,879",0,"1,292"
Mammoth Cave NP,MACA,National Park,Southeast ,KY,2001,"1,883,580","92,253","26,258",0,"34,004","14,992","4,981",0,"3,868"
Mammoth Cave NP,MACA,National Park,Southeast ,KY,2002,"1,891,307","92,253","24,560",0,"35,996","16,100","5,125",0,"5,833"
Mammoth Cave NP,MACA,National Park,Southeast ,KY,2003,"1,869,137","92,253","20,669",0,"33,480","15,960","6,085",0,0
Mammoth Cave NP,MACA,National Park,Southeast ,KY,2004,"1,888,267","92,253","18,840",0,"37,352","14,448","6,024",0,"3,819"
Mammoth Cave NP,MACA,National Park,Southeast ,KY,2005,"1,878,006","92,253","18,582",0,"31,896","13,284","5,492",0,"4,227"
Mammoth Cave NP,MACA,National Park,Southeast ,KY,2006,"597,934","142,618","15,724",0,"30,144","12,900","6,329",0,"4,564"
Mammoth Cave NP,MACA,National Park,Southeast ,KY,2007,"487,305","137,622","31,358",0,"30,436","15,468","6,297",0,"4,061"
Mammoth Cave NP,MACA,National Park,Southeast ,KY,2008,"446,174","137,944","29,347",0,"31,556","10,708","5,236",0,"3,852"
Mammoth Cave NP,MACA,National Park,Southeast ,KY,2009,"503,856","142,177","31,798",0,"36,668","12,604","5,737",0,"2,069"
Mammoth Cave NP,MACA,National Park,Southeast ,KY,2010,"497,225","139,627","31,067",0,"34,176","10,464","4,981",0,"3,796"
Mammoth Cave NP,MACA,National Park,Southeast ,KY,2011,"483,319","136,093","26,645",0,"32,440","9,584","5,114",0,"4,389"
Mammoth Cave NP,MACA,National Park,Southeast ,KY,2012,"508,054","139,008","28,098",0,"34,096","11,652","5,348",0,"3,292"
Mammoth Cave NP,MACA,National Park,Southeast ,KY,2013,"494,541","136,896","26,999",0,"32,644","9,496","5,669",0,"1,246"
Mammoth Cave NP,MACA,National Park,Southeast ,KY,2014,"522,628","134,414","31,790",0,"34,156","10,676","4,744",0,"1,748"
Mammoth Cave NP,MACA,National Park,Southeast ,KY,2015,"566,895","147,471","30,416",0,"33,380","11,592","5,036",0,"2,215"
Mammoth Cave NP,MACA,National Park,Southeast ,KY,2016,"586,514","146,030","16,365",0,"39,636","16,248","5,088",0,"3,102"
Mammoth Cave NP,MACA,National Park,Southeast ,KY,2017,"587,853","136,017","10,791",0,"42,732","16,000","3,753",0,"4,191"
Mammoth Cave NP,MACA,National Park,Southeast ,KY,2018,"533,206","142,923","13,947",0,"38,784","13,264","7,861",0,445
Mammoth Cave NP,MACA,National Park,Southeast ,KY,2019,"551,590","109,392","28,260",0,"36,695","10,741","3,182",0,"4,697"
Mammoth Cave NP,MACA,National Park,Southeast ,KY,2020,"290,392","84,309","10,602",0,"18,202","7,078","3,090",0,"3,330"
Mammoth Cave NP,MACA,National Park,Southeast ,KY,2021,"515,774","141,353","16,751",0,"39,411","17,432","4,518",0,"8,011"
Mammoth Cave NP,MACA,National Park,Southeast ,KY,2022,"663,147","133,350","14,941",0,"43,487","18,810","4,802",0,"7,323"
Mammoth Cave NP,MACA,National Park,Southeast ,KY,2023,"654,450","110,436","15,434",0,"49,753","20,081","4,378",0,"8,644"
Mammoth Cave NP,MACA,National Park,Southeast ,KY,2024,"747,042","110,001","16,879",0,"55,032","22,459","4,562",0,"8,074"
Mesa Verde NP,MEVE,National Park,Intermountain ,CO,1979,"473,715",762,"30,441",0,"59,280","58,440",0,0,"6,817"
Mesa Verde NP,MEVE,National Park,Intermountain ,CO,1980,"539,257","1,569","30,688",0,"71,516","66,960",0,0,"8,628"
Mesa Verde NP,MEVE,National Park,Intermountain ,CO,1981,"588,608","1,519","32,623",0,"77,248","76,368",0,0,"8,542"
Mesa Verde NP,MEVE,National Park,Intermountain ,CO,1982,"602,968","1,970","32,166",0,"73,676","73,796",0,0,"7,495"
Mesa Verde NP,MEVE,National Park,Intermountain ,CO,1983,"604,115","1,392","34,629",0,"71,816","71,860",0,0,"9,716"
Mesa Verde NP,MEVE,National Park,Intermountain ,CO,1984,"516,865","1,954","40,584",0,"70,592","64,776",0,0,"7,662"
Mesa Verde NP,MEVE,National Park,Intermountain ,CO,1985,"656,271","2,606","44,576",0,"70,632","65,092",0,0,"7,041"
Mesa Verde NP,MEVE,National Park,Intermountain ,CO,1986,"658,888","6,250","44,952",0,"67,872","61,524",0,0,"6,817"
Mesa Verde NP,MEVE,National Park,Intermountain ,CO,1987,"728,566","18,829","53,564",0,"102,116","53,496",0,0,"7,740"
Mesa Verde NP,MEVE,National Park,Intermountain ,CO,1988,"772,183","16,141","62,432",0,"97,060","65,448",0,0,"3,574"
Mesa Verde NP,MEVE,National Park,Intermountain ,CO,1989,"600,045","17,727","53,159",0,"62,506","38,270",0,0,"4,445"
Mesa Verde NP,MEVE,National Park,Intermountain ,CO,1990,"611,375","13,538","56,107",0,"66,449","29,949",0,0,"6,001"
Mesa Verde NP,MEVE,National Park,Intermountain ,CO,1991,"678,075","4,037","55,536",0,"80,923","24,522",0,0,"6,686"
Mesa Verde NP,MEVE,National Park,Intermountain ,CO,1992,"742,080","4,774","56,010",0,"76,978","28,233",0,0,"17,968"
Mesa Verde NP,MEVE,National Park,Intermountain ,CO,1993,"666,054","11,690","61,075",0,"59,928","32,467",0,0,"8,332"
Mesa Verde NP,MEVE,National Park,Intermountain ,CO,1994,"685,031","14,613","56,696",0,"68,299","18,966",0,0,"8,149"
Mesa Verde NP,MEVE,National Park,Intermountain ,CO,1995,"663,794","17,039","52,494",0,"59,921","30,297",0,0,"7,871"
Mesa Verde NP,MEVE,National Park,Intermountain ,CO,1996,"617,360","16,268","50,522",0,"50,788","20,522",0,0,"9,709"
Mesa Verde NP,MEVE,National Park,Intermountain ,CO,1997,"627,720","20,876","52,928",0,"59,289","19,458",0,0,"5,944"
Mesa Verde NP,MEVE,National Park,Intermountain ,CO,1998,"604,556","18,954","43,994",0,"46,329","24,026",0,0,"1,148"
Mesa Verde NP,MEVE,National Park,Intermountain ,CO,1999,"635,736","20,287","59,020",0,"45,507","21,066",0,0,"1,781"
Mesa Verde NP,MEVE,National Park,Intermountain ,CO,2000,"452,287","18,797","40,444",0,"28,114","13,226",0,0,602
Mesa Verde NP,MEVE,National Park,Intermountain ,CO,2001,"513,409","24,065","46,818",0,"39,591","12,025",0,0,"1,236"
Mesa Verde NP,MEVE,National Park,Intermountain ,CO,2002,"406,385","13,277","35,565",0,"24,725","11,579",0,0,"1,284"
Mesa Verde NP,MEVE,National Park,Intermountain ,CO,2003,"438,590","21,479","37,354",0,"26,990","14,588",0,0,"2,605"
Mesa Verde NP,MEVE,National Park,Intermountain ,CO,2004,"446,811","22,896","42,740",0,"29,557","13,627",0,0,"5,087"
Mesa Verde NP,MEVE,National Park,Intermountain ,CO,2005,"498,333","21,320","41,727",0,"22,569","14,221",0,0,"3,190"
Mesa Verde NP,MEVE,National Park,Intermountain ,CO,2006,"557,248","20,120","44,664",0,"29,011","14,699",0,0,920
Mesa Verde NP,MEVE,National Park,Intermountain ,CO,2007,"541,102","24,001","41,957",0,"27,808","13,101",0,0,"2,279"
Mesa Verde NP,MEVE,National Park,Intermountain ,CO,2008,"551,446","16,109","50,838",0,"20,357","20,017",0,0,"4,980"
Mesa Verde NP,MEVE,National Park,Intermountain ,CO,2009,"550,377","14,916","42,051",0,"24,657","22,510",0,0,"3,220"
Mesa Verde NP,MEVE,National Park,Intermountain ,CO,2010,"559,712","6,907","46,041",0,"26,994","22,066",0,0,395
Mesa Verde NP,MEVE,National Park,Intermountain ,CO,2011,"572,329","5,728","29,305",0,"26,489","14,879",0,0,218
Mesa Verde NP,MEVE,National Park,Intermountain ,CO,2012,"488,860","9,647","21,769",0,"22,705","19,156",0,0,197
Mesa Verde NP,MEVE,National Park,Intermountain ,CO,2013,"460,237","6,344","18,452",0,"24,066","11,400",0,0,184
Mesa Verde NP,MEVE,National Park,Intermountain ,CO,2014,"501,563","4,421","24,287",0,"40,400","5,974",0,0,347
Mesa Verde NP,MEVE,National Park,Intermountain ,CO,2015,"547,325","10,471","22,019",0,"49,800","6,359",0,0,248
Mesa Verde NP,MEVE,National Park,Intermountain ,CO,2016,"583,527","17,157","26,800",0,"44,925","12,073",0,0,287
Mesa Verde NP,MEVE,National Park,Intermountain ,CO,2017,"613,788","9,012","21,822",0,"29,879","16,808",0,0,279
Mesa Verde NP,MEVE,National Park,Intermountain ,CO,2018,"563,420","10,225","21,658",0,"33,434","24,462",0,0,441
Mesa Verde NP,MEVE,National Park,Intermountain ,CO,2019,"556,203","10,081","21,489",0,"33,621","26,110",0,0,258
Mesa Verde NP,MEVE,National Park,Intermountain ,CO,2020,"287,477","7,519","5,724",0,"12,660","13,809",0,0,21
Mesa Verde NP,MEVE,National Park,Intermountain ,CO,2021,"548,477","13,510","12,702",0,"24,482","28,450",0,0,152
Mesa Verde NP,MEVE,National Park,Intermountain ,CO,2022,"499,790","10,650","19,088",0,"21,920","29,520",0,0,123
Mesa Verde NP,MEVE,National Park,Intermountain ,CO,2023,"505,194","11,860","18,460",0,"22,008","28,868",0,0,178
Mesa Verde NP,MEVE,National Park,Intermountain ,CO,2024,"480,065","11,246","17,518",0,"18,141","22,206",0,0,110
Mount Rainier NP,MORA,National Park,Pacific West ,WA,1979,"1,516,703","464,751","23,815",0,"28,113","37,887","36,931",6,861
Mount Rainier NP,MORA,National Park,Pacific West ,WA,1980,"1,268,256","732,746","20,665",0,"34,084","26,942","28,446",338,6
Mount Rainier NP,MORA,National Park,Pacific West ,WA,1981,"1,233,671","731,175","26,961",0,"52,896","44,485","35,663","1,094","1,191"
Mount Rainier NP,MORA,National Park,Pacific West ,WA,1982,"1,007,300","528,714","30,560",0,"49,726","43,719","33,203",24,"1,663"
Mount Rainier NP,MORA,National Park,Pacific West ,WA,1983,"1,106,306","475,681","31,894",0,"44,329","41,701","29,636",334,135
Mount Rainier NP,MORA,National Park,Pacific West ,WA,1984,"1,152,411","516,782","29,473",0,"50,533","42,915","26,143",432,33
Mount Rainier NP,MORA,National Park,Pacific West ,WA,1985,"1,165,640","473,197","34,727",0,"56,741","45,564","29,094",724,320
Mount Rainier NP,MORA,National Park,Pacific West ,WA,1986,"1,298,457","532,294","36,146",0,"56,540","42,384","27,948",210,100
Mount Rainier NP,MORA,National Park,Pacific West ,WA,1987,"1,292,027","533,602","37,364",0,"68,169","50,619","31,992",394,110
Mount Rainier NP,MORA,National Park,Pacific West ,WA,1988,"1,255,618","544,360","38,214",0,"70,771","46,444","29,433",407,714
Mount Rainier NP,MORA,National Park,Pacific West ,WA,1989,"1,354,302","658,598","32,906",0,"58,671","37,100","27,402",0,798
Mount Rainier NP,MORA,National Park,Pacific West ,WA,1990,"1,327,101","609,114","38,398",0,"63,820","41,640","35,540",0,"4,152"
Mount Rainier NP,MORA,National Park,Pacific West ,WA,1991,"1,549,412","686,179","42,862",0,"72,678","50,637","35,383",0,"10,623"
Mount Rainier NP,MORA,National Park,Pacific West ,WA,1992,"1,522,057","836,239","43,756",0,"71,290","40,062","40,509",0,"7,957"
Mount Rainier NP,MORA,National Park,Pacific West ,WA,1993,"1,365,213","826,849","42,399",0,"33,561","20,946","41,842",160,"4,785"
Mount Rainier NP,MORA,National Park,Pacific West ,WA,1994,"1,426,244","779,839","43,555",0,"60,795","32,037","48,574",90,"3,652"
Mount Rainier NP,MORA,National Park,Pacific West ,WA,1995,"1,438,227","743,169","41,288",0,"54,799","27,957","42,767",0,"4,403"
Mount Rainier NP,MORA,National Park,Pacific West ,WA,1996,"1,338,961","529,564","39,672",0,"70,709","32,270","40,336",0,"2,952"
Mount Rainier NP,MORA,National Park,Pacific West ,WA,1997,"1,315,773","504,708","39,306",0,"65,218","30,430","39,508",0,"4,567"
Mount Rainier NP,MORA,National Park,Pacific West ,WA,1998,"1,353,793","547,508","42,032",0,"68,595","28,016","48,093",0,"3,978"
Mount Rainier NP,MORA,National Park,Pacific West ,WA,1999,"1,291,397","472,694","42,793",0,"52,203","22,755","42,967",0,"1,937"
Mount Rainier NP,MORA,National Park,Pacific West ,WA,2000,"1,344,833","625,573","42,932",0,"65,085","28,340","58,882",0,538
Mount Rainier NP,MORA,National Park,Pacific West ,WA,2001,"1,301,103","639,001","43,993",0,"63,407","31,010","64,362",0,"2,894"
Mount Rainier NP,MORA,National Park,Pacific West ,WA,2002,"1,310,390","589,124","43,480",0,"50,828","40,576","49,955",0,"5,552"
Mount Rainier NP,MORA,National Park,Pacific West ,WA,2003,"1,262,351","595,211","42,501",0,"66,864","25,976","64,110",0,"6,157"
Mount Rainier NP,MORA,National Park,Pacific West ,WA,2004,"1,217,750","595,229","41,802",0,"56,826","25,593","63,777",0,"6,949"
Mount Rainier NP,MORA,National Park,Pacific West ,WA,2005,"1,173,897","584,012","41,626",0,"60,051","26,367","43,759",0,"6,947"
Mount Rainier NP,MORA,National Park,Pacific West ,WA,2006,"1,113,601","505,516","10,705",0,"62,903","24,633","29,517",0,"6,979"
Mount Rainier NP,MORA,National Park,Pacific West ,WA,2007,"1,047,685","520,183","9,495",0,"44,700","18,441","24,523",0,317
Mount Rainier NP,MORA,National Park,Pacific West ,WA,2008,"1,163,227","572,811","42,047",0,"48,752","18,317","39,576",0,"5,720"
Mount Rainier NP,MORA,National Park,Pacific West ,WA,2009,"1,151,654","549,500","39,136",0,"59,032","22,561","43,083",0,"5,627"
Mount Rainier NP,MORA,National Park,Pacific West ,WA,2010,"1,191,754","540,163","42,293",0,"59,340","22,860","40,731",0,"7,614"
Mount Rainier NP,MORA,National Park,Pacific West ,WA,2011,"1,038,229","457,381","38,007",0,"55,937","21,087","39,907",0,"7,746"
Mount Rainier NP,MORA,National Park,Pacific West ,WA,2012,"1,049,178","496,082","38,390",0,"62,196","24,109","45,565",0,"8,521"
Mount Rainier NP,MORA,National Park,Pacific West ,WA,2013,"1,148,552","573,357","38,108",0,"59,860","24,202","45,975",0,"8,595"
Mount Rainier NP,MORA,National Park,Pacific West ,WA,2014,"1,264,259","611,390","40,261",0,"58,755","30,515","48,679",0,"10,080"
Mount Rainier NP,MORA,National Park,Pacific West ,WA,2015,"1,237,231","621,531","42,601",0,"68,484","25,085","44,296",0,"2,667"
Mount Rainier NP,MORA,National Park,Pacific West ,WA,2016,"1,356,913","562,117","42,223",0,"64,265","28,981","57,636",0,953
Mount Rainier NP,MORA,National Park,Pacific West ,WA,2017,"1,415,867","631,035","29,798",0,"74,721","29,400","55,333",0,"9,674"
Mount Rainier NP,MORA,National Park,Pacific West ,WA,2018,"1,518,491","737,168","22,543",0,"83,645","30,623","64,294",0,"11,073"
Mount Rainier NP,MORA,National Park,Pacific West ,WA,2019,"1,501,621","746,897","35,243",0,"83,353","30,408","47,703",0,"8,676"
Mount Rainier NP,MORA,National Park,Pacific West ,WA,2020,"1,160,754","457,804","5,550",0,"38,099","14,337","30,983",0,353
Mount Rainier NP,MORA,National Park,Pacific West ,WA,2021,"1,670,063","807,754","27,194",0,"56,183","24,463","58,365",0,821
Mount Rainier NP,MORA,National Park,Pacific West ,WA,2022,"1,622,395","749,192","37,779",0,"54,851","32,799","43,468",0,"7,636"
Mount Rainier NP,MORA,National Park,Pacific West ,WA,2023,"1,674,294","849,082","41,808",0,"59,749","29,628","53,949",0,"8,917"
Mount Rainier NP,MORA,National Park,Pacific West ,WA,2024,"1,620,006","870,722","44,433",0,"52,110","29,983","53,823",0,531
National Park of American Samoa,NPSA,National Park,Pacific West ,AS,2002,"1,938",0,0,0,0,0,0,0,0
National Park of American Samoa,NPSA,National Park,Pacific West ,AS,2003,0,0,0,0,0,0,0,0,0
National Park of American Samoa,NPSA,National Park,Pacific West ,AS,2006,"1,239",0,0,0,0,0,0,0,0
National Park of American Samoa,NPSA,National Park,Pacific West ,AS,2007,"6,774",0,0,0,0,0,0,0,0
National Park of American Samoa,NPSA,National Park,Pacific West ,AS,2008,"3,683",0,0,0,0,0,0,0,0
National Park of American Samoa,NPSA,National Park,Pacific West ,AS,2009,"3,242",0,0,0,0,0,0,0,0
National Park of American Samoa,NPSA,National Park,Pacific West ,AS,2010,"3,006",0,0,0,0,0,0,0,0
National Park of American Samoa,NPSA,National Park,Pacific West ,AS,2011,"8,716",0,0,0,0,0,0,0,0
National Park of American Samoa,NPSA,National Park,Pacific West ,AS,2012,"10,440",0,0,0,0,0,0,0,0
National Park of American Samoa,NPSA,National Park,Pacific West ,AS,2013,"17,919",0,0,0,0,0,0,0,0
National Park of American Samoa,NPSA,National Park,Pacific West ,AS,2014,"13,953",0,0,0,0,0,0,0,0
National Park of American Samoa,NPSA,National Park,Pacific West ,AS,2015,"13,892",0,0,0,0,0,0,0,0
National Park of American Samoa,NPSA,National Park,Pacific West ,AS,2016,"28,892",0,0,0,0,0,0,0,0
National Park of American Samoa,NPSA,National Park,Pacific West ,AS,2017,"69,468",0,0,0,0,0,0,0,0
National Park of American Samoa,NPSA,National Park,Pacific West ,AS,2018,"28,626",0,0,0,0,0,0,0,0
National Park of American Samoa,NPSA,National Park,Pacific West ,AS,2019,"60,006",0,0,0,0,0,0,0,0
National Park of American Samoa,NPSA,National Park,Pacific West ,AS,2020,"4,819",0,0,0,0,0,0,0,0
National Park of American Samoa,NPSA,National Park,Pacific West ,AS,2021,"8,495",0,0,0,0,0,0,0,0
National Park of American Samoa,NPSA,National Park,Pacific West ,AS,2022,"1,887",0,0,0,0,0,0,0,0
National Park of American Samoa,NPSA,National Park,Pacific West ,AS,2023,"12,135",0,0,0,0,0,0,0,0
National Park of American Samoa,NPSA,National Park,Pacific West ,AS,2024,"22,567",0,0,0,0,0,0,0,0
New River Gorge NP & PRES,NERI,National Park,Northeast ,WV,1984,"231,295",0,0,0,0,0,0,0,0
New River Gorge NP & PRES,NERI,National Park,Northeast ,WV,1985,"263,021",0,0,0,0,0,0,0,0
New River Gorge NP & PRES,NERI,National Park,Northeast ,WV,1986,"394,079","1,080",0,0,935,"1,538",0,0,0
New River Gorge NP & PRES,NERI,National Park,Northeast ,WV,1987,"436,791","1,080",0,0,"1,643","1,760",0,0,0
New River Gorge NP & PRES,NERI,National Park,Northeast ,WV,1988,"399,722","1,080",0,0,"1,831","1,270",0,0,0
New River Gorge NP & PRES,NERI,National Park,Northeast ,WV,1989,"411,195","1,080",0,0,858,784,0,0,0
New River Gorge NP & PRES,NERI,National Park,Northeast ,WV,1990,"378,035","1,080",0,0,"1,126",795,0,0,0
New River Gorge NP & PRES,NERI,National Park,Northeast ,WV,1991,"772,172","1,530",0,0,709,538,0,0,0
New River Gorge NP & PRES,NERI,National Park,Northeast ,WV,1992,"940,310","1,800",0,0,"2,920","1,544",0,0,0
New River Gorge NP & PRES,NERI,National Park,Northeast ,WV,1993,"1,005,598","2,400",0,0,"2,673",609,0,0,0
New River Gorge NP & PRES,NERI,National Park,Northeast ,WV,1994,"1,079,994","2,400",0,0,"6,657","4,465",0,0,0
New River Gorge NP & PRES,NERI,National Park,Northeast ,WV,1995,"1,177,238","2,400",0,0,"8,574","4,759",0,0,0
New River Gorge NP & PRES,NERI,National Park,Northeast ,WV,1996,"1,237,637","2,400",0,0,"10,236","5,678",0,0,0
New River Gorge NP & PRES,NERI,National Park,Northeast ,WV,1997,"1,228,242","2,400",0,0,"10,371","5,810",0,0,0
New River Gorge NP & PRES,NERI,National Park,Northeast ,WV,1998,"1,197,649","2,400",0,0,"11,012","6,425",0,0,0
New River Gorge NP & PRES,NERI,National Park,Northeast ,WV,1999,"1,186,501","2,400",0,0,"11,128","6,644",0,0,0
New River Gorge NP & PRES,NERI,National Park,Northeast ,WV,2000,"1,132,531","2,400",0,0,"12,248","9,541",0,0,0
New River Gorge NP & PRES,NERI,National Park,Northeast ,WV,2001,"1,231,529","2,400",0,0,"10,938","7,915",0,0,0
New River Gorge NP & PRES,NERI,National Park,Northeast ,WV,2002,"1,215,875","2,400",0,0,"11,460","8,102",0,0,0
New River Gorge NP & PRES,NERI,National Park,Northeast ,WV,2003,"1,111,164","2,400",0,0,"5,717","4,702",0,0,0
New River Gorge NP & PRES,NERI,National Park,Northeast ,WV,2004,"1,151,782","2,400",0,0,"6,173","4,880",0,0,0
New River Gorge NP & PRES,NERI,National Park,Northeast ,WV,2005,"1,045,814","2,400",0,0,"5,720","3,897",0,0,0
New River Gorge NP & PRES,NERI,National Park,Northeast ,WV,2006,"1,124,688","2,400",0,0,"5,741","4,819",0,0,0
New River Gorge NP & PRES,NERI,National Park,Northeast ,WV,2007,"1,178,012","2,400",0,0,"6,021","4,692",0,0,0
New River Gorge NP & PRES,NERI,National Park,Northeast ,WV,2008,"1,212,854","2,400",0,0,"6,106","4,348",0,0,0
New River Gorge NP & PRES,NERI,National Park,Northeast ,WV,2009,"1,144,318","2,400",0,0,"7,157","3,839",0,0,0
New River Gorge NP & PRES,NERI,National Park,Northeast ,WV,2010,"1,151,213","2,400",0,0,"6,575","3,433",0,0,0
New River Gorge NP & PRES,NERI,National Park,Northeast ,WV,2011,"1,071,088","2,400",0,0,"5,592","3,269",0,0,0
New River Gorge NP & PRES,NERI,National Park,Northeast ,WV,2012,"1,128,195","2,400",0,0,"6,447","2,485",0,0,0
New River Gorge NP & PRES,NERI,National Park,Northeast ,WV,2013,"1,071,823","2,400",0,0,"6,926","2,624",0,0,0
New River Gorge NP & PRES,NERI,National Park,Northeast ,WV,2014,"1,124,799","2,400",0,0,"6,544","1,177",0,0,0
New River Gorge NP & PRES,NERI,National Park,Northeast ,WV,2015,"1,178,753","2,400",0,0,"4,792",836,0,0,0
New River Gorge NP & PRES,NERI,National Park,Northeast ,WV,2016,"1,197,931","2,400",0,0,"4,596",895,0,0,0
New River Gorge NP & PRES,NERI,National Park,Northeast ,WV,2017,"1,168,658","2,400",0,0,"4,782",945,0,0,0
New River Gorge NP & PRES,NERI,National Park,Northeast ,WV,2018,"1,232,627","2,400",0,0,"4,872",999,0,0,0
New River Gorge NP & PRES,NERI,National Park,Northeast ,WV,2019,"1,195,721","2,400",0,0,"5,074","1,032",0,0,0
New River Gorge NP & PRES,NERI,National Park,Northeast ,WV,2020,"1,054,374","2,400",0,0,815,250,0,0,0
New River Gorge NP & PRES,NERI,National Park,Northeast ,WV,2021,"1,682,720","2,400",0,0,"15,550","11,214","12,609",0,"1,454"
New River Gorge NP & PRES,NERI,National Park,Northeast ,WV,2022,"1,593,523","2,400",0,0,"16,061","9,963","12,530",0,"3,007"
New River Gorge NP & PRES,NERI,National Park,Northeast ,WV,2023,"1,707,223","2,400",0,0,"17,214","10,501","12,609",0,"4,013"
New River Gorge NP & PRES,NERI,National Park,Northeast ,WV,2024,"1,811,937","2,400",0,0,"17,157","10,516","12,609",0,"3,486"
North Cascades NP,NOCA,National Park,Pacific West ,WA,1979,"742,997","22,200","14,397",348,"23,775","46,950","33,510","3,047","4,186"
North Cascades NP,NOCA,National Park,Pacific West ,WA,1980,"796,079","23,169","14,212",768,"24,167","39,765","33,179","3,161","6,427"
North Cascades NP,NOCA,National Park,Pacific West ,WA,1981,"829,026","36,823","14,168",761,"28,263","40,645","39,494","1,154","5,478"
North Cascades NP,NOCA,National Park,Pacific West ,WA,1982,"857,016","23,406","14,853",967,"32,654","44,124","32,460",918,"5,367"
North Cascades NP,NOCA,National Park,Pacific West ,WA,1983,"858,041","36,360","16,806","1,188","25,873","44,576","26,765",779,"5,759"
North Cascades NP,NOCA,National Park,Pacific West ,WA,1984,"637,836","2,935","16,853","1,188","27,856","38,371","22,123","1,182","5,256"
North Cascades NP,NOCA,National Park,Pacific West ,WA,1985,"629,234","2,341","16,401",607,"24,657","37,623","20,635","1,133","5,168"
North Cascades NP,NOCA,National Park,Pacific West ,WA,1986,"683,056","2,469","15,286",653,"26,562","34,191","25,764",549,"2,716"
North Cascades NP,NOCA,National Park,Pacific West ,WA,1987,"651,606","3,276","15,096",690,"32,722","42,091","25,211","1,177","1,891"
North Cascades NP,NOCA,National Park,Pacific West ,WA,1988,"605,967","2,900","16,760",924,"29,900","33,068","25,284","1,082","1,241"
North Cascades NP,NOCA,National Park,Pacific West ,WA,1989,"391,433","2,265","15,104",279,"23,521","29,121","26,344","1,037",982
North Cascades NP,NOCA,National Park,Pacific West ,WA,1990,"456,444",917,"16,561",482,"25,781","27,614","25,162",601,"1,174"
North Cascades NP,NOCA,National Park,Pacific West ,WA,1991,"22,796",0,0,0,0,0,"16,514",0,0
North Cascades NP,NOCA,National Park,Pacific West ,WA,1992,"20,295",0,0,0,0,0,"15,753",0,110
North Cascades NP,NOCA,National Park,Pacific West ,WA,1993,"21,378",0,0,0,0,0,"15,763",0,109
North Cascades NP,NOCA,National Park,Pacific West ,WA,1994,"19,323",0,0,0,0,0,"17,090",0,43
North Cascades NP,NOCA,National Park,Pacific West ,WA,1995,"65,984",0,0,0,0,0,"18,136",0,48
North Cascades NP,NOCA,National Park,Pacific West ,WA,1996,"27,910",0,0,0,0,0,"16,797",0,121
North Cascades NP,NOCA,National Park,Pacific West ,WA,1997,"27,203",0,0,0,0,0,"16,593",0,92
North Cascades NP,NOCA,National Park,Pacific West ,WA,1998,"32,753",0,0,0,0,0,"17,675",0,145
North Cascades NP,NOCA,National Park,Pacific West ,WA,1999,"21,488",0,0,0,0,0,"15,460",0,0
North Cascades NP,NOCA,National Park,Pacific West ,WA,2000,"25,704",0,0,0,0,0,"18,575",0,7
North Cascades NP,NOCA,National Park,Pacific West ,WA,2001,"27,739",0,0,0,0,0,"16,243",0,0
North Cascades NP,NOCA,National Park,Pacific West ,WA,2002,"20,691",0,0,0,0,0,"17,414",0,139
North Cascades NP,NOCA,National Park,Pacific West ,WA,2003,"20,724",0,0,0,0,0,"17,753",0,173
North Cascades NP,NOCA,National Park,Pacific West ,WA,2004,"16,912",0,0,0,0,0,"15,311",0,85
North Cascades NP,NOCA,National Park,Pacific West ,WA,2005,"18,686",0,0,0,0,0,"15,537",0,172
North Cascades NP,NOCA,National Park,Pacific West ,WA,2006,"19,167",0,0,0,0,0,"15,965",0,107
North Cascades NP,NOCA,National Park,Pacific West ,WA,2007,"19,534",0,0,0,0,0,"15,836",0,125
North Cascades NP,NOCA,National Park,Pacific West ,WA,2008,"18,725",0,0,0,0,0,"15,233",0,120
North Cascades NP,NOCA,National Park,Pacific West ,WA,2009,"26,972",0,0,0,0,0,"14,558",0,88
North Cascades NP,NOCA,National Park,Pacific West ,WA,2010,"24,659",0,0,0,0,0,"17,801",0,0
North Cascades NP,NOCA,National Park,Pacific West ,WA,2011,"19,208",0,0,0,0,0,"17,002",0,0
North Cascades NP,NOCA,National Park,Pacific West ,WA,2012,"26,935",0,0,0,0,0,"19,360",0,0
North Cascades NP,NOCA,National Park,Pacific West ,WA,2013,"21,623",0,0,0,0,0,"20,295",0,0
North Cascades NP,NOCA,National Park,Pacific West ,WA,2014,"23,865",0,0,0,0,0,"21,547",0,0
North Cascades NP,NOCA,National Park,Pacific West ,WA,2015,"20,677",0,0,0,0,0,"23,721",0,0
North Cascades NP,NOCA,National Park,Pacific West ,WA,2016,"28,646",0,0,0,0,0,"25,516",0,0
North Cascades NP,NOCA,National Park,Pacific West ,WA,2017,"30,326",0,0,0,0,0,"26,081",0,0
North Cascades NP,NOCA,National Park,Pacific West ,WA,2018,"30,085",0,0,0,0,0,"26,703",0,0
North Cascades NP,NOCA,National Park,Pacific West ,WA,2019,"38,208",0,0,0,0,0,"27,581",0,0
North Cascades NP,NOCA,National Park,Pacific West ,WA,2020,"30,885",0,0,0,0,0,"22,966",0,0
North Cascades NP,NOCA,National Park,Pacific West ,WA,2021,"17,855",0,0,0,0,0,"14,020",0,0
North Cascades NP,NOCA,National Park,Pacific West ,WA,2022,"30,154",0,0,0,0,0,"23,310",0,0
North Cascades NP,NOCA,National Park,Pacific West ,WA,2023,"40,351",0,0,0,0,0,"19,125",0,0
North Cascades NP,NOCA,National Park,Pacific West ,WA,2024,"16,485",0,0,0,0,0,"12,948",0,0
Olympic NP,OLYM,National Park,Pacific West ,WA,1979,"2,078,843","510,577","49,272","10,000","118,208","149,675","72,376",0,"1,916"
Olympic NP,OLYM,National Park,Pacific West ,WA,1980,"2,032,418","449,887","46,547","6,286","123,771","146,397","63,769",0,"1,172"
Olympic NP,OLYM,National Park,Pacific West ,WA,1981,"2,306,032","448,482","54,833","13,530","120,620","151,851","84,770",0,"1,244"
Olympic NP,OLYM,National Park,Pacific West ,WA,1982,"2,478,739","474,471","62,759","11,372","92,335","115,194","67,318",0,"1,187"
Olympic NP,OLYM,National Park,Pacific West ,WA,1983,"2,410,722","464,236","64,362","11,649","85,380","106,465","62,209",0,"1,290"
Olympic NP,OLYM,National Park,Pacific West ,WA,1984,"2,759,011","501,621","63,896","15,408","86,373","109,562","59,623",0,848
Olympic NP,OLYM,National Park,Pacific West ,WA,1985,"2,532,145","451,094","65,948","14,105","105,022","115,929","72,490",0,"1,093"
Olympic NP,OLYM,National Park,Pacific West ,WA,1986,"2,940,034","534,686","70,056","11,014","102,246","108,411","72,961",0,"1,384"
Olympic NP,OLYM,National Park,Pacific West ,WA,1987,"2,822,850","539,685","64,396","8,252","108,171","109,654","81,076",0,744
Olympic NP,OLYM,National Park,Pacific West ,WA,1988,"2,959,122","560,059","76,284","15,627","115,779","131,423","83,497",48,"1,245"
Olympic NP,OLYM,National Park,Pacific West ,WA,1989,"2,737,611","622,944","75,353","17,512","119,391","115,234","82,748",60,"1,749"
Olympic NP,OLYM,National Park,Pacific West ,WA,1990,"2,794,903","719,176","76,325","16,668","124,536","108,902","75,436",0,"2,277"
Olympic NP,OLYM,National Park,Pacific West ,WA,1991,"2,759,673","608,509","80,510","14,968","118,191","96,843","77,801",0,"1,573"
Olympic NP,OLYM,National Park,Pacific West ,WA,1992,"3,030,195","664,643","79,981","12,355","162,516","117,211","93,947",320,"2,439"
Olympic NP,OLYM,National Park,Pacific West ,WA,1993,"2,679,598","854,169","78,990","11,462","151,391","131,797","108,110",0,"2,313"
Olympic NP,OLYM,National Park,Pacific West ,WA,1994,"3,381,573","879,988","76,054","11,627","200,028","126,703","125,241",0,"2,477"
Olympic NP,OLYM,National Park,Pacific West ,WA,1995,"3,658,615","1,025,868","73,629","10,101","128,309","100,070","156,460",0,"2,605"
Olympic NP,OLYM,National Park,Pacific West ,WA,1996,"3,348,723","984,064","67,144","9,227","106,085","108,267","151,113",0,"2,502"
Olympic NP,OLYM,National Park,Pacific West ,WA,1997,"3,846,709","1,135,570","74,417","10,997","128,710","93,881","126,045",0,956
Olympic NP,OLYM,National Park,Pacific West ,WA,1998,"3,577,007","1,044,822","76,742","11,289","136,541","90,662","126,554",0,"1,235"
Olympic NP,OLYM,National Park,Pacific West ,WA,1999,"3,364,266","878,984","71,814","8,453","121,635","78,458","118,331",0,322
Olympic NP,OLYM,National Park,Pacific West ,WA,2000,"3,327,722","852,196","70,758","8,855","127,116","83,085","115,464",0,408
Olympic NP,OLYM,National Park,Pacific West ,WA,2001,"3,416,069","870,211","74,124","9,642","123,847","78,440","107,795",0,0
Olympic NP,OLYM,National Park,Pacific West ,WA,2002,"3,691,310","797,917","64,787","19,547","130,001","84,014","117,434",0,"2,484"
Olympic NP,OLYM,National Park,Pacific West ,WA,2003,"3,225,327","900,894","65,602","10,642","121,964","82,536","105,407",0,"1,896"
Olympic NP,OLYM,National Park,Pacific West ,WA,2004,"3,073,722","936,336","63,096","9,674","113,158","77,835","75,005",0,"2,456"
Olympic NP,OLYM,National Park,Pacific West ,WA,2005,"3,142,774","818,584","62,476","6,117","110,320","79,633","80,520",0,"2,228"
Olympic NP,OLYM,National Park,Pacific West ,WA,2006,"2,749,197","746,273","70,894","7,117","97,272","86,843","76,323",0,17
Olympic NP,OLYM,National Park,Pacific West ,WA,2007,"2,988,686","868,793","82,105","8,432","101,792","64,462","70,802",0,262
Olympic NP,OLYM,National Park,Pacific West ,WA,2008,"3,081,451","815,284","70,387","6,400","92,314","58,135","67,893",0,"3,135"
Olympic NP,OLYM,National Park,Pacific West ,WA,2009,"3,276,459","789,503","66,338","7,934","105,808","79,556","82,085",0,852
Olympic NP,OLYM,National Park,Pacific West ,WA,2010,"2,844,563","884,680","70,674","6,687","90,477","63,701","68,546",0,806
Olympic NP,OLYM,National Park,Pacific West ,WA,2011,"2,966,502","916,048","73,975","4,848","101,249","60,341","57,162",0,660
Olympic NP,OLYM,National Park,Pacific West ,WA,2012,"2,824,908","807,508","72,500","4,731","90,876","55,271","55,776",0,634
Olympic NP,OLYM,National Park,Pacific West ,WA,2013,"3,085,340","913,226","73,452","2,036","110,015","52,656","54,369",0,588
Olympic NP,OLYM,National Park,Pacific West ,WA,2014,"3,243,872","867,491","93,893","4,375","140,112","66,937","69,731",0,"1,000"
Olympic NP,OLYM,National Park,Pacific West ,WA,2015,"3,263,761","819,374","85,362","8,140","122,579","65,516","88,587",0,497
Olympic NP,OLYM,National Park,Pacific West ,WA,2016,"3,390,221","800,263","85,450","11,180","134,871","64,582","100,347",0,288
Olympic NP,OLYM,National Park,Pacific West ,WA,2017,"3,401,996","777,419","73,705","12,473","178,359","76,186","122,678",0,138
Olympic NP,OLYM,National Park,Pacific West ,WA,2018,"3,104,455","728,811","71,958","11,222","162,192","77,436","128,134",0,218
Olympic NP,OLYM,National Park,Pacific West ,WA,2019,"3,245,806","718,520","76,220","28,645","134,569","73,701","96,864",0,190
Olympic NP,OLYM,National Park,Pacific West ,WA,2020,"2,499,177","604,587","50,826","9,830","129,320","66,034","103,682",0,56
Olympic NP,OLYM,National Park,Pacific West ,WA,2021,"2,718,925","606,287","63,550","14,272","154,166","93,269","138,140",0,54
Olympic NP,OLYM,National Park,Pacific West ,WA,2022,"2,432,972","622,476","69,525","12,781","137,274","102,358","133,751",0,86
Olympic NP,OLYM,National Park,Pacific West ,WA,2023,"2,947,503","1,045,102","69,534","12,782","121,314","91,536","158,254",0,91
Olympic NP,OLYM,National Park,Pacific West ,WA,2024,"3,717,267","1,086,478","88,217","12,853","130,274","92,181","124,736",0,89
Petrified Forest NP,PEFO,National Park,Intermountain ,AZ,1979,"671,583","3,600",0,0,0,0,602,100,0
Petrified Forest NP,PEFO,National Park,Intermountain ,AZ,1980,"683,121","3,600",0,0,0,0,612,84,0
Petrified Forest NP,PEFO,National Park,Intermountain ,AZ,1981,"747,832","3,600",0,0,0,0,716,717,0
Petrified Forest NP,PEFO,National Park,Intermountain ,AZ,1982,"710,619","3,600",0,0,0,0,281,385,0
Petrified Forest NP,PEFO,National Park,Intermountain ,AZ,1983,"708,512","3,600",0,0,0,0,492,145,0
Petrified Forest NP,PEFO,National Park,Intermountain ,AZ,1984,"714,761","3,600",0,0,0,0,432,186,0
Petrified Forest NP,PEFO,National Park,Intermountain ,AZ,1985,"736,659","3,600",0,0,0,0,406,339,0
Petrified Forest NP,PEFO,National Park,Intermountain ,AZ,1986,"761,257","3,600",0,0,0,0,586,263,0
Petrified Forest NP,PEFO,National Park,Intermountain ,AZ,1987,"758,082","13,229",0,0,0,0,588,64,0
Petrified Forest NP,PEFO,National Park,Intermountain ,AZ,1988,"857,031","15,056",0,0,0,0,477,1,0
Petrified Forest NP,PEFO,National Park,Intermountain ,AZ,1989,"824,141","14,621",0,0,0,0,579,279,0
Petrified Forest NP,PEFO,National Park,Intermountain ,AZ,1990,"844,592","16,107",0,0,0,0,682,564,0
Petrified Forest NP,PEFO,National Park,Intermountain ,AZ,1991,"874,521","13,414",0,0,0,0,924,503,0
Petrified Forest NP,PEFO,National Park,Intermountain ,AZ,1992,"930,031","10,995",0,0,0,0,"1,087","1,144",0
Petrified Forest NP,PEFO,National Park,Intermountain ,AZ,1993,"936,429",120,0,0,0,0,872,453,0
Petrified Forest NP,PEFO,National Park,Intermountain ,AZ,1994,"922,927",120,0,0,0,0,907,250,0
Petrified Forest NP,PEFO,National Park,Intermountain ,AZ,1995,"935,065",120,0,0,0,0,927,259,0
Petrified Forest NP,PEFO,National Park,Intermountain ,AZ,1996,"829,495",120,0,0,0,0,545,0,0
Petrified Forest NP,PEFO,National Park,Intermountain ,AZ,1997,"823,266",120,0,0,0,0,638,"1,038",0
Petrified Forest NP,PEFO,National Park,Intermountain ,AZ,1998,"816,506",120,0,0,0,0,761,"1,982",0
Petrified Forest NP,PEFO,National Park,Intermountain ,AZ,1999,"666,978",120,0,0,0,0,464,"1,554",0
Petrified Forest NP,PEFO,National Park,Intermountain ,AZ,2000,"605,192",120,0,0,0,0,623,995,0
Petrified Forest NP,PEFO,National Park,Intermountain ,AZ,2001,"583,904",120,0,0,0,0,579,"1,074",0
Petrified Forest NP,PEFO,National Park,Intermountain ,AZ,2002,"571,586",120,0,0,0,0,357,"1,875",0
Petrified Forest NP,PEFO,National Park,Intermountain ,AZ,2003,"586,245",120,0,0,0,0,308,"2,424",0
Petrified Forest NP,PEFO,National Park,Intermountain ,AZ,2004,"580,000",120,0,0,0,0,"1,213","3,528",0
Petrified Forest NP,PEFO,National Park,Intermountain ,AZ,2005,"598,378",120,0,0,0,0,272,"2,145",0
Petrified Forest NP,PEFO,National Park,Intermountain ,AZ,2006,"581,681",120,0,0,0,0,142,"1,738",0
Petrified Forest NP,PEFO,National Park,Intermountain ,AZ,2007,"563,590",120,0,0,0,0,198,"1,915",0
Petrified Forest NP,PEFO,National Park,Intermountain ,AZ,2008,"543,714",120,0,0,0,0,174,"3,142",0
Petrified Forest NP,PEFO,National Park,Intermountain ,AZ,2009,"631,613",120,0,0,0,0,276,"5,458",0
Petrified Forest NP,PEFO,National Park,Intermountain ,AZ,2010,"664,725",120,0,0,0,0,300,"3,844",0
Petrified Forest NP,PEFO,National Park,Intermountain ,AZ,2011,"614,054",120,0,0,0,0,252,"4,359",0
Petrified Forest NP,PEFO,National Park,Intermountain ,AZ,2012,"664,857",120,0,0,0,0,257,0,0
Petrified Forest NP,PEFO,National Park,Intermountain ,AZ,2013,"644,648",120,0,0,0,0,264,0,0
Petrified Forest NP,PEFO,National Park,Intermountain ,AZ,2014,"836,799",120,0,0,0,0,252,0,0
Petrified Forest NP,PEFO,National Park,Intermountain ,AZ,2015,"793,225",120,0,0,0,0,437,0,0
Petrified Forest NP,PEFO,National Park,Intermountain ,AZ,2016,"643,274",120,0,0,0,0,486,0,0
Petrified Forest NP,PEFO,National Park,Intermountain ,AZ,2017,"627,757",120,0,0,0,0,"1,401",0,0
Petrified Forest NP,PEFO,National Park,Intermountain ,AZ,2018,"644,922",120,0,0,0,0,"1,166",0,0
Petrified Forest NP,PEFO,National Park,Intermountain ,AZ,2019,"643,588",120,0,0,0,0,"1,451",0,0
Petrified Forest NP,PEFO,National Park,Intermountain ,AZ,2020,"384,483",120,0,0,0,0,209,0,0
Petrified Forest NP,PEFO,National Park,Intermountain ,AZ,2021,"590,334",120,0,0,0,0,624,0,0
Petrified Forest NP,PEFO,National Park,Intermountain ,AZ,2022,"505,209",120,0,0,0,0,789,0,0
Petrified Forest NP,PEFO,National Park,Intermountain ,AZ,2023,"520,491",120,0,0,0,0,722,0,0
Petrified Forest NP,PEFO,National Park,Intermountain ,AZ,2024,"559,254",120,0,0,0,0,709,0,0
Pinnacles NP,PINN,National Park,Pacific West ,CA,1979,"153,717",0,0,0,"5,970","2,369",0,0,67
Pinnacles NP,PINN,National Park,Pacific West ,CA,1980,"163,626",0,0,0,"7,083","1,895",0,0,0
Pinnacles NP,PINN,National Park,Pacific West ,CA,1981,"155,205",0,0,0,"6,135","2,018",0,0,0
Pinnacles NP,PINN,National Park,Pacific West ,CA,1982,"171,026",0,0,0,"6,152","1,390",0,0,0
Pinnacles NP,PINN,National Park,Pacific West ,CA,1983,"170,631",0,0,0,"6,492","1,721",0,0,0
Pinnacles NP,PINN,National Park,Pacific West ,CA,1984,"166,258",0,0,0,"5,463","1,163",0,0,0
Pinnacles NP,PINN,National Park,Pacific West ,CA,1985,"191,578",0,0,0,"5,135",817,0,0,0
Pinnacles NP,PINN,National Park,Pacific West ,CA,1986,"198,236",0,0,0,"6,006",801,0,0,0
Pinnacles NP,PINN,National Park,Pacific West ,CA,1987,"204,705",0,0,0,"5,509","1,009",0,0,0
Pinnacles NP,PINN,National Park,Pacific West ,CA,1988,"212,094",0,0,0,"6,196","1,157",0,0,0
Pinnacles NP,PINN,National Park,Pacific West ,CA,1989,"218,601",0,0,0,"6,246","1,237",0,0,0
Pinnacles NP,PINN,National Park,Pacific West ,CA,1990,"214,268",0,0,0,"4,621",598,0,0,0
Pinnacles NP,PINN,National Park,Pacific West ,CA,1991,"192,610",0,0,0,"4,117",606,0,0,0
Pinnacles NP,PINN,National Park,Pacific West ,CA,1992,"191,683",0,0,0,"3,650",431,0,0,0
Pinnacles NP,PINN,National Park,Pacific West ,CA,1993,"194,757",0,0,0,"3,956",515,0,0,0
Pinnacles NP,PINN,National Park,Pacific West ,CA,1994,"172,642",0,0,0,"2,005",410,0,0,0
Pinnacles NP,PINN,National Park,Pacific West ,CA,1995,"177,527",0,0,0,"3,965",550,0,0,0
Pinnacles NP,PINN,National Park,Pacific West ,CA,1996,"164,465",0,0,0,"4,085",726,0,0,0
Pinnacles NP,PINN,National Park,Pacific West ,CA,1997,"171,971",0,0,0,"3,031",529,0,0,0
Pinnacles NP,PINN,National Park,Pacific West ,CA,1998,"94,639",0,0,0,102,24,0,0,0
Pinnacles NP,PINN,National Park,Pacific West ,CA,1999,"164,854",0,0,0,0,0,0,0,0
Pinnacles NP,PINN,National Park,Pacific West ,CA,2000,"162,110",0,0,0,0,0,0,0,0
Pinnacles NP,PINN,National Park,Pacific West ,CA,2001,"178,243",0,0,0,0,0,0,0,0
Pinnacles NP,PINN,National Park,Pacific West ,CA,2002,"162,266",0,0,0,0,0,0,0,0
Pinnacles NP,PINN,National Park,Pacific West ,CA,2003,"162,791",0,0,0,0,0,0,0,0
Pinnacles NP,PINN,National Park,Pacific West ,CA,2004,"157,397",0,0,0,0,0,0,0,0
Pinnacles NP,PINN,National Park,Pacific West ,CA,2005,"170,994",0,0,0,0,0,0,0,0
Pinnacles NP,PINN,National Park,Pacific West ,CA,2006,"158,824",0,0,343,"10,459","3,174",0,0,0
Pinnacles NP,PINN,National Park,Pacific West ,CA,2007,"161,019",0,0,0,"14,256","3,314",0,0,0
Pinnacles NP,PINN,National Park,Pacific West ,CA,2008,"166,988",0,0,0,"17,115","3,094",0,0,0
Pinnacles NP,PINN,National Park,Pacific West ,CA,2009,"171,112",0,0,"9,524",0,0,0,0,0
Pinnacles NP,PINN,National Park,Pacific West ,CA,2010,"246,575",0,0,"10,360",0,0,0,0,0
Pinnacles NP,PINN,National Park,Pacific West ,CA,2011,"393,219",0,0,0,0,0,0,0,0
Pinnacles NP,PINN,National Park,Pacific West ,CA,2012,"224,476",0,0,0,0,0,0,0,0
Pinnacles NP,PINN,National Park,Pacific West ,CA,2013,"237,677",0,0,0,0,0,0,0,0
Pinnacles NP,PINN,National Park,Pacific West ,CA,2014,"196,635",0,0,0,0,0,0,0,0
Pinnacles NP,PINN,National Park,Pacific West ,CA,2015,"206,533",0,0,0,0,0,0,0,0
Pinnacles NP,PINN,National Park,Pacific West ,CA,2016,"215,555",0,0,0,0,0,0,0,0
Pinnacles NP,PINN,National Park,Pacific West ,CA,2017,"233,334",0,0,0,0,0,0,0,0
Pinnacles NP,PINN,National Park,Pacific West ,CA,2018,"222,152",0,0,0,0,0,0,0,0
Pinnacles NP,PINN,National Park,Pacific West ,CA,2019,"177,224",0,0,0,0,0,0,0,0
Pinnacles NP,PINN,National Park,Pacific West ,CA,2020,"165,740",0,0,"26,118",0,0,0,0,0
Pinnacles NP,PINN,National Park,Pacific West ,CA,2021,"348,857",0,0,"33,293",0,0,0,0,0
Pinnacles NP,PINN,National Park,Pacific West ,CA,2022,"275,023",0,0,"31,930",0,0,0,0,0
Pinnacles NP,PINN,National Park,Pacific West ,CA,2023,"341,220",0,0,"32,221",0,0,0,0,0
Pinnacles NP,PINN,National Park,Pacific West ,CA,2024,"354,076",0,0,"43,913",0,0,0,0,0
Redwood NP,REDW,National Park,Pacific West ,CA,1979,"413,917","66,446",0,0,"1,501",0,"1,894",0,"5,262"
Redwood NP,REDW,National Park,Pacific West ,CA,1980,"471,710","67,724",0,0,"1,721",0,"2,084",0,"5,433"
Redwood NP,REDW,National Park,Pacific West ,CA,1981,"549,461","83,356",0,0,770,0,"1,339",0,"3,794"
Redwood NP,REDW,National Park,Pacific West ,CA,1982,"467,126","82,310",0,0,755,0,"1,106",0,"3,187"
Redwood NP,REDW,National Park,Pacific West ,CA,1983,"473,711","81,067",0,0,823,0,"1,106",0,"4,502"
Redwood NP,REDW,National Park,Pacific West ,CA,1984,"467,155","79,628",0,0,"1,401",0,858,0,"6,319"
Redwood NP,REDW,National Park,Pacific West ,CA,1985,"505,791","102,636",0,0,"1,950",0,843,0,"6,712"
Redwood NP,REDW,National Park,Pacific West ,CA,1986,"567,849","110,700",0,0,"1,438",0,814,0,"9,154"
Redwood NP,REDW,National Park,Pacific West ,CA,1987,"610,897","120,004","2,156",0,"1,437",0,452,0,"8,401"
Redwood NP,REDW,National Park,Pacific West ,CA,1988,"677,135","35,324","5,298",0,"3,192",0,641,0,"8,182"
Redwood NP,REDW,National Park,Pacific West ,CA,1989,"654,115",0,"5,872",0,"1,156",0,773,0,"8,112"
Redwood NP,REDW,National Park,Pacific West ,CA,1990,"348,458",0,"6,022",0,"2,191",0,"1,038",0,"6,631"
Redwood NP,REDW,National Park,Pacific West ,CA,1991,"366,280",0,"5,653",0,"2,261","49,304",878,0,"8,752"
Redwood NP,REDW,National Park,Pacific West ,CA,1992,"387,781",0,"5,506",0,"4,149","49,832","1,484",0,"10,050"
Redwood NP,REDW,National Park,Pacific West ,CA,1993,"421,027",0,"5,600",0,"8,280","40,179","1,427",0,"8,603"
Redwood NP,REDW,National Park,Pacific West ,CA,1994,"475,033",0,"4,916",0,"8,222","52,859","1,730",0,"5,441"
Redwood NP,REDW,National Park,Pacific West ,CA,1995,"552,464",0,"3,958",0,"9,138","150,923","1,270",0,"8,736"
Redwood NP,REDW,National Park,Pacific West ,CA,1996,"426,938",0,"5,240",0,"14,436","63,883","3,102",0,"7,113"
Redwood NP,REDW,National Park,Pacific West ,CA,1997,"382,488",0,"5,255",0,"16,010","44,286","2,169",0,"19,535"
Redwood NP,REDW,National Park,Pacific West ,CA,1998,"383,188",0,"4,475",0,"9,125","43,731","1,988",0,"6,979"
Redwood NP,REDW,National Park,Pacific West ,CA,1999,"369,726",0,"5,439",0,"9,545","49,214","1,594",0,"4,127"
Redwood NP,REDW,National Park,Pacific West ,CA,2000,"383,253",0,"5,288",0,"10,357","37,964","1,404",0,"3,514"
Redwood NP,REDW,National Park,Pacific West ,CA,2001,"388,352",0,"5,169",0,"4,049","19,584","1,537",0,"4,116"
Redwood NP,REDW,National Park,Pacific West ,CA,2002,"404,789",0,"5,443",0,"7,889","18,652","1,640",0,"4,796"
Redwood NP,REDW,National Park,Pacific West ,CA,2003,"408,126",0,"5,037",0,"9,833","15,939","1,095",0,"5,908"
Redwood NP,REDW,National Park,Pacific West ,CA,2004,"392,029",0,"4,415",0,"1,736",140,"1,392",0,"5,444"
Redwood NP,REDW,National Park,Pacific West ,CA,2005,"394,144",0,"4,199",0,"1,620",0,"1,031",0,"5,454"
Redwood NP,REDW,National Park,Pacific West ,CA,2006,"383,780",0,"4,754",0,"1,407",0,"1,109",0,"6,150"
Redwood NP,REDW,National Park,Pacific West ,CA,2007,"385,171",0,"5,314",0,"1,310",0,"1,005",0,"5,615"
Redwood NP,REDW,National Park,Pacific West ,CA,2008,"396,899",0,"6,122",0,"1,521",0,"1,384",0,"3,924"
Redwood NP,REDW,National Park,Pacific West ,CA,2009,"444,426",0,"5,705",0,"1,541",0,"1,338",0,"5,977"
Redwood NP,REDW,National Park,Pacific West ,CA,2010,"418,820",0,162,0,"1,758",0,903,0,"4,656"
Redwood NP,REDW,National Park,Pacific West ,CA,2011,"380,167",0,0,0,"1,294",0,"1,330",0,"2,796"
Redwood NP,REDW,National Park,Pacific West ,CA,2012,"352,517",0,0,0,"1,362",0,"1,255",0,568
Redwood NP,REDW,National Park,Pacific West ,CA,2013,"393,364",0,0,0,"3,567",0,"3,096",0,"3,238"
Redwood NP,REDW,National Park,Pacific West ,CA,2014,"429,166",0,0,0,"3,676",0,"3,829",0,"1,851"
Redwood NP,REDW,National Park,Pacific West ,CA,2015,"527,143",0,0,0,"4,554",0,"4,394",0,"2,477"
Redwood NP,REDW,National Park,Pacific West ,CA,2016,"536,297",0,0,0,"4,979",0,"4,681",0,"2,520"
Redwood NP,REDW,National Park,Pacific West ,CA,2017,"445,000",0,0,0,"3,363",0,"4,769",0,"2,230"
Redwood NP,REDW,National Park,Pacific West ,CA,2018,"482,536",0,0,0,"3,711",0,"4,035",0,"3,783"
Redwood NP,REDW,National Park,Pacific West ,CA,2019,"504,722",0,0,0,"2,721",0,"3,276",0,"1,818"
Redwood NP,REDW,National Park,Pacific West ,CA,2020,"265,177",0,0,0,"1,706",0,"4,931",0,11
Redwood NP,REDW,National Park,Pacific West ,CA,2021,"435,879","10,824",0,0,"3,940",0,"12,271",0,300
Redwood NP,REDW,National Park,Pacific West ,CA,2022,"458,400","10,824",0,0,"4,747",0,"12,582",0,"4,999"
Redwood NP,REDW,National Park,Pacific West ,CA,2023,"409,105","10,824",0,0,"6,554",0,"13,094",0,"2,817"
Redwood NP,REDW,National Park,Pacific West ,CA,2024,"622,883","10,824",0,0,"5,964",0,"12,308",0,"1,520"
Rocky Mountain NP,ROMO,National Park,Intermountain ,CO,1979,"2,568,530","11,456",0,0,"138,381","170,300","56,560",0,"11,236"
Rocky Mountain NP,ROMO,National Park,Intermountain ,CO,1980,"2,641,937","12,260",0,0,"142,249","103,698","57,465",0,"13,642"
Rocky Mountain NP,ROMO,National Park,Intermountain ,CO,1981,"2,911,242","5,838",0,0,"138,158","104,275","53,928",0,"13,702"
Rocky Mountain NP,ROMO,National Park,Intermountain ,CO,1982,"2,564,116","14,786",0,0,"120,931","84,273","44,714",0,"10,120"
Rocky Mountain NP,ROMO,National Park,Intermountain ,CO,1983,"2,599,006","102,080",0,0,"108,535","82,111","42,023",0,"14,458"
Rocky Mountain NP,ROMO,National Park,Intermountain ,CO,1984,"2,231,448","234,186",0,0,"82,722","61,278","34,714",0,"7,583"
Rocky Mountain NP,ROMO,National Park,Intermountain ,CO,1985,"2,248,854","105,624",0,0,"90,846","67,167","36,241",0,"7,180"
Rocky Mountain NP,ROMO,National Park,Intermountain ,CO,1986,"2,408,234","114,888",0,0,"88,950","64,298","35,056",0,"8,235"
Rocky Mountain NP,ROMO,National Park,Intermountain ,CO,1987,"2,531,864","133,165",0,0,"91,890","71,895","32,704",0,"8,618"
Rocky Mountain NP,ROMO,National Park,Intermountain ,CO,1988,"2,544,211","142,705",0,0,"97,035","74,928","34,413",0,"8,562"
Rocky Mountain NP,ROMO,National Park,Intermountain ,CO,1989,"2,502,915","133,747",0,0,"92,267","71,630","32,792",0,"8,913"
Rocky Mountain NP,ROMO,National Park,Intermountain ,CO,1990,"2,647,323","153,936",0,0,"93,260","69,068","35,501",0,"10,934"
Rocky Mountain NP,ROMO,National Park,Intermountain ,CO,1991,"2,751,781","152,030",0,0,"92,110","72,217","39,172",0,"11,892"
Rocky Mountain NP,ROMO,National Park,Intermountain ,CO,1992,"2,788,868","153,875",0,0,"97,754","71,524","42,066",0,"14,967"
Rocky Mountain NP,ROMO,National Park,Intermountain ,CO,1993,"2,780,342","170,525",0,0,"91,040","67,802","43,558",0,"16,474"
Rocky Mountain NP,ROMO,National Park,Intermountain ,CO,1994,"2,968,450","185,245",0,0,"102,621","72,953","52,061",0,"20,072"
Rocky Mountain NP,ROMO,National Park,Intermountain ,CO,1995,"2,878,169","130,278",0,0,"93,503","64,061","38,638",0,"13,786"
Rocky Mountain NP,ROMO,National Park,Intermountain ,CO,1996,"2,923,755","192,030",0,0,"105,456","65,292","42,394",0,"18,836"
Rocky Mountain NP,ROMO,National Park,Intermountain ,CO,1997,"2,965,354","168,169",0,0,"99,291","66,858","41,420",0,"18,457"
Rocky Mountain NP,ROMO,National Park,Intermountain ,CO,1998,"3,035,422","174,655",0,0,"102,738","64,977","46,162",0,"21,589"
Rocky Mountain NP,ROMO,National Park,Intermountain ,CO,1999,"3,186,323","179,930",0,0,"97,992","63,567","41,417",0,"46,186"
Rocky Mountain NP,ROMO,National Park,Intermountain ,CO,2000,"3,185,392","194,652",0,0,"98,700","64,734","40,528",0,"27,547"
Rocky Mountain NP,ROMO,National Park,Intermountain ,CO,2001,"3,139,685","178,624",0,0,"95,055","70,638","41,285",0,"3,133"
Rocky Mountain NP,ROMO,National Park,Intermountain ,CO,2002,"2,988,475","149,592",0,0,"93,843","66,909","39,178",0,"6,451"
Rocky Mountain NP,ROMO,National Park,Intermountain ,CO,2003,"3,067,256","182,189",0,0,"97,929","73,350","36,012",0,"1,716"
Rocky Mountain NP,ROMO,National Park,Intermountain ,CO,2004,"2,781,899","168,747",0,0,"90,603","63,252","23,928",0,"8,959"
Rocky Mountain NP,ROMO,National Park,Intermountain ,CO,2005,"2,798,368","182,671",0,0,"96,198","61,623","33,745",0,"11,992"
Rocky Mountain NP,ROMO,National Park,Intermountain ,CO,2006,"2,743,676","184,244",0,0,"93,717","64,641","35,227",0,"12,665"
Rocky Mountain NP,ROMO,National Park,Intermountain ,CO,2007,"2,895,383","195,491",0,0,"103,278","59,826","36,078",0,"10,912"
Rocky Mountain NP,ROMO,National Park,Intermountain ,CO,2008,"2,757,390","172,362",0,0,"90,690","52,302","47,701",0,"13,104"
Rocky Mountain NP,ROMO,National Park,Intermountain ,CO,2009,"2,822,325","169,204",0,0,"83,925","45,957","31,912",0,"9,077"
Rocky Mountain NP,ROMO,National Park,Intermountain ,CO,2010,"2,955,821","172,626",0,0,"89,514","45,354","33,405",0,"5,929"
Rocky Mountain NP,ROMO,National Park,Intermountain ,CO,2011,"3,176,941","168,673",0,0,"101,337","52,944","31,216",0,"15,215"
Rocky Mountain NP,ROMO,National Park,Intermountain ,CO,2012,"3,229,617","8,750",0,0,"84,393","39,765","29,558",0,"5,511"
Rocky Mountain NP,ROMO,National Park,Intermountain ,CO,2013,"2,991,141","8,750",0,0,"79,782","35,472","29,870",0,"4,654"
Rocky Mountain NP,ROMO,National Park,Intermountain ,CO,2014,"3,434,751","8,750",0,0,"112,197","50,808","34,321",0,"10,479"
Rocky Mountain NP,ROMO,National Park,Intermountain ,CO,2015,"4,155,916","8,750",0,0,"124,254","60,927","46,301",0,"12,604"
Rocky Mountain NP,ROMO,National Park,Intermountain ,CO,2016,"4,517,585","8,750",0,0,"120,981","57,321","45,223",0,"5,140"
Rocky Mountain NP,ROMO,National Park,Intermountain ,CO,2017,"4,437,215","8,750",0,0,"124,179","57,627","45,194",0,"13,088"
Rocky Mountain NP,ROMO,National Park,Intermountain ,CO,2018,"4,590,493","8,750",0,0,"117,924","71,016","46,840",0,"4,030"
Rocky Mountain NP,ROMO,National Park,Intermountain ,CO,2019,"4,670,053","8,750",0,0,"112,791","64,809","41,213",0,877
Rocky Mountain NP,ROMO,National Park,Intermountain ,CO,2020,"3,305,199","8,750",0,0,"31,350","37,017","41,522",0,0
Rocky Mountain NP,ROMO,National Park,Intermountain ,CO,2021,"4,434,848","8,750",0,0,"55,920","32,148","39,384",0,0
Rocky Mountain NP,ROMO,National Park,Intermountain ,CO,2022,"4,300,424","8,750",0,0,"110,586","55,326","34,645",0,548
Rocky Mountain NP,ROMO,National Park,Intermountain ,CO,2023,"4,115,837","8,750",0,0,"70,761","28,329","34,314",0,377
Rocky Mountain NP,ROMO,National Park,Intermountain ,CO,2024,"4,154,349","8,750",0,0,"104,513","32,753","33,454",0,"9,603"
Saguaro NP,SAGU,National Park,Intermountain ,AZ,1979,"566,486",0,0,0,0,0,"3,622",0,0
Saguaro NP,SAGU,National Park,Intermountain ,AZ,1980,"611,317",0,0,0,0,0,"3,881",0,0
Saguaro NP,SAGU,National Park,Intermountain ,AZ,1981,"470,598",0,0,0,0,0,"3,144",0,0
Saguaro NP,SAGU,National Park,Intermountain ,AZ,1982,"566,807","796,946",0,0,0,0,"2,799",0,0
Saguaro NP,SAGU,National Park,Intermountain ,AZ,1983,"634,688","983,195",0,0,0,0,"2,714",0,0
Saguaro NP,SAGU,National Park,Intermountain ,AZ,1984,"699,292","972,349",0,0,0,0,"2,301",0,0
Saguaro NP,SAGU,National Park,Intermountain ,AZ,1985,"636,711","1,637,820",0,0,0,0,"1,834",0,0
Saguaro NP,SAGU,National Park,Intermountain ,AZ,1986,"613,651","1,199,153",0,0,0,0,"1,796",0,0
Saguaro NP,SAGU,National Park,Intermountain ,AZ,1987,"689,933","1,299,934",0,0,0,0,"1,549",0,0
Saguaro NP,SAGU,National Park,Intermountain ,AZ,1988,"675,397","1,451,151",0,0,0,0,"1,822",0,0
Saguaro NP,SAGU,National Park,Intermountain ,AZ,1989,"706,191","1,485,758",0,0,0,0,"1,247",0,0
Saguaro NP,SAGU,National Park,Intermountain ,AZ,1990,"702,328","1,416,160",0,0,0,0,"1,129",0,0
Saguaro NP,SAGU,National Park,Intermountain ,AZ,1991,"679,034","1,451,891",0,0,0,0,"1,516",0,0
Saguaro NP,SAGU,National Park,Intermountain ,AZ,1992,"810,059","1,567,787",0,0,0,0,"1,523",0,0
Saguaro NP,SAGU,National Park,Intermountain ,AZ,1993,"828,267","1,653,330",0,0,0,0,"1,593",0,0
Saguaro NP,SAGU,National Park,Intermountain ,AZ,1994,"768,685","2,040,105",0,0,0,0,"1,501",0,0
Saguaro NP,SAGU,National Park,Intermountain ,AZ,1995,"732,813","2,203,373",0,0,0,0,"1,539",0,0
Saguaro NP,SAGU,National Park,Intermountain ,AZ,1996,"671,643","2,103,595",0,0,0,0,"1,573",0,0
Saguaro NP,SAGU,National Park,Intermountain ,AZ,1997,"739,410","2,007,488",0,0,0,0,"1,592",0,0
Saguaro NP,SAGU,National Park,Intermountain ,AZ,1998,"716,160","2,593,876",0,0,0,0,"1,839",0,0
Saguaro NP,SAGU,National Park,Intermountain ,AZ,1999,"749,014","2,675,037",0,0,0,0,"1,594",0,0
Saguaro NP,SAGU,National Park,Intermountain ,AZ,2000,"765,195","2,633,397",0,0,0,0,"1,560",0,0
Saguaro NP,SAGU,National Park,Intermountain ,AZ,2001,"725,874","2,599,632",0,0,0,0,"1,683",0,0
Saguaro NP,SAGU,National Park,Intermountain ,AZ,2002,"615,045","2,822,786",0,0,0,0,"1,424",0,0
Saguaro NP,SAGU,National Park,Intermountain ,AZ,2003,"643,697","2,834,381",0,0,0,0,"1,208",0,0
Saguaro NP,SAGU,National Park,Intermountain ,AZ,2004,"651,464","2,950,311",0,0,0,0,"2,203",0,0
Saguaro NP,SAGU,National Park,Intermountain ,AZ,2005,"727,208","2,902,342",0,0,0,0,"1,447",0,0
Saguaro NP,SAGU,National Park,Intermountain ,AZ,2006,"619,983","2,520,412",0,0,0,0,"1,552",0,0
Saguaro NP,SAGU,National Park,Intermountain ,AZ,2007,"658,477","2,188,834",0,0,0,0,"1,295",0,0
Saguaro NP,SAGU,National Park,Intermountain ,AZ,2008,"699,137","2,040,044",0,0,0,0,"1,599",0,0
Saguaro NP,SAGU,National Park,Intermountain ,AZ,2009,"665,234","2,161,236",0,0,0,0,"1,599",0,0
Saguaro NP,SAGU,National Park,Intermountain ,AZ,2010,"717,614","2,282,663",0,0,0,0,"1,568",0,0
Saguaro NP,SAGU,National Park,Intermountain ,AZ,2011,"610,045","2,363,660",0,0,0,0,"2,033",0,0
Saguaro NP,SAGU,National Park,Intermountain ,AZ,2012,"634,286","2,517,040",0,0,0,0,"1,545",0,0
Saguaro NP,SAGU,National Park,Intermountain ,AZ,2013,"678,261","2,888,885",0,0,0,0,"1,610",0,0
Saguaro NP,SAGU,National Park,Intermountain ,AZ,2014,"673,572","2,862,781",0,0,0,0,"1,377",0,0
Saguaro NP,SAGU,National Park,Intermountain ,AZ,2015,"753,446","2,901,335",0,0,0,0,"1,846",0,0
Saguaro NP,SAGU,National Park,Intermountain ,AZ,2016,"820,426","2,920,244",0,0,0,0,"1,868",0,0
Saguaro NP,SAGU,National Park,Intermountain ,AZ,2017,"964,760","2,139,033",0,0,0,0,"2,339",0,0
Saguaro NP,SAGU,National Park,Intermountain ,AZ,2018,"957,405","2,089,346",0,0,0,0,"2,058",0,0
Saguaro NP,SAGU,National Park,Intermountain ,AZ,2019,"1,020,226","2,694,738",0,0,0,0,"2,185",0,0
Saguaro NP,SAGU,National Park,Intermountain ,AZ,2020,"762,226","2,897,233",0,0,0,0,"3,461",0,0
Saguaro NP,SAGU,National Park,Intermountain ,AZ,2021,"1,079,786","2,931,086",0,0,0,0,"4,015",0,0
Saguaro NP,SAGU,National Park,Intermountain ,AZ,2022,"908,194","4,344,960",0,0,0,0,"3,706",0,0
Saguaro NP,SAGU,National Park,Intermountain ,AZ,2023,"1,010,906","4,395,013",0,0,0,0,"3,515",0,0
Saguaro NP,SAGU,National Park,Intermountain ,AZ,2024,"946,369","4,501,598",0,0,0,0,"2,795",0,0
Sequoia NP,SEQU,National Park,Pacific West ,CA,1979,"799,576",374,"85,622",0,"118,332","92,107","75,002",0,0
Sequoia NP,SEQU,National Park,Pacific West ,CA,1980,"862,397",365,"94,505",0,"123,228","96,022","146,317",0,0
Sequoia NP,SEQU,National Park,Pacific West ,CA,1981,"1,083,002",375,"102,632",0,"139,287","100,193","99,097",0,0
Sequoia NP,SEQU,National Park,Pacific West ,CA,1982,"1,020,500",381,"98,860",0,"142,478","91,293","86,633",0,0
Sequoia NP,SEQU,National Park,Pacific West ,CA,1983,"854,233",387,"98,103",0,"99,749","55,850","92,883",0,0
Sequoia NP,SEQU,National Park,Pacific West ,CA,1984,"979,632",376,"95,095",0,"162,311","78,498","105,027",0,0
Sequoia NP,SEQU,National Park,Pacific West ,CA,1985,"939,468",392,"100,359",0,"131,087","65,435","78,304",0,0
Sequoia NP,SEQU,National Park,Pacific West ,CA,1986,"1,056,527",395,"107,580",0,"137,102","57,518","81,218",0,0
Sequoia NP,SEQU,National Park,Pacific West ,CA,1987,"1,139,389",411,"112,633",0,"162,932","74,287","92,547",0,0
Sequoia NP,SEQU,National Park,Pacific West ,CA,1988,"1,031,129",409,"115,911",0,"104,114","56,399","82,844",0,0
Sequoia NP,SEQU,National Park,Pacific West ,CA,1989,"1,056,020",421,"107,234",0,"106,766","54,127","69,459",0,0
Sequoia NP,SEQU,National Park,Pacific West ,CA,1990,"1,063,538",433,"107,375",0,"104,844","55,692","77,221",0,0
Sequoia NP,SEQU,National Park,Pacific West ,CA,1991,"1,120,278",419,"126,789",0,"134,270","60,445","70,291",0,0
Sequoia NP,SEQU,National Park,Pacific West ,CA,1992,"961,095",363,"127,497",0,"127,646","56,465","97,141",0,0
Sequoia NP,SEQU,National Park,Pacific West ,CA,1993,"1,066,552",390,"115,290",0,"145,890","49,764","83,180",0,"1,036"
Sequoia NP,SEQU,National Park,Pacific West ,CA,1994,"1,034,133",360,"104,856",0,"125,486","48,098","88,465",0,"1,150"
Sequoia NP,SEQU,National Park,Pacific West ,CA,1995,"844,582",830,"86,674",0,"128,085","42,673","67,020",0,"1,140"
Sequoia NP,SEQU,National Park,Pacific West ,CA,1996,"838,060",360,"46,347",0,"108,412","39,511","62,913",0,"1,513"
Sequoia NP,SEQU,National Park,Pacific West ,CA,1997,"1,008,931",360,"30,278",0,"95,758","60,360","60,767",0,867
Sequoia NP,SEQU,National Park,Pacific West ,CA,1998,"861,303",360,"30,145",0,"101,057","30,013","67,494",0,846
Sequoia NP,SEQU,National Park,Pacific West ,CA,1999,"873,229",360,"38,374",0,"118,998","37,272","76,718",0,"2,286"
Sequoia NP,SEQU,National Park,Pacific West ,CA,2000,"838,947",360,"56,665",0,"91,182","38,252","65,865",0,226
Sequoia NP,SEQU,National Park,Pacific West ,CA,2001,"870,327",360,"58,445",0,"103,216","33,884","88,986",0,"2,200"
Sequoia NP,SEQU,National Park,Pacific West ,CA,2002,"920,292","3,057","59,702",0,"96,080","26,009","59,577",0,"4,190"
Sequoia NP,SEQU,National Park,Pacific West ,CA,2003,"979,297","4,169","56,422",0,"125,161","16,265","75,687",0,"7,984"
Sequoia NP,SEQU,National Park,Pacific West ,CA,2004,"1,000,177","3,361","64,570",0,"112,677","31,030","24,815",0,"7,956"
Sequoia NP,SEQU,National Park,Pacific West ,CA,2005,"1,004,843","2,832","75,955",0,"100,645","31,128","18,118",0,"5,899"
Sequoia NP,SEQU,National Park,Pacific West ,CA,2006,"954,507","5,075","64,824",0,"91,285","28,207","21,659",0,"6,398"
Sequoia NP,SEQU,National Park,Pacific West ,CA,2007,"979,537","4,399","66,770",0,"102,292","28,984","20,644",0,"6,399"
Sequoia NP,SEQU,National Park,Pacific West ,CA,2008,"930,011","3,995","61,947",0,"108,408","27,294","23,681",0,"6,796"
Sequoia NP,SEQU,National Park,Pacific West ,CA,2009,"965,170","4,873","64,481",0,"121,930","29,952","36,238",0,"6,506"
Sequoia NP,SEQU,National Park,Pacific West ,CA,2010,"1,002,979","4,616","62,637",0,"124,138","33,696","21,594",0,"5,184"
Sequoia NP,SEQU,National Park,Pacific West ,CA,2011,"1,006,583","5,974","60,743",0,"110,772","28,914","22,210",0,"6,005"
Sequoia NP,SEQU,National Park,Pacific West ,CA,2012,"1,106,584","6,868","54,606",0,"117,821","28,297","21,969",0,"4,203"
Sequoia NP,SEQU,National Park,Pacific West ,CA,2013,"909,274","5,017","51,645",0,"114,306","29,947","26,631",0,"3,483"
Sequoia NP,SEQU,National Park,Pacific West ,CA,2014,"1,039,137","3,566","71,279",0,"129,562","34,902","29,013",0,"5,418"
Sequoia NP,SEQU,National Park,Pacific West ,CA,2015,"1,097,464","5,898","72,727",0,"133,833","39,448","32,436",0,"4,299"
Sequoia NP,SEQU,National Park,Pacific West ,CA,2016,"1,254,688","13,151","63,940",0,"149,714","69,732","36,247",0,319
Sequoia NP,SEQU,National Park,Pacific West ,CA,2017,"1,291,256","13,549","67,151",0,"139,901","56,944","36,660",0,292
Sequoia NP,SEQU,National Park,Pacific West ,CA,2018,"1,229,594","17,480","74,091",0,"142,945","78,543","37,881",0,261
Sequoia NP,SEQU,National Park,Pacific West ,CA,2019,"1,246,053","15,987","69,616",0,"133,088","68,679","29,871",0,256
Sequoia NP,SEQU,National Park,Pacific West ,CA,2020,"796,086","10,252","29,222",0,"25,333","18,005","20,943",0,0
Sequoia NP,SEQU,National Park,Pacific West ,CA,2021,"1,059,548","11,633","40,592",0,"91,243","22,456","33,155",0,0
Sequoia NP,SEQU,National Park,Pacific West ,CA,2022,"1,153,198","12,936","40,016",0,"102,700","50,295","31,562",0,0
Sequoia NP,SEQU,National Park,Pacific West ,CA,2023,"980,567","13,777","46,333",0,"56,575","43,526","7,849",0,0
Sequoia NP,SEQU,National Park,Pacific West ,CA,2024,"1,309,573","13,743","61,465",0,"82,036","62,752","23,439",0,3
Shenandoah NP,SHEN,National Park,Northeast ,VA,1979,"1,521,451","104,271","111,258",0,"140,955","107,016","62,831",0,"12,727"
Shenandoah NP,SHEN,National Park,Northeast ,VA,1980,"1,699,228","70,496","116,409",0,"156,236","120,111","66,728",0,"15,466"
Shenandoah NP,SHEN,National Park,Northeast ,VA,1981,"1,819,546","74,734","115,417",0,"154,057","112,079","61,613",0,"14,543"
Shenandoah NP,SHEN,National Park,Northeast ,VA,1982,"1,751,972","69,086","119,871",0,"146,314","111,194","54,720",0,"11,277"
Shenandoah NP,SHEN,National Park,Northeast ,VA,1983,"1,768,378","70,484","117,527",0,"135,185","102,761","52,522",0,"14,149"
Shenandoah NP,SHEN,National Park,Northeast ,VA,1984,"1,869,307","74,846","119,010",0,"137,527","97,799","45,166",0,"14,997"
Shenandoah NP,SHEN,National Park,Northeast ,VA,1985,"1,933,085","27,881","118,469",0,"174,937","90,193","43,046",0,"3,131"
Shenandoah NP,SHEN,National Park,Northeast ,VA,1986,"1,843,985","22,700","120,027",0,"116,975","82,896","38,134",0,"3,652"
Shenandoah NP,SHEN,National Park,Northeast ,VA,1987,"1,767,727","21,262","118,680",0,"111,957","80,062","40,758",0,"2,822"
Shenandoah NP,SHEN,National Park,Northeast ,VA,1988,"1,937,155","23,666","128,991",0,"111,101","79,355","35,353",0,"2,945"
Shenandoah NP,SHEN,National Park,Northeast ,VA,1989,"1,873,817","26,183","125,373",0,"117,497","57,961","40,519",0,"4,385"
Shenandoah NP,SHEN,National Park,Northeast ,VA,1990,"1,771,780","42,078","131,073",0,"90,551","59,723","38,182",0,"3,643"
Shenandoah NP,SHEN,National Park,Northeast ,VA,1991,"1,939,486","44,720","133,925",0,"102,086","63,057","39,130",0,"3,413"
Shenandoah NP,SHEN,National Park,Northeast ,VA,1992,"1,822,193","28,479","126,335",0,"106,249","57,652","45,729",0,0
Shenandoah NP,SHEN,National Park,Northeast ,VA,1993,"1,951,366","30,173","117,648",0,"94,655","49,936","55,744",0,0
Shenandoah NP,SHEN,National Park,Northeast ,VA,1994,"1,926,883","29,326","109,905",0,"94,420","51,796","56,879",0,0
Shenandoah NP,SHEN,National Park,Northeast ,VA,1995,"1,757,794","34,927","120,436",0,"97,591","80,921","58,283",0,0
Shenandoah NP,SHEN,National Park,Northeast ,VA,1996,"1,571,019","10,962","109,525",0,"72,333","43,770","46,727",0,0
Shenandoah NP,SHEN,National Park,Northeast ,VA,1997,"1,587,790","10,962","114,061",0,"79,845","50,955","51,063",0,0
Shenandoah NP,SHEN,National Park,Northeast ,VA,1998,"1,473,100","10,962","111,164",0,"89,931","43,719","43,574",0,0
Shenandoah NP,SHEN,National Park,Northeast ,VA,1999,"1,339,286","10,962","106,568",0,"81,993","40,032","43,913",0,0
Shenandoah NP,SHEN,National Park,Northeast ,VA,2000,"1,419,579","10,962","110,955",0,"86,025","43,698","43,489",0,0
Shenandoah NP,SHEN,National Park,Northeast ,VA,2001,"1,498,561","10,962","112,110",0,"95,637","44,811","42,563",0,0
Shenandoah NP,SHEN,National Park,Northeast ,VA,2002,"1,389,244","10,962","108,864",0,"91,818","47,367","37,895",0,0
Shenandoah NP,SHEN,National Park,Northeast ,VA,2003,"1,163,950","10,962","101,947",0,"77,319","40,671","34,572",0,0
Shenandoah NP,SHEN,National Park,Northeast ,VA,2004,"1,261,000","10,962","114,120",0,"83,673","42,195","35,814",0,0
Shenandoah NP,SHEN,National Park,Northeast ,VA,2005,"1,094,912","10,962","110,364",0,"83,211","44,307","41,239",0,0
Shenandoah NP,SHEN,National Park,Northeast ,VA,2006,"1,076,150","10,962","90,331",0,"85,839","42,660","33,284",0,0
Shenandoah NP,SHEN,National Park,Northeast ,VA,2007,"1,107,227","10,962","116,449",0,"91,875","46,776","33,668",0,0
Shenandoah NP,SHEN,National Park,Northeast ,VA,2008,"1,075,878","10,962","121,240",0,"91,677","43,842","37,615",0,0
Shenandoah NP,SHEN,National Park,Northeast ,VA,2009,"1,120,981","10,962","109,325",0,"97,755","47,037","39,083",0,0
Shenandoah NP,SHEN,National Park,Northeast ,VA,2010,"1,253,386","10,962","107,772",0,"106,536","49,245","38,147",0,0
Shenandoah NP,SHEN,National Park,Northeast ,VA,2011,"1,209,883","10,962","104,606",0,"97,947","43,764","36,571",0,0
Shenandoah NP,SHEN,National Park,Northeast ,VA,2012,"1,210,200","10,962","103,439",0,"100,821","42,849","42,133",0,0
Shenandoah NP,SHEN,National Park,Northeast ,VA,2013,"1,136,505","10,962","85,845",0,"90,705","34,773","41,419",0,0
Shenandoah NP,SHEN,National Park,Northeast ,VA,2014,"1,255,321","10,962","84,395",0,"106,161","45,288","40,644",0,0
Shenandoah NP,SHEN,National Park,Northeast ,VA,2015,"1,321,873","10,962","107,095",0,"114,873","48,231","43,348",0,0
Shenandoah NP,SHEN,National Park,Northeast ,VA,2016,"1,437,341","10,962","101,538",0,"129,594","51,255","48,825",0,86
Shenandoah NP,SHEN,National Park,Northeast ,VA,2017,"1,458,874","10,962","106,271",0,"115,578","51,846","59,763",0,148
Shenandoah NP,SHEN,National Park,Northeast ,VA,2018,"1,264,880","10,962","108,615",0,"110,256","52,431","39,980",0,263
Shenandoah NP,SHEN,National Park,Northeast ,VA,2019,"1,425,507","10,962","95,395",0,"119,649","59,820","32,391",0,139
Shenandoah NP,SHEN,National Park,Northeast ,VA,2020,"1,666,265","10,962","26,939",0,"109,455","47,361","52,905",0,100
Shenandoah NP,SHEN,National Park,Northeast ,VA,2021,"1,592,312","10,962","54,786",0,"133,749","76,281","68,824",0,218
Shenandoah NP,SHEN,National Park,Northeast ,VA,2022,"1,449,300","10,962","48,112",0,"108,384","65,223","67,738",0,198
Shenandoah NP,SHEN,National Park,Northeast ,VA,2023,"1,576,008","10,962","46,804",0,"122,031","67,815","67,738",0,433
Shenandoah NP,SHEN,National Park,Northeast ,VA,2024,"1,720,211","10,962","46,496",0,"127,314","65,937","28,544",0,560
Theodore Roosevelt NP,THRO,National Park,Midwest ,ND,1979,"591,646","7,476",0,0,"15,924","15,422",624,0,0
Theodore Roosevelt NP,THRO,National Park,Midwest ,ND,1980,"595,734","7,476",0,0,"14,558","16,407",681,0,0
Theodore Roosevelt NP,THRO,National Park,Midwest ,ND,1981,"702,873","7,476",0,0,"16,157","20,810",747,0,0
Theodore Roosevelt NP,THRO,National Park,Midwest ,ND,1982,"677,014","7,476",0,0,"14,979","19,600",873,0,0
Theodore Roosevelt NP,THRO,National Park,Midwest ,ND,1983,"415,118","7,476",0,0,"8,734","14,614",852,0,"2,358"
Theodore Roosevelt NP,THRO,National Park,Midwest ,ND,1984,"361,139","7,476",0,0,"7,041","12,075",732,0,"1,818"
Theodore Roosevelt NP,THRO,National Park,Midwest ,ND,1985,"377,152","6,531",0,0,"7,104","11,415",697,0,"1,678"
Theodore Roosevelt NP,THRO,National Park,Midwest ,ND,1986,"390,553","6,531",0,0,"6,924","12,772",782,0,"2,238"
Theodore Roosevelt NP,THRO,National Park,Midwest ,ND,1987,"424,846","6,531",0,0,"7,878","14,053",880,0,"1,780"
Theodore Roosevelt NP,THRO,National Park,Midwest ,ND,1988,"413,527","6,531",0,0,"6,808","11,626",426,0,"2,248"
Theodore Roosevelt NP,THRO,National Park,Midwest ,ND,1989,"459,171","6,531",0,0,"7,062","13,937",526,0,"2,104"
Theodore Roosevelt NP,THRO,National Park,Midwest ,ND,1990,"460,718","6,531",0,0,"7,820","15,668",644,0,"2,227"
Theodore Roosevelt NP,THRO,National Park,Midwest ,ND,1991,"468,926","6,531",0,0,"9,268","15,506",682,0,"1,732"
Theodore Roosevelt NP,THRO,National Park,Midwest ,ND,1992,"475,937","6,412",0,0,"9,733","15,782",996,0,"1,218"
Theodore Roosevelt NP,THRO,National Park,Midwest ,ND,1993,"475,160","6,412",0,0,"10,575","16,800",914,0,"1,121"
Theodore Roosevelt NP,THRO,National Park,Midwest ,ND,1994,"505,349","6,412",0,0,"12,195","17,798","1,598",0,"1,225"
Theodore Roosevelt NP,THRO,National Park,Midwest ,ND,1995,"460,699","6,412",0,0,"10,154","15,582","2,088",0,"1,791"
Theodore Roosevelt NP,THRO,National Park,Midwest ,ND,1996,"436,081","6,412",0,0,"12,232","16,338","1,155",0,"1,397"
Theodore Roosevelt NP,THRO,National Park,Midwest ,ND,1997,"393,265","6,412",0,0,"10,363","15,631","1,115",0,"2,001"
Theodore Roosevelt NP,THRO,National Park,Midwest ,ND,1998,"448,286","6,412",0,0,"9,779","14,111","1,482",0,"1,857"
Theodore Roosevelt NP,THRO,National Park,Midwest ,ND,1999,"431,311","6,578",0,0,"9,894","15,681","1,465",0,"2,093"
Theodore Roosevelt NP,THRO,National Park,Midwest ,ND,2000,"431,813","6,578",0,0,"10,176","14,989",971,0,"2,197"
Theodore Roosevelt NP,THRO,National Park,Midwest ,ND,2001,"446,609","6,578",0,0,"9,997","12,320",771,0,"2,487"
Theodore Roosevelt NP,THRO,National Park,Midwest ,ND,2002,"471,551","6,578",0,0,"9,527","13,427","1,072",0,"1,662"
Theodore Roosevelt NP,THRO,National Park,Midwest ,ND,2003,"490,295","6,578",0,0,"10,534","12,555","1,185",0,"2,502"
Theodore Roosevelt NP,THRO,National Park,Midwest ,ND,2004,"474,589","6,578",0,0,"9,310","11,982",750,0,"1,779"
Theodore Roosevelt NP,THRO,National Park,Midwest ,ND,2005,"493,198","6,578",0,0,"8,383","13,557",634,0,"1,608"
Theodore Roosevelt NP,THRO,National Park,Midwest ,ND,2006,"435,359","6,578",0,0,"7,879","10,575","1,110",0,"1,204"
Theodore Roosevelt NP,THRO,National Park,Midwest ,ND,2007,"456,588","6,578",0,0,"7,668","11,331",480,0,822
Theodore Roosevelt NP,THRO,National Park,Midwest ,ND,2008,"516,804","6,578",0,0,"9,000","9,358",593,0,982
Theodore Roosevelt NP,THRO,National Park,Midwest ,ND,2009,"586,928","6,578",0,0,"10,687","14,174",798,0,"1,155"
Theodore Roosevelt NP,THRO,National Park,Midwest ,ND,2010,"623,748","6,578",0,0,"11,709","14,425",732,0,"2,002"
Theodore Roosevelt NP,THRO,National Park,Midwest ,ND,2011,"563,407","6,578",0,0,"10,989","9,182",768,0,579
Theodore Roosevelt NP,THRO,National Park,Midwest ,ND,2012,"640,555","6,578",0,0,"12,663","12,569",891,0,881
Theodore Roosevelt NP,THRO,National Park,Midwest ,ND,2013,"545,090","6,578",0,0,"13,733","13,503",841,0,"1,206"
Theodore Roosevelt NP,THRO,National Park,Midwest ,ND,2014,"559,580","6,578",0,0,"13,804","12,973",849,0,"2,026"
Theodore Roosevelt NP,THRO,National Park,Midwest ,ND,2015,"580,033","6,578",0,0,"13,967","15,011",529,0,"2,900"
Theodore Roosevelt NP,THRO,National Park,Midwest ,ND,2016,"753,880","6,578",0,0,"14,835","17,730",232,0,"2,576"
Theodore Roosevelt NP,THRO,National Park,Midwest ,ND,2017,"708,003","6,578",0,0,"14,723","17,750",587,0,"1,997"
Theodore Roosevelt NP,THRO,National Park,Midwest ,ND,2018,"749,389","6,578",0,0,"14,707","18,235",614,0,"2,424"
Theodore Roosevelt NP,THRO,National Park,Midwest ,ND,2019,"691,658","6,578",0,0,"16,862","20,524",735,0,"2,301"
Theodore Roosevelt NP,THRO,National Park,Midwest ,ND,2020,"551,303","6,578",0,0,227,505,"2,591",0,0
Theodore Roosevelt NP,THRO,National Park,Midwest ,ND,2021,"796,085","6,578",0,0,"15,742","22,096","1,054",0,"3,032"
Theodore Roosevelt NP,THRO,National Park,Midwest ,ND,2022,"668,679","6,578",0,0,"13,441","22,321",658,0,"3,221"
Theodore Roosevelt NP,THRO,National Park,Midwest ,ND,2023,"746,862","6,578",0,0,"11,703","21,459",718,0,"3,115"
Theodore Roosevelt NP,THRO,National Park,Midwest ,ND,2024,"732,951","6,578",0,0,"14,211","22,108",653,0,"2,781"
Virgin Islands NP,VIIS,National Park,Southeast ,VI,1979,"549,732","185,194","29,130","47,095",0,0,"1,224","7,042","58,895"
Virgin Islands NP,VIIS,National Park,Southeast ,VI,1980,"547,918","260,762","22,970","40,809",0,0,0,"11,411","79,383"
Virgin Islands NP,VIIS,National Park,Southeast ,VI,1981,"566,528","274,730","19,480","32,724",0,0,0,"13,754","100,963"
Virgin Islands NP,VIIS,National Park,Southeast ,VI,1982,"673,480","296,809","17,190","29,576",0,0,0,"18,953","148,120"
Virgin Islands NP,VIIS,National Park,Southeast ,VI,1983,"676,800","303,536","18,871","26,779",0,0,0,"19,551","147,216"
Virgin Islands NP,VIIS,National Park,Southeast ,VI,1984,"666,435","307,609","18,648","26,499",0,0,0,"20,188","149,260"
Virgin Islands NP,VIIS,National Park,Southeast ,VI,1985,"699,398","318,086","19,532","27,240",0,0,0,"20,604","149,369"
Virgin Islands NP,VIIS,National Park,Southeast ,VI,1986,"766,458","347,461","22,318","29,121",0,0,0,"25,545","166,941"
Virgin Islands NP,VIIS,National Park,Southeast ,VI,1987,"785,354","369,662","20,561","25,859",0,0,0,"25,498","156,081"
Virgin Islands NP,VIIS,National Park,Southeast ,VI,1988,"838,684","377,486","24,412","28,512",0,0,0,"26,818","169,007"
Virgin Islands NP,VIIS,National Park,Southeast ,VI,1989,"664,032","317,914","16,800","22,339",0,0,0,"20,875","137,653"
Virgin Islands NP,VIIS,National Park,Southeast ,VI,1990,"664,735","286,472","16,965","21,043",0,0,0,"21,204","135,235"
Virgin Islands NP,VIIS,National Park,Southeast ,VI,1991,"710,180","286,110","17,099","18,254",0,0,0,"20,163","131,119"
Virgin Islands NP,VIIS,National Park,Southeast ,VI,1992,"772,470","238,294","18,380","28,502",0,0,0,"14,655","87,417"
Virgin Islands NP,VIIS,National Park,Southeast ,VI,1993,"807,093","302,178","15,630","23,365",0,0,0,"20,929","163,750"
Virgin Islands NP,VIIS,National Park,Southeast ,VI,1994,"635,291","324,098","11,458","16,526",0,0,0,"14,700","146,988"
Virgin Islands NP,VIIS,National Park,Southeast ,VI,1995,"536,058","330,317","8,514","12,915",0,0,0,"14,778","147,770"
Virgin Islands NP,VIIS,National Park,Southeast ,VI,1996,"475,942","390,483","11,613","12,434",0,0,0,"13,705","137,055"
Virgin Islands NP,VIIS,National Park,Southeast ,VI,1997,"592,537","435,716","13,653","22,531",0,0,0,"11,417","114,171"
Virgin Islands NP,VIIS,National Park,Southeast ,VI,1998,"556,849","337,300","16,793","21,354",0,0,0,"19,687","196,877"
Virgin Islands NP,VIIS,National Park,Southeast ,VI,1999,"425,345","320,605","19,587","19,515",0,0,0,"12,194","121,935"
Virgin Islands NP,VIIS,National Park,Southeast ,VI,2000,"703,992","352,856","17,333","21,110",0,0,0,"16,086","160,855"
Virgin Islands NP,VIIS,National Park,Southeast ,VI,2001,"677,401","329,183","20,377","20,791",0,0,0,"17,999","179,977"
Virgin Islands NP,VIIS,National Park,Southeast ,VI,2002,"693,494","336,549","22,095","50,021",0,0,0,"17,719","177,185"
Virgin Islands NP,VIIS,National Park,Southeast ,VI,2003,"821,681","363,723","18,921","26,602",0,0,0,"1,650","201,079"
Virgin Islands NP,VIIS,National Park,Southeast ,VI,2004,"793,590","340,844","20,209","21,913",0,0,0,"1,732","118,375"
Virgin Islands NP,VIIS,National Park,Southeast ,VI,2005,"803,040","330,225","20,531","21,973",0,0,0,954,"102,964"
Virgin Islands NP,VIIS,National Park,Southeast ,VI,2006,"677,289","329,592","29,789","23,630",0,0,0,"1,134","69,567"
Virgin Islands NP,VIIS,National Park,Southeast ,VI,2007,"571,382","310,067","20,867","19,341",0,0,0,"1,791","62,100"
Virgin Islands NP,VIIS,National Park,Southeast ,VI,2008,"469,034","302,384","21,519","22,354",0,0,0,"1,688","54,353"
Virgin Islands NP,VIIS,National Park,Southeast ,VI,2009,"415,847","281,864","19,141","19,751",0,0,0,"1,410","62,448"
Virgin Islands NP,VIIS,National Park,Southeast ,VI,2010,"493,477","330,625","17,915","19,577",0,0,0,"1,453","50,489"
Virgin Islands NP,VIIS,National Park,Southeast ,VI,2011,"442,414","324,896","17,538","16,339",0,0,0,358,"23,506"
Virgin Islands NP,VIIS,National Park,Southeast ,VI,2012,"483,341","357,973","15,617","15,007",0,0,0,799,"51,294"
Virgin Islands NP,VIIS,National Park,Southeast ,VI,2013,"438,601","354,171","14,429","13,849",0,0,0,377,"40,649"
Virgin Islands NP,VIIS,National Park,Southeast ,VI,2014,"426,930","375,023","17,348","15,509",0,0,0,848,"39,439"
Virgin Islands NP,VIIS,National Park,Southeast ,VI,2015,"438,372","359,642","15,692","15,159",0,0,0,855,"59,120"
Virgin Islands NP,VIIS,National Park,Southeast ,VI,2016,"411,343","264,959","14,214","15,842",0,0,0,392,"41,854"
Virgin Islands NP,VIIS,National Park,Southeast ,VI,2017,"304,408","232,274","3,597","3,608",0,0,0,828,"48,339"
Virgin Islands NP,VIIS,National Park,Southeast ,VI,2018,"112,287","199,819",0,0,0,0,0,0,0
Virgin Islands NP,VIIS,National Park,Southeast ,VI,2019,"133,398","238,252",0,0,0,0,0,0,0
Virgin Islands NP,VIIS,National Park,Southeast ,VI,2020,"167,540","204,441",0,0,0,0,0,653,"23,897"
Virgin Islands NP,VIIS,National Park,Southeast ,VI,2021,"323,999","195,361",0,0,0,0,0,"1,211","43,775"
Virgin Islands NP,VIIS,National Park,Southeast ,VI,2022,"196,752","201,233","1,147","2,043",0,0,0,412,"3,711"
Virgin Islands NP,VIIS,National Park,Southeast ,VI,2023,"343,685","231,252","10,859","11,795",0,0,0,"2,167","19,511"
Virgin Islands NP,VIIS,National Park,Southeast ,VI,2024,"423,029","217,556","11,471","15,331",0,0,0,"2,305","20,751"
Voyageurs NP,VOYA,National Park,Midwest ,MN,1979,"195,277","6,129","10,356",133,"24,686",0,"11,576","6,129","21,227"
Voyageurs NP,VOYA,National Park,Midwest ,MN,1980,"266,935","5,479","5,569",54,"16,093",0,"5,201","5,073","7,925"
Voyageurs NP,VOYA,National Park,Midwest ,MN,1981,"257,490","4,232","6,044",124,"8,535",0,"3,485","4,232","8,977"
Voyageurs NP,VOYA,National Park,Midwest ,MN,1982,"143,724","4,589","8,112",393,"10,094",0,"5,887","4,392","12,655"
Voyageurs NP,VOYA,National Park,Midwest ,MN,1983,"146,454","17,752","9,418",301,"10,897",0,"7,776",0,"15,646"
Voyageurs NP,VOYA,National Park,Midwest ,MN,1984,"154,723","26,008","8,089",425,"9,452",0,"10,880",0,"16,468"
Voyageurs NP,VOYA,National Park,Midwest ,MN,1985,"183,984","27,871","3,525",0,"8,054",0,"8,568",0,"21,633"
Voyageurs NP,VOYA,National Park,Midwest ,MN,1986,"172,137","12,712","1,050",0,"8,084",0,"8,784",0,"23,730"
Voyageurs NP,VOYA,National Park,Midwest ,MN,1987,"201,727","16,707","1,461",0,"8,205",0,"6,281",0,"24,573"
Voyageurs NP,VOYA,National Park,Midwest ,MN,1988,"223,735","16,886","3,408",0,"7,948",0,"6,475",0,"24,193"
Voyageurs NP,VOYA,National Park,Midwest ,MN,1989,"209,626","22,114","3,731",0,"7,481",0,"6,259",0,"24,664"
Voyageurs NP,VOYA,National Park,Midwest ,MN,1990,"223,554","20,268","1,807",0,"10,897",0,"7,842",0,"26,653"
Voyageurs NP,VOYA,National Park,Midwest ,MN,1991,"221,857","19,054",0,0,"9,101",0,"7,034",0,"25,939"
Voyageurs NP,VOYA,National Park,Midwest ,MN,1992,"227,498","17,005","1,288",0,0,0,"18,457",0,0
Voyageurs NP,VOYA,National Park,Midwest ,MN,1993,"228,143","17,105","1,058",0,0,0,"17,280",0,0
Voyageurs NP,VOYA,National Park,Midwest ,MN,1994,"224,181","15,907","1,422",0,0,0,"16,776",0,0
Voyageurs NP,VOYA,National Park,Midwest ,MN,1995,"210,938","15,166",948,0,0,0,"18,466",0,0
Voyageurs NP,VOYA,National Park,Midwest ,MN,1996,"246,588","13,638",700,0,0,0,"18,493",0,0
Voyageurs NP,VOYA,National Park,Midwest ,MN,1997,"223,418","13,145",976,0,0,0,"16,615",0,0
Voyageurs NP,VOYA,National Park,Midwest ,MN,1998,"231,958","17,703","1,140",0,0,0,"16,418",0,0
Voyageurs NP,VOYA,National Park,Midwest ,MN,1999,"228,898","17,851","1,473",0,0,0,"16,732",0,0
Voyageurs NP,VOYA,National Park,Midwest ,MN,2000,"227,371","2,627","1,505",0,0,0,"16,553",0,0
Voyageurs NP,VOYA,National Park,Midwest ,MN,2001,"243,374","2,580","1,223",0,0,0,"18,346",0,0
Voyageurs NP,VOYA,National Park,Midwest ,MN,2002,"238,227","2,580","1,269",0,0,0,"17,740",0,0
Voyageurs NP,VOYA,National Park,Midwest ,MN,2003,"234,231","2,580","1,238",0,0,0,"17,657",0,0
Voyageurs NP,VOYA,National Park,Midwest ,MN,2004,"249,041","2,580","4,307",0,0,0,"18,069",0,0
Voyageurs NP,VOYA,National Park,Midwest ,MN,2005,"234,577","2,580","3,373",0,0,0,"18,955",0,0
Voyageurs NP,VOYA,National Park,Midwest ,MN,2006,"231,875","2,580","4,202",0,0,0,"19,023",0,0
Voyageurs NP,VOYA,National Park,Midwest ,MN,2007,"220,650","2,576","3,579",0,0,0,"18,257",0,0
Voyageurs NP,VOYA,National Park,Midwest ,MN,2008,"221,585","2,580","4,193",0,0,0,"18,626",0,0
Voyageurs NP,VOYA,National Park,Midwest ,MN,2009,"222,429","2,580","3,888",0,0,0,"17,776",0,"27,307"
Voyageurs NP,VOYA,National Park,Midwest ,MN,2010,"253,891","2,580","3,674",0,0,0,"35,560",0,"51,467"
Voyageurs NP,VOYA,National Park,Midwest ,MN,2011,"177,184","1,935","4,434",0,0,0,"21,915",0,"39,116"
Voyageurs NP,VOYA,National Park,Midwest ,MN,2012,"214,841",773,"4,065",0,0,0,"28,837",0,"42,163"
Voyageurs NP,VOYA,National Park,Midwest ,MN,2013,"233,390",750,"3,617",0,0,0,"21,807",0,"31,650"
Voyageurs NP,VOYA,National Park,Midwest ,MN,2014,"239,160",0,"3,264",0,0,0,"31,941",0,"29,563"
Voyageurs NP,VOYA,National Park,Midwest ,MN,2015,"238,313",0,"3,233",0,0,0,"50,462",0,"27,686"
Voyageurs NP,VOYA,National Park,Midwest ,MN,2016,"241,912",0,"3,983",0,0,0,"46,451",0,"28,674"
Voyageurs NP,VOYA,National Park,Midwest ,MN,2017,"237,250",0,"3,822",0,0,0,"53,539",0,"27,280"
Voyageurs NP,VOYA,National Park,Midwest ,MN,2018,"239,656",0,"3,728",0,0,0,"59,499",0,"25,314"
Voyageurs NP,VOYA,National Park,Midwest ,MN,2019,"232,974",0,"3,727",0,0,0,"45,262",0,"25,122"
Voyageurs NP,VOYA,National Park,Midwest ,MN,2020,"263,091",0,"2,090",0,0,0,"67,277",0,"39,196"
Voyageurs NP,VOYA,National Park,Midwest ,MN,2021,"243,042",0,"3,714",0,0,0,"74,000",0,"24,202"
Voyageurs NP,VOYA,National Park,Midwest ,MN,2022,"221,434",0,"2,891",0,0,0,"43,566",0,"21,761"
Voyageurs NP,VOYA,National Park,Midwest ,MN,2023,"220,825",0,"3,911",0,0,0,"56,364",0,"17,474"
Voyageurs NP,VOYA,National Park,Midwest ,MN,2024,"199,030",0,"4,216",0,0,0,"58,389",0,"14,246"
White Sands NP,WHSA,National Park,Intermountain ,NM,1979,"580,814","5,089",0,0,0,0,621,0,0
White Sands NP,WHSA,National Park,Intermountain ,NM,1980,"511,476","20,954",0,0,0,0,460,0,0
White Sands NP,WHSA,National Park,Intermountain ,NM,1981,"556,494","7,254",0,0,0,0,521,0,0
White Sands NP,WHSA,National Park,Intermountain ,NM,1982,"543,581","10,785",0,0,0,0,467,0,0
White Sands NP,WHSA,National Park,Intermountain ,NM,1983,"492,902",276,0,0,0,0,387,0,0
White Sands NP,WHSA,National Park,Intermountain ,NM,1984,"542,930",581,0,0,0,0,877,0,0
White Sands NP,WHSA,National Park,Intermountain ,NM,1985,"486,754","1,755",0,0,0,0,476,0,0
White Sands NP,WHSA,National Park,Intermountain ,NM,1986,"666,879",315,0,0,0,0,518,0,0
White Sands NP,WHSA,National Park,Intermountain ,NM,1987,"567,613",255,0,0,0,0,870,0,0
White Sands NP,WHSA,National Park,Intermountain ,NM,1988,"556,185",113,0,0,0,0,797,0,0
White Sands NP,WHSA,National Park,Intermountain ,NM,1989,"568,530","1,117",0,0,0,0,991,0,0
White Sands NP,WHSA,National Park,Intermountain ,NM,1990,"582,487",502,0,0,0,0,"1,117",0,0
White Sands NP,WHSA,National Park,Intermountain ,NM,1991,"588,543","2,302",0,0,0,0,"1,184",0,0
White Sands NP,WHSA,National Park,Intermountain ,NM,1992,"590,371",772,0,0,0,0,"1,696",0,0
White Sands NP,WHSA,National Park,Intermountain ,NM,1993,"611,252","3,045",0,0,0,0,"2,120",14,0
White Sands NP,WHSA,National Park,Intermountain ,NM,1994,"583,061","2,339",0,0,0,0,"2,426",120,0
White Sands NP,WHSA,National Park,Intermountain ,NM,1995,"604,796","2,103",0,0,0,0,"2,760",0,0
White Sands NP,WHSA,National Park,Intermountain ,NM,1996,"616,699","1,263",0,0,0,0,"2,334",0,0
White Sands NP,WHSA,National Park,Intermountain ,NM,1997,"629,507",974,0,0,0,0,"2,826",0,0
White Sands NP,WHSA,National Park,Intermountain ,NM,1998,"592,957",585,0,0,0,0,"1,639",0,0
White Sands NP,WHSA,National Park,Intermountain ,NM,1999,"553,948",424,0,0,0,0,"2,056",0,0
White Sands NP,WHSA,National Park,Intermountain ,NM,2000,"515,229",577,0,0,0,0,"1,795",0,0
White Sands NP,WHSA,National Park,Intermountain ,NM,2001,"518,958",757,0,0,0,0,"2,155",0,0
White Sands NP,WHSA,National Park,Intermountain ,NM,2002,"498,964",798,0,0,0,0,"1,894",0,0
White Sands NP,WHSA,National Park,Intermountain ,NM,2003,"492,008",590,0,0,0,0,"2,049",0,0
White Sands NP,WHSA,National Park,Intermountain ,NM,2004,"448,185","1,286",0,0,0,0,"1,745",0,0
White Sands NP,WHSA,National Park,Intermountain ,NM,2005,"450,447",753,0,0,0,0,"1,662",0,0
White Sands NP,WHSA,National Park,Intermountain ,NM,2006,"440,927",820,0,0,0,0,"1,048",0,0
White Sands NP,WHSA,National Park,Intermountain ,NM,2007,"437,042","1,431",0,0,0,0,950,0,0
White Sands NP,WHSA,National Park,Intermountain ,NM,2008,"438,511","4,991",0,0,0,0,"1,330",0,0
White Sands NP,WHSA,National Park,Intermountain ,NM,2009,"471,167",363,0,0,0,0,"1,751",0,0
White Sands NP,WHSA,National Park,Intermountain ,NM,2010,"470,921",0,0,0,0,0,"1,811",0,0
White Sands NP,WHSA,National Park,Intermountain ,NM,2011,"428,924",0,0,0,0,0,"2,185",0,0
White Sands NP,WHSA,National Park,Intermountain ,NM,2012,"447,385",25,0,0,0,0,"2,272",0,0
White Sands NP,WHSA,National Park,Intermountain ,NM,2013,"490,544",12,0,0,0,0,"2,284",0,0
White Sands NP,WHSA,National Park,Intermountain ,NM,2014,"503,660",0,0,0,0,0,"2,087",0,0
White Sands NP,WHSA,National Park,Intermountain ,NM,2015,"497,506",0,0,0,0,0,"3,516",0,0
White Sands NP,WHSA,National Park,Intermountain ,NM,2016,"555,793",0,0,0,0,0,"4,331",0,0
White Sands NP,WHSA,National Park,Intermountain ,NM,2017,"612,468",0,0,0,0,0,"5,259",0,0
White Sands NP,WHSA,National Park,Intermountain ,NM,2018,"603,008",0,0,0,0,0,"4,125",0,0
White Sands NP,WHSA,National Park,Intermountain ,NM,2019,"608,785",0,0,0,0,0,"4,243",0,0
White Sands NP,WHSA,National Park,Intermountain ,NM,2020,"415,383",0,0,0,0,0,808,0,0
White Sands NP,WHSA,National Park,Intermountain ,NM,2021,"782,469",0,0,0,0,0,0,0,0
White Sands NP,WHSA,National Park,Intermountain ,NM,2022,"705,127",0,0,0,0,0,0,0,0
White Sands NP,WHSA,National Park,Intermountain ,NM,2023,"729,096",0,0,0,0,0,0,0,0
White Sands NP,WHSA,National Park,Intermountain ,NM,2024,"702,236",0,0,0,0,0,0,0,0
Wind Cave NP,WICA,National Park,Midwest ,SD,1979,"457,443","494,352",0,0,"6,814","4,750",0,0,0
Wind Cave NP,WICA,National Park,Midwest ,SD,1980,"473,061","496,703",0,0,"6,069","4,624",0,0,0
Wind Cave NP,WICA,National Park,Midwest ,SD,1981,"503,424","520,066",0,0,"5,692","4,908",0,0,0
Wind Cave NP,WICA,National Park,Midwest ,SD,1982,"467,392","476,483",0,0,"4,399","4,805",0,0,0
Wind Cave NP,WICA,National Park,Midwest ,SD,1983,"503,739","511,405",0,0,"5,355","5,292",0,0,0
Wind Cave NP,WICA,National Park,Midwest ,SD,1984,"536,022","501,713",0,0,"7,208","5,349",0,0,0
Wind Cave NP,WICA,National Park,Midwest ,SD,1985,"477,585","486,226",0,0,"6,865","4,863",0,0,0
Wind Cave NP,WICA,National Park,Midwest ,SD,1986,"483,334","499,741",0,0,"6,707","5,127",40,0,0
Wind Cave NP,WICA,National Park,Midwest ,SD,1987,"563,720","586,150",0,0,"7,456","4,374",57,0,0
Wind Cave NP,WICA,National Park,Midwest ,SD,1988,"578,016","609,615",0,0,"5,597","3,738",68,0,0
Wind Cave NP,WICA,National Park,Midwest ,SD,1989,"561,758","565,267",0,0,"5,628","3,947",179,0,0
Wind Cave NP,WICA,National Park,Midwest ,SD,1990,"586,464","583,192",0,0,"6,551","4,149",56,0,0
Wind Cave NP,WICA,National Park,Midwest ,SD,1991,"597,057","584,176",0,0,"8,148","3,507",165,0,0
Wind Cave NP,WICA,National Park,Midwest ,SD,1992,"660,296","644,701",0,0,"7,612","4,911",227,0,0
Wind Cave NP,WICA,National Park,Midwest ,SD,1993,"537,075","203,732",0,0,"7,498","4,727",306,0,0
Wind Cave NP,WICA,National Park,Midwest ,SD,1994,"871,061","308,963",0,0,"5,858","4,290",297,0,0
Wind Cave NP,WICA,National Park,Midwest ,SD,1995,"805,688","289,245",0,0,"6,621","3,054",406,0,0
Wind Cave NP,WICA,National Park,Midwest ,SD,1996,"781,171","277,899",0,0,"2,155","1,254",589,0,0
Wind Cave NP,WICA,National Park,Midwest ,SD,1997,"832,033","298,662",0,0,"1,982","1,316",200,0,0
Wind Cave NP,WICA,National Park,Midwest ,SD,1998,"849,974","305,974",0,0,"6,748","4,666",277,0,0
Wind Cave NP,WICA,National Park,Midwest ,SD,1999,"761,717","254,348",0,0,"5,757","4,594",289,0,0
Wind Cave NP,WICA,National Park,Midwest ,SD,2000,"668,507","212,665",0,0,"5,594","4,221",245,0,0
Wind Cave NP,WICA,National Park,Midwest ,SD,2001,"650,357","223,669",0,0,"4,897","3,155",401,0,0
Wind Cave NP,WICA,National Park,Midwest ,SD,2002,"810,298","292,298",0,0,"5,367","3,190",347,0,0
Wind Cave NP,WICA,National Park,Midwest ,SD,2003,"874,167","327,360",0,0,"4,974","3,652",185,0,0
Wind Cave NP,WICA,National Park,Midwest ,SD,2004,"593,877","234,491",0,0,"3,600","3,450",230,0,0
Wind Cave NP,WICA,National Park,Midwest ,SD,2005,"612,478","241,866",0,0,"3,352","2,518",176,0,0
Wind Cave NP,WICA,National Park,Midwest ,SD,2006,"591,049","237,277",0,0,"2,809","2,289",181,0,0
Wind Cave NP,WICA,National Park,Midwest ,SD,2007,"603,158","237,830",0,0,"3,023","2,748",168,0,0
Wind Cave NP,WICA,National Park,Midwest ,SD,2008,"573,433","227,521",0,0,"4,069","2,248",100,0,0
Wind Cave NP,WICA,National Park,Midwest ,SD,2009,"587,868","230,578",0,0,"1,035",905,163,0,0
Wind Cave NP,WICA,National Park,Midwest ,SD,2010,"577,141","227,411",0,0,"1,623","1,344",296,0,0
Wind Cave NP,WICA,National Park,Midwest ,SD,2011,"538,394","220,340",0,0,"1,645","1,160",249,0,0
Wind Cave NP,WICA,National Park,Midwest ,SD,2012,"529,083","224,663",0,0,"3,601","2,758",226,0,0
Wind Cave NP,WICA,National Park,Midwest ,SD,2013,"516,142","213,488",0,0,"5,866","4,612",219,0,22
Wind Cave NP,WICA,National Park,Midwest ,SD,2014,"547,022","213,488",0,0,"3,814","4,714",220,0,379
Wind Cave NP,WICA,National Park,Midwest ,SD,2015,"612,198","246,364",0,0,"2,420","3,804",179,0,607
Wind Cave NP,WICA,National Park,Midwest ,SD,2016,"617,377","249,618",0,0,"4,093","4,401",493,0,663
Wind Cave NP,WICA,National Park,Midwest ,SD,2017,"619,924","252,727",0,0,"6,197","4,670",452,0,529
Wind Cave NP,WICA,National Park,Midwest ,SD,2018,"656,397","261,581",0,0,"4,333","4,164",437,0,"1,219"
Wind Cave NP,WICA,National Park,Midwest ,SD,2019,"615,350","240,685",0,0,"3,632","3,715",369,0,505
Wind Cave NP,WICA,National Park,Midwest ,SD,2020,"448,405","191,304",0,0,"2,576","2,737",403,0,0
Wind Cave NP,WICA,National Park,Midwest ,SD,2021,"709,001","276,475",0,0,"5,297","5,940",473,0,547
Wind Cave NP,WICA,National Park,Midwest ,SD,2022,"607,418","244,214",0,0,"4,865","5,528",435,0,306
Wind Cave NP,WICA,National Park,Midwest ,SD,2023,"592,459","236,892",0,0,"5,396","6,500",544,0,"1,017"
Wind Cave NP,WICA,National Park,Midwest ,SD,2024,"489,399","207,405",0,0,"3,950","5,050",342,0,411
Wrangell-St. Elias NP & PRES,WRST,National Park,Alaska,AK,1982,"14,871",399,117,275,0,0,698,207,117
Wrangell-St. Elias NP & PRES,WRST,National Park,Alaska,AK,1983,"18,760",629,814,22,0,0,874,180,0
Wrangell-St. Elias NP & PRES,WRST,National Park,Alaska,AK,1984,"22,183",884,138,0,0,0,"1,931",0,0
Wrangell-St. Elias NP & PRES,WRST,National Park,Alaska,AK,1985,"23,171",952,155,0,0,0,"2,178",0,0
Wrangell-St. Elias NP & PRES,WRST,National Park,Alaska,AK,1986,"26,557","1,032",477,0,0,0,"2,757",0,0
Wrangell-St. Elias NP & PRES,WRST,National Park,Alaska,AK,1987,"29,191","1,101",469,0,0,0,"2,716",0,0
Wrangell-St. Elias NP & PRES,WRST,National Park,Alaska,AK,1988,"31,046","1,167",497,0,0,0,"2,896",0,0
Wrangell-St. Elias NP & PRES,WRST,National Park,Alaska,AK,1989,"33,221","1,267",532,0,0,0,"3,094",0,0
Wrangell-St. Elias NP & PRES,WRST,National Park,Alaska,AK,1990,"35,976","1,439",0,0,0,0,"1,446",0,"1,560"
Wrangell-St. Elias NP & PRES,WRST,National Park,Alaska,AK,1991,"38,971","1,542",0,0,0,0,"1,681",0,0
Wrangell-St. Elias NP & PRES,WRST,National Park,Alaska,AK,1992,"42,229","1,658",0,0,0,0,"1,642",286,0
Wrangell-St. Elias NP & PRES,WRST,National Park,Alaska,AK,1993,"45,335","1,779",0,0,0,0,"5,844",573,0
Wrangell-St. Elias NP & PRES,WRST,National Park,Alaska,AK,1994,"50,146","1,916",0,0,0,0,"7,815","1,281","1,420"
Wrangell-St. Elias NP & PRES,WRST,National Park,Alaska,AK,1995,"54,430","2,066",0,0,0,0,"14,033","1,192",703
Wrangell-St. Elias NP & PRES,WRST,National Park,Alaska,AK,1996,"31,467","2,226",0,0,0,0,"23,571","2,405",832
Wrangell-St. Elias NP & PRES,WRST,National Park,Alaska,AK,1997,"31,833","2,400",0,0,0,0,"26,834",0,836
Wrangell-St. Elias NP & PRES,WRST,National Park,Alaska,AK,1998,"27,859","2,589",0,0,0,0,"4,557",95,350
Wrangell-St. Elias NP & PRES,WRST,National Park,Alaska,AK,1999,"29,252",13,0,0,0,0,"6,584",2,5
Wrangell-St. Elias NP & PRES,WRST,National Park,Alaska,AK,2000,"28,331",13,0,0,0,0,"2,009",0,0
Wrangell-St. Elias NP & PRES,WRST,National Park,Alaska,AK,2001,"28,643",13,0,0,0,0,0,0,0
Wrangell-St. Elias NP & PRES,WRST,National Park,Alaska,AK,2002,"40,352",0,0,0,0,0,0,0,0
Wrangell-St. Elias NP & PRES,WRST,National Park,Alaska,AK,2003,"43,311",0,0,0,0,0,0,0,0
Wrangell-St. Elias NP & PRES,WRST,National Park,Alaska,AK,2004,"57,221",0,0,0,0,0,0,0,0
Wrangell-St. Elias NP & PRES,WRST,National Park,Alaska,AK,2005,"56,224",0,0,0,0,0,0,0,0
Wrangell-St. Elias NP & PRES,WRST,National Park,Alaska,AK,2006,"50,336",0,0,0,0,0,0,0,0
Wrangell-St. Elias NP & PRES,WRST,National Park,Alaska,AK,2007,"61,085",0,0,0,0,0,0,0,0
Wrangell-St. Elias NP & PRES,WRST,National Park,Alaska,AK,2008,"65,693",0,0,0,0,0,0,0,0
Wrangell-St. Elias NP & PRES,WRST,National Park,Alaska,AK,2009,"59,966",0,0,0,0,0,0,0,0
Wrangell-St. Elias NP & PRES,WRST,National Park,Alaska,AK,2010,"73,170",0,0,0,0,0,0,0,0
Wrangell-St. Elias NP & PRES,WRST,National Park,Alaska,AK,2011,"65,225",0,0,0,0,0,0,0,0
Wrangell-St. Elias NP & PRES,WRST,National Park,Alaska,AK,2012,"87,158",0,0,0,0,0,0,0,0
Wrangell-St. Elias NP & PRES,WRST,National Park,Alaska,AK,2013,"69,984",0,0,0,0,0,0,0,0
Wrangell-St. Elias NP & PRES,WRST,National Park,Alaska,AK,2014,"74,722",0,0,0,0,0,0,0,0
Wrangell-St. Elias NP & PRES,WRST,National Park,Alaska,AK,2015,"80,366",0,0,0,0,0,0,0,0
Wrangell-St. Elias NP & PRES,WRST,National Park,Alaska,AK,2016,"79,047",0,0,0,0,0,0,0,0
Wrangell-St. Elias NP & PRES,WRST,National Park,Alaska,AK,2017,"68,292",0,0,0,0,0,0,0,0
Wrangell-St. Elias NP & PRES,WRST,National Park,Alaska,AK,2018,"79,450",0,0,0,0,0,0,0,0
Wrangell-St. Elias NP & PRES,WRST,National Park,Alaska,AK,2019,"74,518",0,0,0,0,0,0,0,0
Wrangell-St. Elias NP & PRES,WRST,National Park,Alaska,AK,2020,"16,655",0,0,0,0,0,0,0,429
Wrangell-St. Elias NP & PRES,WRST,National Park,Alaska,AK,2021,"50,189",0,0,0,0,0,580,0,"2,177"
Wrangell-St. Elias NP & PRES,WRST,National Park,Alaska,AK,2022,"65,236",0,0,0,0,0,195,0,"7,224"
Wrangell-St. Elias NP & PRES,WRST,National Park,Alaska,AK,2023,"78,305",0,0,0,0,0,488,0,"32,251"
Wrangell-St. Elias NP & PRES,WRST,National Park,Alaska,AK,2024,"81,670",0,0,0,0,0,220,0,"22,206"
Yellowstone NP,YELL,National Park,Intermountain ,WY,1979,"1,892,908","2,261","537,607","102,910","219,297","358,266","46,142",0,"10,199"
Yellowstone NP,YELL,National Park,Intermountain ,WY,1980,"2,000,269","18,579","577,171","93,088","198,216","317,349","24,010",0,"10,112"
Yellowstone NP,YELL,National Park,Intermountain ,WY,1981,"2,521,831","27,476","571,538","110,076","244,894","391,437","55,060",0,"12,583"
Yellowstone NP,YELL,National Park,Intermountain ,WY,1982,"2,368,897","35,965","574,214","98,835","233,395","349,319","50,491",0,"10,469"
Yellowstone NP,YELL,National Park,Intermountain ,WY,1983,"2,347,242","58,411","569,639","103,443","200,384","366,594","43,738",0,"8,584"
Yellowstone NP,YELL,National Park,Intermountain ,WY,1984,"2,222,027","40,942","600,030","111,194","228,915","301,056","33,049",0,"10,730"
Yellowstone NP,YELL,National Park,Intermountain ,WY,1985,"2,226,159","36,296","601,849","106,295","194,775","327,086","32,643",0,"7,744"
Yellowstone NP,YELL,National Park,Intermountain ,WY,1986,"2,363,756","41,307","598,164","108,789","200,490","359,962","31,627",0,"9,275"
Yellowstone NP,YELL,National Park,Intermountain ,WY,1987,"2,573,194","45,235","624,144","111,926","244,825","376,512","32,928",0,"7,237"
Yellowstone NP,YELL,National Park,Intermountain ,WY,1988,"2,182,113","37,015","526,690","105,887","176,677","269,773","25,155",0,"4,814"
Yellowstone NP,YELL,National Park,Intermountain ,WY,1989,"2,644,442","35,934","611,508","87,304","204,756","346,283","32,986",0,"9,198"
Yellowstone NP,YELL,National Park,Intermountain ,WY,1990,"2,823,572","33,524","640,603","102,101","216,000","336,026","37,138",0,"13,276"
Yellowstone NP,YELL,National Park,Intermountain ,WY,1991,"2,920,537","37,319","638,242","112,397","257,824","312,592","41,476",0,"13,918"
Yellowstone NP,YELL,National Park,Intermountain ,WY,1992,"3,144,405","42,185","643,405","116,706","262,206","317,288","42,124",0,"10,484"
Yellowstone NP,YELL,National Park,Intermountain ,WY,1993,"2,912,193","922,402","592,563","49,363","279,697","279,096","45,070",0,"13,440"
Yellowstone NP,YELL,National Park,Intermountain ,WY,1994,"3,046,145","979,297","569,747","83,609","280,066","292,277","45,460",0,"12,221"
Yellowstone NP,YELL,National Park,Intermountain ,WY,1995,"3,125,285","976,622","567,415","471,154","88,893","64,937","45,934",0,"12,214"
Yellowstone NP,YELL,National Park,Intermountain ,WY,1996,"3,012,171","954,642","550,768","463,553","70,866","47,613","45,769",0,"9,151"
Yellowstone NP,YELL,National Park,Intermountain ,WY,1997,"2,889,513","965,748","563,982","451,887","84,698","64,337","44,819",0,"11,607"
Yellowstone NP,YELL,National Park,Intermountain ,WY,1998,"3,120,830","970,274","569,935","477,211","84,103","60,724","45,614",0,"13,257"
Yellowstone NP,YELL,National Park,Intermountain ,WY,1999,"3,131,381","992,283","581,761","461,826","76,803","65,033","41,319",0,"11,777"
Yellowstone NP,YELL,National Park,Intermountain ,WY,2000,"2,838,233","956,470","572,069","422,971","75,505","62,856","39,297",0,"18,663"
Yellowstone NP,YELL,National Park,Intermountain ,WY,2001,"2,758,526","924,884","584,929","461,787","76,297","63,635","43,111",0,"14,690"
Yellowstone NP,YELL,National Park,Intermountain ,WY,2002,"2,973,677","941,434","585,859","501,578","75,974","62,670","43,682",0,"15,178"
Yellowstone NP,YELL,National Park,Intermountain ,WY,2003,"3,019,375","939,836","559,775","478,854","82,134","69,722","46,087",0,"14,592"
Yellowstone NP,YELL,National Park,Intermountain ,WY,2004,"2,868,317","937,479","560,385","458,690","71,271","65,852","38,270",0,"12,948"
Yellowstone NP,YELL,National Park,Intermountain ,WY,2005,"2,835,651","939,978","526,462","484,130","69,452","64,136","33,974",0,"11,519"
Yellowstone NP,YELL,National Park,Intermountain ,WY,2006,"2,870,295","970,572","541,897","415,306","70,963","62,487","37,276",0,"13,235"
Yellowstone NP,YELL,National Park,Intermountain ,WY,2007,"3,151,343","991,117","555,290","536,112","77,754","66,632","38,040",0,"13,817"
Yellowstone NP,YELL,National Park,Intermountain ,WY,2008,"3,066,580","878,550","570,623","434,117","78,035","57,879","39,603",0,"13,930"
Yellowstone NP,YELL,National Park,Intermountain ,WY,2009,"3,295,187","856,988","564,911","509,377","83,465","64,637","39,736",0,"13,521"
Yellowstone NP,YELL,National Park,Intermountain ,WY,2010,"3,640,185","912,663","575,313","512,665","87,580","69,825","45,045",0,"15,890"
Yellowstone NP,YELL,National Park,Intermountain ,WY,2011,"3,394,326","975,516","591,101","498,037","79,585","60,168","37,292",0,"14,795"
Yellowstone NP,YELL,National Park,Intermountain ,WY,2012,"3,447,729","1,010,045","612,163","532,127","89,249","64,463","40,460",0,"11,774"
Yellowstone NP,YELL,National Park,Intermountain ,WY,2013,"3,188,030","1,049,554","595,841","532,895","88,762","63,897","40,623",0,"11,537"
Yellowstone NP,YELL,National Park,Intermountain ,WY,2014,"3,513,484","1,057,554","560,372","539,461","86,281","77,383","41,243",0,"8,519"
Yellowstone NP,YELL,National Park,Intermountain ,WY,2015,"4,097,710","1,156,118","552,940","584,979","104,149","69,830","44,898",0,"11,715"
Yellowstone NP,YELL,National Park,Intermountain ,WY,2016,"4,257,177","1,198,856","579,227","583,068","101,639","68,991","44,663",0,"10,986"
Yellowstone NP,YELL,National Park,Intermountain ,WY,2017,"4,116,524","1,247,548","613,218","611,098","96,293","69,723","43,378",0,"14,270"
Yellowstone NP,YELL,National Park,Intermountain ,WY,2018,"4,115,000","1,229,439","632,913","616,089","88,562","74,771","41,978",0,"11,815"
Yellowstone NP,YELL,National Park,Intermountain ,WY,2019,"4,020,288","1,187,528","653,635","474,653","81,022","80,294","38,236",0,"9,907"
Yellowstone NP,YELL,National Park,Intermountain ,WY,2020,"3,806,306","1,122,445","148,443","402,775","19,731","23,290","39,364",0,"2,491"
Yellowstone NP,YELL,National Park,Intermountain ,WY,2021,"4,860,242","1,329,368","412,922","442,716","52,511","59,365","43,355",0,"3,323"
Yellowstone NP,YELL,National Park,Intermountain ,WY,2022,"3,290,242","1,336,634","492,529","439,752","10,909","18,454","34,758",0,"5,814"
Yellowstone NP,YELL,National Park,Intermountain ,WY,2023,"4,501,382","1,306,861","640,582","412,586","25,295","30,413","38,262",0,"5,396"
Yellowstone NP,YELL,National Park,Intermountain ,WY,2024,"4,744,353","1,245,434","684,474","425,948","63,512","46,755","37,280",0,"4,943"
Yosemite NP,YOSE,National Park,Pacific West ,CA,1979,"2,350,782","90,603","881,342",0,"282,075","273,374","72,901",0,0
Yosemite NP,YOSE,National Park,Pacific West ,CA,1980,"2,490,282","92,872","890,048",0,"625,208","380,094","139,288",0,0
Yosemite NP,YOSE,National Park,Pacific West ,CA,1981,"2,516,893","99,367","909,233",0,"737,591","340,229","140,221",0,0
Yosemite NP,YOSE,National Park,Pacific West ,CA,1982,"2,415,587","90,654","907,453",0,"665,191","339,074","125,557",0,0
Yosemite NP,YOSE,National Park,Pacific West ,CA,1983,"2,457,464","92,035","910,503",0,"571,137","334,009","101,017",0,0
Yosemite NP,YOSE,National Park,Pacific West ,CA,1984,"2,738,467","104,475","944,052",0,"747,145","407,930","111,788",0,0
Yosemite NP,YOSE,National Park,Pacific West ,CA,1985,"2,831,952","107,484","962,921",0,"615,471","378,557","111,390",0,0
Yosemite NP,YOSE,National Park,Pacific West ,CA,1986,"2,876,717","106,041","981,527",0,"511,981","284,479","105,614",0,0
Yosemite NP,YOSE,National Park,Pacific West ,CA,1987,"3,152,275","114,067","995,654",0,"704,629","393,694","105,103",0,0
Yosemite NP,YOSE,National Park,Pacific West ,CA,1988,"3,216,681","117,247","1,028,113",0,"717,811","437,244","102,610",0,0
Yosemite NP,YOSE,National Park,Pacific West ,CA,1989,"3,308,159","121,460","1,048,640",0,"666,404","401,996","102,695",0,0
Yosemite NP,YOSE,National Park,Pacific West ,CA,1990,"3,124,939","112,895","1,029,846",0,"754,555","333,886","102,133",0,0
Yosemite NP,YOSE,National Park,Pacific West ,CA,1991,"3,423,101","124,065","1,028,088",0,"647,698","355,184","121,913",0,0
Yosemite NP,YOSE,National Park,Pacific West ,CA,1992,"3,819,518","138,124","1,056,193",0,"707,204","374,632","119,700",0,0
Yosemite NP,YOSE,National Park,Pacific West ,CA,1993,"3,839,645","144,104","1,041,862",0,"611,774","313,560","124,821",0,"66,332"
Yosemite NP,YOSE,National Park,Pacific West ,CA,1994,"3,962,117","143,638","1,042,435",0,"664,252","332,916","132,804",0,"75,804"
Yosemite NP,YOSE,National Park,Pacific West ,CA,1995,"3,958,406","143,522","1,001,509",0,"575,266","292,708","110,700",0,"59,286"
Yosemite NP,YOSE,National Park,Pacific West ,CA,1996,"4,046,207","144,350","1,030,368",0,"592,413","302,072","107,182",0,"63,279"
Yosemite NP,YOSE,National Park,Pacific West ,CA,1997,"3,669,970","131,427","782,751",0,"436,107","276,228","113,982",0,"26,111"
Yosemite NP,YOSE,National Park,Pacific West ,CA,1998,"3,657,132","135,622","845,363",0,"388,313","248,116","87,601",0,"20,101"
Yosemite NP,YOSE,National Park,Pacific West ,CA,1999,"3,493,607","154,777","782,944",0,"465,787","192,596","87,189",0,"22,442"
Yosemite NP,YOSE,National Park,Pacific West ,CA,2000,"3,400,903","149,162","835,507",0,"469,256","197,404","106,266",0,"24,310"
Yosemite NP,YOSE,National Park,Pacific West ,CA,2001,"3,368,731","148,463","848,309",0,"473,303","195,916","100,207",0,"24,446"
Yosemite NP,YOSE,National Park,Pacific West ,CA,2002,"3,361,867","106,308","859,868",0,"485,461","206,128","125,027",0,"24,250"
Yosemite NP,YOSE,National Park,Pacific West ,CA,2003,"3,378,664","96,653","874,165",0,"471,765","220,764","85,674",0,"24,563"
Yosemite NP,YOSE,National Park,Pacific West ,CA,2004,"3,280,911","95,422","835,853",0,"468,577","201,836","82,259",0,"25,631"
Yosemite NP,YOSE,National Park,Pacific West ,CA,2005,"3,304,144","80,340","819,638",0,"449,149","201,504","70,803",0,"17,421"
Yosemite NP,YOSE,National Park,Pacific West ,CA,2006,"3,242,644","116,742","816,305",0,"436,432","203,252","81,305",0,"31,331"
Yosemite NP,YOSE,National Park,Pacific West ,CA,2007,"3,503,428","134,043","836,226",0,"437,429","206,000","76,576",0,"17,208"
Yosemite NP,YOSE,National Park,Pacific West ,CA,2008,"3,431,514","130,142","849,678",0,"458,265","214,360","137,330",0,"22,982"
Yosemite NP,YOSE,National Park,Pacific West ,CA,2009,"3,737,472","141,586","814,521",0,"481,492","212,244","158,233",0,"34,379"
Yosemite NP,YOSE,National Park,Pacific West ,CA,2010,"3,901,408","146,473","762,895",0,"526,026","265,920","125,136",0,"40,932"
Yosemite NP,YOSE,National Park,Pacific West ,CA,2011,"3,951,393","147,255","765,823",0,"505,390","226,304","103,420",0,"29,673"
Yosemite NP,YOSE,National Park,Pacific West ,CA,2012,"3,853,404","142,613","732,843",0,"537,451","260,136","168,783",0,"32,708"
Yosemite NP,YOSE,National Park,Pacific West ,CA,2013,"3,691,191","138,170","724,866",0,"459,565","241,656","172,353",0,"29,668"
Yosemite NP,YOSE,National Park,Pacific West ,CA,2014,"3,882,642","146,774","832,378",0,"480,094","166,744","190,339",0,"50,545"
Yosemite NP,YOSE,National Park,Pacific West ,CA,2015,"4,150,217","155,081","938,418",0,"588,701","284,372","211,966",0,"39,214"
Yosemite NP,YOSE,National Park,Pacific West ,CA,2016,"5,028,868","188,246","743,546",0,"490,431","376,744","216,989",0,"51,542"
Yosemite NP,YOSE,National Park,Pacific West ,CA,2017,"4,336,890","163,654","826,725",0,"456,476","293,844","167,507",0,"26,166"
Yosemite NP,YOSE,National Park,Pacific West ,CA,2018,"4,009,436","151,651","654,272",0,"354,819","259,748","124,577",0,"16,667"
Yosemite NP,YOSE,National Park,Pacific West ,CA,2019,"4,422,861","163,602","682,273",0,"469,585","211,948","155,578",0,"30,411"
Yosemite NP,YOSE,National Park,Pacific West ,CA,2020,"2,268,313","92,498","252,374",0,"68,002","44,496","143,760",0,0
Yosemite NP,YOSE,National Park,Pacific West ,CA,2021,"3,287,595","133,622","550,098",0,"188,179","149,192","174,839",0,"3,164"
Yosemite NP,YOSE,National Park,Pacific West ,CA,2022,"3,667,550","144,769","644,508",0,"349,888","220,100","142,457",0,"22,568"
Yosemite NP,YOSE,National Park,Pacific West ,CA,2023,"3,897,070","160,167","565,644",0,"275,278","196,092","103,997",0,"22,266"
Yosemite NP,YOSE,National Park,Pacific West ,CA,2024,"4,121,807","163,922","698,400",0,"356,089","211,216","131,571",0,"16,528"
Zion NP,ZION,National Park,Intermountain ,UT,1979,"1,040,528","105,015","41,562",0,"69,712","95,746","8,964",0,"10,492"
Zion NP,ZION,National Park,Intermountain ,UT,1980,"1,123,846","109,840","32,189",0,"89,475","101,520","11,200",0,"11,539"
Zion NP,ZION,National Park,Intermountain ,UT,1981,"1,288,808","116,397","41,610",0,"111,640","96,091","15,406",0,"11,459"
Zion NP,ZION,National Park,Intermountain ,UT,1982,"1,246,290","115,460","41,777",0,"99,621","99,377","7,403",0,"9,924"
Zion NP,ZION,National Park,Intermountain ,UT,1983,"1,273,030","120,228","39,148",0,"102,012","99,250","6,896",0,"12,542"
Zion NP,ZION,National Park,Intermountain ,UT,1984,"1,377,254","189,226","38,740",0,"97,845","96,609","7,462",0,"11,860"
Zion NP,ZION,National Park,Intermountain ,UT,1985,"1,503,272","186,610","36,970",0,"75,555","74,800","7,435",0,"13,201"
Zion NP,ZION,National Park,Intermountain ,UT,1986,"1,670,503","194,408","46,640",0,"88,084","82,649","7,807",0,"11,214"
Zion NP,ZION,National Park,Intermountain ,UT,1987,"1,777,619","208,763","50,324",0,"91,911","98,116","7,707",0,"14,722"
Zion NP,ZION,National Park,Intermountain ,UT,1988,"1,948,332","226,176","53,894",0,"112,451","100,441","7,538",0,"12,150"
Zion NP,ZION,National Park,Intermountain ,UT,1989,"1,998,856","242,388","56,619",0,"113,034","97,344","10,620",0,"11,764"
Zion NP,ZION,National Park,Intermountain ,UT,1990,"2,102,400","240,214","52,717",0,"117,157","97,276","10,910",0,"13,991"
Zion NP,ZION,National Park,Intermountain ,UT,1991,"2,236,997","266,066","64,251",0,"130,285","101,314","13,140",0,"15,828"
Zion NP,ZION,National Park,Intermountain ,UT,1992,"2,390,626","297,222","62,490",0,"139,763","97,017","14,726",0,"16,296"
Zion NP,ZION,National Park,Intermountain ,UT,1993,"2,392,580","21,900","66,720",0,"116,596","75,447","15,394",0,"17,001"
Zion NP,ZION,National Park,Intermountain ,UT,1994,"2,270,871","21,900","74,439",0,"116,600","62,719","14,425",0,"17,909"
Zion NP,ZION,National Park,Intermountain ,UT,1995,"2,430,162","21,900","62,869",0,"110,206","66,254","20,138",0,"15,722"
Zion NP,ZION,National Park,Intermountain ,UT,1996,"2,498,001","21,900","67,096",0,"121,650","61,884","18,384",0,"14,205"
Zion NP,ZION,National Park,Intermountain ,UT,1997,"2,445,534","21,900","73,603",0,"111,610","54,684","19,237",0,"13,358"
Zion NP,ZION,National Park,Intermountain ,UT,1998,"2,370,048","21,900","60,699",0,"92,294","52,488","13,291",0,"14,734"
Zion NP,ZION,National Park,Intermountain ,UT,1999,"2,449,664","21,900","65,582",0,"86,024","58,560","13,614",0,"13,712"
Zion NP,ZION,National Park,Intermountain ,UT,2000,"2,432,348","21,900","65,996",0,"87,428","56,784","19,720",0,"12,660"
Zion NP,ZION,National Park,Intermountain ,UT,2001,"2,217,779","21,900","75,682",0,"80,640","62,568","28,142",0,"11,274"
Zion NP,ZION,National Park,Intermountain ,UT,2002,"2,592,545","21,900","57,370",0,"90,747","57,064","28,767",0,"12,478"
Zion NP,ZION,National Park,Intermountain ,UT,2003,"2,458,792","21,900","82,552",0,"89,449","57,670","26,368",0,"12,812"
Zion NP,ZION,National Park,Intermountain ,UT,2004,"2,677,342","21,900","77,914",0,"90,686","65,894","23,027",0,"13,858"
Zion NP,ZION,National Park,Intermountain ,UT,2005,"2,586,665","21,900","76,948",0,"91,138","67,936","20,603",0,"13,907"
Zion NP,ZION,National Park,Intermountain ,UT,2006,"2,567,350","21,900","72,914",0,"91,477","66,127","29,028",0,"15,332"
Zion NP,ZION,National Park,Intermountain ,UT,2007,"2,657,281","21,900","73,571",0,"94,749","72,332","27,446",0,"14,438"
Zion NP,ZION,National Park,Intermountain ,UT,2008,"2,690,154","21,900","75,605",0,"97,468","74,411","35,746",0,"17,352"
Zion NP,ZION,National Park,Intermountain ,UT,2009,"2,735,402","21,900","70,278",0,"101,510","73,146","41,933",0,"19,726"
Zion NP,ZION,National Park,Intermountain ,UT,2010,"2,665,972","21,900","75,864",0,"98,189","72,805","36,544",0,"20,806"
Zion NP,ZION,National Park,Intermountain ,UT,2011,"2,825,505","21,900","77,105",0,"102,922","72,333","40,344",0,"19,904"
Zion NP,ZION,National Park,Intermountain ,UT,2012,"2,973,607","21,900","77,605",0,"111,096","78,864","48,932",0,"19,592"
Zion NP,ZION,National Park,Intermountain ,UT,2013,"2,807,387","21,900","75,715",0,"112,429","76,253","54,336",0,"20,189"
Zion NP,ZION,National Park,Intermountain ,UT,2014,"3,189,696","21,900","81,720",0,"126,194","77,932","23,257",0,"21,306"
Zion NP,ZION,National Park,Intermountain ,UT,2015,"3,648,846","21,900","82,853",0,"133,528","73,783","24,655",0,"18,962"
Zion NP,ZION,National Park,Intermountain ,UT,2016,"4,295,127","21,900","86,456",0,"137,442","70,728","28,248",0,"16,103"
Zion NP,ZION,National Park,Intermountain ,UT,2017,"4,504,812","21,900","87,216",0,"138,245","72,425","25,470",0,"22,705"
Zion NP,ZION,National Park,Intermountain ,UT,2018,"4,320,033","21,900","86,592",0,"132,988","72,016","22,964",0,"23,741"
Zion NP,ZION,National Park,Intermountain ,UT,2019,"4,488,268","21,900","82,640",0,"118,290","78,704","18,320",0,"21,619"
Zion NP,ZION,National Park,Intermountain ,UT,2020,"3,591,254","21,900","29,039",0,"81,108","61,792","4,906",0,488
Zion NP,ZION,National Park,Intermountain ,UT,2021,"5,039,835","21,900","55,454",0,"138,730","89,919","15,071",0,"7,969"
Zion NP,ZION,National Park,Intermountain ,UT,2022,"4,692,417","21,900","56,528",0,"133,666","93,947","10,375",0,"30,234"
Zion NP,ZION,National Park,Intermountain ,UT,2023,"4,623,238","21,900","95,381",0,"100,411","85,948","8,497",0,"30,211"
Zion NP,ZION,National Park,Intermountain ,UT,2024,"4,946,592","21,900","97,075",0,"94,830","94,744","10,870",0,"38,589"