ParkName,Date,RecreationVisits,predicted,lower_bound,upper_bound
Acadia NP,1979-04-01,219351.0,9701.665857744341,-105957.7616192307,125361.0933347194
Acadia NP,1979-05-01,339416.0,182611.58537035732,67403.76423496263,297819.406505752
Acadia NP,1979-06-01,543205.0,285461.7971734728,170588.60516113183,400334.9891858138
Acadia NP,1979-08-01,466928.0,337611.2584178987,223125.30516014993,452097.2116756474
Acadia NP,1979-12-01,7842.0,205424.06181920477,91083.18901534965,319764.9346230599
Acadia NP,1980-07-01,533885.0,281010.5132253364,172813.84821259716,389207.1782380756
Acadia NP,1980-09-01,282636.0,494522.152120622,386403.739826027,602640.564415217
Acadia NP,1981-10-01,313788.0,469440.47386863054,363829.97581046156,575050.9719267995
Acadia NP,1982-07-01,737860.0,534512.11635602,430042.2613137951,638981.9713982448
Acadia NP,1982-08-01,574164.0,762275.7826417688,657824.672103334,866726.8931802036
Acadia NP,1982-09-01,541721.0,428424.75787055574,323984.8468027342,532864.6689383773
Acadia NP,1982-12-01,28370.0,145399.09432451124,40966.923391134274,249831.2652578882
Acadia NP,1983-07-01,916474.0,680453.8597457448,576591.2195107926,784316.4999806971
Acadia NP,1983-11-01,262444.0,394985.6907145091,291148.4742717104,498822.90715730784
Acadia NP,1984-08-01,865843.0,676414.8381280946,572887.0442660993,779942.6319900898
Acadia NP,1984-09-01,443622.0,756332.6647031726,652810.7918751894,859854.5375311559
Acadia NP,1989-11-01,302857.0,425495.96268937056,322364.93333925726,528626.9920394839
Acadia NP,1990-04-01,17898.0,282415.9406451788,179292.0298285558,385539.8514618018
Acadia NP,1990-05-01,148090.0,314656.6983349738,211533.60852589604,417779.7881440515
Acadia NP,1990-07-01,554953.0,660082.5724883089,556960.9122255644,763204.2327510534
Acadia NP,1990-10-01,207770.0,346700.67775191605,243580.52654538644,449820.8289584457
Acadia NP,1990-12-01,11801.0,-133169.45028630403,-236289.1279106472,-30049.77266196086
Acadia NP,2013-10-01,94904.0,298406.6504585842,195301.9612653834,401511.339651785
Acadia NP,2013-11-01,41181.0,-106713.32000251842,-209818.00919479027,-3608.6308102465555
Acadia NP,2014-10-01,313920.0,181344.82048020267,78240.1312962968,284449.50966410857
Acadia NP,2014-11-01,31013.0,152947.21937162883,49842.530188231016,256051.90855502663
Acadia NP,2017-11-01,53006.0,165216.02107597125,62111.33190142935,268320.71025051316
Acadia NP,2020-05-01,103120.0,214361.45368044433,111256.76450721941,317466.14285366924
Acadia NP,2020-06-01,201156.0,385645.73868617206,282541.0495129651,488750.42785937904
Acadia NP,2020-08-01,681746.0,569371.221623028,466266.5324498541,672475.910796202
Acadia NP,2020-10-01,480859.0,369447.48866427585,266342.7994911311,472552.1778374206
Acadia NP,2021-05-01,324654.0,182003.2161248916,78898.5269518314,285107.9052979518
Acadia NP,2021-06-01,661919.0,430320.09107998473,327215.4019069343,533424.7802530352
Arches NP,2013-10-01,57446.0,99808.32815654192,70858.10927711467,128758.54703596917
Arches NP,2013-11-01,43928.0,-9360.806948323865,-38311.02582775112,19589.411931103386
Arches NP,2020-03-01,81623.0,133557.6390227761,104607.42014334885,162507.85790220334
Arches NP,2020-04-01,0.0,103991.33744413005,75041.1185647028,132941.5563235573
Arches NP,2020-06-01,163699.0,21680.348085023597,-7269.870794403654,50630.566964450845
Arches NP,2021-04-01,193914.0,153607.87348974776,124657.6546103205,182558.09236917502
Arches NP,2021-06-01,238499.0,271601.4892644362,242651.27038500892,300551.7081438634
Arches NP,2022-06-01,171859.0,218988.15077780193,190037.9318983747,247938.36965722917
Arches NP,2023-06-01,180782.0,218904.67845812152,189954.45957869425,247854.89733754878
Arches NP,2024-06-01,180563.0,211706.82252327714,182756.6036438499,240657.04140270437
Badlands NP,1979-06-01,138423.0,41091.767596294114,5155.091711847635,77028.44348074059
Badlands NP,1979-07-01,208498.0,98323.00868983867,62545.114810744526,134100.9025689328
Badlands NP,1979-08-01,194501.0,149143.10048097698,113470.83092846649,184815.37003348747
Badlands NP,1979-09-01,91880.0,147451.75345817435,111835.56345892756,183067.94345742115
Badlands NP,1979-11-01,21169.0,66295.05412273941,30698.483646147797,101891.62459933103
Badlands NP,1980-06-01,167212.0,129557.6884814628,96237.26080080812,162878.11616211748
Badlands NP,1980-07-01,240671.0,205276.84694483312,172006.41057503445,238547.2833146318
Badlands NP,1980-09-01,99345.0,134952.47791851073,101745.11471424604,168159.84112277543
Badlands NP,1980-10-01,46812.0,80481.06640186711,47285.533422509056,113676.59938122515
Badlands NP,1981-07-01,299383.0,250160.7514602595,217401.21989837333,282920.2830221456
Badlands NP,1981-09-01,182838.0,143846.932860426,111113.01939945704,176580.84632139496
Badlands NP,1981-10-01,52592.0,118615.64814420335,85888.71608508323,151342.58020332348
Badlands NP,1982-09-01,110020.0,167232.86718500248,134625.56443803688,199840.1699319681
Badlands NP,1985-07-01,199978.0,285920.3468751354,253367.16309979616,318473.5306504746
Badlands NP,1985-08-01,222573.0,185603.01832870056,153050.0233466348,218156.0133107663
Badlands NP,1986-07-01,262462.0,218143.85190426663,185592.05114844418,250695.65266008908
Badlands NP,1987-08-01,294355.0,260823.5965002213,228272.22387911673,293374.9691213258
Badlands NP,1988-08-01,209496.0,283863.99998290394,251312.73545096733,316415.26451484056
Badlands NP,1988-09-01,126459.0,87025.6155426107,54474.35527739978,119576.87580782162
Badlands NP,1989-08-01,284663.0,251266.5850700458,218715.35153911175,283817.81860097987
Badlands NP,1991-04-01,96014.0,41372.148745477585,8820.925969052925,73923.37152190224
Badlands NP,1992-04-01,27163.0,75402.21528719182,42850.99357261031,107953.43700177333
Badlands NP,1992-07-01,271982.0,330641.10692144034,298089.8853195813,363192.32852329937
Badlands NP,1992-08-01,349509.0,273469.71245177166,240918.49088000966,306020.93402353366
Badlands NP,1992-09-01,142107.0,182879.6009232675,150328.37937843832,215430.8224680967
Badlands NP,1993-07-01,311931.0,278262.8019350746,245711.58054750224,310814.023322647
Badlands NP,1993-09-01,120981.0,156365.487743714,123814.2663719807,188916.70911544733
Badlands NP,1995-08-01,288225.0,333620.0703892218,301068.8490781992,366171.29170024436
Badlands NP,1995-09-01,122438.0,84268.24027166382,51717.01896121433,116819.4615821133
Badlands NP,1997-08-01,248190.0,288781.56320858735,256230.34190277287,321332.78451440186
Badlands NP,1998-07-01,243051.0,280908.9921698057,248357.77086428803,313460.21347532334
Badlands NP,2000-06-01,241202.0,196051.12325677395,163499.90195137647,228602.34456217143
Badlands NP,2000-08-01,319967.0,274587.8975989038,242036.67629350844,307139.11890429916
Badlands NP,2001-06-01,192749.0,228686.97038432708,196135.7490789376,261238.19168971656
Badlands NP,2001-08-01,254819.0,287696.6489893917,255145.4276840028,320247.8702947806
Badlands NP,2002-08-01,219701.0,257017.296322831,224466.0750174439,289568.51762821816
Badlands NP,2003-06-01,154035.0,191961.86320782735,159410.64190244066,224513.08451321404
Badlands NP,2021-05-01,109764.0,76288.40529105844,43737.18398567198,108839.6265964449
Badlands NP,2021-06-01,256041.0,208567.61863081474,176016.3973254283,241118.8399362012
Badlands NP,2022-07-01,224054.0,261109.24708775373,228558.02578236727,293660.4683931402
Big Bend NP,1979-03-01,45669.0,13599.657292257347,-11414.496257278639,38613.81084179333
Big Bend NP,2000-03-01,31445.0,55683.60719874922,37022.79783314053,74344.4165643579
Big Bend NP,2005-08-01,43332.0,21184.2921869481,2523.848244101726,39844.73612979447
Big Bend NP,2007-03-01,80773.0,51660.23152731675,32999.80628200977,70320.65677262373
Big Bend NP,2007-04-01,36261.0,55980.15748384684,37319.73289532887,74640.5820723648
Big Bend NP,2010-11-01,52485.0,30287.597428347686,11627.186196845818,48948.008659849555
Big Bend NP,2011-01-01,53588.0,26674.713224221647,8014.3024017174685,45335.124046725825
Big Bend NP,2011-03-01,39547.0,63234.89597111012,44574.485397848315,81895.30654437192
Big Bend NP,2011-04-01,15444.0,44352.84202275401,25692.43155762258,63013.252487885446
Big Bend NP,2011-05-01,39919.0,17448.40887823514,-1212.0014858600553,36108.81924233033
Big Bend NP,2012-03-01,32590.0,55780.3085544364,37119.89902395992,74440.71808491288
Big Bend NP,2017-03-01,74735.0,55101.20815556773,36440.800245584614,73761.61606555084
Big Bend NP,2020-04-01,0.0,45039.818008347225,26379.410236645832,63700.22578004862
Big Bend NP,2020-05-01,0.0,21749.404449217134,3088.9966791716033,40409.81221926266
Big Bend NP,2020-07-01,0.0,22607.74273920757,3947.3349721425366,41268.15050627261
Big Bend NP,2021-03-01,89914.0,66641.10434105842,47980.69658452577,85301.51209759107
Big Bend NP,2021-04-01,67628.0,41154.058942639516,22493.65118722555,59814.46669805348
Big Bend NP,2024-03-01,100315.0,80851.10341636273,62190.69568152566,99511.51115119981
Biscayne NP,1992-08-01,0.0,51789.940171906244,21895.568797092714,81684.31154671978
Biscayne NP,1995-04-01,65177.0,33448.81703696504,3571.5430443833393,63326.09102954674
Biscayne NP,2005-10-01,75962.0,40794.70502301495,10925.824255985946,70663.58579004394
Biscayne NP,2006-10-01,97418.0,53910.72439426626,24041.907855345715,83779.5409331868
Biscayne NP,2007-10-01,31017.0,64414.44616616135,34545.67398161454,94283.21835070816
Biscayne NP,2008-10-01,113151.0,50054.51149122225,20185.76993693624,79923.25304550826
Biscayne NP,2008-11-01,96736.0,62271.79134787703,32403.05037341822,92140.53232233584
Biscayne NP,2009-01-01,34397.0,65760.09427860509,35891.370373030215,95628.81818417995
Biscayne NP,2018-05-01,22249.0,58121.90071318216,28253.225815708487,87990.57561065584
Biscayne NP,2020-03-01,11052.0,87764.68327035687,57896.00925006115,117633.35729065258
Biscayne NP,2020-04-01,2358.0,40908.270572847745,11039.596561970353,70776.94458372514
Biscayne NP,2021-01-01,59970.0,29715.247156948397,-153.42662974658015,59583.920943643374
Black Canyon of the Gunnison NP,1979-05-01,23145.0,5371.809239478129,-10390.753362102174,21134.371841058433
Black Canyon of the Gunnison NP,1979-06-01,41962.0,18082.702269221612,2382.9656760375547,33782.438862405674
Black Canyon of the Gunnison NP,1979-08-01,51759.0,35689.621891538794,20053.14765433,51326.09612874759
Black Canyon of the Gunnison NP,1979-10-01,14520.0,31990.500689180288,16361.322130933786,47619.679247426786
Black Canyon of the Gunnison NP,1980-06-01,61780.0,36707.689466923526,22886.03593511917,50529.34299872788
Black Canyon of the Gunnison NP,1980-07-01,79170.0,55842.41448288529,42036.34726424102,69648.48170152956
Black Canyon of the Gunnison NP,1980-09-01,40455.0,63473.43511561815,49679.962949582026,77266.90728165428
Black Canyon of the Gunnison NP,1983-07-01,71247.0,52721.083452212246,40096.70381722465,65345.463087199845
Black Canyon of the Gunnison NP,1994-06-01,35386.0,47968.54209921422,35594.84644440227,60342.237754026166
Black Canyon of the Gunnison NP,1994-07-01,38649.0,61552.44427975653,49178.761224462105,73926.12733505094
Black Canyon of the Gunnison NP,2002-06-01,46508.0,26060.393136591727,13687.804878632489,38432.98139455097
Black Canyon of the Gunnison NP,2002-07-01,32125.0,54942.510124557164,42569.9221222734,67315.09812684094
Black Canyon of the Gunnison NP,2003-06-01,26230.0,41653.1416677362,29280.562233076813,54025.72110239559
Black Canyon of the Gunnison NP,2011-08-01,39032.0,23703.727890495466,11331.162217678197,36076.293563312734
Black Canyon of the Gunnison NP,2013-06-01,21927.0,34333.47466181924,21960.909160574443,46706.040163064026
Black Canyon of the Gunnison NP,2017-10-01,54766.0,27726.907247389423,15354.341838378024,40099.47265640082
Black Canyon of the Gunnison NP,2017-11-01,19473.0,34471.65143188738,22099.086022985015,46844.21684078975
Black Canyon of the Gunnison NP,2018-05-01,48554.0,28195.623060425005,15823.057656768224,40568.18846408179
Black Canyon of the Gunnison NP,2018-10-01,22062.0,38184.2971195987,25811.731716315793,50556.8625228816
Black Canyon of the Gunnison NP,2018-11-01,21674.0,8899.750309958861,-3472.8150932570825,21272.315713174805
Black Canyon of the Gunnison NP,2019-05-01,75198.0,43868.744203316426,31496.17880332173,56241.30960331112
Black Canyon of the Gunnison NP,2019-07-01,51368.0,72012.12622591476,59639.560826069384,84384.69162576014
Black Canyon of the Gunnison NP,2019-08-01,80046.0,46056.64059042913,33684.07519062664,58429.205990231625
Black Canyon of the Gunnison NP,2019-09-01,48420.0,69254.86530049532,56882.29990071614,81627.4307002745
Black Canyon of the Gunnison NP,2020-05-01,25976.0,50163.69843466542,37791.13303691957,62536.26383241127
Black Canyon of the Gunnison NP,2020-07-01,61521.0,34026.19431255323,21653.628914899076,46398.75971020738
Black Canyon of the Gunnison NP,2020-10-01,47739.0,32254.152786419545,19881.58738881469,44626.7181840244
Black Canyon of the Gunnison NP,2021-10-01,22757.0,35364.32392831425,22991.758532035976,47736.889324592514
Black Canyon of the Gunnison NP,2023-06-01,50739.0,37711.898553703344,25339.33315871942,50084.46394868727
Black Canyon of the Gunnison NP,2024-06-01,57224.0,44127.67568674778,31755.11029207899,56500.24108141658
Black Canyon of the Gunnison NP,2025-04-01,170.0,15207.292798288037,2834.727403802539,27579.858192773536
Black Canyon of the Gunnison NP,2025-05-01,50.0,26506.651939351403,14134.086544871556,38879.21733383125
Black Canyon of the Gunnison NP,2025-06-01,50.0,23977.197719772994,11604.632325297714,36349.76311424827
Black Canyon of the Gunnison NP,2025-07-01,50.0,19552.956437127556,7180.3910426557195,31925.52183159939
Black Canyon of the Gunnison NP,2025-08-01,50.0,14413.738174733096,2041.1727802635596,26786.30356920263
Bryce Canyon NP,1994-07-01,261192.0,195974.15949937722,149673.02620130434,242275.2927974501
Bryce Canyon NP,1994-08-01,177876.0,247284.16067813194,200983.86885328963,293584.45250297425
Bryce Canyon NP,1995-07-01,176577.0,225235.49708986498,178943.88698895334,271527.1071907766
Bryce Canyon NP,1996-07-01,161919.0,213191.8936855883,166908.38137217512,259475.40599900146
Bryce Canyon NP,1996-08-01,231120.0,161182.69066341224,114899.79225014326,207465.58907668124
Bryce Canyon NP,2012-09-01,242075.0,191902.49481455557,145667.80511823177,238137.18451087936
Bryce Canyon NP,2015-06-01,305465.0,239014.85767508938,192782.50538571802,285247.20996446075
Bryce Canyon NP,2016-05-01,292369.0,201981.87773134408,155750.16344398155,248213.5920187066
Bryce Canyon NP,2016-10-01,180925.0,237695.32287616946,191463.87868465338,283926.76706768555
Bryce Canyon NP,2017-05-01,330743.0,262792.39294561103,216561.30744953183,309023.4784416902
Bryce Canyon NP,2017-07-01,416608.0,366020.7960920066,319789.80909017916,412251.78309383406
Bryce Canyon NP,2017-11-01,74761.0,127345.00973334616,81114.21460843008,173575.80485826224
Bryce Canyon NP,2019-04-01,207061.0,154950.4457350114,108720.39522831421,201180.49624170858
Bryce Canyon NP,2020-04-01,3223.0,157296.74116308283,111067.15375512018,203526.32857104548
Bryce Canyon NP,2020-05-01,69579.0,173263.95185084548,127034.40090444888,219493.50279724208
Bryce Canyon NP,2020-10-01,228770.0,147686.31004443773,101456.93675036982,193915.68333850565
Bryce Canyon NP,2021-04-01,201771.0,108275.74809274887,62046.578102074316,154504.9180834234
Bryce Canyon NP,2021-07-01,284523.0,372155.49091490696,325926.4186997051,418384.5631301088
Bryce Canyon NP,2021-08-01,191404.0,271012.78200803575,224783.7418273219,317241.8221887496
Bryce Canyon NP,2022-04-01,236812.0,176884.65850038378,130655.8649153043,223113.45208546327
Bryce Canyon NP,2022-08-01,308545.0,258648.74419258797,212420.06769515589,304877.4206900201
Bryce Canyon NP,2023-11-01,78430.0,126524.67672273371,80296.40524594545,172752.94819952198
Canyonlands NP,1993-05-01,77141.0,57449.91800319298,42192.74367755439,72707.09232883157
Canyonlands NP,1996-07-01,59122.0,43357.61345317566,28113.204970414048,58602.02193593727
Canyonlands NP,2008-08-01,60216.0,42528.05832220937,27304.335175620658,57751.781468798086
Canyonlands NP,2013-07-01,69681.0,49471.48849285711,34251.59131860803,64691.385667106195
Canyonlands NP,2013-08-01,41655.0,71271.4030140131,56051.560287405446,86491.24574062077
Canyonlands NP,2013-10-01,34508.0,52565.55858744396,37345.82388665593,67785.29328823199
Canyonlands NP,2014-06-01,68550.0,51162.39962451813,35943.08578351788,66381.71346551839
Canyonlands NP,2014-10-01,65256.0,49874.28698522865,34655.17706649736,65093.39690395995
Canyonlands NP,2016-04-01,97038.0,68719.1856954171,53500.94371924392,83937.42767159027
Canyonlands NP,2016-05-01,128507.0,100656.39517016045,85438.19916262587,115874.59117769504
Canyonlands NP,2016-07-01,77543.0,93710.41301824353,78492.30827371261,108928.51776277446
Canyonlands NP,2017-03-01,65115.0,49013.11168392343,33795.363238907055,64230.86012893981
Canyonlands NP,2020-03-01,14490.0,58679.491957031714,43463.19116058577,73895.79275347765
Canyonlands NP,2020-04-01,0.0,55906.46091198801,40690.19705147318,71122.72477250284
Canyonlands NP,2020-05-01,6304.0,49939.76274661045,34723.53565970108,65155.98983351982
Canyonlands NP,2020-06-01,63685.0,20041.30829523156,4825.1178206688,35257.49876979432
Canyonlands NP,2020-07-01,70480.0,53282.98833443047,38066.83431201256,68499.14235684837
Canyonlands NP,2020-10-01,107063.0,67286.02477756675,52069.979160794566,82502.07039433894
Canyonlands NP,2021-03-01,87001.0,51166.511681552794,35950.643633174695,66382.3797299309
Canyonlands NP,2021-04-01,116971.0,88701.14916111017,73485.31616924742,103916.98215297291
Canyonlands NP,2021-05-01,134778.0,116883.87729368247,101668.07920822763,132099.6753791373
Canyonlands NP,2022-03-01,77834.0,60358.93736999328,45143.48030038563,75574.39443960092
Canyonlands NP,2022-06-01,87086.0,106543.98518321646,91328.62764814944,121759.34271828347
Canyonlands NP,2023-04-01,102674.0,83522.05440651657,68307.01985245074,98737.0889605824
Capitol Reef NP,1999-05-01,130948.0,93659.96567095818,62847.8383866348,124472.09295528155
Capitol Reef NP,2001-05-01,72417.0,106295.04076490394,75482.91374363966,137107.16778616823
Capitol Reef NP,2016-05-01,174851.0,133597.37073792232,102785.24376825031,164409.49770759433
Capitol Reef NP,2017-04-01,146830.0,90149.3260842178,59337.19911454583,120961.45305388977
Capitol Reef NP,2020-03-01,45804.0,78472.84895179141,47660.72198211947,109284.97592146337
Capitol Reef NP,2020-04-01,13014.0,122906.90714151076,92094.78017183882,153719.0341111827
Capitol Reef NP,2020-05-01,90903.0,124415.4431577441,93603.31618807215,155227.57012741605
Capitol Reef NP,2020-06-01,158421.0,96925.95997596791,66113.83300629596,127738.08694563987
Capitol Reef NP,2020-11-01,73268.0,37833.20165306034,7021.074683388404,68645.32862273228
Capitol Reef NP,2021-03-01,115728.0,69876.99592141053,39064.8689517386,100689.12289108246
Capitol Reef NP,2021-04-01,165498.0,126920.73895195582,96108.6119822839,157732.86592162776
Capitol Reef NP,2021-08-01,93792.0,133926.03778551557,103113.91081584364,164738.1647551875
Capitol Reef NP,2022-05-01,221889.0,184366.1329851207,153554.00601544877,215178.25995479262
Capitol Reef NP,2022-07-01,107562.0,143974.14633923097,113162.01936955904,174786.2733089029
Capitol Reef NP,2022-09-01,130243.0,179146.88391519286,148334.75694552093,209959.01088486478
Capitol Reef NP,2023-07-01,113890.0,146876.6791391269,116064.55216945497,177688.80610879886
Capitol Reef NP,2024-09-01,201326.0,165267.27771879628,134455.15074912432,196079.40468846823
Carlsbad Caverns NP,1979-01-01,20171.0,0.0,-15453.081386326658,15453.081386326658
Carlsbad Caverns NP,1979-03-01,48848.0,21804.14911440333,6906.779678881763,36701.5185499249
Carlsbad Caverns NP,1979-04-01,60622.0,40122.63811567997,25338.73295686178,54906.54327449816
Carlsbad Caverns NP,1979-05-01,70635.0,50481.236037442635,35774.70750658942,65187.764568295854
Carlsbad Caverns NP,1979-06-01,116577.0,59606.97453013291,44953.146669279195,74260.80239098663
Carlsbad Caverns NP,1979-07-01,125793.0,95494.5955683181,80875.3891600258,110113.80197661038
Carlsbad Caverns NP,1979-09-01,46327.0,101981.25344219731,87391.63752296465,116570.86936142997
Carlsbad Caverns NP,1979-10-01,33814.0,53946.5011295903,39358.187299580786,68534.81495959983
Carlsbad Caverns NP,1979-11-01,28307.0,45481.07465465033,30895.227373107562,60066.921936193095
Carlsbad Caverns NP,1980-01-01,23819.0,51721.93632747166,37770.15745299014,65673.71520195318
Carlsbad Caverns NP,1980-02-01,21939.0,40893.59724283339,27047.114038195687,54740.0804474711
Carlsbad Caverns NP,1980-09-01,35780.0,70045.83016090479,56294.58260960739,83797.0777122022
Carlsbad Caverns NP,1982-07-01,151998.0,136084.54949419387,122678.43030209358,149490.66868629417
Carlsbad Caverns NP,1983-04-01,46329.0,63550.1029112727,50181.48823052104,76918.71759202436
Carlsbad Caverns NP,1983-08-01,108827.0,124406.20256828482,111039.32077751732,137773.08435905233
Carlsbad Caverns NP,1986-04-01,47235.0,60709.272787696354,47367.719421986636,74050.82615340607
Carlsbad Caverns NP,1993-09-01,50345.0,36831.75585559506,23492.328253572898,50171.183457617226
Carlsbad Caverns NP,1993-10-01,51699.0,37925.858496199864,24586.430902061897,51265.28609033783
Carlsbad Caverns NP,1994-06-01,77019.0,98929.0037674598,85589.57876268169,112268.42877223791
Carlsbad Caverns NP,2013-10-01,8040.0,27652.24150698407,14312.818445283687,40991.66456868446
Carlsbad Caverns NP,2014-10-01,23537.0,8289.957225755803,-5049.4658359445075,21629.380287456115
Carlsbad Caverns NP,2018-11-01,27358.0,43016.80692619508,29677.38386449482,56356.22998789534
Carlsbad Caverns NP,2018-12-01,8945.0,25586.49779423439,12247.074732534129,38925.92085593465
Carlsbad Caverns NP,2019-12-01,30591.0,14578.867620925645,1239.444559225385,27918.290682625906
Carlsbad Caverns NP,2020-03-01,28925.0,58893.70677287735,45554.28371117708,72233.12983457762
Carlsbad Caverns NP,2020-04-01,1138.0,16981.339054485015,3641.915992784754,30320.762116185277
Carlsbad Caverns NP,2020-05-01,1338.0,16278.803080230704,2939.380018530441,29618.226141930965
Carlsbad Caverns NP,2020-06-01,10124.0,27432.57378358254,14093.150721882277,40771.9968452828
Carlsbad Caverns NP,2020-07-01,18855.0,35955.4755258141,22616.05246411384,49294.89858751436
Carlsbad Caverns NP,2020-08-01,17002.0,-3932.754376098579,-17272.17743779884,9406.668685601684
Carlsbad Caverns NP,2021-04-01,25859.0,3641.8500549686505,-9697.57300673161,16981.273116668912
Carlsbad Caverns NP,2025-04-01,33579.0,47859.60581460808,34520.18275290782,61199.028876308344
Channel Islands NP,1995-02-01,31442.0,11460.636077224883,-3894.782373365757,26816.054527815522
Channel Islands NP,1995-07-01,72446.0,42382.689446576594,27027.27347551351,57738.10541763968
Channel Islands NP,1995-08-01,98958.0,60701.625019787505,45346.209214046845,76057.04082552817
Channel Islands NP,1995-09-01,53242.0,74128.88694465245,58773.47121557885,89484.30267372605
Channel Islands NP,1995-12-01,11010.0,37308.63919093174,21953.224366094244,52664.05401576923
Channel Islands NP,1996-04-01,29569.0,45203.639697019105,29848.232857182054,60559.046536856156
Channel Islands NP,1996-05-01,49880.0,33617.90609949319,18262.499493641764,48973.31270534462
Channel Islands NP,1997-01-01,50357.0,31357.655786886728,16002.25326503225,46713.05830874121
Channel Islands NP,1999-07-01,82870.0,61847.1055793769,46491.70727505625,77202.50388369754
Channel Islands NP,1999-08-01,68762.0,85936.08269057244,70580.68439517503,101291.48098596984
Channel Islands NP,2000-01-01,25593.0,43839.54382553035,28484.145943986274,59194.94170707443
Channel Islands NP,2000-10-01,25547.0,49917.586955742794,34562.18918072669,65272.9847307589
Channel Islands NP,2003-06-01,66795.0,50692.52562326136,35337.12827166294,66047.92297485977
Channel Islands NP,2004-10-01,26026.0,47353.461587444035,31998.06426518986,62708.85890969821
Channel Islands NP,2005-06-01,61422.0,41134.31535041258,25778.918041170647,56489.71265965451
Channel Islands NP,2005-08-01,52469.0,71587.92649147188,56232.52918252235,86943.3238004214
Channel Islands NP,2006-09-01,36954.0,54325.45208986267,38970.05478740149,69680.84939232386
Channel Islands NP,2007-03-01,38890.0,22865.956867211407,7510.5595674617125,38221.3541669611
Channel Islands NP,2009-06-01,29663.0,45250.07065827448,29894.673361145098,60605.46795540387
Channel Islands NP,2020-03-01,13408.0,31692.236682544284,16336.839386120066,47047.6339789685
Channel Islands NP,2020-04-01,365.0,22442.286433738376,7086.889137314165,37797.683730162586
Channel Islands NP,2025-05-01,22680.0,6613.0526061377805,-8742.344690286187,21968.449902561748
Congaree NP,2006-03-01,16025.0,9932.991017866501,4563.536716285462,15302.44531944754
Congaree NP,2007-07-01,14914.0,8532.20875802468,3162.9015367261636,13901.515979323198
Congaree NP,2008-02-01,13877.0,7769.53907981681,2400.307117366063,13138.771042267557
Congaree NP,2009-05-01,20902.0,11724.774105064,6355.616879915741,17093.931330212257
Congaree NP,2009-06-01,7011.0,12715.882633033063,7346.7269303278645,18085.03833573826
Congaree NP,2010-02-01,17022.0,8432.873101858666,3063.755983364151,13801.990220353182
Congaree NP,2010-04-01,3936.0,17445.801432460605,12076.688158144181,22814.91470677703
Congaree NP,2011-07-01,3233.0,10561.421289938016,5192.342672576454,15930.499907299578
Congaree NP,2011-08-01,11117.0,5377.040431032388,7.962222922526962,10746.118639142249
Congaree NP,2014-05-01,9351.0,14751.40780104699,9382.377498603451,20120.438103490527
Congaree NP,2016-03-01,19387.0,11481.1743022073,6112.1571060197875,16850.191498394815
Congaree NP,2018-05-01,22489.0,15104.559883495445,9735.549773905983,20473.569993084908
Congaree NP,2018-09-01,5675.0,11696.287901096117,6327.277965395301,17065.297836796934
Congaree NP,2019-05-01,28786.0,16786.058442630187,11417.050289887751,22155.06659537262
Congaree NP,2020-03-01,10790.0,17860.734789858827,12491.727923639217,23229.741656078437
Congaree NP,2020-04-01,0.0,12669.09325601634,7300.086441881461,18038.10007015122
Congaree NP,2020-05-01,140.0,11864.855507459746,6495.848734907475,17233.862280012017
Congaree NP,2020-07-01,12127.0,6018.731563674421,649.7248486663593,11387.738278682482
Congaree NP,2020-10-01,19039.0,11885.571940090564,6516.565263281984,17254.578616899144
Congaree NP,2021-05-01,24978.0,19115.74277011808,13746.736971033599,24484.74856920256
Congaree NP,2021-09-01,17309.0,11852.63991835537,6483.634180282681,17221.64565642806
Congaree NP,2022-04-01,25618.0,19027.35605034133,13658.350917172236,24396.36118351042
Congaree NP,2023-03-01,28505.0,22037.53232252141,16668.527661443684,27406.536983599133
Congaree NP,2023-05-01,28944.0,23143.213146609975,17774.208518397438,28512.21777482251
Congaree NP,2023-09-01,21252.0,14586.747586631012,9217.74298876991,19955.752184492114
Congaree NP,2024-03-01,33992.0,25255.587679291835,19886.583369462634,30624.591989121036
Congaree NP,2024-05-01,33257.0,26316.98254854237,20947.9782618935,31685.986835191245
Congaree NP,2025-03-01,33391.0,27561.10079398498,22192.096731896985,32930.104856072976
Congaree NP,2025-04-01,33238.0,25824.280476337637,20455.27642334093,31193.284529334345
Crater Lake NP,1979-06-01,60324.0,13596.927922477182,-24728.254415321724,51922.11026027609
Crater Lake NP,1979-07-01,84408.0,32608.570506181997,-5442.9558787384085,70660.09689110241
Crater Lake NP,1979-08-01,107031.0,46878.2119461367,9027.564719363785,84728.85917290961
Crater Lake NP,1992-07-01,64705.0,106208.75764600688,74881.43698762276,137536.078304391
Crater Lake NP,1992-08-01,137401.0,97388.37580945369,66061.19253601032,128715.55908289706
Crater Lake NP,1994-07-01,111824.0,78098.83766303089,46776.2218792803,109421.45344678148
Crater Lake NP,1998-07-01,137857.0,102918.64499283863,71598.54813153743,134238.74185413984
Crater Lake NP,2003-10-01,70382.0,35272.49904282416,3952.8043114321663,66592.19377421615
Crater Lake NP,2013-05-01,86716.0,20152.40187771197,-11167.253893067282,51472.05764849122
Crater Lake NP,2015-08-01,97673.0,129926.45078974374,98606.79525270202,161246.10632678546
Crater Lake NP,2015-09-01,128398.0,77424.90086768646,46105.24533249777,108744.55640287515
Crater Lake NP,2016-06-01,122905.0,75165.01143602602,43845.35594604982,106484.66692600222
Crater Lake NP,2016-07-01,190231.0,149794.2564425941,118474.6009544024,181113.9119307858
Crater Lake NP,2016-08-01,176895.0,134188.3489849768,102868.69349830261,165508.00447165096
Crater Lake NP,2017-06-01,136567.0,95756.37719004559,64436.72173261619,127076.03264747499
Crater Lake NP,2017-07-01,208237.0,172200.0943513675,140880.43889504691,203519.7498076881
Crater Lake NP,2017-09-01,84340.0,122408.89014040714,91089.23468574492,153728.54559506936
Crater Lake NP,2019-07-01,201191.0,168346.6523840934,137026.99695988154,199666.30780830528
Crater Lake NP,2020-05-01,814.0,40948.345889276345,9628.690472141923,72268.00130641076
Crater Lake NP,2020-07-01,209678.0,161995.87174912565,130676.21633255976,193315.52716569154
Crater Lake NP,2020-08-01,222368.0,158002.6865755972,126683.03115925752,189322.3419919369
Crater Lake NP,2020-09-01,59093.0,129309.76273892843,97990.10732276038,160629.4181550965
Crater Lake NP,2020-10-01,61613.0,29474.7405591478,-1844.9148569369718,60794.39597523257
Crater Lake NP,2021-08-01,106379.0,181240.76583235053,149921.11042067612,212560.42124402494
Crater Lake NP,2022-07-01,139513.0,176222.0856229047,144902.43021404181,207541.7410317676
Crater Lake NP,2024-08-01,93343.0,126785.88961779253,95466.23421193741,158105.54502364766
Crater Lake NP,2025-08-01,189696.0,121806.74657874304,90487.09117358335,153126.40198390273
Cuyahoga Valley NP,1993-09-01,273109.0,176594.3994105905,86958.07088134854,266230.7279398325
Cuyahoga Valley NP,1994-06-01,358259.0,228621.47878464047,138985.42167229977,318257.53589698114
Cuyahoga Valley NP,1994-08-01,385138.0,289099.01561550464,199462.9708987943,378735.060332215
Cuyahoga Valley NP,1994-10-01,513377.0,320488.80263306125,230852.76283524116,410124.84243088134
Cuyahoga Valley NP,1995-04-01,136665.0,227816.33242773046,138180.41714910732,317452.2477063536
Cuyahoga Valley NP,1995-10-01,291811.0,459618.47722556925,369982.5799673982,549254.3744837403
Cuyahoga Valley NP,1996-06-01,509525.0,349379.9529753357,259744.12240691547,439015.78354375594
Cuyahoga Valley NP,1996-08-01,490487.0,383082.8128183936,293446.9853240155,472718.64031277166
Cuyahoga Valley NP,1996-10-01,277322.0,382961.2116694126,293325.38539488707,472597.03794393816
Cuyahoga Valley NP,1997-06-01,533993.0,421175.6079415026,331539.8148781033,510811.40100490185
Cuyahoga Valley NP,2000-07-01,339458.0,433182.5012159604,343546.7408691604,522818.26156276045
Cuyahoga Valley NP,2001-10-01,253652.0,345459.0055273392,255823.24751270836,435094.76354197
Cuyahoga Valley NP,2004-08-01,408862.0,294630.2001229693,204994.44399413606,384265.9562518025
Cuyahoga Valley NP,2005-02-01,136394.0,252181.39075483583,162545.6347345498,341817.14677512186
Cuyahoga Valley NP,2006-02-01,246261.0,140205.55095892376,50569.79502018177,229841.30689766575
Cuyahoga Valley NP,2008-07-01,427995.0,302963.6062872341,213327.85041240457,392599.36216206365
Cuyahoga Valley NP,2013-10-01,78947.0,224639.93976723263,135004.18390888203,314275.69562558323
Death Valley NP,1991-05-01,78731.0,27416.47100747297,-19752.14450323468,74585.08651818061
Death Valley NP,1995-04-01,178039.0,99678.46897475513,52606.82641114676,146750.1115383635
Death Valley NP,2002-03-01,65719.0,117958.53785296083,70927.35496754314,164989.72073837853
Death Valley NP,2005-03-01,128271.0,66738.15923097203,19710.83217607165,113765.48628587241
Death Valley NP,2010-04-01,158319.0,106892.62988701987,59867.54069683523,153917.7190772045
Death Valley NP,2010-05-01,63622.0,114786.23021344145,67761.1469262399,161811.313500643
Death Valley NP,2010-08-01,65201.0,114846.00294508478,67820.93042995862,161871.07546021094
Death Valley NP,2011-04-01,155234.0,104146.88250041958,57121.971919467105,151171.79308137204
Death Valley NP,2016-03-01,209282.0,120465.13165743969,73440.63948905934,167489.62382582005
Death Valley NP,2016-04-01,109486.0,172699.19643552668,125674.70560509185,219723.68726596152
Death Valley NP,2018-10-01,176518.0,126893.86941664788,79869.44018268483,173918.29865061093
Death Valley NP,2020-03-01,112464.0,176515.7456025881,129491.34831079721,223540.142894379
Death Valley NP,2020-04-01,18361.0,134994.26932413736,87969.8724745973,182018.66617367743
Death Valley NP,2020-05-01,19994.0,68602.94934983249,21578.552871020765,115627.3458286442
Death Valley NP,2020-08-01,39387.0,96584.45829389717,49560.062491604374,143608.85409618996
Death Valley NP,2020-11-01,131552.0,68717.45962932159,21693.064220896653,115741.85503774651
Death Valley NP,2021-03-01,171617.0,123526.26591497316,76501.87994861671,170550.6518813296
Death Valley NP,2023-09-01,0.0,83707.39223560608,36683.022040472155,130731.76243074
Denali NP & PRES,1979-06-01,46804.0,10350.566101976447,-23777.864074672783,44478.99627862567
Denali NP & PRES,1979-07-01,69557.0,34335.18179598531,341.89497796051,68328.46861401011
Denali NP & PRES,1982-06-01,62926.0,30402.514003254786,-911.4578727659245,61716.4858792755
Denali NP & PRES,1983-07-01,115179.0,77963.51839583632,46981.593683314066,108945.44310835857
Denali NP & PRES,1984-06-01,75277.0,43960.66019054821,13209.340998996988,74711.97938209944
Denali NP & PRES,1985-06-01,94794.0,64121.571951396894,33552.45315707814,94690.69074571565
Denali NP & PRES,1985-09-01,55241.0,92804.5672356309,62244.54470203295,123364.58976922883
Denali NP & PRES,1986-08-01,175203.0,136757.49685092765,106337.17942534441,167177.8142765109
Denali NP & PRES,1988-06-01,181452.0,115208.87180814802,84988.67850785785,145429.06510843817
Denali NP & PRES,1988-08-01,107346.0,157119.98214581888,126903.84602043426,187336.1182712035
Denali NP & PRES,1988-10-01,25692.0,-6042.040994059273,-36257.26436238159,24173.182374263044
Denali NP & PRES,1989-06-01,79332.0,128399.04768152843,98254.4734098431,158543.62195321376
Denali NP & PRES,1989-07-01,213085.0,119596.57383749679,89454.00947100422,149739.13820398937
Denali NP & PRES,1989-10-01,4743.0,44097.28621801152,13956.857204216729,74237.7152318063
Denali NP & PRES,1990-07-01,222077.0,177202.43402705458,147122.0860725119,207282.78198159725
Denali NP & PRES,1991-07-01,221853.0,188593.76637363707,158565.27142242203,218622.26132485212
Denali NP & PRES,1992-06-01,120640.0,87385.8941066495,57399.66982221695,117372.11839108205
Denali NP & PRES,1992-07-01,172504.0,222160.01510181883,192175.00235035413,252145.02785328354
Denali NP & PRES,1993-09-01,35688.0,67620.36370017046,37673.05879845089,97567.66860189004
Denali NP & PRES,1994-07-01,130807.0,181524.4279738596,151607.08379179184,211441.77215592735
Denali NP & PRES,1995-06-01,150886.0,113053.54077149063,83161.78203939748,142945.29950358378
Denali NP & PRES,1996-06-01,80725.0,129947.43706034732,100078.2304815098,159816.64363918483
Denali NP & PRES,1996-08-01,94342.0,127405.88258340012,97537.7925371968,157273.97262960344
Denali NP & PRES,2002-08-01,60231.0,97844.92165783331,68057.6007589027,127632.24255676393
Denali NP & PRES,2020-05-01,105.0,46932.985660587176,17197.554414512873,76668.41690666147
Denali NP & PRES,2020-06-01,10031.0,103688.69071442077,73953.28583372498,133424.09559511655
Denali NP & PRES,2020-07-01,13802.0,80819.94783827706,51084.56480183148,110555.33087472264
Denali NP & PRES,2020-08-01,14482.0,53215.33494062854,23479.967810470636,82950.70207078644
Denali NP & PRES,2020-09-01,10523.0,-23545.951867840668,-53281.31025692809,6189.40652124675
Denali NP & PRES,2024-07-01,98514.0,136592.30720633993,106858.69813616376,166325.9162765161
Denali NP & PRES,2025-07-01,151455.0,115341.37683728429,85608.07070258542,145074.68297198316
Dry Tortugas NP,1998-05-01,8704.0,6310.477449342527,4305.902950612398,8315.051948072656
Dry Tortugas NP,1998-09-01,2127.0,4336.4397194455,2331.87539045789,6341.004048433109
Dry Tortugas NP,2000-03-01,9305.0,7272.177313557335,5267.806138429783,9276.548488684888
Dry Tortugas NP,2004-08-01,2785.0,6753.052590661867,4748.849617159401,8757.255564164332
Dry Tortugas NP,2005-09-01,1122.0,3234.4010795463796,1230.2142117275584,5238.5879473652
Dry Tortugas NP,2005-11-01,1047.0,3525.644779425004,1521.458281424102,5529.831277425906
Dry Tortugas NP,2011-05-01,11166.0,6012.773170831993,4008.620890795938,8016.925450868049
Dry Tortugas NP,2012-03-01,9924.0,7467.527787568477,5463.376978080464,9471.67859705649
Dry Tortugas NP,2012-04-01,4323.0,9102.19686104269,7098.046105703512,11106.347616381869
Dry Tortugas NP,2012-06-01,4068.0,7641.175270780941,5637.024596022973,9645.325945538909
Dry Tortugas NP,2013-01-01,7565.0,3971.6767749809387,1967.5267469726634,5975.826802989214
Dry Tortugas NP,2013-02-01,4796.0,6975.1143208573085,4970.964616437515,8979.264025277102
Dry Tortugas NP,2014-04-01,7629.0,5508.592596943325,3504.443790508577,7512.741403378072
Dry Tortugas NP,2014-06-01,4280.0,7069.83463614393,5065.685870983172,9073.983401304688
Dry Tortugas NP,2016-02-01,1313.0,4879.4865882642625,2875.338748913139,6883.634427615386
Dry Tortugas NP,2016-03-01,7167.0,4521.288069054239,2517.140246660999,6525.435891447479
Dry Tortugas NP,2016-06-01,8969.0,6771.366670643789,4767.218883597716,8775.514457689862
Dry Tortugas NP,2017-09-01,176.0,3547.214475024161,1543.066990831324,5551.361959216998
Dry Tortugas NP,2017-11-01,5020.0,2550.11861771444,545.971140198948,4554.266095229932
Dry Tortugas NP,2018-02-01,6474.0,3818.005239037569,1813.8579262028468,5822.152551872291
Dry Tortugas NP,2018-03-01,5509.0,7851.281240131984,5847.133935983298,9855.42854428067
Dry Tortugas NP,2018-10-01,643.0,3464.003272798476,1459.855995795698,5468.150549801254
Dry Tortugas NP,2018-12-01,1286.0,5185.913136757164,3181.7658777756988,7190.060395738628
Dry Tortugas NP,2019-01-01,6179.0,2463.880870575909,459.73367144564577,4468.028069706172
Dry Tortugas NP,2020-03-01,3674.0,7388.00411566628,5383.8570769696125,9392.151154362948
Dry Tortugas NP,2020-04-01,200.0,5170.391902977993,3166.2448680085063,7174.538937947479
Dry Tortugas NP,2020-05-01,308.0,3495.506314614373,1491.3592827237103,5499.653346505036
Dry Tortugas NP,2020-09-01,4510.0,2491.3265545856234,487.1795291368983,4495.473580034349
Dry Tortugas NP,2020-10-01,5384.0,2997.273879907439,993.1268551152791,5001.420904699599
Dry Tortugas NP,2020-12-01,6395.0,4158.414320077564,2154.2673045161882,6162.56133563894
Dry Tortugas NP,2021-03-01,8055.0,5366.924838607683,3362.7778791609053,7371.071798054461
Everglades NP,1979-01-01,94405.0,0.0,-79816.23326852794,79816.23326852794
Everglades NP,1979-02-01,145610.0,67840.51214852984,-8725.577469521537,144406.60176658124
Everglades NP,1992-09-01,7610.0,62624.83859735412,11518.209485323976,113731.46770938428
Everglades NP,2004-05-01,139849.0,62244.150289194746,11231.188016901608,113257.11256148788
Everglades NP,2004-07-01,56238.0,107265.1916719283,56252.25262110952,158278.1307227471
Everglades NP,2005-03-01,236941.0,140656.81561242632,89644.43848510613,191669.1927397465
Everglades NP,2005-08-01,26747.0,78154.54589146674,27142.220697588047,129166.87108534542
Everglades NP,2005-10-01,16674.0,70161.18807033525,19148.864639182655,121173.51150148784
Everglades NP,2005-11-01,128727.0,56563.790941653,5551.480409886855,107576.10147341914
Everglades NP,2007-03-01,241397.0,129799.26943683189,78787.6880504213,180810.85082324248
Everglades NP,2007-04-01,101656.0,154437.00621797412,103425.43412028869,205448.57831565954
Everglades NP,2017-01-01,194200.0,110608.40906894945,59597.70793229655,161619.11020560234
Everglades NP,2018-01-01,33950.0,113865.56163584575,62854.87184541472,164876.25142627678
Everglades NP,2018-03-01,45018.0,103581.72758451106,52571.03872021655,154592.41644880557
Everglades NP,2020-02-01,165994.0,110509.3647268086,59498.689628698856,161520.03982491835
Everglades NP,2020-03-01,99917.0,157224.82510873314,106214.15022312052,208235.49999434577
Everglades NP,2020-04-01,4784.0,77350.22560767816,26339.550885248602,128360.90033010772
Gates of the Arctic NP & PRES,1995-06-01,1461.0,218.74414152504826,-618.2863193214921,1055.7746023715886
Gates of the Arctic NP & PRES,1995-07-01,2746.0,1246.4703215333723,409.46775922090774,2083.472883845837
Gates of the Arctic NP & PRES,2000-06-01,4330.0,1946.439571007294,1110.5390809685975,2782.3400610459903
Gates of the Arctic NP & PRES,2000-07-01,5959.0,3986.6997336013214,3150.8118269017314,4822.5876403009115
Gates of the Arctic NP & PRES,2000-08-01,318.0,4027.1866797922344,3191.311218050667,4863.062141533802
Gates of the Arctic NP & PRES,2001-06-01,1457.0,2748.168551493779,1912.410432560012,3583.926670427546
Gates of the Arctic NP & PRES,2001-07-01,2077.0,3190.6974619580305,2354.9504178617335,4026.4445060543276
Gates of the Arctic NP & PRES,2002-06-01,1537.0,2374.0913540272813,1538.4589936701414,3209.7237143844213
Gates of the Arctic NP & PRES,2002-08-01,2196.0,441.67346948034515,-393.93934249311565,1277.286281453806
Gates of the Arctic NP & PRES,2004-08-01,3338.0,1548.9424839117837,713.5378756607537,2384.3470921628136
Gates of the Arctic NP & PRES,2004-09-01,512.0,1415.8170275518405,580.4201613722493,2251.2138937314317
Gates of the Arctic NP & PRES,2005-08-01,2929.0,2055.5710447506453,1220.2551400121715,2890.886949489119
Gates of the Arctic NP & PRES,2016-06-01,1349.0,2266.8224543147635,1432.1018364127203,3101.5430722168066
Gates of the Arctic NP & PRES,2019-06-01,647.0,2158.405379441637,1323.782690439047,2993.028068444227
Gates of the Arctic NP & PRES,2019-08-01,5399.0,3203.73494861665,2369.1171965545086,4038.3527006787913
Gates of the Arctic NP & PRES,2019-09-01,966.0,2222.6504548998064,1388.0351533103471,3057.2657564892656
Gates of the Arctic NP & PRES,2020-06-01,5.0,1338.0391683641833,503.44539647697593,2172.6329402513907
Gates of the Arctic NP & PRES,2020-07-01,1178.0,2140.1404950775295,1305.549058613634,2974.731931541425
Gates of the Arctic NP & PRES,2020-08-01,1195.0,3130.9015680096927,2296.312455910873,3965.4906801085126
Gates of the Arctic NP & PRES,2020-09-01,477.0,-510.7317393369274,-1345.3185380507482,323.85505937689345
Gates of the Arctic NP & PRES,2021-08-01,2196.0,3129.8095060016535,2295.247451473934,3964.3715605293733
Gates of the Arctic NP & PRES,2022-06-01,2214.0,1207.5619219573364,373.02129889997013,2042.1025450147026
Gates of the Arctic NP & PRES,2023-06-01,2748.0,1606.1019963700867,771.5858508559604,2440.618141884213
Gates of the Arctic NP & PRES,2024-06-01,3117.0,2140.691960230486,1306.1990372841772,2975.1848831767948
Gates of the Arctic NP & PRES,2025-06-01,3117.0,216.94780396291128,-617.5302877492834,1051.425895675106
Gates of the Arctic NP & PRES,2025-07-01,3733.0,1716.7532998453648,882.2770270541017,2551.229572636628
Gates of the Arctic NP & PRES,2025-08-01,3193.0,2044.3127627551726,1209.8383012729198,2878.787224237425
Gateway Arch NP,1979-07-01,356023.0,128395.17389216268,-65521.04061076464,322311.38839509
Gateway Arch NP,1981-07-01,813587.0,343315.141088884,159763.74802413906,526866.5341536289
Gateway Arch NP,1982-07-01,1341013.0,732290.9418479259,550438.6976045519,914143.1860912999
Gateway Arch NP,1983-07-01,1335228.0,1136169.0053521818,955544.1149498047,1316793.895754559
Gateway Arch NP,1984-07-01,352008.0,1148201.587787999,968522.5101221624,1327880.6654538359
Gateway Arch NP,1995-07-01,1119793.0,554125.1437385279,378493.27837084065,729757.0091062151
Gateway Arch NP,2006-07-01,664268.0,939479.3526416492,764798.8144643874,1114159.890818911
Gateway Arch NP,2008-07-01,332003.0,754368.597833079,579771.837758791,928965.357907367
Gateway Arch NP,2009-07-01,659749.0,450584.95471868734,276024.37976076605,625145.5296766086
Gateway Arch NP,2014-07-01,343547.0,784909.3880307081,610486.2136088731,959332.5624525431
Gateway Arch NP,2018-07-01,634978.0,371293.44665455434,196942.46319859606,545644.4301105127
Gateway Arch NP,2020-06-01,50905.0,243779.58866373412,69455.68527717079,418103.49205029744
Gateway Arch NP,2020-07-01,33748.0,533870.5258156442,359546.90314351814,708194.1484877702
Gateway Arch NP,2021-07-01,363556.0,179464.36782530873,5152.683192250348,353776.0524583671
Glacier Bay NP & PRES,1999-05-01,111916.0,42867.54285663075,17560.600510329463,68174.48520293205
Glacier Bay NP & PRES,1999-06-01,79181.0,118698.06285904268,93391.52862313675,144004.5970949486
Glacier Bay NP & PRES,2015-07-01,182324.0,114872.65173040773,89606.37089911514,140138.93256170032
Glacier Bay NP & PRES,2015-09-01,33573.0,111337.55992778383,86071.47749549508,136603.64236007258
Glacier Bay NP & PRES,2015-10-01,282.0,-30967.852514341168,-56233.83718841594,-5701.86784026639
Glacier Bay NP & PRES,2016-07-01,115207.0,150982.31214066345,125717.19850605118,176247.4257752757
Glacier Bay NP & PRES,2016-09-01,84965.0,51230.26467659106,25965.337152532233,76495.1922006499
Glacier Bay NP & PRES,2017-05-01,100414.0,72152.03434519436,46887.83769440973,97416.23099597899
Glacier Bay NP & PRES,2018-05-01,111753.0,83591.91490104007,58328.756892116275,108855.07290996387
Glacier Bay NP & PRES,2019-05-01,121332.0,94582.5572760085,69320.37639273726,119844.73815927975
Glacier Bay NP & PRES,2020-05-01,286.0,99074.60733024514,73813.34725962399,124335.8674008663
Glacier Bay NP & PRES,2020-06-01,807.0,42626.817228537904,17365.631484658603,67888.0029724172
Glacier Bay NP & PRES,2020-07-01,1480.0,44535.06758886928,19273.955749815257,69796.1794279233
Glacier Bay NP & PRES,2020-08-01,1489.0,27944.34157212518,2683.3032015112985,53205.37994273906
Glacier Bay NP & PRES,2020-10-01,179.0,-69472.30725417328,-94733.20008071497,-44211.41442763159
Glacier Bay NP & PRES,2021-05-01,1382.0,49003.84755639413,23743.456633186146,74264.23847960212
Glacier Bay NP & PRES,2022-10-01,102993.0,28299.16753500061,3039.9269161236625,53558.408153877564
Glacier Bay NP & PRES,2022-11-01,222.0,78079.0293219735,52819.85330775588,103338.20533619112
Glacier Bay NP & PRES,2023-05-01,102982.0,67265.75005622282,42006.95865630992,92524.54145613572
Glacier Bay NP & PRES,2023-06-01,141387.0,115533.58751236179,90274.8590611308,140792.31596359276
Glacier Bay NP & PRES,2023-10-01,44177.0,80800.9463877395,55542.46654672078,106059.42622875822
Glacier Bay NP & PRES,2024-05-01,127844.0,76732.49285275512,51474.43892888933,101990.54677662092
Glacier Bay NP & PRES,2025-05-01,1352.0,94899.59702169552,69642.24320492752,120156.95083846351
Glacier Bay NP & PRES,2025-06-01,3458.0,44415.07773279313,19157.780655232225,69672.37481035403
Glacier Bay NP & PRES,2025-07-01,4597.0,40231.503873625355,14974.263276477475,65488.744470773236
Glacier NP,1979-06-01,235210.0,53295.47181755537,-57833.21589156256,164424.15952667332
Glacier NP,1979-07-01,414460.0,187745.20168376787,76866.70809592964,298623.6952716061
Glacier NP,1979-09-01,176600.0,336091.51102502673,225395.69620835365,446787.32584169984
Glacier NP,1980-07-01,446853.0,333989.876396642,235133.09828393837,432846.65450934565
Glacier NP,1980-09-01,151586.0,265932.4365314605,167215.28750484175,364649.58555807924
Glacier NP,1981-07-01,571302.0,421513.8846864019,325282.7196342112,517745.04973859264
Glacier NP,1983-07-01,689489.0,571652.4524266354,476744.44254659786,666560.4623066729
Glacier NP,1985-07-01,487859.0,628155.673866695,533656.4988418346,722654.8488915554
Glacier NP,2003-06-01,370232.0,241463.82406541696,147495.7591051674,335431.8890256665
Glacier NP,2003-07-01,490284.0,642236.6715838842,548269.0385430607,736204.3046247077
Glacier NP,2003-08-01,261481.0,488148.3561343521,394181.150905979,582115.5613627252
Glacier NP,2003-09-01,235172.0,100067.45346886507,6100.671992745687,194034.23494498446
Glacier NP,2004-08-01,602042.0,414502.22863310075,320539.8532000346,508464.6040661669
Glacier NP,2004-09-01,288378.0,401637.62202896085,307675.6250449741,495599.6190129476
Glacier NP,2017-06-01,620962.0,449021.0541608187,355090.7797505319,542951.3285711055
Glacier NP,2017-07-01,1009665.0,881278.4146423914,787348.2425315386,975208.5867532442
Glacier NP,2017-09-01,389137.0,578032.9450861004,484102.97514908924,671962.9150231115
Glacier NP,2018-08-01,667688.0,815633.1408368858,721704.227284972,909562.0543887996
Glacier NP,2018-09-01,434600.0,323764.7085387866,229835.8865388679,417693.53053870535
Glacier NP,2020-05-01,0.0,154478.32390372636,60551.1893744884,248405.4584329643
Glacier NP,2020-06-01,202701.0,428265.3830787283,334338.3261693476,522192.43998810893
Glacier NP,2020-07-01,453977.0,656967.2968652656,563040.316970913,750894.2767596182
Glacier NP,2020-10-01,125544.0,8018.375731897249,-85908.37669692724,101945.12816072174
Glacier NP,2021-06-01,587237.0,440306.606255222,346380.4349959161,534232.7775145279
Grand Canyon NP,1997-09-01,599107.0,448962.3789382953,341318.98362706526,556605.7742495253
Grand Canyon NP,2013-10-01,197742.0,385792.98308698914,278150.5087934679,493435.4573805104
Grand Canyon NP,2013-11-01,217733.0,92988.249264193,-14654.225025902764,200630.72355428876
Grand Canyon NP,2015-08-01,793412.0,685080.1450324325,577437.670801802,792722.6192630631
Grand Canyon NP,2020-03-01,276002.0,490734.50683165126,383092.0326306023,598376.9810327002
Grand Canyon NP,2020-04-01,0.0,389842.20256262465,282199.72836167814,497484.67676357116
Grand Canyon NP,2020-05-01,43397.0,191492.5618819529,83850.08768110277,299135.03608280304
Grand Canyon NP,2020-10-01,421568.0,256627.5172537862,148985.0430533273,364269.9914542451
Grand Canyon NP,2021-04-01,421232.0,272525.9889898959,164883.51478983846,380168.46318995336
Grand Canyon NP,2023-04-01,463305.0,352661.3932081192,245018.91900882253,460303.8674074159
Grand Teton NP,1979-06-01,384945.0,109007.30755669603,3165.9689487620053,214848.64616463007
Grand Teton NP,1979-07-01,608613.0,304381.14582059474,198825.12655622326,409937.1650849662
Grand Teton NP,1979-08-01,667299.0,484726.4678851944,379344.6711332853,590108.2646371035
Grand Teton NP,1979-09-01,305194.0,545011.319440213,439707.9011405825,650314.7377398435
Grand Teton NP,1979-10-01,123444.0,287599.4319840977,182307.16354617308,392891.7004220223
Grand Teton NP,1979-11-01,46685.0,158729.40186143835,53453.57246469401,264005.23125818267
Grand Teton NP,1980-08-01,777149.0,648211.886842946,550339.52223264,746084.2514532522
Grand Teton NP,1980-09-01,309929.0,485614.50866128545,387762.7070683218,583466.310254249
Grand Teton NP,1980-10-01,95773.0,205140.8779699281,107289.84420825135,302991.91173160484
Grand Teton NP,1982-07-01,790452.0,657162.8895778791,564269.8487914242,750055.930364334
Grand Teton NP,1982-09-01,138944.0,405833.17904646543,312962.1092033167,498704.2488896142
Grand Teton NP,1983-06-01,231024.0,406622.3190876401,314713.090292059,498531.5478832212
Grand Teton NP,1983-07-01,370515.0,536536.7116364723,444643.9244784953,628429.4987944493
Grand Teton NP,1983-09-01,233269.0,68625.3599365314,-23253.476229290463,160504.19610235328
Grand Teton NP,1988-07-01,320432.0,429570.48512814514,339135.0192728683,520005.950983422
Grand Teton NP,1993-06-01,454534.0,332808.13627950515,242523.87953795443,423092.39302105585
Grand Teton NP,1994-06-01,467855.0,364718.2257026974,274440.6321681321,454995.8192372627
Grand Teton NP,1995-07-01,717919.0,575056.0626260265,484782.8274565723,665329.2977954806
Grand Teton NP,2000-08-01,510035.0,604706.1522655296,514439.607453153,694972.6970779062
Grand Teton NP,2004-08-01,405576.0,553749.2187520156,463483.3342991554,644015.1032048758
Grand Teton NP,2004-09-01,342945.0,218643.3502437434,128377.46630639874,308909.23418108805
Grand Teton NP,2013-10-01,68984.0,171441.02000574762,81175.26535069599,261706.77466079924
Grand Teton NP,2020-05-01,123756.0,222200.4208002774,131934.66837292735,312466.17322762747
Grand Teton NP,2020-07-01,755766.0,660534.6828094486,570268.9303850783,750800.4352338188
Grand Teton NP,2020-11-01,57039.0,171689.39348463167,81423.64106170773,261955.1459075556
Grand Teton NP,2021-05-01,364876.0,231979.83464557823,141714.0822563809,322245.5870347755
Grand Teton NP,2021-06-01,757897.0,654032.3837580665,563766.631369949,744298.1361461839
Grand Teton NP,2022-06-01,497531.0,621712.7567502349,531447.0043861023,711978.5091143674
Grand Teton NP,2022-07-01,558710.0,681089.8844738746,590824.1321102683,771355.6368374808
Great Basin NP,1993-03-01,7343.0,2587.4178769920736,-1889.972521723631,7064.808275707778
Great Basin NP,1995-05-01,17147.0,9480.748046747376,5005.93505113815,13955.561042356603
Great Basin NP,1995-06-01,9816.0,16086.812033158825,11612.081928675489,20561.542137642162
Great Basin NP,1996-09-01,5682.0,11074.096568615103,6600.498965143535,15547.69417208667
Great Basin NP,1998-05-01,7550.0,15889.64709542966,11417.29468209055,20361.99950876877
Great Basin NP,1998-07-01,12774.0,17834.659940810983,13362.418455947845,22306.90142567412
Great Basin NP,1998-09-01,13587.0,7440.788379250738,2968.6556417245865,11912.92111677689
Great Basin NP,2013-10-01,2041.0,7421.42213929926,2954.4466616238606,11888.39761697466
Great Basin NP,2016-03-01,9023.0,2761.6141224733874,-1704.9547938423302,7228.183038789105
Great Basin NP,2016-07-01,33885.0,23090.53330814705,18624.016034432432,27557.050581861666
Great Basin NP,2016-08-01,17744.0,22267.442858808332,17800.938341404813,26733.94737621185
Great Basin NP,2016-09-01,22978.0,17498.095749006465,13031.603927061311,21964.58757095162
Great Basin NP,2017-04-01,16671.0,7436.729636242269,2970.3250145819393,11903.134257902599
Great Basin NP,2017-05-01,27678.0,15862.122065958523,11395.72966822292,20328.514463694126
Great Basin NP,2017-06-01,30982.0,20726.137664748585,16259.757433847743,25192.517895649427
Great Basin NP,2017-07-01,26286.0,31545.230105538023,27078.861984780713,36011.59822629533
Great Basin NP,2018-03-01,15705.0,5062.13892968763,595.8656958403244,9528.412163534935
Great Basin NP,2018-04-01,7318.0,15581.951595803686,11115.689979224833,20048.21321238254
Great Basin NP,2018-05-01,12419.0,17615.026951755786,13148.7768995447,22081.277003966872
Great Basin NP,2018-09-01,34032.0,21806.85873261907,17340.65441602857,26273.063049209573
Great Basin NP,2019-03-01,2391.0,8288.628053775647,3822.4908133739045,12754.765294177389
Great Basin NP,2019-05-01,11516.0,16684.27193247604,12218.156654362985,21150.387210589095
Great Basin NP,2019-08-01,24674.0,17917.737275202162,13451.654577853416,22383.819972550908
Great Basin NP,2019-09-01,22735.0,28905.4932852711,24439.421352739308,33371.56521780289
Great Basin NP,2020-03-01,2693.0,7882.00557862686,3415.9972546123963,12348.013902641324
Great Basin NP,2020-04-01,816.0,7330.929892426507,2864.9320092603657,11796.927775592649
Great Basin NP,2020-05-01,4587.0,12432.188516893068,7966.2010294895545,16898.17600429658
Great Basin NP,2020-10-01,17538.0,11647.692311314324,7181.756136542523,16113.628486086125
Great Basin NP,2021-06-01,28680.0,22210.35063032111,17744.494314180407,26676.206946461814
Great Basin NP,2021-09-01,20822.0,26130.67419718718,21664.84714049509,30596.501253879273
Great Basin NP,2022-07-01,18648.0,25844.708049305387,21378.97593181552,30310.440166795255
Great Basin NP,2023-10-01,20684.0,15003.540820489308,10537.944049031972,19469.137591946645
Great Basin NP,2025-07-01,36941.0,24979.83255892115,20514.412279680964,29445.252838161334
Great Basin NP,2025-08-01,19629.0,27444.05775243534,22978.64552607416,31909.46997879652
Great Sand Dunes NP & PRES,1979-06-01,30219.0,12789.124841384304,-1314.6524083133845,26892.902091081993
Great Sand Dunes NP & PRES,1979-08-01,45930.0,27564.17276238963,13510.497305612058,41617.8482191672
Great Sand Dunes NP & PRES,1979-09-01,12819.0,38042.11490985458,23993.640889935472,52090.58892977369
Great Sand Dunes NP & PRES,1987-06-01,44274.0,31879.799874210898,20610.423428203765,43149.17632021803
Great Sand Dunes NP & PRES,1987-09-01,17056.0,30744.183244130832,19477.863082935488,42010.50340532618
Great Sand Dunes NP & PRES,1994-05-01,53521.0,35668.34213965236,24446.15481088004,46890.529468424684
Great Sand Dunes NP & PRES,1994-07-01,63072.0,74461.46071659584,63239.80199582511,85683.11943736658
Great Sand Dunes NP & PRES,1995-07-01,78406.0,63898.99389345925,52680.22770652584,75117.76008039266
Great Sand Dunes NP & PRES,1996-08-01,67957.0,56294.31738942362,45078.23941328589,67510.39536556134
Great Sand Dunes NP & PRES,2002-06-01,40553.0,54370.0349652732,43163.501967117845,65576.56796342855
Great Sand Dunes NP & PRES,2016-06-01,77174.0,63902.02029930873,52705.07145841066,75098.9691402068
Great Sand Dunes NP & PRES,2017-03-01,24744.0,13042.02603746725,1845.3727637926222,24238.67931114188
Great Sand Dunes NP & PRES,2017-05-01,67737.0,50378.543508810224,39181.95419222808,61575.13282539237
Great Sand Dunes NP & PRES,2017-06-01,96529.0,80317.65361666345,69121.09605015756,91514.21118316933
Great Sand Dunes NP & PRES,2019-06-01,122086.0,84715.41526496559,73519.57678657466,95911.25374335652
Great Sand Dunes NP & PRES,2020-04-01,5227.0,21248.76523541514,10053.20393382931,32444.32653700097
Great Sand Dunes NP & PRES,2020-05-01,0.0,51112.9399004082,39917.40564624913,62308.47415456727
Great Sand Dunes NP & PRES,2020-06-01,78191.0,53303.638790324985,42108.13146493063,64499.14611571934
Great Sand Dunes NP & PRES,2020-07-01,102800.0,77813.1689084123,66617.68839389869,89008.64942292593
Great Sand Dunes NP & PRES,2020-08-01,97370.0,81681.34391189294,70485.89009114703,92876.79773263885
Great Sand Dunes NP & PRES,2020-10-01,53468.0,41858.83840069649,30663.43761919393,53054.23918219905
Great Sand Dunes NP & PRES,2021-04-01,31134.0,13299.154381942042,2103.909985891114,24494.39877799297
Great Sand Dunes NP & PRES,2021-05-01,84669.0,49732.79330421001,38537.57458160889,60928.012026811135
Great Sand Dunes NP & PRES,2022-06-01,87842.0,111267.03945730193,100072.14475214254,122461.93416246132
Great Sand Dunes NP & PRES,2023-03-01,6426.0,23519.877074277763,12325.19659366699,34714.55755488854
Great Sand Dunes NP & PRES,2023-05-01,76366.0,62302.137732949086,51107.50379092713,73496.77167497104
Great Sand Dunes NP & PRES,2023-08-01,68160.0,83202.31680832428,72007.75196737912,94396.88164926943
Great Sand Dunes NP & PRES,2024-06-01,83212.0,97359.0660618322,86164.72561447661,108553.40650918779
Great Sand Dunes NP & PRES,2024-07-01,75796.0,89056.11812375466,77861.79962680044,100250.43662070888
Great Sand Dunes NP & PRES,2025-06-01,75009.0,91301.04112106972,80106.95846115822,102495.12378098122
Great Smoky Mountains NP,1979-04-01,650485.0,230584.15614288748,-41038.92299274594,502207.2352785209
Great Smoky Mountains NP,1979-06-01,994065.0,503218.38000358007,235525.494446585,770911.2655605751
Great Smoky Mountains NP,1979-07-01,1324322.0,730976.5209180131,464363.49242835876,997589.5494076674
Great Smoky Mountains NP,1979-08-01,1274155.0,973308.0613232432,707370.587978757,1239245.5346677294
Great Smoky Mountains NP,1979-10-01,1114291.0,756618.8794223216,491029.21973545064,1022208.5391091926
Great Smoky Mountains NP,1979-11-01,377640.0,999801.5420234876,734477.697254454,1265125.3867925212
Great Smoky Mountains NP,1979-12-01,239523.0,656187.5206738005,394417.9795358336,917957.0618117674
Great Smoky Mountains NP,1980-01-01,207662.0,529501.9603454238,283298.8943462296,775705.026344618
Great Smoky Mountains NP,1980-02-01,192198.0,446877.7132751857,201965.17088914575,691790.2556612256
Great Smoky Mountains NP,1980-12-01,230587.0,519519.0196166785,279158.48109840334,759879.5581349536
Great Smoky Mountains NP,1981-11-01,357166.0,622810.9777258321,388861.2465295708,856760.7089220935
Great Smoky Mountains NP,1982-11-01,341524.0,579777.8233217441,349052.11370780773,810503.5329356805
Great Smoky Mountains NP,1987-10-01,1576500.0,1322171.580558308,1094081.9539501066,1550261.2071665092
Great Smoky Mountains NP,1988-10-01,969400.0,1417698.6148983738,1189642.9799870653,1645754.2498096824
Great Smoky Mountains NP,1989-07-01,1339906.0,1592561.4953622718,1364521.8921161918,1820601.0986083518
Great Smoky Mountains NP,1990-10-01,888411.0,1143898.8315231123,915867.1388087842,1371930.5242374404
Great Smoky Mountains NP,1997-07-01,1743996.0,1406291.7598727979,1178267.0843897306,1634316.4353558652
Great Smoky Mountains NP,2013-10-01,847616.0,1230157.0787002882,1002132.443476385,1458181.7139241914
Great Smoky Mountains NP,2014-10-01,1303450.0,1035652.9825908865,807628.3473671338,1263677.6178146394
Great Smoky Mountains NP,2020-03-01,487535.0,775777.0074955848,547752.3722719677,1003801.6427192019
Great Smoky Mountains NP,2020-04-01,99371.0,800218.3366351979,572193.7014115808,1028242.9718588149
Great Smoky Mountains NP,2020-05-01,828792.0,571601.1895464264,343576.5543228094,799625.8247700434
Great Smoky Mountains NP,2020-06-01,1535660.0,1268115.0449663864,1040090.4097427694,1496139.6801900035
Great Smoky Mountains NP,2020-10-01,1739720.0,1448480.1671686806,1220455.5319450635,1676504.8023922977
Great Smoky Mountains NP,2021-04-01,1169469.0,772448.6285881347,544423.9933645185,1000473.2638117508
Great Smoky Mountains NP,2021-06-01,1539247.0,1783499.666982363,1555475.0317587468,2011524.3022059791
Great Smoky Mountains NP,2025-08-01,936664.0,1181839.8089441387,953815.1737205234,1409864.4441677541
Guadalupe Mountains NP,1995-06-01,25645.0,18528.740015000218,12164.038350245199,24893.441679755237
Guadalupe Mountains NP,1995-07-01,13214.0,21922.91864863175,15558.369479537643,28287.467817725854
Guadalupe Mountains NP,2009-11-01,25371.0,17517.07549600413,11164.54249415172,23869.60849785654
Guadalupe Mountains NP,2011-05-01,9715.0,16823.22693595806,10471.237718373952,23175.21615354217
Guadalupe Mountains NP,2013-10-01,6220.0,18406.683316739694,12055.456070133874,24757.910563345515
Guadalupe Mountains NP,2014-04-01,24361.0,15673.459425939887,9322.374777419256,22024.54407446052
Guadalupe Mountains NP,2017-02-01,21610.0,12460.741765533763,6110.384433010047,18811.09909805748
Guadalupe Mountains NP,2017-03-01,51285.0,26814.268919030954,20463.93111186604,33164.60672619587
Guadalupe Mountains NP,2017-04-01,18856.0,34108.619329379035,27758.30095040746,40458.93770835061
Guadalupe Mountains NP,2018-03-01,12275.0,28691.608650338458,22341.49776958129,35041.71953109563
Guadalupe Mountains NP,2018-04-01,19718.0,11235.581884622463,4885.489320472532,17585.67444877239
Guadalupe Mountains NP,2018-12-01,6933.0,14041.693912888715,7691.74475390287,20391.64307187456
Guadalupe Mountains NP,2019-05-01,25204.0,17646.582797071216,11296.720536259974,23996.445057882458
Guadalupe Mountains NP,2019-11-01,15161.0,21974.49550866639,15624.734873687641,28324.25614364514
Guadalupe Mountains NP,2020-03-01,19505.0,26814.445939294106,20464.751502970947,33164.140375617266
Guadalupe Mountains NP,2020-04-01,2321.0,16776.763614233154,10427.085538451276,23126.44169001503
Guadalupe Mountains NP,2020-05-01,0.0,10305.204590323712,3955.542800448782,16654.86638019864
Guadalupe Mountains NP,2021-03-01,31321.0,24564.676385700124,18215.17345933418,30914.17931206607
Guadalupe Mountains NP,2021-04-01,26595.0,19346.83220261679,12997.344773713208,25696.319631520375
Guadalupe Mountains NP,2021-12-01,25668.0,15101.528997831216,8752.16310798511,21450.89488767732
Guadalupe Mountains NP,2022-03-01,36310.0,26608.958245211743,20259.636843116707,32958.27964730678
Guadalupe Mountains NP,2023-02-01,21336.0,14923.641373200444,8574.478244369431,21272.804502031457
Guadalupe Mountains NP,2023-03-01,44555.0,32782.339037162805,26433.189930976652,39131.48814334896
Guadalupe Mountains NP,2024-04-01,32284.0,22191.38021896137,15842.408142853033,28540.352295069708
Guadalupe Mountains NP,2025-01-01,8692.0,15313.359831674685,8964.504853065293,21662.214810284077
Haleakala NP,1987-07-01,169025.0,120057.37153670845,71437.33467665187,168677.40839676504
Haleakala NP,1989-07-01,192966.0,137989.26009617292,89669.26236806359,186309.25782428225
Haleakala NP,1993-02-01,152283.0,94982.33758584567,46956.6952403758,143007.97993131555
Haleakala NP,1994-07-01,199967.0,135363.39516174165,87384.81549638597,183341.97482709732
Haleakala NP,1997-05-01,303376.0,118676.23542581382,70780.01476651094,166572.45608511672
Haleakala NP,1997-06-01,169108.0,227792.0382686804,179896.11411166692,275687.96242569387
Haleakala NP,1997-07-01,129682.0,192264.1384697551,144368.4146906,240159.86224891018
Haleakala NP,2000-01-01,112542.0,186530.09645120887,138677.00902719362,234383.18387522412
Haleakala NP,2002-09-01,87398.0,147509.50437395019,99676.0975754774,195342.911172423
Haleakala NP,2013-08-01,24994.0,91484.04723386517,43682.62501724921,139285.46945048115
Haleakala NP,2020-04-01,0.0,54292.145734024794,6493.764103843132,102090.52736420646
Haleakala NP,2023-08-01,19704.0,86315.38274785374,38517.46771403058,134113.2977816769
Hawaii Volcanoes NP,1979-01-01,133674.0,0.0,-84011.85624066248,84011.85624066248
Hawaii Volcanoes NP,1980-07-01,126035.0,196952.24364606256,130028.89672909066,263875.59056303446
Hawaii Volcanoes NP,1981-03-01,125536.0,199155.89490021687,135726.71784766842,262585.07195276534
Hawaii Volcanoes NP,1982-04-01,241748.0,170615.53005342788,108799.68005728518,232431.38004957058
Hawaii Volcanoes NP,1983-06-01,246245.0,172635.94668168106,111607.57724958361,233664.3161137785
Hawaii Volcanoes NP,1983-10-01,122698.0,199992.093097399,138965.39553967526,261018.79065512272
Hawaii Volcanoes NP,1984-09-01,133460.0,205933.80255784196,145318.13736245406,266549.4677532299
Hawaii Volcanoes NP,1985-01-01,67584.0,169735.96755586466,109321.19940870578,230150.73570302353
Hawaii Volcanoes NP,1997-01-01,178684.0,98406.57495733803,38313.03451620573,158500.11539847034
Hawaii Volcanoes NP,1997-10-01,234611.0,111381.96390019137,51288.455556851775,171475.47224353097
Hawaii Volcanoes NP,1997-11-01,120985.0,211933.10085299605,151839.5949739719,272026.6067320202
Hawaii Volcanoes NP,2005-08-01,211615.0,141227.74985627463,81134.61619602378,201320.8835165255
Hawaii Volcanoes NP,2006-06-01,204521.0,130642.420618005,70549.28888294446,190735.55235306552
Hawaii Volcanoes NP,2018-05-01,52759.0,169796.73854474237,109703.60941961789,229889.86766986686
Hawaii Volcanoes NP,2018-06-01,4458.0,110548.59916588331,50455.47004076598,170641.72829100065
Hawaii Volcanoes NP,2018-07-01,4117.0,72323.02521205443,12229.896086940258,132416.1543371686
Hawaii Volcanoes NP,2020-04-01,60.0,69480.63415183936,9387.505029003318,129573.76327467541
Hot Springs NP,1994-07-01,287369.0,199197.96629666424,122460.00934825567,275935.92324507283
Hot Springs NP,2003-06-01,382375.0,142062.9693171311,65325.41059564859,218800.52803861361
Hot Springs NP,2003-07-01,143195.0,269541.38227951044,192803.82357783805,346278.94098118285
Hot Springs NP,2020-05-01,45894.0,142770.33158306894,66032.77373896357,219507.8894271743
Hot Springs NP,2021-05-01,311165.0,119978.16708495039,43240.609240849066,196715.7249290517
Hot Springs NP,2021-06-01,363083.0,246631.06066206068,169893.5028179595,323368.61850616185
Hot Springs NP,2021-07-01,382406.0,275847.366014036,199109.8081699349,352584.9238581371
Hot Springs NP,2021-08-01,192985.0,300138.41357575473,223400.8557316537,376875.9714198558
Hot Springs NP,2022-02-01,240294.0,134460.17960202481,57722.62175792533,211197.73744612432
Hot Springs NP,2022-07-01,224339.0,311298.3915294186,234560.8336853194,388035.94937351777
Hot Springs NP,2022-08-01,121300.0,216736.6866403609,139999.12879626176,293474.24448446
Hot Springs NP,2022-10-01,231618.0,154121.58312098077,77384.02527688166,230859.1409650799
Hot Springs NP,2023-09-01,76124.0,212661.70873693668,135924.15089283852,289399.26658103487
Hot Springs NP,2024-05-01,111653.0,282289.0021688947,205551.44432479696,359026.5600129924
Hot Springs NP,2024-06-01,362828.0,243334.3144801248,166596.75663602713,320071.87232422247
Hot Springs NP,2024-10-01,103447.0,184518.78949988654,107781.23165578887,261256.3473439842
Hot Springs NP,2025-08-01,348642.0,259136.49530422053,182398.9374601231,335874.05314831797
Indiana Dunes NP,1979-06-01,263508.0,14221.584386108516,-133669.5580568479,162112.72682906495
Indiana Dunes NP,1979-07-01,365579.0,125546.86155692051,-21320.41099977048,272414.13411361154
Indiana Dunes NP,1979-10-01,390467.0,163592.3008565571,18088.778140811308,309095.8235723029
Indiana Dunes NP,1979-11-01,8141.0,255868.73901310895,110468.56424975331,401268.9137764646
Indiana Dunes NP,1980-09-01,63251.0,206500.48866133677,79899.54165297221,333101.4356697013
Indiana Dunes NP,1980-10-01,66822.0,244520.30532482304,117977.8553926386,371062.7552570075
Indiana Dunes NP,1984-08-01,369824.0,237982.51532728947,124667.15689197824,351297.8737626007
Indiana Dunes NP,1985-04-01,205326.0,89552.18480852075,-23117.090305813006,202221.4599228545
Indiana Dunes NP,1998-08-01,464760.0,258311.1876248235,147145.34583189528,369477.0294177517
Indiana Dunes NP,2002-10-01,248675.0,133466.82543268602,22309.077501618012,244624.57336375403
Indiana Dunes NP,2003-11-01,205133.0,78651.60848567689,-32505.410464627188,189808.62743598095
Indiana Dunes NP,2005-11-01,294311.0,106864.3236216445,-4291.856608026064,218020.50385131506
Indiana Dunes NP,2017-08-01,462357.0,254551.01973458013,143395.5873344352,365706.45213472506
Indiana Dunes NP,2017-09-01,405688.0,241573.83069725934,130418.39834913329,352729.26304538536
Indiana Dunes NP,2017-10-01,82494.0,220959.62236950314,109804.19003616068,332115.0547028456
Indiana Dunes NP,2018-08-01,204010.0,347102.58081700536,235947.15112665284,458258.0105073579
Indiana Dunes NP,2019-03-01,219070.0,107187.99027690865,-3967.4378175476595,218343.41837136494
Indiana Dunes NP,2021-05-01,396362.0,230857.71210873974,119702.28639057575,342013.1378269037
Indiana Dunes NP,2021-07-01,594272.0,432849.6999943265,321694.27432301745,544005.1256656356
Indiana Dunes NP,2022-06-01,438727.0,321395.74457645474,210240.3195052485,432551.169647661
Indiana Dunes NP,2023-06-01,550235.0,361446.570186202,250291.14554304857,472601.99482935545
Isle Royale NP,1979-07-01,5152.0,2299.548428022131,53.759664003413945,4545.337192040848
Isle Royale NP,1979-09-01,1203.0,5713.065713505164,3467.2769510474172,7958.854475962911
Isle Royale NP,1980-09-01,640.0,1730.2034682587491,646.7433476987665,2813.663588818732
Isle Royale NP,1986-06-01,3892.0,2784.3838713733057,1771.4385133919077,3797.329229354704
Isle Royale NP,1986-07-01,9266.0,6775.9984090412345,5763.05305293066,7788.943765151809
Isle Royale NP,1986-09-01,1373.0,4898.37942395044,3885.43406855656,5911.324779344319
Isle Royale NP,1987-06-01,5197.0,4023.062230065867,3012.077256339313,5034.047203792421
Isle Royale NP,1987-07-01,10702.0,9649.590623390308,8638.605650937367,10660.57559584325
Isle Royale NP,1987-09-01,2571.0,4039.556356050707,3028.5713840876488,5050.541328013765
Isle Royale NP,1987-10-01,191.0,1307.7018080989135,296.71684593971304,2318.686770258114
Isle Royale NP,1989-07-01,9906.0,7866.2218794646105,6857.508707610377,8874.935051318844
Isle Royale NP,1989-09-01,1854.0,3016.326342301303,2007.613170680324,4025.0395139222824
Isle Royale NP,1995-07-01,7421.0,8705.267341210349,7698.427207317224,9712.107475103474
Isle Royale NP,1996-09-01,1832.0,2918.125656513065,1911.3592637333186,3924.892049292812
Isle Royale NP,2004-09-01,1682.0,167.8389928673114,-838.7659090648376,1174.4438947994604
Isle Royale NP,2007-09-01,1265.0,93.52427569921201,-913.0741831783271,1100.122734576751
Isle Royale NP,2008-07-01,4184.0,5359.743223876543,4353.145772014153,6366.340675738933
Isle Royale NP,2012-09-01,1916.0,878.2984030753951,-128.29726664947918,1884.8940728002694
Isle Royale NP,2013-06-01,3660.0,2530.0577044680867,1523.4622032160028,3536.6532057201707
Isle Royale NP,2013-07-01,5087.0,6622.1816307786685,5615.586129526694,7628.777132030643
Isle Royale NP,2015-08-01,7081.0,5528.232436382805,4521.637135354851,6534.827737410758
Isle Royale NP,2015-09-01,1869.0,3109.022781155767,2102.4274801278298,4115.618082183704
Isle Royale NP,2016-07-01,7567.0,6133.841934606641,5127.246691206547,7140.437178006735
Isle Royale NP,2016-09-01,2911.0,3951.7445798904864,2945.149336490407,4958.339823290566
Isle Royale NP,2016-10-01,235.0,1253.9811926421532,247.3859492423668,2260.57643604194
Isle Royale NP,2017-09-01,3046.0,4938.777260741285,3932.1820576438504,5945.37246383872
Isle Royale NP,2020-06-01,240.0,3282.9823328605103,2276.3871914473425,4289.577474273678
Isle Royale NP,2020-09-01,1404.0,-2943.9840389799174,-3950.579180393073,-1937.388897566762
Isle Royale NP,2021-06-01,5247.0,2514.038938736705,1507.443806964903,3520.6340705085067
Isle Royale NP,2021-08-01,7513.0,8961.392138564137,7954.797006792342,9967.987270335932
Isle Royale NP,2021-09-01,3272.0,4729.537571499055,3722.9424397272614,5736.132703270849
Isle Royale NP,2021-10-01,232.0,1519.6032364818248,513.0081047100803,2526.1983682535692
Isle Royale NP,2023-06-01,6184.0,4939.57264388554,3932.9775235721763,5946.167764198904
Isle Royale NP,2025-06-01,6362.0,5313.283770879551,4306.203446744845,6320.364095014258
Joshua Tree NP,2005-03-01,267723.0,164294.930041603,96487.78673407275,232102.07334913322
Joshua Tree NP,2008-03-01,260407.0,185653.4589077901,117846.317670641,253460.6001449392
Joshua Tree NP,2017-03-01,404545.0,314208.0093979891,246400.8685823442,382015.15021363395
Joshua Tree NP,2019-01-01,195993.0,272595.82280725474,204788.68199300193,340402.9636215075
Joshua Tree NP,2019-03-01,469183.0,363311.4612565792,295504.3204423731,431118.6020707853
Joshua Tree NP,2020-03-01,226600.0,413455.37867723044,345648.23786330834,481262.51949115255
Joshua Tree NP,2020-04-01,0.0,246401.9639979778,178594.82318406587,314209.1048118897
Joshua Tree NP,2020-06-01,184139.0,73332.71250113903,5525.571687242991,141139.85331503506
Joshua Tree NP,2021-04-01,383735.0,278426.884696765,210619.74388300575,346234.0255105242
Joshua Tree NP,2025-04-01,245143.0,346562.5139193353,278755.3731057478,414369.65473292285
Katmai NP & PRES,1986-09-01,18381.0,3515.0030020093486,-2491.997562711365,9522.003566730062
Katmai NP & PRES,1987-09-01,5353.0,11991.065256466658,6006.370853124305,17975.75965980901
Katmai NP & PRES,1995-07-01,0.0,10146.14508288406,4223.77762200503,16068.512543763092
Katmai NP & PRES,1995-08-01,0.0,6076.031856382465,153.864123001611,11998.199589763319
Katmai NP & PRES,1998-06-01,9783.0,3843.1162014600686,-2074.509546069271,9760.74194898941
Katmai NP & PRES,1998-07-01,18887.0,11392.493769139144,5475.030856001543,17309.956682276745
Katmai NP & PRES,1999-07-01,22823.0,14409.225026673348,8493.688679819232,20324.761373527464
Katmai NP & PRES,2000-07-01,31488.0,17970.617892676244,12056.747934233419,23884.48785111907
Katmai NP & PRES,2001-07-01,30027.0,22432.174873073047,16519.759038235752,28344.59070791034
Katmai NP & PRES,2004-07-01,26990.0,20426.516484598535,14517.521981684546,26335.510987512524
Katmai NP & PRES,2006-06-01,13789.0,7377.441830643345,1470.1022143375749,13284.781446949117
Katmai NP & PRES,2007-08-01,43791.0,15489.882164007966,9583.402996590972,21396.36133142496
Katmai NP & PRES,2007-09-01,0.0,22373.993793882742,16467.570725388854,28280.41686237663
Katmai NP & PRES,2008-06-01,3450.0,11089.549817720055,5183.629162393172,16995.47047304694
Katmai NP & PRES,2008-07-01,0.0,20500.23350334991,14594.3667096045,26406.100297095323
Katmai NP & PRES,2008-08-01,4495.0,16035.222947981903,10129.40888148154,21941.037014482266
Katmai NP & PRES,2009-06-01,14020.0,7224.907041876193,1319.602166972927,13130.211916779459
Katmai NP & PRES,2009-07-01,24825.0,16610.738581657595,10705.482922085239,22515.99424122995
Katmai NP & PRES,2009-08-01,1950.0,17793.882441707825,11888.67505777859,23699.08982563706
Katmai NP & PRES,2011-08-01,8960.0,15011.114823478663,9106.9725845684,20915.257062388926
Katmai NP & PRES,2019-07-01,37318.0,19438.353993741694,13537.118764916508,25339.58922256688
Katmai NP & PRES,2020-07-01,14922.0,26366.679451169657,20465.7101916454,32267.648710693913
Katmai NP & PRES,2020-09-01,13908.0,7984.1601401702355,2083.2335391562738,13885.086741184197
Katmai NP & PRES,2021-07-01,9073.0,17103.627132390684,11202.907628423978,23004.34663635739
Katmai NP & PRES,2025-07-01,14447.0,2120.142063342897,-3779.779712428548,8020.063839114342
Kenai Fjords NP,1993-06-01,47838.0,24118.429138804524,3533.430422069232,44703.42785553982
Kenai Fjords NP,1994-06-01,56626.0,34512.32916845516,13938.627757594186,55086.03057931613
Kenai Fjords NP,1996-07-01,89130.0,61797.453550655766,41240.78524446742,82354.12185684411
Kenai Fjords NP,1997-06-01,78741.0,53021.09910396544,32469.95499947106,73572.24320845981
Kenai Fjords NP,2010-09-01,82895.0,22779.311915619503,2258.1349507834966,43300.48888045551
Kenai Fjords NP,2010-10-01,0.0,33749.29597509849,13228.17979270828,54270.412157488696
Kenai Fjords NP,2011-09-01,125582.0,51920.794142421364,31400.305143813843,72441.28314102889
Kenai Fjords NP,2011-10-01,0.0,38573.91589150936,18053.480100569854,59094.35168244886
Kenai Fjords NP,2012-09-01,41563.0,90513.19912780874,69993.3124274952,111033.08582812228
Kenai Fjords NP,2014-09-01,24900.0,55038.090391294405,34519.1949871821,75556.98579540671
Kenai Fjords NP,2020-05-01,4161.0,27270.533159174567,6753.385669260428,47787.68064908871
Kenai Fjords NP,2020-06-01,21121.0,70850.31258653542,50333.18257073262,91367.44260233823
Kenai Fjords NP,2020-07-01,31809.0,78190.58386083243,57673.471136682594,98707.69658498226
Kenai Fjords NP,2021-06-01,96643.0,54103.27749664801,33586.34349280657,74620.21150048944
Kenai Fjords NP,2021-07-01,121131.0,91126.80372435739,70609.88497369242,111643.72247502237
Kenai Fjords NP,2021-08-01,110733.0,83078.95792941746,62562.0542731758,103595.86158565912
Kings Canyon NP,1979-06-01,111795.0,47475.24179681228,2591.990466424322,92358.49312720024
Kings Canyon NP,1979-07-01,156792.0,80835.83913625561,36149.24597534272,125522.4322971685
Kings Canyon NP,1979-08-01,163878.0,113788.9939838456,69227.07019805038,158350.91776964083
Kings Canyon NP,1979-11-01,25652.0,80825.3656402482,36369.00262768552,125281.72865281088
Kings Canyon NP,1980-08-01,198338.0,157617.39635315674,117531.91617812676,197702.87652818672
Kings Canyon NP,1981-10-01,41462.0,80222.66058271483,41912.02352687575,118533.29763855391
Kings Canyon NP,1983-05-01,23961.0,65144.787491976,28184.916765444796,102104.6582185072
Kings Canyon NP,1992-06-01,80927.0,120723.94704015994,84584.55981286505,156863.33426745483
Kings Canyon NP,1992-07-01,105051.0,149310.12475173047,113170.90311796239,185449.34638549856
Kings Canyon NP,1992-08-01,92657.0,147682.06064294212,111542.94815280233,183821.1731330819
Kings Canyon NP,1995-04-01,132994.0,27589.092738381478,-8538.306221420979,63716.491698183934
Kings Canyon NP,1995-06-01,33085.0,159511.05951722394,123383.79487776014,195638.32415668774
Kings Canyon NP,1995-07-01,138197.0,99409.16767523478,63281.94981048749,135536.3855399821
Kings Canyon NP,1995-08-01,95547.0,139925.03310679243,103797.84605833395,176052.22015525092
Kings Canyon NP,1995-10-01,110789.0,55026.281700617124,18899.109136560743,91153.4542646735
Kings Canyon NP,1996-07-01,83968.0,132227.950243446,96102.3612718126,168353.5392150794
Kings Canyon NP,1996-08-01,48042.0,92419.71031226122,56294.14158236245,128545.27904216
Kings Canyon NP,2004-07-01,53410.0,97878.99264619526,61756.41872540564,134001.56656698487
Kings Canyon NP,2020-05-01,0.0,42617.38052485173,6494.915480618547,78739.84556908492
Kings Canyon NP,2025-06-01,67799.0,114786.94718198563,78664.48225713448,150909.41210683677
Kobuk Valley NP,1998-07-01,1200.0,590.4887882810301,19.55950763149383,1161.4180689305663
Kobuk Valley NP,1999-06-01,1164.0,531.2427117420384,-39.26972684512964,1101.7551503292066
Kobuk Valley NP,1999-08-01,1036.0,1655.1939429871468,1084.7108999673346,2225.676986006959
Kobuk Valley NP,2004-11-01,96.0,697.3152015722294,128.16816341231743,1266.4622397321414
Kobuk Valley NP,2012-06-01,2300.0,1623.7335390049004,1055.4290312184544,2192.0380467913465
Kobuk Valley NP,2012-07-01,3000.0,2115.353207031885,1547.0536602119414,2683.652753851829
Kobuk Valley NP,2012-08-01,3700.0,2566.981017932194,1998.6861578595472,3135.2758780048407
Kobuk Valley NP,2012-09-01,4400.0,3143.708803702057,2575.4183187036515,3711.999288700463
Kobuk Valley NP,2013-01-01,2900.0,2110.803837172074,1542.5276775520751,2679.079996792073
Kobuk Valley NP,2013-02-01,900.0,2487.0273122561666,1918.767947511329,3055.286677001004
Kobuk Valley NP,2013-11-01,4200.0,1039.5478340979737,471.3290384530785,1607.7666297428689
Kobuk Valley NP,2013-12-01,1200.0,3462.738989361635,2894.5232617639745,4030.9547169592956
Kobuk Valley NP,2014-01-01,0.0,1268.3524710108036,700.1400445601183,1836.5648974614887
Kobuk Valley NP,2014-11-01,0.0,873.8337562301945,305.6733950268265,1441.9941174335625
Kobuk Valley NP,2014-12-01,0.0,-585.410448405947,-1153.5678520210945,-17.253044790799436
Kobuk Valley NP,2016-01-01,1400.0,11.071989957953178,-557.0290499769296,579.173029892836
Kobuk Valley NP,2020-09-01,1538.0,706.419351663644,138.51917131410949,1274.3195320131786
Kobuk Valley NP,2021-09-01,1538.0,955.7513964023957,387.885212364974,1523.6175804398174
Lake Clark NP & PRES,1986-08-01,1990.0,3765.456589578464,2596.832349143306,4934.080830013621
Lake Clark NP & PRES,1986-09-01,3111.0,1766.4825357565771,598.1963704080001,2934.768701105154
Lake Clark NP & PRES,1988-06-01,4163.0,2142.016833001322,981.5541829847066,3302.4794830179376
Lake Clark NP & PRES,1988-07-01,3306.0,4729.096324895385,3568.836303089923,5889.356346700846
Lake Clark NP & PRES,1990-06-01,1525.0,2715.7125272094254,1558.910212064848,3872.5148423540027
Lake Clark NP & PRES,1991-06-01,716.0,1997.0565768922656,841.3657941375361,3152.7473596469954
Lake Clark NP & PRES,1993-08-01,3502.0,2117.5703629756117,963.4906743336853,3271.6500516175383
Lake Clark NP & PRES,1996-09-01,4307.0,2989.9245919448354,1837.1699375010894,4142.679246388581
Lake Clark NP & PRES,1997-09-01,404.0,3545.7441220392993,2393.28711046259,4698.2011336160085
Lake Clark NP & PRES,1997-10-01,200.0,-2004.747697193313,-3157.181941068483,-852.3134533181428
Lake Clark NP & PRES,1999-09-01,2400.0,319.6728178276443,-832.3062602592937,1471.6518959145824
Lake Clark NP & PRES,2000-09-01,2400.0,1210.5048387577785,58.72048050552007,2362.2891970100372
Lake Clark NP & PRES,2001-09-01,445.0,1704.5112020388788,552.8989130961093,2856.1234909816485
Lake Clark NP & PRES,2001-10-01,210.0,-1249.573751912233,-2401.1726017937817,-97.97490203068469
Lake Clark NP & PRES,2014-07-01,4925.0,3357.3282629328114,2206.9066565936473,4507.7498692719755
Lake Clark NP & PRES,2015-06-01,3336.0,2012.3949363845259,862.0205762125709,3162.769296556481
Lake Clark NP & PRES,2020-06-01,254.0,2986.2359440723194,1836.076857210521,4136.395030934118
Lake Clark NP & PRES,2020-08-01,1418.0,2720.1338022589325,1569.9808641572558,3870.286740360609
Lake Clark NP & PRES,2020-09-01,902.0,-631.1114780516409,-1781.2613630154933,519.0384069122115
Lake Clark NP & PRES,2021-06-01,4461.0,2044.6372073270736,894.5141805899214,3194.760234064226
Lake Clark NP & PRES,2024-06-01,5125.0,3930.8825635289236,2780.8568806956428,5080.908246362204
Lake Clark NP & PRES,2024-08-01,4535.0,5800.277451486577,4650.25674956339,6950.2981534097635
Lake Clark NP & PRES,2025-06-01,6625.0,280.51595962918344,-869.4900449422596,1430.5219642006266
Lake Clark NP & PRES,2025-07-01,9139.0,5096.767789274425,3946.7641991368832,6246.771379411966
Lassen Volcanic NP,1979-06-01,44720.0,11449.33091542772,-21071.524524868728,43970.18635572417
Lassen Volcanic NP,1979-07-01,71374.0,32169.268669105248,-190.32926755413428,64528.86660576463
Lassen Volcanic NP,1979-08-01,85514.0,50078.85812670635,17821.257901601017,82336.45835181169
Lassen Volcanic NP,2013-10-01,7086.0,34839.73227785103,10436.033942449401,59243.430613252654
Lassen Volcanic NP,2019-10-01,88428.0,42086.8196910558,17683.12136621815,66490.51801589345
Lassen Volcanic NP,2020-06-01,83355.0,53145.058192149474,28741.359867430194,77548.75651686876
Lassen Volcanic NP,2021-08-01,558.0,108973.08495425808,84569.38662963084,133376.78327888533
Lassen Volcanic NP,2024-08-01,16641.0,70225.884565793,45822.18624124698,94629.58289033904
Lassen Volcanic NP,2024-09-01,56526.0,21163.538578390988,-3240.159746154626,45567.2369029366
Lassen Volcanic NP,2025-08-01,107873.0,69877.7875900515,45474.089265512855,94281.48591459016
Mammoth Cave NP,1979-03-01,79881.0,20275.398270031445,-23435.16290368374,63985.95944374663
Mammoth Cave NP,1979-04-01,111690.0,53017.81902907632,9336.295074411522,96699.34298374112
Mammoth Cave NP,1979-05-01,138046.0,88991.61939302503,45312.71715759576,132670.5216284543
Mammoth Cave NP,1979-06-01,176960.0,119104.72823021549,75426.06260107752,162783.39385935347
Mammoth Cave NP,1979-07-01,225700.0,153374.10846258412,109695.46489177074,197052.7520333975
Mammoth Cave NP,1979-09-01,151588.0,212338.49451155143,168659.8618563918,256017.12716671106
Mammoth Cave NP,1979-10-01,91296.0,180437.58348741735,136759.2446339763,224115.92234085838
Mammoth Cave NP,1979-11-01,81924.0,126978.61866291467,83312.06616290475,170645.17116292458
Mammoth Cave NP,1980-06-01,202513.0,157305.83132165816,116299.45695103181,198312.2056922845
Mammoth Cave NP,1980-07-01,263763.0,215173.6958115209,174167.32419237372,256180.0674306681
Mammoth Cave NP,1980-09-01,136944.0,194852.74570810425,153846.3772070846,235859.11420912392
Mammoth Cave NP,1987-07-01,302438.0,253291.32606069715,213746.7483138265,292835.9038075678
Mammoth Cave NP,1987-08-01,217902.0,260908.95260435302,221364.37485755462,300453.5303511514
Mammoth Cave NP,1988-06-01,252776.0,192572.52593672724,153029.73981192347,232115.312061531
Mammoth Cave NP,1990-07-01,379886.0,309217.2164121118,269675.5018231975,348758.9310010261
Mammoth Cave NP,1990-09-01,155965.0,206296.61389832725,166754.8993098783,245838.3284867762
Mammoth Cave NP,1991-05-01,228195.0,171516.5944242384,131975.01346409766,211058.17538437914
Mammoth Cave NP,1992-05-01,188841.0,234604.97173641832,195063.44703237928,274146.49644045735
Mammoth Cave NP,1992-06-01,376827.0,262875.2152436798,223333.69054025653,302416.7399471031
Mammoth Cave NP,1992-07-01,380233.0,431474.81036895985,391933.28566559544,471016.33507232426
Mammoth Cave NP,1995-05-01,167693.0,210109.58104926493,170568.09419499524,249651.06790353463
Mammoth Cave NP,1995-06-01,220684.0,280564.06005725777,241022.57320303403,320105.54691148154
Mammoth Cave NP,1995-07-01,366220.0,304047.23688330327,264505.7500290839,343588.7237375226
Mammoth Cave NP,1995-08-01,240125.0,292953.95189341524,253412.46503919596,332495.43874763453
Mammoth Cave NP,1995-12-01,41223.0,86809.47626174898,47267.98973802829,126350.96278546966
Mammoth Cave NP,1996-07-01,296946.0,346584.9765571044,307043.4914697847,386126.46164442407
Mammoth Cave NP,1997-07-01,263199.0,343812.9454830048,304271.4611395178,383354.4298264918
Mammoth Cave NP,1997-08-01,305330.0,250662.6726702996,211121.18832681264,290204.15701378655
Mammoth Cave NP,1998-07-01,338644.0,298649.2380070856,259107.75397673866,338190.7220374325
Mammoth Cave NP,1999-06-01,192534.0,235231.3746934409,195689.89079492018,274772.8585919617
Mammoth Cave NP,1999-08-01,199534.0,242440.3871267949,202898.9032282743,281981.8710253155
Mammoth Cave NP,1999-11-01,105035.0,57594.14181237873,18052.657914120944,97135.62571063652
Mammoth Cave NP,2000-09-01,165179.0,123372.62792358252,83831.1440805585,162914.11176660654
Mammoth Cave NP,2006-01-01,22036.0,84499.11799808103,44957.63419512673,124040.60180103531
Mammoth Cave NP,2006-05-01,50417.0,102616.9225130079,63075.438710108574,142158.40631590722
Mammoth Cave NP,2006-09-01,47244.0,-3025.0917711419897,-42566.575574041315,36516.392031757336
Mammoth Cave NP,2006-10-01,47891.0,3360.0584627071366,-36181.425340192174,42901.54226560645
Mammoth Cave NP,2007-01-01,8468.0,-32081.14160625523,-71622.62540904766,7460.342196537196
Mesa Verde NP,1979-06-01,87622.0,1954.0327400856695,-19615.757003762305,23523.822483933644
Mesa Verde NP,1979-07-01,123625.0,73998.31985924518,52457.95017071176,95538.6895477786
Mesa Verde NP,1979-09-01,70815.0,108035.48370874114,86514.67305288372,129556.29436459857
Mesa Verde NP,1979-10-01,34938.0,66619.82057137137,45099.04642102275,88140.59472171999
Mesa Verde NP,1979-11-01,6375.0,38290.65410223283,16776.66968358212,59804.63852088354
Mesa Verde NP,1980-05-01,49573.0,8671.459054450796,-10497.36722152905,27840.28533043064
Mesa Verde NP,1980-09-01,68377.0,96936.0273632807,77825.34531239004,116046.70941417135
Mesa Verde NP,1981-05-01,65226.0,32293.422751478272,13697.999810287165,50888.845692669376
Mesa Verde NP,1989-07-01,128270.0,157802.30134856247,139607.69066132532,175996.9120357996
Mesa Verde NP,1991-06-01,96769.0,115189.84501973726,97000.12014005461,133379.5698994199
Mesa Verde NP,1991-07-01,173774.0,131917.57414379448,113727.98825853862,150107.16002905034
Mesa Verde NP,1992-06-01,136273.0,111413.95668702532,93225.63254832922,129602.28082572142
Mesa Verde NP,1995-08-01,135332.0,154941.40783654785,136755.1523399456,173127.6633331501
Mesa Verde NP,1996-08-01,104854.0,131602.85015603816,113416.86771985127,149788.83259222502
Mesa Verde NP,1996-09-01,72755.0,53801.11478567748,35615.15064948795,71987.07892186701
Mesa Verde NP,2000-07-01,75939.0,129488.90579946568,111303.37180477296,147674.4397941584
Mesa Verde NP,2000-09-01,61826.0,30500.94238303569,12315.416228437887,48686.4685376335
Mesa Verde NP,2002-07-01,75745.0,96211.86803452786,78026.40157132377,114397.33449773194
Mesa Verde NP,2002-09-01,48431.0,29990.657599086066,11805.194738022463,48176.12046014967
Mesa Verde NP,2012-06-01,85908.0,107809.76182847447,89624.35156832352,125995.17208862542
Mesa Verde NP,2013-10-01,9002.0,35408.08316629198,17222.67339812222,53593.49293446174
Mesa Verde NP,2013-11-01,11471.0,-12681.044818007485,-30866.45456308657,5504.364927071598
Mesa Verde NP,2014-10-01,36961.0,15923.629735111492,-2261.7797997310627,34109.039269954046
Mesa Verde NP,2020-04-01,0.0,27228.43976625922,9043.030664697839,45413.848867820605
Mesa Verde NP,2020-05-01,3029.0,36917.09894651144,18731.689846796282,55102.5080462266
Mesa Verde NP,2020-07-01,49824.0,68803.85966179537,50618.45056559802,86989.26875799273
Mesa Verde NP,2021-05-01,60106.0,41396.77504058277,23211.36595892876,59582.18412223678
Mount Rainier NP,1979-06-01,165991.0,48203.97938918583,-20738.18032418682,117146.13910255847
Mount Rainier NP,1979-07-01,404398.0,109748.28048689112,41171.13947649569,178325.42149728653
Mount Rainier NP,1979-08-01,359403.0,255650.32941891917,187315.72478980522,323984.9340480331
Mount Rainier NP,1979-11-01,50906.0,134996.67497442866,66885.0498188161,203108.30013004123
Mount Rainier NP,1979-12-01,47986.0,118474.05566474992,51642.0379232345,185306.07340626535
Mount Rainier NP,1980-01-01,34198.0,102665.00275109454,40528.01182488105,164801.99367730803
Mount Rainier NP,1980-12-01,24816.0,89127.39210107538,29101.19795719371,149153.58624495706
Mount Rainier NP,1986-08-01,358361.0,264228.37931658333,208219.255974183,320237.50265898363
Mount Rainier NP,1987-09-01,188455.0,130146.80916958462,74166.23867139014,186127.3796677791
Mount Rainier NP,1991-07-01,398096.0,278828.9499135623,222873.54514548497,334784.3546816396
Mount Rainier NP,1995-07-01,212613.0,302700.5099224224,246746.61751780368,358654.40232704114
Mount Rainier NP,1995-08-01,355883.0,276376.45498972706,220422.5647212382,332330.3452582159
Mount Rainier NP,1995-09-01,257982.0,192438.819211722,136484.93026615205,248392.70815729196
Mount Rainier NP,1996-08-01,408930.0,341161.7990026043,285207.9547370179,397115.64326819073
Mount Rainier NP,1996-09-01,174770.0,243904.7239052013,187950.8802875701,299858.56752283254
Mount Rainier NP,1999-09-01,235948.0,166881.22874241817,110927.42349906822,222835.03398576812
Mount Rainier NP,2011-06-01,90181.0,167889.51603542402,111935.71589154314,223843.3161793049
Mount Rainier NP,2014-11-01,111446.0,54959.43606419901,-994.3640787602781,110913.2362071583
Mount Rainier NP,2020-05-01,4900.0,81332.46313690428,25378.66299405574,137286.2632797528
Mount Rainier NP,2021-06-01,235769.0,176356.26959636374,120402.4694535161,232310.06973921138
Mount Rainier NP,2021-07-01,449446.0,347638.99454801716,291685.1944051696,403592.79469086474
Mount Rainier NP,2021-11-01,20735.0,77011.09823325697,21057.298090409422,132964.8983761045
National Park of American Samoa,2016-08-01,4107.0,1170.8348055196632,-1258.3615633314346,3600.0311743707607
National Park of American Samoa,2017-04-01,7496.0,4522.38817383937,2094.7220397581877,6950.054307920553
National Park of American Samoa,2017-10-01,11494.0,4465.378606553988,2037.7461340500313,6893.011079057945
National Park of American Samoa,2017-12-01,4794.0,7353.3846279189,4925.910716877726,9780.858538960074
National Park of American Samoa,2018-02-01,2308.0,5313.170112821006,2886.4977107850987,7739.842514856913
National Park of American Samoa,2018-10-01,4002.0,1365.6841236825667,-1060.845168864601,3792.2134162297343
National Park of American Samoa,2018-11-01,5766.0,2848.0083162515702,421.48155649927185,5274.535076003869
National Park of American Samoa,2019-01-01,792.0,3434.459616140058,1008.3459024751755,5860.573329804941
National Park of American Samoa,2019-03-01,7152.0,3538.648499462497,1112.8580918760513,5964.438907048943
National Park of American Samoa,2019-06-01,3464.0,6496.134210302612,4070.3824456982297,8921.885974906994
National Park of American Samoa,2019-11-01,8456.0,5702.734114334095,3276.986681814007,8128.481546854182
National Park of American Samoa,2019-12-01,1604.0,6602.114254984492,4176.444434844336,9027.784075124648
National Park of American Samoa,2020-02-01,564.0,3290.8347331286673,865.5662612160386,5716.103205041296
National Park of American Samoa,2024-04-01,3591.0,1032.7312153941384,-1391.4622027821024,3456.9246335703792
National Park of American Samoa,2025-07-01,9078.0,1260.4330803151852,-1163.7043729405368,3684.570533570907
National Park of American Samoa,2025-08-01,1351.0,5207.7208550730975,2783.616960469222,7631.824749676973
New River Gorge NP & PRES,1991-05-01,116398.0,38429.618836539245,-2689.451236582783,79548.68890966127
New River Gorge NP & PRES,1991-06-01,157216.0,102754.93000627033,61636.25327484912,143873.60673769153
New River Gorge NP & PRES,1991-08-01,123658.0,72454.89210861927,31336.865432553,113572.91878468555
New River Gorge NP & PRES,1992-07-01,164629.0,121834.75699720922,80718.94849996512,162950.5654944533
New River Gorge NP & PRES,1995-07-01,228763.0,182385.33921626804,141270.80930135012,223499.86913118596
New River Gorge NP & PRES,1996-08-01,228427.0,182741.0315889309,141626.5369496647,223855.5262281971
New River Gorge NP & PRES,2001-08-01,227856.0,185450.72805453785,144336.24848836465,226565.20762071104
New River Gorge NP & PRES,2002-06-01,227767.0,176514.27709823987,135399.7975644924,217628.75663198734
New River Gorge NP & PRES,2003-06-01,139886.0,191296.76673517906,150182.28721544213,232411.24625491598
New River Gorge NP & PRES,2003-07-01,270651.0,187748.31663033259,146633.83711121778,228862.7961494474
New River Gorge NP & PRES,2005-08-01,138327.0,199379.57684438888,158265.0973306449,240494.05635813286
New River Gorge NP & PRES,2007-07-01,230482.0,273812.95599107316,232698.47647780736,314927.43550433894
New River Gorge NP & PRES,2008-10-01,167973.0,118254.70009543626,77140.22058221523,159369.1796086573
New River Gorge NP & PRES,2011-07-01,192667.0,234152.09427725186,193037.61476404435,275266.57379045937
New River Gorge NP & PRES,2014-10-01,76446.0,135329.4006207423,94214.92110753538,176443.88013394922
New River Gorge NP & PRES,2015-08-01,151652.0,198281.7939428,157167.3144295931,239396.2734560069
New River Gorge NP & PRES,2015-10-01,144907.0,101403.90811591924,60289.428602712345,142518.38762912614
New River Gorge NP & PRES,2020-04-01,52875.0,97889.17805317839,56774.69853997147,139003.65756638531
New River Gorge NP & PRES,2021-03-01,103151.0,55188.43891825177,14073.95940504485,96302.91843145869
New River Gorge NP & PRES,2021-06-01,220558.0,176815.72181871632,135701.2423055094,217930.20133192325
New River Gorge NP & PRES,2021-07-01,288827.0,201506.88379976974,160392.4042865628,242621.36331297667
New River Gorge NP & PRES,2021-09-01,178614.0,137034.87898754282,95920.3994743359,178149.35850074975
New River Gorge NP & PRES,2023-10-01,141544.0,183416.58818691183,142302.1086737049,224531.06770011876
New River Gorge NP & PRES,2024-10-01,215169.0,161841.99831271573,120727.51879950883,202956.47782592263
New River Gorge NP & PRES,2025-04-01,56842.0,148992.35543432564,107877.87592111871,190106.83494753257
New River Gorge NP & PRES,2025-05-01,251739.0,177876.35453631764,136761.8750231107,218990.83404952456
New River Gorge NP & PRES,2025-07-01,259769.0,304989.91723940964,263875.4377262027,346104.39675261657
North Cascades NP,1979-05-01,58174.0,16456.541293454553,-6417.528259740302,39330.610846649404
North Cascades NP,1979-06-01,96038.0,44637.93766149486,21871.51661948981,67404.35870349992
North Cascades NP,1979-07-01,131505.0,74094.04896998868,51406.21296658329,96781.88497339407
North Cascades NP,1979-08-01,174385.0,102529.5395448454,79895.91865909302,125163.16043059777
North Cascades NP,1979-10-01,79082.0,102521.33799527798,79933.57644603951,125109.09954451644
North Cascades NP,1979-11-01,43492.0,76175.69945139799,53588.80972955519,98762.58917324079
North Cascades NP,1979-12-01,6818.0,53102.180171159096,30524.539534442752,75679.82080787544
North Cascades NP,1980-11-01,37888.0,68390.75250615734,46774.34917122703,90007.15584108765
North Cascades NP,1981-05-01,109009.0,71408.44788407476,49863.574219943606,92953.32154820592
North Cascades NP,1981-07-01,126616.0,166552.97490833397,145022.38555830665,188083.5642583613
North Cascades NP,1981-10-01,73162.0,105113.85864543822,83599.54175150648,126628.17553936996
North Cascades NP,1982-05-01,40040.0,101721.39968871468,80229.58695590518,123213.21242152418
North Cascades NP,1982-06-01,134199.0,74234.91012038686,52745.161243497336,95724.65899727639
North Cascades NP,1982-07-01,181110.0,151040.7100287065,129552.8223017596,172528.59775565338
North Cascades NP,1982-08-01,205764.0,231578.2176785695,210092.00891502463,253064.42644211435
North Cascades NP,1982-10-01,78880.0,102521.06943851372,81037.74347583296,124004.39540119447
North Cascades NP,1984-05-01,25020.0,60668.9904483756,39196.62297247855,82141.35792427266
North Cascades NP,1984-09-01,94295.0,153282.89959813294,131811.16341108372,174754.63578518215
North Cascades NP,1985-08-01,165990.0,191889.72663265635,170418.84733813163,213360.60592718108
North Cascades NP,1986-08-01,231076.0,160060.54917593088,138589.96940445396,181531.1289474078
North Cascades NP,1986-09-01,100952.0,143106.0101041495,121635.44264427025,164576.57756402873
North Cascades NP,1988-07-01,175386.0,143117.86803966126,121647.40491739396,164588.33116192857
North Cascades NP,1988-08-01,177543.0,233102.2038413908,211631.7419622615,254572.66572052008
North Cascades NP,1989-07-01,113194.0,164083.41198859946,142612.95800757207,185553.86596962684
North Cascades NP,1989-08-01,97554.0,145783.56366683368,124313.11006165677,167254.0172720106
North Cascades NP,1990-06-01,82245.0,60069.65988678236,38599.208543985704,81540.11122957902
North Cascades NP,1990-07-01,109877.0,136853.92214601862,115383.47092876928,158324.37336326798
North Cascades NP,1990-09-01,77909.0,52971.75107324698,31501.300072488393,74442.20207400557
North Cascades NP,1991-05-01,353.0,22022.17100729602,551.7205457627533,43492.62146882928
North Cascades NP,1991-06-01,843.0,56937.21453720408,35466.76411760818,78407.66495679998
North Cascades NP,1991-07-01,6292.0,56420.33110438245,34949.88072274511,77890.78148601978
North Cascades NP,1991-08-01,9478.0,36925.87968531317,15455.429338033067,58396.33003259328
North Cascades NP,1991-10-01,985.0,-27184.906126569436,-48655.35641460473,-5714.455838534144
Olympic NP,1979-07-01,472052.0,135355.2081360855,3035.6733074847725,267674.74296468624
Olympic NP,1979-08-01,611121.0,271095.99246803386,139442.7682490471,402749.2166870206
Olympic NP,1979-09-01,173679.0,360737.5677189466,229536.7182702627,491938.4171676305
Olympic NP,1981-08-01,729133.0,571186.009845403,450744.929548196,691627.09014261
Olympic NP,1984-09-01,501946.0,298894.2211557005,182407.6764024195,415380.7659089815
Olympic NP,1985-09-01,303874.0,431841.75521535485,315883.00759210327,547800.5028386065
Olympic NP,1986-08-01,687083.0,546498.3108350753,430898.86457488337,662097.7570952673
Olympic NP,1994-07-01,578213.0,461503.7537680855,346738.80207104253,576268.7054651284
Olympic NP,1994-08-01,948440.0,664169.2828481952,549404.837425405,778933.7282709853
Olympic NP,1996-07-01,469384.0,600851.3886463413,486118.1135753017,715584.6637173808
Olympic NP,1996-09-01,548851.0,425526.56946978474,310793.7301629178,540259.4087766517
Olympic NP,2002-07-01,699732.0,577002.1809563547,462298.9788119382,691705.3831007712
Olympic NP,2004-07-01,399944.0,519443.8681943387,404743.10768479994,634144.6287038774
Olympic NP,2004-08-01,940156.0,721097.1414849703,606396.4014383873,835797.8815315533
Olympic NP,2004-09-01,341704.0,461678.2667295221,346977.5397937442,576378.9936653
Olympic NP,2008-06-01,454678.0,305874.23922136665,191175.43940510583,420573.03903762746
Olympic NP,2008-08-01,634421.0,757596.8178444733,642898.0308527955,872295.6048361511
Olympic NP,2013-08-01,855663.0,655846.6572832293,541148.4714829773,770544.8430834813
Olympic NP,2015-06-01,550337.0,379228.1696372398,264530.0544688826,493926.2848055969
Olympic NP,2015-08-01,702159.0,823907.3753992685,709209.2615997358,938605.4891988011
Olympic NP,2020-04-01,40297.0,160951.10520239378,46253.05491165169,275649.15549313586
Olympic NP,2020-05-01,66013.0,253010.00370314816,138311.953619265,367708.0537870313
Olympic NP,2020-06-01,186034.0,359510.9330128557,244812.88310932828,474208.98291638313
Olympic NP,2020-07-01,510073.0,389543.9107529066,274845.861003289,504241.96050252416
Olympic NP,2023-08-01,518417.0,663562.161750693,548864.1221591812,778260.2013422048
Olympic NP,2023-09-01,389551.0,266307.9207331251,151609.8811718182,381005.960294432
Olympic NP,2023-10-01,322314.0,168160.4959545496,53462.45639976392,282858.5355093353
Olympic NP,2024-09-01,537342.0,392518.26380784356,277820.2259448512,507216.30167083594
Olympic NP,2025-05-01,428803.0,293547.25786548574,178849.22112776592,408245.2946032055
Petrified Forest NP,1979-06-01,108168.0,49498.77863247784,21696.712749481845,77300.84451547384
Petrified Forest NP,1979-07-01,116813.0,80051.60408335127,52363.86517320237,107739.34299350016
Petrified Forest NP,1979-09-01,53731.0,90712.6272005612,63125.51821066891,118299.73619045349
Petrified Forest NP,1979-11-01,23944.0,57825.80480111597,30278.192607408404,85373.41699482354
Petrified Forest NP,1979-12-01,20225.0,48901.79881900702,21735.13026519322,76068.46737282081
Petrified Forest NP,1980-01-01,18616.0,45009.74069867817,19943.073146624654,70076.40825073169
Petrified Forest NP,1980-06-01,122517.0,89753.56258167798,65179.16720811093,114327.95795524503
Petrified Forest NP,1982-01-01,13520.0,38794.55228811135,15448.93065425985,62140.17392196285
Petrified Forest NP,1988-06-01,197962.0,129808.31077652535,106768.2834884408,152848.3380646099
Petrified Forest NP,1988-07-01,140450.0,179000.04127249555,155960.048105132,202040.0344398591
Petrified Forest NP,1989-06-01,134087.0,157789.2249778646,134749.83833135205,180828.61162437714
Petrified Forest NP,1990-05-01,118115.0,77654.29510348552,54615.16152819237,100693.42867877867
Petrified Forest NP,1990-06-01,116102.0,173916.5474122455,150877.4210818361,196955.6737426549
Petrified Forest NP,1993-05-01,69888.0,95447.45655565528,72408.49580891707,118486.4173023935
Petrified Forest NP,1993-07-01,173214.0,149433.69160212792,126394.73172016875,172472.65148408708
Petrified Forest NP,1996-06-01,108508.0,142948.75229607185,119909.8031419533,165987.7014501904
Petrified Forest NP,2013-10-01,26470.0,61560.67420521068,38521.725846710884,84599.62256371047
Petrified Forest NP,2014-05-01,100994.0,73290.36377692137,50251.41541842166,96329.31213542107
Petrified Forest NP,2014-10-01,105314.0,51977.634355409224,28938.685996909517,75016.58271390892
Petrified Forest NP,2014-11-01,37863.0,66286.58997239635,43247.641613896645,89325.53833089606
Petrified Forest NP,2015-10-01,50511.0,77044.96112335594,54006.01276485628,100083.9094818556
Petrified Forest NP,2018-07-01,81520.0,105512.50968599033,82473.5613274907,128551.45804448996
Petrified Forest NP,2020-04-01,0.0,48468.213962940456,25429.26560444082,71507.16232144009
Petrified Forest NP,2020-05-01,900.0,38285.58071646439,15246.632357964754,61324.529074964026
Pinnacles NP,1998-02-01,1321.0,10763.174209219098,1519.4889798743716,20006.859438563824
Pinnacles NP,1998-03-01,0.0,12190.533910067166,2947.2294682600314,21433.8383518743
Pinnacles NP,2001-03-01,34184.0,14784.748469526017,5570.447235142568,23999.049703909466
Pinnacles NP,2006-03-01,11086.0,20399.89020205287,11220.13445194448,29579.64595216126
Pinnacles NP,2006-04-01,31258.0,19957.228771996724,10777.61847152022,29136.83907247323
Pinnacles NP,2010-03-01,31234.0,19005.297812011533,9845.408428728006,28165.18719529506
Pinnacles NP,2010-04-01,46729.0,31664.077340687585,22504.298220233242,40823.85646114193
Pinnacles NP,2010-06-01,12191.0,24061.242208440803,14901.609075737035,33220.87534114457
Pinnacles NP,2010-08-01,27740.0,18364.13966942323,9204.573977740023,27523.70536110644
Pinnacles NP,2011-02-01,28625.0,13881.787381741677,4725.977240273158,23037.597523210196
Pinnacles NP,2011-05-01,59878.0,25154.75524118296,15999.261607918934,34310.24887444699
Pinnacles NP,2011-07-01,43868.0,28093.826675845346,18938.43138939546,37249.22196229523
Pinnacles NP,2011-08-01,52993.0,35216.52154098647,26061.14933959383,44371.89374237911
Pinnacles NP,2012-01-01,13206.0,26443.57447155288,17291.4594834938,35595.68945961197
Pinnacles NP,2012-05-01,19532.0,29667.125602341624,20515.58640059072,38818.66480409253
Pinnacles NP,2012-10-01,25848.0,12479.272221722633,3327.872957137897,21630.67148630737
Pinnacles NP,2018-07-01,12797.0,23471.38965821901,14339.48704440505,32603.29227203297
Pinnacles NP,2019-01-01,1154.0,15957.210419987756,6827.553730629226,25086.867109346284
Pinnacles NP,2019-04-01,16234.0,29490.070433098168,20360.755419818488,38619.38544637785
Pinnacles NP,2020-01-01,23959.0,11558.658085525527,2431.5948867276747,20685.72128432338
Pinnacles NP,2020-04-01,1635.0,25674.38324796729,16547.645247466855,34801.12124846772
Pinnacles NP,2020-11-01,23139.0,12803.47134379901,3676.9801930278845,21929.962494570136
Pinnacles NP,2021-01-01,26793.0,17203.639901694463,8079.048660915527,26328.2311424734
Pinnacles NP,2021-02-01,31316.0,22187.000583072026,13062.581483448519,31311.41968269553
Pinnacles NP,2022-04-01,23642.0,38176.070033238124,29054.133109930004,47298.00695654625
Pinnacles NP,2023-04-01,56339.0,30767.96217999063,21648.26495832849,39887.65940165277
Pinnacles NP,2023-07-01,38823.0,25408.485425979678,16288.881286190159,34528.089565769194
Pinnacles NP,2023-08-01,22034.0,32632.75614181206,23513.164010386427,41752.348273237694
Pinnacles NP,2024-03-01,44547.0,28727.482812307444,19609.875235370328,37845.090389244564
Pinnacles NP,2024-04-01,35849.0,45533.07324469642,36415.517795055086,54650.62869433775
Pinnacles NP,2025-03-01,44670.0,35188.65947578642,26073.104232696565,44304.214718876276
Redwood NP,1979-06-01,64665.0,24066.664171636425,1688.942589253602,46444.38575401925
Redwood NP,1980-07-01,78046.0,50526.3970803508,29682.322699913795,71370.4714607878
Redwood NP,1981-09-01,61548.0,89830.12229556328,69643.89792791678,110016.34666320978
Redwood NP,1984-07-01,92009.0,71924.67723370921,52471.4864546274,91377.86801279103
Redwood NP,1985-09-01,50367.0,70911.03442876185,51554.93210167963,90267.13675584407
Redwood NP,1995-08-01,132599.0,89734.31360944378,70597.46713320877,108871.16008567878
Redwood NP,1995-09-01,59038.0,101176.86799174233,82040.0223674518,120313.71361603285
Redwood NP,2012-05-01,10834.0,32270.862331449105,13142.274001780777,51399.45066111743
Redwood NP,2020-03-01,9079.0,30793.10941572622,11664.552266110459,49921.66656534198
Redwood NP,2025-05-01,119782.0,82474.25342340567,63345.698318758514,101602.80852805282
Redwood NP,2025-06-01,222029.0,125910.61207821529,106782.0569743316,145039.16718209896
Rocky Mountain NP,1979-06-01,368257.0,71629.16717065922,-21597.963672984435,164856.29801430285
Rocky Mountain NP,1979-07-01,553294.0,298869.9542396533,205883.2414234758,391856.6670558308
Rocky Mountain NP,1979-08-01,600221.0,451053.8134722372,358219.10006967257,543888.5268748018
Rocky Mountain NP,1979-09-01,376202.0,500042.0277909773,407282.3762558495,592801.6793261052
Rocky Mountain NP,1979-10-01,198374.0,340582.09650321427,247839.57890131115,433324.6141051174
Rocky Mountain NP,1979-11-01,50283.0,212627.5462478125,119888.06092256232,305367.0315730627
Rocky Mountain NP,1980-01-01,42902.0,132406.8403182831,44223.28383156149,220590.39680500468
Rocky Mountain NP,1980-06-01,410449.0,320993.4707046071,233687.00934723564,408299.9320619785
Rocky Mountain NP,1981-07-01,674786.0,570428.7033558874,485620.12080372614,655237.2859080487
Rocky Mountain NP,1981-10-01,202193.0,296192.95617519534,211423.16309105582,380962.7492593349
Rocky Mountain NP,1995-09-01,404990.0,489780.71179928497,407803.7427064425,571757.6808921274
Rocky Mountain NP,2013-06-01,602508.0,505802.4839398645,423827.1716441687,587777.7962355603
Rocky Mountain NP,2013-09-01,253467.0,524744.1451436254,442768.83285497624,606719.4574322747
Rocky Mountain NP,2013-11-01,86379.0,-25570.7685281148,-107546.0808146933,56404.5437584637
Rocky Mountain NP,2014-09-01,537694.0,355263.8125955195,273288.50033553806,437239.124855501
Rocky Mountain NP,2014-11-01,90915.0,207441.71121097455,125466.39895216987,289417.02346977923
Rocky Mountain NP,2015-07-01,858426.0,753499.5338232999,671524.2215781104,835474.8460684895
Rocky Mountain NP,2016-06-01,700990.0,610439.7552226508,528464.442986642,692415.0674586596
Rocky Mountain NP,2016-09-01,711110.0,626954.6337900185,544979.3215552799,708929.9460247571
Rocky Mountain NP,2017-06-01,741247.0,645600.1775215701,563624.8652912306,727575.4897519096
Rocky Mountain NP,2018-09-01,784480.0,681254.5364277519,599279.2242010047,763229.848654499
Rocky Mountain NP,2018-10-01,312757.0,439793.73467258166,357818.4224459118,521769.0468992515
Rocky Mountain NP,2020-04-01,0.0,127475.9919190623,45500.67969459064,209451.30414353398
Rocky Mountain NP,2020-05-01,63051.0,177657.07394767497,95681.76172326684,259632.3861720831
Rocky Mountain NP,2020-10-01,297665.0,200980.71699232404,119005.40476812569,282956.0292165224
Rocky Mountain NP,2021-04-01,183792.0,88691.1838059145,6715.871582061431,170666.49602976756
Rocky Mountain NP,2021-05-01,335060.0,239896.88942920644,157921.5772053891,321872.2016530238
Rocky Mountain NP,2021-09-01,521233.0,641080.7293583875,559105.4171346743,723056.0415821008
Rocky Mountain NP,2022-09-01,650863.0,521653.25272946304,439677.9405060358,603628.5649528903
Rocky Mountain NP,2022-11-01,131655.0,251646.96025898764,169671.64803557267,333622.2724824026
Rocky Mountain NP,2023-06-01,576304.0,679966.688628729,597991.3764054396,761942.0008520184
Saguaro NP,1992-04-01,175295.0,83304.50359712995,45757.98287147136,120851.02432278855
Saguaro NP,1992-05-01,62873.0,111957.26125351258,74411.21105904042,149503.31144798474
Saguaro NP,1993-03-01,169803.0,103156.53259236811,65618.37731856584,140694.68786617037
Saguaro NP,1993-04-01,91142.0,138524.275906918,100986.4727338769,176062.07907995908
Saguaro NP,2019-01-01,48968.0,90197.93317134958,52677.18986678323,127718.67647591593
Saguaro NP,2019-02-01,149371.0,86021.06039777484,48500.31710369624,123541.80369185345
Saguaro NP,2020-03-01,98901.0,160224.16363441423,122703.42048064289,197744.9067881856
Saguaro NP,2020-04-01,22820.0,80474.88130745121,42954.13815888877,117995.62445601367
Saguaro NP,2020-12-01,163339.0,63869.84839959912,26349.105284496603,101390.59151470163
Saguaro NP,2021-01-01,186505.0,135514.48364598345,97993.74057084895,173035.22672111794
Saguaro NP,2021-05-01,37630.0,84611.45483536144,47090.71177520138,122132.1978955215
Saguaro NP,2025-03-01,68467.0,136170.8286363121,98650.08570769895,173691.57156492525
Sequoia NP,1979-06-01,101152.0,52989.130755615144,15850.669075398597,90127.5924358317
Sequoia NP,1979-07-01,146109.0,82507.00430648646,45472.769634442586,119541.23897853034
Sequoia NP,1979-08-01,163110.0,118665.47053203409,81692.0239728569,155638.91709121127
Sequoia NP,1979-10-01,51956.0,94640.89444634852,57692.35857600287,131589.43031669417
Sequoia NP,1981-08-01,223365.0,190236.2581484756,158198.4676942404,222274.04860271083
Sequoia NP,1981-10-01,74986.0,113956.42496131736,81922.74916580133,145990.1007568334
Sequoia NP,1982-09-01,128234.0,162895.24845860666,131725.3034441502,194065.19347306312
Sequoia NP,1983-05-01,36738.0,76071.14488165155,45431.42385985599,106710.8659034471
Sequoia NP,1983-08-01,174687.0,207678.6287140668,177061.3676074711,238295.88982066253
Sequoia NP,1992-05-01,159885.0,114504.19227169926,85354.8695307931,143653.5150126054
Sequoia NP,1992-06-01,135323.0,176308.34534503266,147160.01325334795,205456.67743671738
Sequoia NP,1992-07-01,152436.0,183058.23660977674,153910.57594980753,212205.89726974594
Sequoia NP,1992-08-01,135615.0,178421.4386830983,149274.1147105061,207568.7626556905
Sequoia NP,1994-05-01,158701.0,95342.31143095998,66282.95018829596,124401.672673624
Sequoia NP,1994-06-01,129570.0,166335.1179911926,137276.4423832331,195393.79359915206
Sequoia NP,1995-05-01,81563.0,124229.7065417666,95205.44659283564,153253.96649069755
Sequoia NP,1995-07-01,206392.0,174088.0736182253,145064.77767634203,203111.36956010855
Sequoia NP,1995-08-01,163897.0,198613.94545146154,169590.83828509596,227637.0526178271
Sequoia NP,1995-09-01,59699.0,107051.53187534757,78028.46131782308,136074.60243287208
Sequoia NP,1997-05-01,153230.0,105502.31598277252,76533.91041753409,134470.72154801094
Sequoia NP,1997-06-01,129033.0,159077.19536635157,130109.20613241167,188045.18460029148
Sequoia NP,1999-05-01,72830.0,110626.68683154788,81699.84144242728,139553.53222066848
Sequoia NP,2004-07-01,196589.0,166916.24822000068,138054.5025193543,195777.99392064704
Sequoia NP,2012-08-01,255984.0,177126.82726030058,148310.29423584696,205943.3602847542
Sequoia NP,2013-07-01,161286.0,193337.4607766579,164523.97676301966,222150.94479029617
Sequoia NP,2013-10-01,28702.0,60402.48401608123,31589.027325528074,89215.94070663438
Sequoia NP,2020-03-01,16625.0,68423.18570486968,39623.088239323246,97223.28317041612
Sequoia NP,2020-04-01,0.0,52797.77904820358,23997.712595067143,81597.84550134001
Sequoia NP,2020-05-01,0.0,68620.70909703858,39820.66828753709,97420.74990654006
Sequoia NP,2020-07-01,194892.0,128648.79248538535,99848.78411526902,157448.80085550167
Sequoia NP,2020-09-01,88313.0,128634.01918461757,99834.01765181725,157434.02071741788
Sequoia NP,2020-11-01,66044.0,35504.02889173076,6704.0669780546195,64303.99080540691
Sequoia NP,2021-01-01,65177.0,29800.642793648476,1001.6260208671338,58599.65956642982
Sequoia NP,2021-07-01,182423.0,223802.39548974964,195003.52906431435,252601.26191518494
Sequoia NP,2021-09-01,50597.0,94406.32517085556,65607.46478775199,123205.18555395913
Sequoia NP,2022-09-01,127041.0,96422.47696468474,67624.62628884581,125220.32764052367
Sequoia NP,2023-03-01,5214.0,49613.129251910825,20816.105743565953,78410.1527602557
Sequoia NP,2023-07-01,186932.0,153944.9359725443,125147.97411131907,182741.89783376956
Sequoia NP,2023-09-01,142544.0,112756.92574577214,83959.96860741424,141553.88288413006
Shenandoah NP,1979-04-01,132350.0,38858.03162331725,-30144.22408712044,107860.28733375494
Shenandoah NP,1979-05-01,147045.0,72705.68793929863,4623.82296322925,140787.552915368
Shenandoah NP,1979-07-01,185666.0,95259.26026015595,28197.673468108333,162320.84705220355
Shenandoah NP,1979-08-01,217006.0,120632.34747190827,53859.48829988479,187405.20664393174
Shenandoah NP,1979-10-01,291735.0,136220.53060149486,69737.13870042383,202703.9225025659
Shenandoah NP,1979-11-01,93001.0,192902.4493733565,126420.05787356445,259384.84087314855
Shenandoah NP,1979-12-01,37355.0,160378.93191417947,95654.22643458011,225103.63739377883
Shenandoah NP,1980-01-01,22968.0,130391.03813115552,67675.09844069461,193106.97782161646
Shenandoah NP,1980-02-01,22352.0,102640.00521829435,40383.94394435062,164896.06649223808
Shenandoah NP,1980-03-01,49132.0,119733.09365740948,57793.12732116473,181673.05999365423
Shenandoah NP,1980-11-01,85970.0,170431.35730186038,109224.40974613556,231638.3048575852
Shenandoah NP,1980-12-01,22861.0,112283.75663456555,51731.25118532226,172836.26208380883
Shenandoah NP,1981-11-01,67573.0,152519.99381449146,93009.4524255443,212030.53520343863
Shenandoah NP,1987-10-01,411659.0,329091.27667085966,270718.96034951595,387463.59299220337
Shenandoah NP,1990-11-01,126480.0,66442.0577579707,8076.741635866194,124807.3738800752
Shenandoah NP,1992-08-01,197603.0,280656.081873064,222291.28141262254,339020.88233350543
Shenandoah NP,1993-04-01,172176.0,112381.27730543053,54016.54125976171,170746.01335109933
Shenandoah NP,1995-10-01,293109.0,390412.07180498773,332047.3863685931,448776.7572413824
Shenandoah NP,1996-09-01,117518.0,183013.10596853035,124648.42633096894,241377.78560609175
Shenandoah NP,1997-10-01,261344.0,323217.1898608367,264852.5127982531,381581.86692342034
Shenandoah NP,2000-10-01,346913.0,286961.88604747533,228597.2108064747,345326.561288476
Shenandoah NP,2002-10-01,193166.0,305331.55247358035,246966.87736770196,363696.22757945873
Shenandoah NP,2005-10-01,161907.0,238117.6924289979,179753.0173525131,296482.3675054827
Shenandoah NP,2005-11-01,115249.0,41603.169640133565,-16761.505436346313,99967.84471661344
Shenandoah NP,2013-10-01,112754.0,243381.19193595933,185016.5168621691,301745.8670097496
Shenandoah NP,2013-11-01,98409.0,39763.91519041204,-18600.75988337818,98128.59026420226
Shenandoah NP,2014-10-01,252800.0,177687.75019103813,119323.07511724994,236052.4252648263
Shenandoah NP,2020-03-01,133333.0,53330.169580961556,-5034.50549282501,111694.84465474813
Shenandoah NP,2020-04-01,11514.0,138040.12758932236,79675.45251553578,196404.80266310895
Shenandoah NP,2020-05-01,46903.0,125135.25155467555,66770.57648088897,183499.92662846213
Shenandoah NP,2020-07-01,244677.0,177983.73189360218,119619.0568198156,236348.40696738876
Shenandoah NP,2020-10-01,365398.0,255865.86737058338,197501.1922967968,314230.54244436993
Theodore Roosevelt NP,1979-05-01,42398.0,15545.49331490723,-6491.618169248208,37582.60479906267
Theodore Roosevelt NP,1979-06-01,89578.0,31703.608615405697,9786.29587824034,53620.92135257105
Theodore Roosevelt NP,1979-07-01,136276.0,65064.301320714534,43231.232951909085,86897.36968951998
Theodore Roosevelt NP,1979-08-01,137471.0,99613.13553980827,77835.55001086481,121390.72106875172
Theodore Roosevelt NP,1979-09-01,67893.0,105411.00880306038,83663.46801398347,127158.5495921373
Theodore Roosevelt NP,1979-10-01,38062.0,64170.3837605087,42431.05081196157,85909.71670905584
Theodore Roosevelt NP,1979-11-01,18175.0,46680.82597838489,24942.874733432756,68418.77722333703
Theodore Roosevelt NP,1979-12-01,12336.0,35733.44371062178,14054.845136014388,57412.042285229174
Theodore Roosevelt NP,1980-01-01,7163.0,31379.25901812873,10438.13886217941,52320.37917407805
Theodore Roosevelt NP,1980-09-01,58950.0,82770.45950437043,62146.921002374205,103393.99800636666
Theodore Roosevelt NP,1981-06-01,118774.0,91705.17036872228,71517.6426929336,111892.69804451095
Theodore Roosevelt NP,1983-06-01,75517.0,101158.46066072723,81333.1061889022,120983.81513255226
Theodore Roosevelt NP,1995-06-01,62012.0,83331.36446690204,63679.473894713505,102983.25503909058
Theodore Roosevelt NP,1996-07-01,99750.0,120032.01079709809,100380.25766006345,139683.76393413273
Theodore Roosevelt NP,2008-10-01,92899.0,26056.586631593425,6405.031557907681,45708.141705279166
Theodore Roosevelt NP,2008-11-01,14415.0,42803.15107040145,23151.59600074849,62454.70614005441
Theodore Roosevelt NP,2009-05-01,59694.0,39933.52158551311,20281.96666507973,59585.07650594649
Theodore Roosevelt NP,2013-04-01,7459.0,31319.804563595295,11668.249856146202,50971.35927104439
Theodore Roosevelt NP,2013-06-01,107066.0,76995.19969229896,57343.64498573095,96646.75439886698
Theodore Roosevelt NP,2013-10-01,31036.0,69159.80732647901,49508.252620445055,88811.36203251297
Theodore Roosevelt NP,2013-11-01,30961.0,6372.535941432616,-13279.018764297325,26024.090647162557
Theodore Roosevelt NP,2014-05-01,58639.0,36392.26307653287,16740.708382052228,56043.81777101352
Theodore Roosevelt NP,2014-10-01,30721.0,51552.37938643165,31900.824692499267,71203.93408036402
Theodore Roosevelt NP,2015-10-01,71329.0,41376.66237612095,21725.107689404667,61028.217062837226
Theodore Roosevelt NP,2016-05-01,71977.0,39694.27477504926,20042.72009244094,59345.829457657586
Theodore Roosevelt NP,2016-07-01,162933.0,139579.47922686956,119927.92454440187,159231.03390933725
Theodore Roosevelt NP,2016-08-01,160125.0,138303.24964240432,118651.69495997232,157954.80432483632
Theodore Roosevelt NP,2017-10-01,54859.0,74912.26997669926,55260.71529685169,94563.82465654683
Theodore Roosevelt NP,2018-08-01,138851.0,166416.95524094693,146765.4005626227,186068.50991927116
Theodore Roosevelt NP,2019-07-01,149425.0,170783.79485903413,151132.24018161732,190435.34953645093
Theodore Roosevelt NP,2019-10-01,46043.0,72134.89666564389,52483.34198823858,91786.4513430492
Theodore Roosevelt NP,2020-05-01,19618.0,65695.97575609857,46044.421079212625,85347.53043298452
Theodore Roosevelt NP,2021-05-01,76738.0,38634.633827118945,18983.079150567333,58286.18850367056
Theodore Roosevelt NP,2021-10-01,55777.0,81778.62005073109,62127.065374194164,101430.17472726801
Virgin Islands NP,1979-01-01,54773.0,0.0,-31575.01238930359,31575.01238930359
Virgin Islands NP,1980-01-01,54719.0,82462.11518238565,56217.05859126977,108707.17177350153
Virgin Islands NP,1994-01-01,56160.0,86512.11418964114,63802.362886883,109221.86549239929
Virgin Islands NP,2003-08-01,86612.0,54716.08801266593,32036.27457371522,77395.90145161664
Virgin Islands NP,2003-09-01,28016.0,56336.490849246926,33656.67767163567,79016.30402685818
Virgin Islands NP,2004-02-01,96746.0,71120.40439188069,48441.15344856697,93799.6553351944
Virgin Islands NP,2005-03-01,115099.0,88290.04846687916,65611.28734866699,110968.80958509134
Virgin Islands NP,2010-04-01,119783.0,51273.513344719046,28595.853207381704,73951.17348205639
Virgin Islands NP,2010-05-01,33566.0,78205.95341152008,55528.29468537183,100883.61213766833
Virgin Islands NP,2011-04-01,37308.0,62513.533468159694,39835.96112203007,85191.10581428932
Virgin Islands NP,2024-08-01,8298.0,36617.56202738968,13940.256105295135,59294.86794948422
Virgin Islands NP,2025-01-01,12091.0,44383.327112834784,21706.022715192015,67060.63151047756
Voyageurs NP,1979-05-01,29030.0,1697.4499832767892,-7918.696941838793,11313.59690839237
Voyageurs NP,1979-06-01,34120.0,22002.600201849913,12431.09077303379,31574.109630666037
Voyageurs NP,1979-10-01,11312.0,25359.92516817573,15844.148140092151,34875.70219625931
Voyageurs NP,1979-11-01,941.0,14813.834495837486,5304.3661166441925,24323.30287503078
Voyageurs NP,1980-04-01,1966.0,14374.357180233414,5809.582526344266,22939.131834122563
Voyageurs NP,1980-05-01,39844.0,23965.172882688326,15423.772323237557,32506.573442139095
Voyageurs NP,1980-06-01,60451.0,40345.558922392054,31822.139133925026,48868.97871085908
Voyageurs NP,1980-09-01,17920.0,36998.76418821681,28502.454223329507,45495.07415310411
Voyageurs NP,1981-02-01,7659.0,18989.873966498104,10826.817615867767,27152.93031712844
Voyageurs NP,1981-03-01,2404.0,10720.176884294311,2574.1807765589783,18866.172992029642
Voyageurs NP,1981-07-01,56128.0,40100.20548619934,31995.952989675698,48204.457982722975
Voyageurs NP,1981-08-01,58008.0,49648.20347142148,41548.84656216912,57747.56038067384
Voyageurs NP,1981-09-01,29094.0,37992.01142212605,29895.658390930024,46088.36445332208
Voyageurs NP,1981-10-01,8071.0,19790.789447379917,11696.651439403038,27884.927455356796
Voyageurs NP,1982-01-01,3472.0,11512.24539878888,3572.6279510899412,19451.86284648782
Voyageurs NP,1982-05-01,16636.0,30501.841847934993,22607.109426103998,38396.57426976599
Voyageurs NP,1982-06-01,22762.0,35174.015887461646,27284.908587630795,43063.1231872925
Voyageurs NP,1982-08-01,25900.0,36524.969573041264,28643.452717788023,44406.486428294505
Voyageurs NP,1983-08-01,18859.0,27036.10936661574,19287.63936595377,34784.57936727771
Voyageurs NP,1985-06-01,41520.0,27615.43136196701,20010.881991497474,35219.98073243655
Voyageurs NP,1985-07-01,47252.0,35524.654745249485,27921.751260831385,43127.558229667586
Voyageurs NP,1985-09-01,14157.0,22070.571022209595,14469.865201690423,29671.276842728766
Voyageurs NP,1986-06-01,21607.0,35645.54342444047,28083.91692717493,43207.16992170601
Voyageurs NP,1986-08-01,37872.0,30034.356693850183,22475.01047086954,37593.70291683082
Voyageurs NP,1988-06-01,44482.0,35448.81546774561,27941.357940389284,42956.272995101936
Voyageurs NP,1996-02-01,19111.0,9936.914512473588,2495.9237252376815,17377.905299709495
Voyageurs NP,1996-03-01,20692.0,11184.561055225124,3743.8192479405534,18625.302862509692
Voyageurs NP,1996-04-01,149.0,10994.496984433306,3553.991806501457,18435.002162365156
Voyageurs NP,1998-03-01,1128.0,9619.361683640615,2183.726395364247,17054.996971916982
Voyageurs NP,2002-02-01,9182.0,16736.859771592997,9307.112827839306,24166.606715346687
Voyageurs NP,2005-01-01,3651.0,11225.70643805475,3798.3643791906716,18653.04849691883
Voyageurs NP,2010-07-01,70657.0,50712.83300433088,43287.863748871605,58137.80225979016
Voyageurs NP,2010-08-01,48756.0,61708.04660447067,54283.098544851724,69132.99466408962
Voyageurs NP,2010-09-01,37788.0,26519.982453371733,19095.05451430745,33944.91039243602
Voyageurs NP,2010-10-01,834.0,18416.93571967563,10992.026532103973,25841.844907247283
Voyageurs NP,2011-05-01,19544.0,28003.270275024057,20578.509279778424,35428.03127026969
Voyageurs NP,2012-07-01,67433.0,53833.6109484043,46409.09850394163,61258.12339286697
Voyageurs NP,2012-08-01,44457.0,54420.516913861895,46996.02002799712,61845.01379972667
Voyageurs NP,2012-09-01,3808.0,26383.26263894934,18958.780610743866,33807.74466715482
Voyageurs NP,2013-08-01,50648.0,42039.811323529466,34615.49133931142,49464.13130774751
White Sands NP,1979-03-01,96099.0,25236.429981397137,-2500.560742641075,52973.42070543535
White Sands NP,1979-09-01,30197.0,61376.96941187269,34358.17096703015,88395.76785671523
White Sands NP,1980-09-01,27698.0,51044.509792748984,28060.235774660214,74028.78381083775
White Sands NP,1981-03-01,44292.0,69934.18442232323,48150.06540353218,91718.30344111429
White Sands NP,1983-04-01,37271.0,60505.36868142795,39730.485414614726,81280.25194824117
White Sands NP,1986-03-01,112288.0,53034.73206392135,32603.181536360822,73466.28259148188
White Sands NP,1986-04-01,65302.0,101055.06567424053,80625.61301286583,121484.51833561523
White Sands NP,2002-03-01,77443.0,53518.672476835156,33174.735590484604,73862.60936318571
White Sands NP,2002-04-01,42955.0,66647.94295749179,46304.00654828851,86991.87936669507
White Sands NP,2013-10-01,16695.0,38600.14700026211,18256.229576552298,58944.064423971926
White Sands NP,2018-12-01,17051.0,41544.409615656674,21200.49224304321,61888.32698827014
White Sands NP,2020-03-01,48402.0,82907.34276227112,62563.4253919177,103251.26013262453
White Sands NP,2020-04-01,0.0,40188.88670468041,19844.96933436423,60532.80407499659
White Sands NP,2020-05-01,0.0,24512.55191374891,4168.634543464319,44856.469284033505
White Sands NP,2021-03-01,98118.0,70669.35371206918,50325.4363423383,91013.27108180005
Wind Cave NP,1979-06-01,76989.0,29460.280637788568,-2483.1407337088312,61403.70200928597
Wind Cave NP,1979-07-01,100724.0,54296.35303889101,22502.92565805618,86089.78041972584
Wind Cave NP,1979-08-01,107832.0,72258.97056083339,40562.83189983088,103955.1092218359
Wind Cave NP,1979-10-01,16137.0,48870.141648618934,17226.400095048433,80513.88320218943
Wind Cave NP,1993-05-01,34303.0,65366.63552877758,38393.59145399233,92339.67960356284
Wind Cave NP,1993-06-01,65449.0,98158.20540045845,71185.24293264339,125131.16786827351
Wind Cave NP,1994-07-01,238482.0,156473.1175589407,129500.97763893654,183445.25747894484
Wind Cave NP,1996-07-01,165892.0,198204.10886502016,171232.7505634557,225175.46716658463
Wind Cave NP,1996-08-01,200423.0,162432.4787469963,135461.14026306377,189403.8172309288
Wind Cave NP,1997-05-01,96592.0,65975.88958712346,39004.69978535095,92947.07938889596
Wind Cave NP,1999-09-01,47550.0,85685.05005177211,58714.10237119877,112655.99773234545
Wind Cave NP,2000-05-01,48037.0,75042.28605268028,48071.37236305466,102013.19974230591
Wind Cave NP,2002-04-01,52832.0,25708.398954571854,-1262.4583418324692,52679.25625097618
Wind Cave NP,2002-07-01,236901.0,196480.29747044021,169509.44457674446,223451.15036413597
Wind Cave NP,2002-08-01,151237.0,209920.7960431867,182949.94451110167,236891.64757527175
Wind Cave NP,2003-08-01,187019.0,159209.9138898829,132239.07529302966,186180.75248673616
Wind Cave NP,2004-06-01,92423.0,119484.6241235423,92513.79266794963,146455.45557913496
Wind Cave NP,2004-07-01,134552.0,180090.30738243758,153119.47650555434,207061.1382593208
Wind Cave NP,2004-09-01,70473.0,34271.69190376306,7300.86212162536,61242.521685900756
Wind Cave NP,2008-08-01,138943.0,102809.01285863828,75838.19478256861,129779.83093470795
Wind Cave NP,2013-06-01,112122.0,77424.53110121533,50453.71520635765,104395.346996073
Wind Cave NP,2013-07-01,70989.0,123429.42692757036,96458.6110431221,150400.2428120186
Wind Cave NP,2014-07-01,119654.0,90953.27234814526,63982.45656258792,117924.0881337026
Wind Cave NP,2019-08-01,92237.0,125014.7067303239,98043.89110232529,151985.52235832252
Wind Cave NP,2020-06-01,55498.0,113398.5356345348,86427.72001217912,140369.35125689046
Wind Cave NP,2021-05-01,77241.0,45199.581610102076,18228.765991951386,72170.39722825277
Wrangell-St. Elias NP & PRES,1982-10-01,118.0,4173.89580041491,215.19305188185535,8132.598548947964
Wrangell-St. Elias NP & PRES,1996-06-01,6028.0,2710.910186286009,-489.16139793890125,5910.981770510919
Wrangell-St. Elias NP & PRES,1996-07-01,10814.0,14378.106993114969,11178.035408890064,17578.178577339873
Wrangell-St. Elias NP & PRES,1996-08-01,9389.0,13986.307717853439,10786.236133628534,17186.37930207834
Wrangell-St. Elias NP & PRES,1996-09-01,2584.0,8324.511425936878,5124.439841711974,11524.583010161783
Wrangell-St. Elias NP & PRES,1996-10-01,530.0,-8927.69367973801,-12127.765263962858,-5727.62209551316
Wrangell-St. Elias NP & PRES,2002-08-01,13438.0,10214.370902688803,7014.299379208709,13414.442426168896
Wrangell-St. Elias NP & PRES,2002-09-01,4571.0,7934.04101692217,4733.969493442075,11134.112540402264
Wrangell-St. Elias NP & PRES,2005-08-01,14542.0,18347.607556875068,15147.53603347366,21547.679080276474
Wrangell-St. Elias NP & PRES,2010-06-01,16959.0,12631.452288642586,9431.38076524416,15831.523812041012
Wrangell-St. Elias NP & PRES,2010-09-01,5417.0,10318.929633420217,7118.858110021791,13519.001156818644
Wrangell-St. Elias NP & PRES,2012-09-01,5833.0,12287.737917669641,9087.666394271226,15487.809441068057
Wrangell-St. Elias NP & PRES,2013-08-01,22008.0,17261.073743069213,14061.002219670798,20461.14526646763
Wrangell-St. Elias NP & PRES,2017-09-01,7479.0,3510.4211717675316,310.34964836911786,6710.492695165945
Wrangell-St. Elias NP & PRES,2018-06-01,18430.0,12593.752534297522,9393.681010899109,15793.824057695936
Wrangell-St. Elias NP & PRES,2018-09-01,8019.0,12283.420865175925,9083.349341777512,15483.49238857434
Wrangell-St. Elias NP & PRES,2020-05-01,283.0,4246.671358668993,1046.5998352705792,7446.742882067407
Wrangell-St. Elias NP & PRES,2020-06-01,70.0,12220.426841899967,9020.355318501553,15420.498365298381
Wrangell-St. Elias NP & PRES,2020-09-01,3320.0,-7268.650826714256,-10468.72235011267,-4068.5793033158425
Wrangell-St. Elias NP & PRES,2020-10-01,530.0,-2682.9224254759984,-5882.993948874412,517.1490979224154
Wrangell-St. Elias NP & PRES,2021-06-01,10127.0,6737.640123222859,3537.5685998244453,9937.711646621272
Wrangell-St. Elias NP & PRES,2021-09-01,8624.0,5011.8704573125715,1811.7989339141577,8211.941980710984
Wrangell-St. Elias NP & PRES,2021-10-01,530.0,4623.925033387481,1423.8535099890669,7823.996556785894
Wrangell-St. Elias NP & PRES,2022-06-01,16590.0,13011.289767313787,9811.218243915373,16211.3612907122
Wrangell-St. Elias NP & PRES,2022-09-01,5359.0,10955.19540853537,7755.123885136956,14155.266931933784
Wrangell-St. Elias NP & PRES,2023-07-01,28446.0,21851.474892272312,18651.4033688739,25051.546415670724
Wrangell-St. Elias NP & PRES,2023-08-01,20278.0,26498.397348884013,23298.325825485597,29698.46887228243
Wrangell-St. Elias NP & PRES,2024-06-01,21141.0,17195.076599967688,13995.005076569274,20395.148123366103
Yellowstone NP,1979-06-01,313924.0,89870.39898231288,-35831.102694051166,215571.90065867692
Yellowstone NP,1979-07-01,493902.0,253899.9846654108,128476.39980368532,379323.5695271363
Yellowstone NP,1979-09-01,262786.0,414666.40069679474,289448.2676172602,539884.5337763292
Yellowstone NP,1979-10-01,76542.0,246489.1844607654,121271.5933855644,371706.7755359664
Yellowstone NP,1980-07-01,557810.0,420293.7281937454,307975.87335571804,532611.5830317728
Yellowstone NP,1980-09-01,229396.0,360206.22300294985,248012.51061532996,472399.93539056974
Yellowstone NP,1981-07-01,701758.0,567549.5969208754,458929.0451147219,676170.1487270287
Yellowstone NP,1981-10-01,91385.0,215353.56166759634,106832.39355417885,323874.7297810138
Yellowstone NP,1988-08-01,440130.0,594696.0763948819,489056.67437204154,700335.4784177223
Yellowstone NP,1988-10-01,170504.0,10670.62918518507,-94958.36516920905,116299.62353957919
Yellowstone NP,1989-10-01,123454.0,246202.6017171411,140631.10802302934,351774.09541125287
Yellowstone NP,2013-10-01,47560.0,199689.4909700189,94373.67078369764,305005.3111563402
Yellowstone NP,2018-09-01,724454.0,614339.2880871063,509026.9582298955,719651.617944317
Yellowstone NP,2020-05-01,46219.0,398599.35330478614,293287.76260093244,503910.94400863984
Yellowstone NP,2020-07-01,955645.0,796020.0241632136,690708.4984977992,901331.549828628
Yellowstone NP,2020-09-01,837114.0,723613.646541464,618302.1844452877,828925.1086376404
Yellowstone NP,2020-11-01,24132.0,132215.85007788375,26904.4501152336,237527.2500405339
Yellowstone NP,2021-05-01,473799.0,285305.23589250376,179994.01403952666,390616.4577454808
Yellowstone NP,2022-05-01,523680.0,387304.6794726566,281993.77926038066,492615.5796849325
Yellowstone NP,2022-06-01,525363.0,926475.000885346,821164.1255421723,1031785.8762285196
Yellowstone NP,2022-07-01,596562.0,818518.8892714825,713208.0385155227,923829.7400274422
Yellowstone NP,2022-10-01,236567.0,123781.66844994528,18470.88979628992,229092.44710360066
Yellowstone NP,2023-06-01,847864.0,693530.2654155641,588219.6674085798,798840.8634225483
Yosemite NP,1990-08-01,367502.0,522249.35422529647,420349.11607666477,624149.5923739282
Yosemite NP,1995-05-01,279575.0,399777.72961220355,298012.90746233833,501542.55176206876
Yosemite NP,1995-07-01,663052.0,553407.5647665868,451643.2703766786,655171.859156495
Yosemite NP,1997-01-01,12520.0,146384.7965045018,44631.196636457826,248138.3963725458
Yosemite NP,2016-06-01,703614.0,576970.3839587441,475227.3207772921,678713.4471401962
Yosemite NP,2018-07-01,504230.0,645422.278812306,543679.2180941299,747165.3395304821
Yosemite NP,2018-09-01,524387.0,393764.8057769666,292021.7450801621,495507.86647377117
Yosemite NP,2018-12-01,311179.0,154653.23621675887,52910.175541367105,256396.29689215065
Yosemite NP,2019-01-01,116746.0,255529.63576417012,153786.57554303377,357272.69598530646
Yosemite NP,2019-07-01,717462.0,568789.7059842095,467046.6459103543,670532.7660580648
Yosemite NP,2020-03-01,92324.0,212327.7353199199,110584.6756202401,314070.7950195997
Yosemite NP,2020-04-01,0.0,221534.82572656922,119791.76604472716,323277.88540841127
Yosemite NP,2020-05-01,0.0,202807.20517497318,101064.14550850766,304550.2648414387
Yosemite NP,2020-08-01,375226.0,520051.18279300083,418308.123155304,621794.2424306977
Yosemite NP,2022-07-01,396833.0,576442.1229579862,474699.0637916863,678185.1821242861
Yosemite NP,2022-08-01,518407.0,390829.3495217006,289086.2903582525,492572.4086851487
Yosemite NP,2023-03-01,25005.0,136489.12445007244,34746.0653947916,238232.18350535328
Zion NP,1993-05-01,220669.0,304465.2983188719,230939.6482184673,377990.94841927645
Zion NP,1994-05-01,198731.0,272472.0849961514,198955.53910970982,345988.630882593
Zion NP,2012-04-01,352192.0,263153.60814881895,189664.77159467048,336642.4447029674
Zion NP,2016-03-01,359920.0,267201.39019973465,193712.68031481403,340690.1000846553
Zion NP,2016-09-01,497825.0,420531.5692438792,347042.8677184619,494020.27076929645
Zion NP,2017-04-01,515652.0,410189.5440951535,336700.8509656372,483678.23722466984
Zion NP,2019-05-01,529553.0,419244.3296341,345755.6574937218,492733.00177447824
Zion NP,2020-03-01,207400.0,344415.18893762905,270926.5223372717,417903.8555379864
Zion NP,2020-04-01,40396.0,341996.8634865216,268508.1973730238,415485.5296000194
Zion NP,2020-10-01,559342.0,431942.60459487344,358453.9411778272,505431.2680119197
Zion NP,2021-03-01,429455.0,309917.5219559236,236428.86051745462,383406.18339439254
Zion NP,2021-04-01,469775.0,384604.3465669866,311115.6854975527,458093.0076364205
Zion NP,2021-05-01,610301.0,518530.4403655141,445041.77965669153,592019.1010743366
Zion NP,2021-07-01,581496.0,668413.1311070811,594924.4710949749,741901.7911191873
Zion NP,2022-03-01,446308.0,371067.7750082988,297579.1174825007,444556.43253409694
